ISO-10303-21;
HEADER;
FILE_DESCRIPTION (( 'STEP AP214' ),
    '1' );
FILE_NAME ('SQD50P08-25L_GE3.STEP',
    '2025-03-22T00:48:46',
    ( '' ),
    ( '' ),
    'SwSTEP 2.0',
    'SolidWorks 2023',
    '' );
FILE_SCHEMA (( 'AUTOMOTIVE_DESIGN' ));
ENDSEC;

DATA;
#1 =( NAMED_UNIT ( * ) SI_UNIT ( $, .STERADIAN. ) SOLID_ANGLE_UNIT ( ) );
#2 = DIRECTION ( 'NONE',  ( -4.823386660693620032E-16, 1.000000000000000000, 0.000000000000000000 ) ) ;
#3 = EDGE_LOOP ( 'NONE', ( #7638, #5913, #7542, #8592 ) ) ;
#4 = CARTESIAN_POINT ( 'NONE',  ( -4.319792374265440493, 0.2677499999999999880, 1.804999999999999938 ) ) ;
#5 = ORIENTED_EDGE ( 'NONE', *, *, #3572, .T. ) ;
#6 = FILL_AREA_STYLE ('',( #7505 ) ) ;
#7 = COLOUR_RGB ( '',0.2862745098039215508, 0.2862745098039215508, 0.2862745098039215508 ) ;
#8 =( LENGTH_UNIT ( ) NAMED_UNIT ( * ) SI_UNIT ( .MILLI., .METRE. ) );
#9 = PRESENTATION_STYLE_ASSIGNMENT (( #4776 ) ) ;
#10 = VECTOR ( 'NONE', #4662, 1000.000000000000000 ) ;
#11 = CARTESIAN_POINT ( 'NONE',  ( -2.803133701591289384, -2.580633701591291018, 2.080000000000000071 ) ) ;
#12 = EDGE_CURVE ( 'NONE', #1817, #4090, #6940, .T. ) ;
#13 = PRESENTATION_LAYER_ASSIGNMENT (  '', '', ( #4324 ) ) ;
#14 = EDGE_CURVE ( 'NONE', #1010, #1408, #6679, .T. ) ;
#15 = FILL_AREA_STYLE_COLOUR ( '', #5687 ) ;
#16 = DIRECTION ( 'NONE',  ( -1.000000000000000000, -7.228014483236697541E-16, 0.000000000000000000 ) ) ;
#17 = COLOUR_RGB ( '',0.8313725490196077761, 0.8313725490196077761, 0.8313725490196077761 ) ;
#18 = PRESENTATION_STYLE_ASSIGNMENT (( #8250 ) ) ;
#19 = CARTESIAN_POINT ( 'NONE',  ( 3.268256239112223405, -2.786885616536799670, 0.6898655615683422226 ) ) ;
#20 = CARTESIAN_POINT ( 'NONE',  ( 4.885562582892959860, -0.1012193360738573161, -2.477594501859786469 ) ) ;
#21 = MECHANICAL_DESIGN_GEOMETRIC_PRESENTATION_REPRESENTATION (  '', ( #4914 ), #5457 ) ;
#22 = SURFACE_STYLE_FILL_AREA ( #2197 ) ;
#23 = VECTOR ( 'NONE', #741, 1000.000000000000000 ) ;
#24 = LINE ( 'NONE', #7571, #1356 ) ;
#25 = ORIENTED_EDGE ( 'NONE', *, *, #2607, .F. ) ;
#26 = CARTESIAN_POINT ( 'NONE',  ( 4.798638961347434950, -0.1365311191995171036, 1.899619742328997107 ) ) ;
#27 = AXIS2_PLACEMENT_3D ( 'NONE', #7116, #8428, #1653 ) ;
#28 = CARTESIAN_POINT ( 'NONE',  ( 4.687102839788669151, -0.1922499999999989773, -1.844279695023479659 ) ) ;
#29 = VECTOR ( 'NONE', #589, 1000.000000000000000 ) ;
#30 = DIRECTION ( 'NONE',  ( 0.000000000000000000, 0.000000000000000000, 1.000000000000000000 ) ) ;
#31 = VERTEX_POINT ( 'NONE', #6029 ) ;
#32 = FILL_AREA_STYLE ('',( #7630 ) ) ;
#33 =( LENGTH_UNIT ( ) NAMED_UNIT ( * ) SI_UNIT ( .MILLI., .METRE. ) );
#34 = AXIS2_PLACEMENT_3D ( 'NONE', #969, #6478, #8500 ) ;
#35 = COLOUR_RGB ( '',0.2862745098039215508, 0.2862745098039215508, 0.2862745098039215508 ) ;
#36 = VERTEX_POINT ( 'NONE', #570 ) ;
#37 = CARTESIAN_POINT ( 'NONE',  ( 3.872500000000000053, -0.7672499999999999876, 1.944279695023480192 ) ) ;
#38 = SURFACE_SIDE_STYLE ('',( #1536 ) ) ;
#39 = ORIENTED_EDGE ( 'NONE', *, *, #768, .T. ) ;
#40 =( LENGTH_UNIT ( ) NAMED_UNIT ( * ) SI_UNIT ( .MILLI., .METRE. ) );
#41 = CARTESIAN_POINT ( 'NONE',  ( 3.968131270999534888, -0.1434107350525329339, -2.595809800894468999 ) ) ;
#42 = VERTEX_POINT ( 'NONE', #5206 ) ;
#43 = MECHANICAL_DESIGN_GEOMETRIC_PRESENTATION_REPRESENTATION (  '', ( #8660 ), #3072 ) ;
#44 = AXIS2_PLACEMENT_3D ( 'NONE', #4880, #6167, #7570 ) ;
#45 = PRODUCT_RELATED_PRODUCT_CATEGORY ( 'part', '', ( #5264 ) ) ;
#46 = CARTESIAN_POINT ( 'NONE',  ( 0.4819120798423586205, -0.09225000000000101175, -0.3637895569954249786 ) ) ;
#47 = COLOUR_RGB ( '',0.8313725490196077761, 0.8313725490196077761, 0.8313725490196077761 ) ;
#48 = EDGE_LOOP ( 'NONE', ( #5375, #5951, #6249, #8748, #7066 ) ) ;
#49 = ORIENTED_EDGE ( 'NONE', *, *, #6092, .F. ) ;
#50 =( GEOMETRIC_REPRESENTATION_CONTEXT ( 3 ) GLOBAL_UNCERTAINTY_ASSIGNED_CONTEXT ( ( #3138 ) ) GLOBAL_UNIT_ASSIGNED_CONTEXT ( ( #4825, #5134, #1734 ) ) REPRESENTATION_CONTEXT ( 'NONE', 'WORKASPACE' ) );
#51 = ORIENTED_EDGE ( 'NONE', *, *, #3358, .F. ) ;
#52 = CARTESIAN_POINT ( 'NONE',  ( 4.787102839788670572, -0.7672499999999993214, -1.944279695023480192 ) ) ;
#53 = CARTESIAN_POINT ( 'NONE',  ( -0.5492081243723238027, -0.2625295485153633646, 2.380000000000000338 ) ) ;
#54 = ORIENTED_EDGE ( 'NONE', *, *, #5967, .T. ) ;
#55 = DIRECTION ( 'NONE',  ( 0.000000000000000000, 0.000000000000000000, -1.000000000000000000 ) ) ;
#56 = ORIENTED_EDGE ( 'NONE', *, *, #1566, .F. ) ;
#57 = SURFACE_STYLE_FILL_AREA ( #833 ) ;
#58 = FILL_AREA_STYLE_COLOUR ( '', #5306 ) ;
#59 = CARTESIAN_POINT ( 'NONE',  ( 2.959737197023301736, 2.650969074868138708, 2.283371188774895977 ) ) ;
#60 =( GEOMETRIC_REPRESENTATION_CONTEXT ( 3 ) GLOBAL_UNCERTAINTY_ASSIGNED_CONTEXT ( ( #1089 ) ) GLOBAL_UNIT_ASSIGNED_CONTEXT ( ( #664, #6079, #5372 ) ) REPRESENTATION_CONTEXT ( 'NONE', 'WORKASPACE' ) );
#61 = CARTESIAN_POINT ( 'NONE',  ( -1.635000000000000009, -2.947500000000000231, 1.527500000000000302 ) ) ;
#62 = CARTESIAN_POINT ( 'NONE',  ( 4.819801419894339745, -0.1922499999999990050, 2.044279695023480059 ) ) ;
#63 = DIRECTION ( 'NONE',  ( 0.000000000000000000, 1.000000000000000000, 0.000000000000000000 ) ) ;
#64 = CARTESIAN_POINT ( 'NONE',  ( 4.684733912726485983, -0.09224999999999880518, 2.024386399958185478 ) ) ;
#65 = ORIENTED_EDGE ( 'NONE', *, *, #1139, .T. ) ;
#66 = FACE_OUTER_BOUND ( 'NONE', #3230, .T. ) ;
#67 = FILL_AREA_STYLE_COLOUR ( '', #6335 ) ;
#68 = SURFACE_SIDE_STYLE ('',( #2815 ) ) ;
#69 = EDGE_CURVE ( 'NONE', #4960, #6124, #1261, .T. ) ;
#70 = EDGE_CURVE ( 'NONE', #2978, #5833, #1922, .T. ) ;
#71 = EDGE_CURVE ( 'NONE', #682, #31, #5860, .T. ) ;
#72 = EDGE_CURVE ( 'NONE', #6023, #567, #4615, .T. ) ;
#73 = CYLINDRICAL_SURFACE ( 'NONE', #3349, 0.4000000000000001332 ) ;
#74 = VERTEX_POINT ( 'NONE', #8625 ) ;
#75 = CARTESIAN_POINT ( 'NONE',  ( 4.787102839788669684, -0.09224999999999887457, -2.044279695023480059 ) ) ;
#76 = MECHANICAL_DESIGN_GEOMETRIC_PRESENTATION_REPRESENTATION (  '', ( #5802 ), #8111 ) ;
#77 = CARTESIAN_POINT ( 'NONE',  ( -4.852500000000000036, -0.6672500000000000098, -1.899999999999999911 ) ) ;
#78 = CARTESIAN_POINT ( 'NONE',  ( 3.545609128038690105, -0.7672499999999999876, 0.6562182560773820450 ) ) ;
#79 = SURFACE_STYLE_FILL_AREA ( #3618 ) ;
#80 = DIRECTION ( 'NONE',  ( 1.000000000000000000, 0.000000000000000000, 0.000000000000000000 ) ) ;
#81 = EDGE_LOOP ( 'NONE', ( #386, #1775, #4551, #2842, #4498, #2750 ) ) ;
#82 = MECHANICAL_DESIGN_GEOMETRIC_PRESENTATION_REPRESENTATION (  '', ( #8113 ), #384 ) ;
#83 = EDGE_CURVE ( 'NONE', #8328, #6246, #5321, .T. ) ;
#84 = DIRECTION ( 'NONE',  ( 0.000000000000000000, 0.000000000000000000, 1.000000000000000000 ) ) ;
#85 = SURFACE_STYLE_USAGE ( .BOTH. , #3446 ) ;
#86 = UNCERTAINTY_MEASURE_WITH_UNIT (LENGTH_MEASURE( 1.000000000000000082E-05 ), #3401, 'distance_accuracy_value', 'NONE');
#87 = AXIS2_PLACEMENT_3D ( 'NONE', #3018, #4396, #909 ) ;
#88 = ORIENTED_EDGE ( 'NONE', *, *, #8033, .F. ) ;
#89 = LINE ( 'NONE', #8405, #4542 ) ;
#90 = ORIENTED_EDGE ( 'NONE', *, *, #3161, .T. ) ;
#91 =( NAMED_UNIT ( * ) PLANE_ANGLE_UNIT ( ) SI_UNIT ( $, .RADIAN. ) );
#92 = PRESENTATION_STYLE_ASSIGNMENT (( #6284 ) ) ;
#93 = ORIENTED_EDGE ( 'NONE', *, *, #3914, .T. ) ;
#94 = CARTESIAN_POINT ( 'NONE',  ( 0.8947649730810370849, -0.1345149730810373534, -2.117735026918963204 ) ) ;
#95 = UNCERTAINTY_MEASURE_WITH_UNIT (LENGTH_MEASURE( 1.000000000000000082E-05 ), #6393, 'distance_accuracy_value', 'NONE');
#96 = CARTESIAN_POINT ( 'NONE',  ( 0.9524999999999999023, -0.09225000000000077582, -0.8629237369103519573 ) ) ;
#97 =( GEOMETRIC_REPRESENTATION_CONTEXT ( 3 ) GLOBAL_UNCERTAINTY_ASSIGNED_CONTEXT ( ( #3578 ) ) GLOBAL_UNIT_ASSIGNED_CONTEXT ( ( #6915, #4033, #2748 ) ) REPRESENTATION_CONTEXT ( 'NONE', 'WORKASPACE' ) );
#98 = VERTEX_POINT ( 'NONE', #1927 ) ;
#99 = ORIENTED_EDGE ( 'NONE', *, *, #6447, .F. ) ;
#100 = CARTESIAN_POINT ( 'NONE',  ( -3.341666231221267491, -0.1521730769230774660, 1.804999999999999938 ) ) ;
#101 = ORIENTED_EDGE ( 'NONE', *, *, #966, .T. ) ;
#102 = SURFACE_SIDE_STYLE ('',( #2136 ) ) ;
#103 = VERTEX_POINT ( 'NONE', #3187 ) ;
#104 = COLOUR_RGB ( '',0.8313725490196077761, 0.8313725490196077761, 0.8313725490196077761 ) ;
#105 = PLANE ( 'NONE',  #2473 ) ;
#106 = EDGE_CURVE ( 'NONE', #913, #7587, #352, .T. ) ;
#107 =( NAMED_UNIT ( * ) PLANE_ANGLE_UNIT ( ) SI_UNIT ( $, .RADIAN. ) );
#108 = MECHANICAL_DESIGN_GEOMETRIC_PRESENTATION_REPRESENTATION (  '', ( #3125 ), #5964 ) ;
#109 = CARTESIAN_POINT ( 'NONE',  ( -3.833333768778730111, 0.1521730769230759950, 0.000000000000000000 ) ) ;
#110 = CARTESIAN_POINT ( 'NONE',  ( 0.8525000000000009237, -0.7672500000000010978, -2.060000000000000053 ) ) ;
#111 = PLANE ( 'NONE',  #8002 ) ;
#112 = SURFACE_STYLE_USAGE ( .BOTH. , #983 ) ;
#113 = CARTESIAN_POINT ( 'NONE',  ( 0.9525000000000000133, -0.1922500000000010034, -1.080000000000000071 ) ) ;
#114 =( BOUNDED_SURFACE ( )  B_SPLINE_SURFACE ( 3, 3, ( 
 ( #1870, #6704, #518, #5265 ),
 ( #2589, #8736, #7294, #4600 ),
 ( #7414, #6624, #5307, #8057 ),
 ( #1120, #1163, #1205, #7332 ) ),
 .UNSPECIFIED., .F., .F., .F. ) 
 B_SPLINE_SURFACE_WITH_KNOTS ( ( 4, 4 ),
 ( 4, 4 ),
 ( 0.000000000000000000, 1.000000000000000000 ),
 ( 0.000000000000000000, 1.000000000000000000 ),
 .UNSPECIFIED. ) 
 GEOMETRIC_REPRESENTATION_ITEM ( )  RATIONAL_B_SPLINE_SURFACE ( (
 ( 1.000000000000000000, 0.3333333333333327597, 0.3333333333333327597, 1.000000000000000000),
 ( 0.9296608745176879740, 0.3098869581725621214, 0.3098869581725621214, 0.9296608745176879740),
 ( 0.9296608745176879740, 0.3098869581725621214, 0.3098869581725621214, 0.9296608745176879740),
 ( 1.000000000000000000, 0.3333333333333327597, 0.3333333333333327597, 1.000000000000000000) ) ) 
 REPRESENTATION_ITEM ( '' )  SURFACE ( )  );
#115 = AXIS2_PLACEMENT_3D ( 'NONE', #6473, #4308, #7096 ) ;
#116 = PRESENTATION_STYLE_ASSIGNMENT (( #3432 ) ) ;
#117 = FACE_OUTER_BOUND ( 'NONE', #2983, .T. ) ;
#118 = APPLICATION_CONTEXT ( 'automotive_design' ) ;
#119 = AXIS2_PLACEMENT_3D ( 'NONE', #2915, #7170, #7817 ) ;
#120 = DIRECTION ( 'NONE',  ( 0.000000000000000000, 0.000000000000000000, 1.000000000000000000 ) ) ;
#121 = LINE ( 'NONE', #4793, #2898 ) ;
#122 = PRESENTATION_LAYER_ASSIGNMENT (  '', '', ( #7729 ) ) ;
#123 = CARTESIAN_POINT ( 'NONE',  ( 4.901339264947465857, -0.1878812709995329455, 1.950969894129012783 ) ) ;
#124 = CARTESIAN_POINT ( 'NONE',  ( -0.5172339252429390966, -0.08175576762295827526, 2.329999999999999627 ) ) ;
#125 = FACE_OUTER_BOUND ( 'NONE', #2177, .T. ) ;
#126 = FILL_AREA_STYLE ('',( #6850 ) ) ;
#127 =( NAMED_UNIT ( * ) PLANE_ANGLE_UNIT ( ) SI_UNIT ( $, .RADIAN. ) );
#128 = DIRECTION ( 'NONE',  ( 1.000000000000000000, 0.000000000000000000, 0.000000000000000000 ) ) ;
#129 = PRESENTATION_STYLE_ASSIGNMENT (( #1530 ) ) ;
#130 = MECHANICAL_DESIGN_GEOMETRIC_PRESENTATION_REPRESENTATION (  '', ( #7883 ), #2443 ) ;
#131 = STYLED_ITEM ( 'NONE', ( #3282 ), #6273 ) ;
#132 = ORIENTED_EDGE ( 'NONE', *, *, #6980, .F. ) ;
#133 = DIRECTION ( 'NONE',  ( 0.000000000000000000, 0.000000000000000000, 1.000000000000000000 ) ) ;
#134 = FACE_OUTER_BOUND ( 'NONE', #6640, .T. ) ;
#135 = ADVANCED_FACE ( 'NONE', ( #3978 ), #999, .T. ) ;
#136 = VERTEX_POINT ( 'NONE', #8884 ) ;
#137 = AXIS2_PLACEMENT_3D ( 'NONE', #8627, #5369, #1812 ) ;
#138 = FACE_OUTER_BOUND ( 'NONE', #5554, .T. ) ;
#139 = CARTESIAN_POINT ( 'NONE',  ( 3.938334853613758568, -0.1345149730810360766, -2.583804907451685118 ) ) ;
#140 = ORIENTED_EDGE ( 'NONE', *, *, #2606, .T. ) ;
#141 = DIRECTION ( 'NONE',  ( -0.1157205707370538156, -0.1157205707370564940, -0.9865178655334023716 ) ) ;
#142 = ORIENTED_EDGE ( 'NONE', *, *, #3791, .F. ) ;
#143 = VECTOR ( 'NONE', #1043, 1000.000000000000000 ) ;
#144 =( LENGTH_UNIT ( ) NAMED_UNIT ( * ) SI_UNIT ( .MILLI., .METRE. ) );
#145 = ORIENTED_EDGE ( 'NONE', *, *, #5077, .T. ) ;
#146 = ORIENTED_EDGE ( 'NONE', *, *, #181, .F. ) ;
#147 = CARTESIAN_POINT ( 'NONE',  ( -2.974041303662937175, 3.047499999999998099, 0.6750000000000145883 ) ) ;
#148 = LINE ( 'NONE', #3598, #1778 ) ;
#149 = ORIENTED_EDGE ( 'NONE', *, *, #3671, .F. ) ;
#150 = AXIS2_PLACEMENT_3D ( 'NONE', #4101, #8877, #7567 ) ;
#151 = DIRECTION ( 'NONE',  ( 0.8164965809277262565, -0.4082482904638620735, 0.4082482904638634613 ) ) ;
#152 = FILL_AREA_STYLE_COLOUR ( '', #7455 ) ;
#153 = FILL_AREA_STYLE_COLOUR ( '', #3744 ) ;
#154 = CIRCLE ( 'NONE', #7763, 0.09999999999999992228 ) ;
#155 = FILL_AREA_STYLE_COLOUR ( '', #6577 ) ;
#156 = CARTESIAN_POINT ( 'NONE',  ( 3.914764973081038768, -0.1345149730810367150, 2.560235026918962653 ) ) ;
#157 = MECHANICAL_DESIGN_GEOMETRIC_PRESENTATION_REPRESENTATION (  '', ( #4163 ), #4739 ) ;
#158 = PRESENTATION_STYLE_ASSIGNMENT (( #2378 ) ) ;
#159 = CARTESIAN_POINT ( 'NONE',  ( 0.4819120798423591756, -0.09225000000000090072, 0.3637895569954249786 ) ) ;
#160 = LINE ( 'NONE', #203, #4456 ) ;
#161 = VECTOR ( 'NONE', #3213, 1000.000000000000000 ) ;
#162 =( NAMED_UNIT ( * ) SI_UNIT ( $, .STERADIAN. ) SOLID_ANGLE_UNIT ( ) );
#163 = STYLED_ITEM ( 'NONE', ( #1592 ), #4013 ) ;
#164 = DIRECTION ( 'NONE',  ( 1.000000000000000000, 0.000000000000000000, 0.000000000000000000 ) ) ;
#165 = PLANE ( 'NONE',  #4843 ) ;
#166 = CARTESIAN_POINT ( 'NONE',  ( 0.4819120798423590646, -0.09225000000000091460, -0.3637895569954249786 ) ) ;
#167 = DIRECTION ( 'NONE',  ( -1.000000000000000000, -4.497431234013940009E-16, 0.000000000000000000 ) ) ;
#168 = VECTOR ( 'NONE', #7030, 1000.000000000000000 ) ;
#169 =( NAMED_UNIT ( * ) SI_UNIT ( $, .STERADIAN. ) SOLID_ANGLE_UNIT ( ) );
#170 = AXIS2_PLACEMENT_3D ( 'NONE', #4874, #8248, #6839 ) ;
#171 = UNCERTAINTY_MEASURE_WITH_UNIT (LENGTH_MEASURE( 1.000000000000000082E-05 ), #40, 'distance_accuracy_value', 'NONE');
#172 = PRESENTATION_LAYER_ASSIGNMENT (  '', '', ( #7931 ) ) ;
#173 = VERTEX_POINT ( 'NONE', #3438 ) ;
#174 = ORIENTED_EDGE ( 'NONE', *, *, #1136, .T. ) ;
#175 = CARTESIAN_POINT ( 'NONE',  ( -2.974041303662937175, 3.047499999999998099, 0.6750000000000145883 ) ) ;
#176 = VERTEX_POINT ( 'NONE', #7477 ) ;
#177 = ORIENTED_EDGE ( 'NONE', *, *, #8864, .F. ) ;
#178 = EDGE_CURVE ( 'NONE', #725, #6391, #5651, .T. ) ;
#179 = EDGE_CURVE ( 'NONE', #4945, #7095, #5409, .T. ) ;
#180 = EDGE_CURVE ( 'NONE', #8709, #2832, #6386, .T. ) ;
#181 = EDGE_CURVE ( 'NONE', #1175, #8632, #3649, .T. ) ;
#182 = UNCERTAINTY_MEASURE_WITH_UNIT (LENGTH_MEASURE( 1.000000000000000082E-05 ), #6610, 'distance_accuracy_value', 'NONE');
#183 = CARTESIAN_POINT ( 'NONE',  ( -3.903095123049503457, -0.008589285714287443751, -2.754999999999999893 ) ) ;
#184 = ORIENTED_EDGE ( 'NONE', *, *, #7879, .F. ) ;
#185 = ORIENTED_EDGE ( 'NONE', *, *, #7880, .T. ) ;
#186 = PLANE ( 'NONE',  #279 ) ;
#187 = FILL_AREA_STYLE_COLOUR ( '', #8648 ) ;
#188 =( GEOMETRIC_REPRESENTATION_CONTEXT ( 3 ) GLOBAL_UNCERTAINTY_ASSIGNED_CONTEXT ( ( #4313 ) ) GLOBAL_UNIT_ASSIGNED_CONTEXT ( ( #8460, #5040, #8628 ) ) REPRESENTATION_CONTEXT ( 'NONE', 'WORKASPACE' ) );
#189 = COLOUR_RGB ( '',0.8313725490196077761, 0.8313725490196077761, 0.8313725490196077761 ) ;
#190 = LINE ( 'NONE', #601, #8597 ) ;
#191 = ORIENTED_EDGE ( 'NONE', *, *, #7703, .T. ) ;
#192 = DIRECTION ( 'NONE',  ( -2.546383084002650169E-16, 1.000000000000000000, 0.000000000000000000 ) ) ;
#193 = DIRECTION ( 'NONE',  ( 0.4082482904638641830, 0.8164965809277251463, -0.4082482904638637944 ) ) ;
#194 = CARTESIAN_POINT ( 'NONE',  ( 3.098140031919439430, 2.484646814368867140, 2.303797361121355358 ) ) ;
#195 = AXIS2_PLACEMENT_3D ( 'NONE', #632, #1282, #5889 ) ;
#196 = FACE_OUTER_BOUND ( 'NONE', #48, .T. ) ;
#197 = CARTESIAN_POINT ( 'NONE',  ( 4.787102839788669684, -0.1922499999999989495, -1.944279695023480192 ) ) ;
#198 = DIRECTION ( 'NONE',  ( 0.000000000000000000, -0.000000000000000000, 1.000000000000000000 ) ) ;
#199 = DIRECTION ( 'NONE',  ( -1.000000000000000000, -3.349094667683651357E-16, 3.928556794936851603E-17 ) ) ;
#200 = SURFACE_STYLE_USAGE ( .BOTH. , #2953 ) ;
#201 = DIRECTION ( 'NONE',  ( -1.000000000000000000, 0.000000000000000000, -0.000000000000000000 ) ) ;
#202 = MECHANICAL_DESIGN_GEOMETRIC_PRESENTATION_REPRESENTATION (  '', ( #3633 ), #628 ) ;
#203 = CARTESIAN_POINT ( 'NONE',  ( -4.120000000000000107, -0.7672500000000004317, 0.000000000000000000 ) ) ;
#204 = VECTOR ( 'NONE', #8309, 1000.000000000000000 ) ;
#205 = CARTESIAN_POINT ( 'NONE',  ( 4.876594889548317546, -0.02531586835139292002, -2.136120967541516258 ) ) ;
#206 = PRESENTATION_STYLE_ASSIGNMENT (( #6361 ) ) ;
#207 = LINE ( 'NONE', #2960, #6962 ) ;
#208 = DIRECTION ( 'NONE',  ( -0.000000000000000000, -0.000000000000000000, -1.000000000000000000 ) ) ;
#209 = DIRECTION ( 'NONE',  ( -1.000000000000000000, -8.131516293641262547E-16, 0.000000000000000000 ) ) ;
#210 = DIRECTION ( 'NONE',  ( -5.482582837655000045E-16, 1.000000000000000000, -0.000000000000000000 ) ) ;
#211 = DIRECTION ( 'NONE',  ( -1.000000000000000000, -4.497431234013940009E-16, -1.224646799147353207E-16 ) ) ;
#212 = CARTESIAN_POINT ( 'NONE',  ( 4.852500000000000036, -0.09224999999999859701, -1.944279695023480192 ) ) ;
#213 = PRESENTATION_STYLE_ASSIGNMENT (( #808 ) ) ;
#214 = CYLINDRICAL_SURFACE ( 'NONE', #4593, 0.09999999999999999167 ) ;
#215 = CARTESIAN_POINT ( 'NONE',  ( 0.6083569003329799552, 7.450223307319892598E-17, 2.380000000000000338 ) ) ;
#216 = CARTESIAN_POINT ( 'NONE',  ( -0.2418278949238903963, 0.5585411085144165177, 2.379999999999999893 ) ) ;
#217 = CARTESIAN_POINT ( 'NONE',  ( 3.914764973081037880, -0.1345149730810363542, -2.560235026918962209 ) ) ;
#218 = MECHANICAL_DESIGN_GEOMETRIC_PRESENTATION_REPRESENTATION (  '', ( #5513 ), #6243 ) ;
#219 = ORIENTED_EDGE ( 'NONE', *, *, #6091, .T. ) ;
#220 = ORIENTED_EDGE ( 'NONE', *, *, #2290, .F. ) ;
#221 = LINE ( 'NONE', #2973, #7982 ) ;
#222 = FACE_OUTER_BOUND ( 'NONE', #4181, .T. ) ;
#223 = COLOUR_RGB ( '',0.8313725490196077761, 0.8313725490196077761, 0.8313725490196077761 ) ;
#224 = CARTESIAN_POINT ( 'NONE',  ( 0.3819120798423589758, -0.1576784452502213996, 0.4228068925449356974 ) ) ;
#225 = ORIENTED_EDGE ( 'NONE', *, *, #6498, .F. ) ;
#226 = PLANE ( 'NONE',  #115 ) ;
#227 = CARTESIAN_POINT ( 'NONE',  ( 4.952500000000000568, -0.7672499999999993214, -2.044279695023480059 ) ) ;
#228 = PRESENTATION_LAYER_ASSIGNMENT (  '', '', ( #6676 ) ) ;
#229 = VECTOR ( 'NONE', #5795, 1000.000000000000000 ) ;
#230 = ORIENTED_EDGE ( 'NONE', *, *, #12, .T. ) ;
#231 = MECHANICAL_DESIGN_GEOMETRIC_PRESENTATION_REPRESENTATION (  '', ( #7691 ), #1110 ) ;
#232 = DIRECTION ( 'NONE',  ( 0.000000000000000000, 0.000000000000000000, 1.000000000000000000 ) ) ;
#233 = ORIENTED_EDGE ( 'NONE', *, *, #4216, .F. ) ;
#234 = ORIENTED_EDGE ( 'NONE', *, *, #5719, .T. ) ;
#235 = FILL_AREA_STYLE ('',( #7839 ) ) ;
#236 =( LENGTH_UNIT ( ) NAMED_UNIT ( * ) SI_UNIT ( .MILLI., .METRE. ) );
#237 = EDGE_CURVE ( 'NONE', #5035, #7486, #4698, .T. ) ;
#238 = ORIENTED_EDGE ( 'NONE', *, *, #6761, .F. ) ;
#239 = CARTESIAN_POINT ( 'NONE',  ( 0.4828545436856734874, -0.09225444128910612052, -0.3637895569954249231 ) ) ;
#240 = VERTEX_POINT ( 'NONE', #5501 ) ;
#241 = DIRECTION ( 'NONE',  ( 0.000000000000000000, 0.000000000000000000, 1.000000000000000000 ) ) ;
#242 = SURFACE_SIDE_STYLE ('',( #7021 ) ) ;
#243 = VECTOR ( 'NONE', #7134, 1000.000000000000114 ) ;
#244 = FILL_AREA_STYLE ('',( #3603 ) ) ;
#245 = FILL_AREA_STYLE ('',( #8426 ) ) ;
#246 = CARTESIAN_POINT ( 'NONE',  ( 3.489657287525380180, -0.09224999999999934641, 1.918578643762690827 ) ) ;
#247 =( NAMED_UNIT ( * ) PLANE_ANGLE_UNIT ( ) SI_UNIT ( $, .RADIAN. ) );
#248 =( GEOMETRIC_REPRESENTATION_CONTEXT ( 3 ) GLOBAL_UNCERTAINTY_ASSIGNED_CONTEXT ( ( #2077 ) ) GLOBAL_UNIT_ASSIGNED_CONTEXT ( ( #144, #3639, #8368 ) ) REPRESENTATION_CONTEXT ( 'NONE', 'WORKASPACE' ) );
#249 = EDGE_CURVE ( 'NONE', #7498, #4596, #7678, .T. ) ;
#250 = EDGE_CURVE ( 'NONE', #703, #173, #7576, .T. ) ;
#251 = CARTESIAN_POINT ( 'NONE',  ( -2.823524907681022267, -2.903010446326627747, 2.258641421325499721 ) ) ;
#252 = CARTESIAN_POINT ( 'NONE',  ( -2.959737197023301736, 2.650969074868140041, 2.283371188774893312 ) ) ;
#253 = PLANE ( 'NONE',  #4011 ) ;
#254 = VECTOR ( 'NONE', #6098, 1000.000000000000000 ) ;
#255 = CARTESIAN_POINT ( 'NONE',  ( 0.8439789388076488486, -0.1889472805623733098, -2.121381300126910840 ) ) ;
#256 = UNCERTAINTY_MEASURE_WITH_UNIT (LENGTH_MEASURE( 1.000000000000000082E-05 ), #3581, 'distance_accuracy_value', 'NONE');
#257 =( GEOMETRIC_REPRESENTATION_CONTEXT ( 3 ) GLOBAL_UNCERTAINTY_ASSIGNED_CONTEXT ( ( #6625 ) ) GLOBAL_UNIT_ASSIGNED_CONTEXT ( ( #6988, #3526, #3393 ) ) REPRESENTATION_CONTEXT ( 'NONE', 'WORKASPACE' ) );
#258 = DIRECTION ( 'NONE',  ( -1.000000000000000000, -5.421010862427519212E-16, 0.000000000000000000 ) ) ;
#259 = DIRECTION ( 'NONE',  ( 0.000000000000000000, 0.2840883296913740419, -0.9587981127083872179 ) ) ;
#260 = DIRECTION ( 'NONE',  ( 0.8233548815373524787, -0.5675268619621560706, 0.000000000000000000 ) ) ;
#261 = CARTESIAN_POINT ( 'NONE',  ( 2.803133701591290272, -2.712318337075285246, 2.349553625049723760 ) ) ;
#262 = CARTESIAN_POINT ( 'NONE',  ( 4.997159952694481433, -0.2461110386525630633, 2.558218880800481987 ) ) ;
#263 = STYLED_ITEM ( 'NONE', ( #371 ), #6446 ) ;
#264 = CARTESIAN_POINT ( 'NONE',  ( 4.751691034137323300, -0.1502197237623938419, -2.660466438303959347 ) ) ;
#265 = DIRECTION ( 'NONE',  ( 0.000000000000000000, 0.000000000000000000, 1.000000000000000000 ) ) ;
#266 = DIRECTION ( 'NONE',  ( -1.000000000000000000, -8.131516293641262547E-16, 0.000000000000000000 ) ) ;
#267 = FILL_AREA_STYLE_COLOUR ( '', #5216 ) ;
#268 =( NAMED_UNIT ( * ) SI_UNIT ( $, .STERADIAN. ) SOLID_ANGLE_UNIT ( ) );
#269 = UNCERTAINTY_MEASURE_WITH_UNIT (LENGTH_MEASURE( 1.000000000000000082E-05 ), #7764, 'distance_accuracy_value', 'NONE');
#270 =( GEOMETRIC_REPRESENTATION_CONTEXT ( 3 ) GLOBAL_UNCERTAINTY_ASSIGNED_CONTEXT ( ( #2870 ) ) GLOBAL_UNIT_ASSIGNED_CONTEXT ( ( #5222, #1865, #3918 ) ) REPRESENTATION_CONTEXT ( 'NONE', 'WORKASPACE' ) );
#271 = ORIENTED_EDGE ( 'NONE', *, *, #3636, .T. ) ;
#272 = ORIENTED_EDGE ( 'NONE', *, *, #2501, .T. ) ;
#273 = CYLINDRICAL_SURFACE ( 'NONE', #5517, 0.3000000000000000444 ) ;
#274 = CARTESIAN_POINT ( 'NONE',  ( -3.085688195383682331, -2.676322658523812681, 2.048273330479077003 ) ) ;
#275 = LINE ( 'NONE', #5079, #243 ) ;
#276 = ORIENTED_EDGE ( 'NONE', *, *, #3424, .T. ) ;
#277 = CARTESIAN_POINT ( 'NONE',  ( 3.872500000000000053, -0.7672499999999999876, -1.959999999999999964 ) ) ;
#278 = CIRCLE ( 'NONE', #1859, 0.1499999999999999667 ) ;
#279 = AXIS2_PLACEMENT_3D ( 'NONE', #2267, #3114, #3070 ) ;
#280 = FILL_AREA_STYLE_COLOUR ( '', #620 ) ;
#281 = SURFACE_STYLE_USAGE ( .BOTH. , #7229 ) ;
#282 = UNCERTAINTY_MEASURE_WITH_UNIT (LENGTH_MEASURE( 1.000000000000000082E-05 ), #315, 'distance_accuracy_value', 'NONE');
#283 = AXIS2_PLACEMENT_3D ( 'NONE', #3381, #2055, #7516 ) ;
#284 = ORIENTED_EDGE ( 'NONE', *, *, #3964, .F. ) ;
#285 = ORIENTED_EDGE ( 'NONE', *, *, #8138, .T. ) ;
#286 = LINE ( 'NONE', #1640, #4575 ) ;
#287 = CARTESIAN_POINT ( 'NONE',  ( 0.4238398292666566980, -0.09169822424026445595, -0.3637895569954249786 ) ) ;
#288 = ORIENTED_EDGE ( 'NONE', *, *, #5077, .F. ) ;
#289 = SHAPE_REPRESENTATION_RELATIONSHIP ( 'NONE' , 'NONE' ,  #6798, #5827 ) ;
#290 =( LENGTH_UNIT ( ) NAMED_UNIT ( * ) SI_UNIT ( .MILLI., .METRE. ) );
#291 = DIRECTION ( 'NONE',  ( 1.000000000000000000, 7.228014483236697541E-16, 0.000000000000000000 ) ) ;
#292 =( NAMED_UNIT ( * ) SI_UNIT ( $, .STERADIAN. ) SOLID_ANGLE_UNIT ( ) );
#293 = EDGE_CURVE ( 'NONE', #8680, #7486, #634, .T. ) ;
#294 = PRESENTATION_LAYER_ASSIGNMENT (  '', '', ( #3160 ) ) ;
#295 = LINE ( 'NONE', #4276, #229 ) ;
#296 = CARTESIAN_POINT ( 'NONE',  ( 0.000000000000000000, 0.000000000000000000, 2.355000000000000426 ) ) ;
#297 =( LENGTH_UNIT ( ) NAMED_UNIT ( * ) SI_UNIT ( .MILLI., .METRE. ) );
#298 = FILL_AREA_STYLE ('',( #1654 ) ) ;
#299 = DIRECTION ( 'NONE',  ( -1.000000000000000000, 0.000000000000000000, 0.000000000000000000 ) ) ;
#300 = PRESENTATION_STYLE_ASSIGNMENT (( #7160 ) ) ;
#301 = LINE ( 'NONE', #3088, #6790 ) ;
#302 = EDGE_CURVE ( 'NONE', #3370, #5428, #6849, .T. ) ;
#303 = EDGE_CURVE ( 'NONE', #2922, #7498, #7434, .T. ) ;
#304 = EDGE_CURVE ( 'NONE', #463, #2804, #4070, .T. ) ;
#305 = AXIS2_PLACEMENT_3D ( 'NONE', #77, #6231, #4669 ) ;
#306 = CARTESIAN_POINT ( 'NONE',  ( 0.8630572809000084389, -0.1475286404500045223, -2.060000000000000053 ) ) ;
#307 = CARTESIAN_POINT ( 'NONE',  ( 4.933804907451682986, -0.1345149730810365485, 2.536665146386241521 ) ) ;
#308 = DIRECTION ( 'NONE',  ( 8.223874256482640091E-16, -1.000000000000000000, -0.000000000000000000 ) ) ;
#309 = SURFACE_STYLE_FILL_AREA ( #4289 ) ;
#310 = PRESENTATION_LAYER_ASSIGNMENT (  '', '', ( #4736 ) ) ;
#311 = CARTESIAN_POINT ( 'NONE',  ( 0.4546530281914640814, -0.2567365100197358529, 2.329999999999999183 ) ) ;
#312 = CARTESIAN_POINT ( 'NONE',  ( -3.903095123049503457, -0.008589285714287551304, 0.000000000000000000 ) ) ;
#313 = CARTESIAN_POINT ( 'NONE',  ( 4.885562582892960748, -0.1012193360738575937, -2.477594501859786913 ) ) ;
#314 = FILL_AREA_STYLE ('',( #6464 ) ) ;
#315 =( LENGTH_UNIT ( ) NAMED_UNIT ( * ) SI_UNIT ( .MILLI., .METRE. ) );
#316 = CARTESIAN_POINT ( 'NONE',  ( -0.4892670315653523949, 0.3709748431614339204, 2.380000000000000338 ) ) ;
#317 = ORIENTED_EDGE ( 'NONE', *, *, #303, .F. ) ;
#318 =( NAMED_UNIT ( * ) SI_UNIT ( $, .STERADIAN. ) SOLID_ANGLE_UNIT ( ) );
#319 = ORIENTED_EDGE ( 'NONE', *, *, #8584, .T. ) ;
#320 =( LENGTH_UNIT ( ) NAMED_UNIT ( * ) SI_UNIT ( .MILLI., .METRE. ) );
#321 = STYLED_ITEM ( 'NONE', ( #213 ), #8312 ) ;
#322 = VECTOR ( 'NONE', #488, 1000.000000000000000 ) ;
#323 = DIRECTION ( 'NONE',  ( 8.223874256482640091E-16, -1.000000000000000000, 0.000000000000000000 ) ) ;
#324 = DIRECTION ( 'NONE',  ( 0.8233548815373525898, -0.5675268619621559596, 0.000000000000000000 ) ) ;
#325 = PRESENTATION_LAYER_ASSIGNMENT (  '', '', ( #2628 ) ) ;
#326 = ORIENTED_EDGE ( 'NONE', *, *, #5933, .T. ) ;
#327 = VERTEX_POINT ( 'NONE', #75 ) ;
#328 = DIRECTION ( 'NONE',  ( 0.000000000000000000, 0.000000000000000000, 1.000000000000000000 ) ) ;
#329 = CARTESIAN_POINT ( 'NONE',  ( 3.428218880800480317, -0.2461110386525648674, -2.204659952694483671 ) ) ;
#330 = ORIENTED_EDGE ( 'NONE', *, *, #2455, .T. ) ;
#331 = MECHANICAL_DESIGN_GEOMETRIC_PRESENTATION_REPRESENTATION (  '', ( #3055 ), #6491 ) ;
#332 = UNCERTAINTY_MEASURE_WITH_UNIT (LENGTH_MEASURE( 1.000000000000000082E-05 ), #6346, 'distance_accuracy_value', 'NONE');
#333 = AXIS2_PLACEMENT_3D ( 'NONE', #7749, #5128, #3601 ) ;
#334 =( LENGTH_UNIT ( ) NAMED_UNIT ( * ) SI_UNIT ( .MILLI., .METRE. ) );
#335 = VECTOR ( 'NONE', #1331, 1000.000000000000000 ) ;
#336 = CARTESIAN_POINT ( 'NONE',  ( -2.970000000000000639, -3.047500000000000320, 0.6749999999999997113 ) ) ;
#337 = SURFACE_STYLE_FILL_AREA ( #3650 ) ;
#338 = SURFACE_SIDE_STYLE ('',( #7198 ) ) ;
#339 = DIRECTION ( 'NONE',  ( 0.000000000000000000, -1.000000000000000000, 0.000000000000000000 ) ) ;
#340 = CARTESIAN_POINT ( 'NONE',  ( 0.9525000000000000133, -0.1922500000000008646, 2.060000000000000053 ) ) ;
#341 = CARTESIAN_POINT ( 'NONE',  ( 0.3436167100760013082, 0.3943076977342268585, 2.329999999999999627 ) ) ;
#342 = FACE_OUTER_BOUND ( 'NONE', #6820, .T. ) ;
#343 = COLOUR_RGB ( '',0.8313725490196077761, 0.8313725490196077761, 0.8313725490196077761 ) ;
#344 = AXIS2_PLACEMENT_3D ( 'NONE', #3129, #4285, #2467 ) ;
#345 =( NAMED_UNIT ( * ) PLANE_ANGLE_UNIT ( ) SI_UNIT ( $, .RADIAN. ) );
#346 = LINE ( 'NONE', #3611, #2637 ) ;
#347 = UNCERTAINTY_MEASURE_WITH_UNIT (LENGTH_MEASURE( 1.000000000000000082E-05 ), #7025, 'distance_accuracy_value', 'NONE');
#348 = AXIS2_PLACEMENT_3D ( 'NONE', #8257, #5586, #6892 ) ;
#349 = CARTESIAN_POINT ( 'NONE',  ( 0.4819120798423593977, -0.09225000000000069256, 0.000000000000000000 ) ) ;
#350 = FILL_AREA_STYLE ('',( #8653 ) ) ;
#351 =( GEOMETRIC_REPRESENTATION_CONTEXT ( 3 ) GLOBAL_UNCERTAINTY_ASSIGNED_CONTEXT ( ( #4845 ) ) GLOBAL_UNIT_ASSIGNED_CONTEXT ( ( #8663, #3263, #1129 ) ) REPRESENTATION_CONTEXT ( 'NONE', 'WORKASPACE' ) );
#352 = CIRCLE ( 'NONE', #8089, 0.1000000000000000472 ) ;
#353 = CYLINDRICAL_SURFACE ( 'NONE', #6109, 0.09999999999999982514 ) ;
#354 = AXIS2_PLACEMENT_3D ( 'NONE', #7193, #5049, #3698 ) ;
#355 = CARTESIAN_POINT ( 'NONE',  ( 0.7578266399742318304, -0.09225000000000059541, -0.4644391480734703093 ) ) ;
#356 = FACE_OUTER_BOUND ( 'NONE', #2255, .T. ) ;
#357 = PRESENTATION_STYLE_ASSIGNMENT (( #6507 ) ) ;
#358 = ADVANCED_FACE ( 'NONE', ( #805 ), #2821, .F. ) ;
#359 = EDGE_CURVE ( 'NONE', #1772, #5301, #1522, .T. ) ;
#360 = EDGE_CURVE ( 'NONE', #5279, #780, #1574, .T. ) ;
#361 = EDGE_CURVE ( 'NONE', #4819, #548, #2963, .T. ) ;
#362 = CARTESIAN_POINT ( 'NONE',  ( 0.5900556301437581697, 7.226097387744278367E-17, 2.380000000000000338 ) ) ;
#363 =( LENGTH_UNIT ( ) NAMED_UNIT ( * ) SI_UNIT ( .MILLI., .METRE. ) );
#364 = UNCERTAINTY_MEASURE_WITH_UNIT (LENGTH_MEASURE( 1.000000000000000082E-05 ), #4007, 'distance_accuracy_value', 'NONE');
#365 = AXIS2_PLACEMENT_3D ( 'NONE', #3623, #3577, #6322 ) ;
#366 = ORIENTED_EDGE ( 'NONE', *, *, #5122, .T. ) ;
#367 = FILL_AREA_STYLE_COLOUR ( '', #1824 ) ;
#368 = ORIENTED_EDGE ( 'NONE', *, *, #5232, .F. ) ;
#369 =( NAMED_UNIT ( * ) SI_UNIT ( $, .STERADIAN. ) SOLID_ANGLE_UNIT ( ) );
#370 = VERTEX_POINT ( 'NONE', #3762 ) ;
#371 = PRESENTATION_STYLE_ASSIGNMENT (( #8455 ) ) ;
#372 = ADVANCED_FACE ( 'NONE', ( #2200 ), #7814, .T. ) ;
#373 = ADVANCED_FACE ( 'NONE', ( #6460 ), #353, .F. ) ;
#374 = SURFACE_STYLE_FILL_AREA ( #1005 ) ;
#375 = CARTESIAN_POINT ( 'NONE',  ( 2.803133701591290272, 2.495677398353389531, 2.080000000000000071 ) ) ;
#376 = ORIENTED_EDGE ( 'NONE', *, *, #5657, .F. ) ;
#377 = VERTEX_POINT ( 'NONE', #447 ) ;
#378 = EDGE_LOOP ( 'NONE', ( #7694, #1258, #6527, #3166, #5961, #3025 ) ) ;
#379 =( NAMED_UNIT ( * ) SI_UNIT ( $, .STERADIAN. ) SOLID_ANGLE_UNIT ( ) );
#380 = EDGE_LOOP ( 'NONE', ( #4862, #90, #677, #7590, #7140 ) ) ;
#381 = VECTOR ( 'NONE', #199, 1000.000000000000000 ) ;
#382 = VECTOR ( 'NONE', #5668, 1000.000000000000000 ) ;
#383 = DIRECTION ( 'NONE',  ( -1.000000000000000000, -3.050063254464720219E-16, 0.000000000000000000 ) ) ;
#384 =( GEOMETRIC_REPRESENTATION_CONTEXT ( 3 ) GLOBAL_UNCERTAINTY_ASSIGNED_CONTEXT ( ( #4474 ) ) GLOBAL_UNIT_ASSIGNED_CONTEXT ( ( #8652, #7374, #7335 ) ) REPRESENTATION_CONTEXT ( 'NONE', 'WORKASPACE' ) );
#385 = FACE_OUTER_BOUND ( 'NONE', #5089, .T. ) ;
#386 = ORIENTED_EDGE ( 'NONE', *, *, #728, .T. ) ;
#387 = CARTESIAN_POINT ( 'NONE',  ( 3.472500000000000142, -0.1336713562373090247, 2.001421356237309546 ) ) ;
#388 = DIRECTION ( 'NONE',  ( 0.000000000000000000, 0.000000000000000000, 1.000000000000000000 ) ) ;
#389 = PRESENTATION_STYLE_ASSIGNMENT (( #8602 ) ) ;
#390 = CARTESIAN_POINT ( 'NONE',  ( -2.803133701591289828, -2.580633701591290130, 2.080000000000000071 ) ) ;
#391 = ADVANCED_FACE ( 'NONE', ( #2472 ), #4605, .T. ) ;
#392 = CARTESIAN_POINT ( 'NONE',  ( 0.2251759213886056210, 0.4710134658122601126, 2.330000000000000515 ) ) ;
#393 = CARTESIAN_POINT ( 'NONE',  ( 4.587102839788671282, -0.09224999999999886069, 0.000000000000000000 ) ) ;
#394 = CIRCLE ( 'NONE', #4261, 0.09999999999999999167 ) ;
#395 = DIRECTION ( 'NONE',  ( 1.000000000000000000, 4.497431234013940009E-16, -0.000000000000000000 ) ) ;
#396 = B_SPLINE_CURVE_WITH_KNOTS ( 'NONE', 3,
 ( #5300, #5260, #1158, #7287 ),
 .UNSPECIFIED., .F., .F.,
 ( 4, 4 ),
 ( 0.000000000000000000, 1.000000000000000000 ),
 .UNSPECIFIED. ) ;
#397 = CARTESIAN_POINT ( 'NONE',  ( 3.772499999999999964, -0.09224999999999901334, 1.859999999999999654 ) ) ;
#398 = CARTESIAN_POINT ( 'NONE',  ( -3.903095123049503457, -0.008589285714287443751, -1.804999999999999938 ) ) ;
#399 = FILL_AREA_STYLE_COLOUR ( '', #4998 ) ;
#400 =( NAMED_UNIT ( * ) PLANE_ANGLE_UNIT ( ) SI_UNIT ( $, .RADIAN. ) );
#401 = CARTESIAN_POINT ( 'NONE',  ( -3.242815959658425395, 0.04809771563645275083, 1.804999999999999938 ) ) ;
#402 = SURFACE_STYLE_FILL_AREA ( #5196 ) ;
#403 = CARTESIAN_POINT ( 'NONE',  ( 4.852500000000000036, -0.7672499999999992104, -2.502499999999999947 ) ) ;
#404 = PRESENTATION_STYLE_ASSIGNMENT (( #8143 ) ) ;
#405 = COLOUR_RGB ( '',0.2862745098039215508, 0.2862745098039215508, 0.2862745098039215508 ) ;
#406 = CARTESIAN_POINT ( 'NONE',  ( 4.897221359549994268, -0.1028072809000063897, -2.502499999999999947 ) ) ;
#407 = ADVANCED_FACE ( 'NONE', ( #3806 ), #7377, .T. ) ;
#408 = ORIENTED_EDGE ( 'NONE', *, *, #2872, .T. ) ;
#409 = CARTESIAN_POINT ( 'NONE',  ( 3.379448992645573302, -0.08008266559970241005, -2.114088753711016899 ) ) ;
#410 = STYLED_ITEM ( 'NONE', ( #8896 ), #6337 ) ;
#411 = CARTESIAN_POINT ( 'NONE',  ( 0.4238398292666566980, -0.1333481334806453922, 0.4643413327551617620 ) ) ;
#412 = ORIENTED_EDGE ( 'NONE', *, *, #7650, .F. ) ;
#413 = CARTESIAN_POINT ( 'NONE',  ( -0.5559049950491476988, -1.111809990098296064, 2.339150635094611186 ) ) ;
#414 = STYLED_ITEM ( 'NONE', ( #7037 ), #1975 ) ;
#415 = SURFACE_SIDE_STYLE ('',( #374 ) ) ;
#416 = ORIENTED_EDGE ( 'NONE', *, *, #1566, .T. ) ;
#417 =( BOUNDED_SURFACE ( )  B_SPLINE_SURFACE ( 3, 3, ( 
 ( #822, #94, #872, #3590 ),
 ( #1008, #8543, #5118, #7228 ),
 ( #6565, #7098, #4404, #5697 ),
 ( #7138, #2979, #2310, #4360 ) ),
 .UNSPECIFIED., .F., .F., .F. ) 
 B_SPLINE_SURFACE_WITH_KNOTS ( ( 4, 4 ),
 ( 4, 4 ),
 ( 0.000000000000000000, 1.000000000000000000 ),
 ( 0.000000000000000000, 1.000000000000000000 ),
 .UNSPECIFIED. ) 
 GEOMETRIC_REPRESENTATION_ITEM ( )  RATIONAL_B_SPLINE_SURFACE ( (
 ( 1.000000000000000000, 0.3333333333333322046, 0.3333333333333322046, 1.000000000000000000),
 ( 0.9245018060306376961, 0.3081672686768782143, 0.3081672686768782143, 0.9245018060306376961),
 ( 0.9245018060306376961, 0.3081672686768782143, 0.3081672686768782143, 0.9245018060306376961),
 ( 1.000000000000000000, 0.3333333333333322046, 0.3333333333333322046, 1.000000000000000000) ) ) 
 REPRESENTATION_ITEM ( '' )  SURFACE ( )  );
#418 = DIRECTION ( 'NONE',  ( 1.000000000000000000, 8.131516293641279311E-16, 0.000000000000000000 ) ) ;
#419 = EDGE_CURVE ( 'NONE', #1586, #4875, #7296, .T. ) ;
#420 = EDGE_CURVE ( 'NONE', #1405, #8816, #3095, .T. ) ;
#421 = EDGE_LOOP ( 'NONE', ( #6785, #718, #3020, #6553, #3292, #2110, #7060, #2947 ) ) ;
#422 = EDGE_LOOP ( 'NONE', ( #8043, #783, #1100, #919 ) ) ;
#423 = ORIENTED_EDGE ( 'NONE', *, *, #5925, .T. ) ;
#424 =( NAMED_UNIT ( * ) PLANE_ANGLE_UNIT ( ) SI_UNIT ( $, .RADIAN. ) );
#425 = CARTESIAN_POINT ( 'NONE',  ( 3.453804907451683004, -0.1345149730810373256, -2.094165146386241183 ) ) ;
#426 = CIRCLE ( 'NONE', #3009, 0.1000000000000000194 ) ;
#427 = VERTEX_POINT ( 'NONE', #4522 ) ;
#428 = CARTESIAN_POINT ( 'NONE',  ( -1.222499999999999698, 0.7672499999999990994, 0.3800000000000000044 ) ) ;
#429 = EDGE_LOOP ( 'NONE', ( #8226, #1102, #8779, #5544 ) ) ;
#430 = APPLICATION_PROTOCOL_DEFINITION ( 'draft international standard', 'automotive_design', 1998, #118 ) ;
#431 = UNCERTAINTY_MEASURE_WITH_UNIT (LENGTH_MEASURE( 1.000000000000000082E-05 ), #550, 'distance_accuracy_value', 'NONE');
#432 = DIRECTION ( 'NONE',  ( -0.4643522996055910457, -0.8856505754816621501, 0.000000000000000000 ) ) ;
#433 = VECTOR ( 'NONE', #8616, 1000.000000000000000 ) ;
#434 = PRESENTATION_LAYER_ASSIGNMENT (  '', '', ( #4280 ) ) ;
#435 = FILL_AREA_STYLE ('',( #1782 ) ) ;
#436 = AXIS2_PLACEMENT_3D ( 'NONE', #5580, #8340, #887 ) ;
#437 = ORIENTED_EDGE ( 'NONE', *, *, #7466, .T. ) ;
#438 = DIRECTION ( 'NONE',  ( -0.8856505754816621501, 0.4643522996055910457, 0.000000000000000000 ) ) ;
#439 = COLOUR_RGB ( '',0.8313725490196077761, 0.8313725490196077761, 0.8313725490196077761 ) ;
#440 = CARTESIAN_POINT ( 'NONE',  ( -0.5094754521695485927, 0.1307146481107802904, 2.330000000000000071 ) ) ;
#441 =( LENGTH_UNIT ( ) NAMED_UNIT ( * ) SI_UNIT ( .MILLI., .METRE. ) );
#442 =( NAMED_UNIT ( * ) SI_UNIT ( $, .STERADIAN. ) SOLID_ANGLE_UNIT ( ) );
#443 = UNCERTAINTY_MEASURE_WITH_UNIT (LENGTH_MEASURE( 1.000000000000000082E-05 ), #2521, 'distance_accuracy_value', 'NONE');
#444 = PRESENTATION_LAYER_ASSIGNMENT (  '', '', ( #4298 ) ) ;
#445 = FILL_AREA_STYLE ('',( #3847 ) ) ;
#446 = SURFACE_SIDE_STYLE ('',( #6670 ) ) ;
#447 = CARTESIAN_POINT ( 'NONE',  ( -2.855207625734560217, 0.2322500000000000397, 1.899999999999999911 ) ) ;
#448 = CARTESIAN_POINT ( 'NONE',  ( 3.972500000000000142, -0.2609999999999990106, 2.502499999999999947 ) ) ;
#449 = VECTOR ( 'NONE', #5098, 1000.000000000000000 ) ;
#450 =( NAMED_UNIT ( * ) PLANE_ANGLE_UNIT ( ) SI_UNIT ( $, .RADIAN. ) );
#451 = FILL_AREA_STYLE_COLOUR ( '', #4496 ) ;
#452 = CIRCLE ( 'NONE', #8758, 0.1000000000000000194 ) ;
#453 = UNCERTAINTY_MEASURE_WITH_UNIT (LENGTH_MEASURE( 1.000000000000000082E-05 ), #7851, 'distance_accuracy_value', 'NONE');
#454 = EDGE_LOOP ( 'NONE', ( #6472, #907, #7604, #8127 ) ) ;
#455 = CARTESIAN_POINT ( 'NONE',  ( 3.972500000000001030, -0.09224999999999913824, -2.005142088675781586 ) ) ;
#456 = DIRECTION ( 'NONE',  ( -0.5773502691896247319, 0.5773502691896247319, -0.5773502691896279515 ) ) ;
#457 = DIRECTION ( 'NONE',  ( -8.223874256482640091E-16, 1.000000000000000000, 0.000000000000000000 ) ) ;
#458 =( LENGTH_UNIT ( ) NAMED_UNIT ( * ) SI_UNIT ( .MILLI., .METRE. ) );
#459 = VECTOR ( 'NONE', #2391, 1000.000000000000000 ) ;
#460 = SURFACE_STYLE_FILL_AREA ( #3023 ) ;
#461 = MECHANICAL_DESIGN_GEOMETRIC_PRESENTATION_REPRESENTATION (  '', ( #4324 ), #7628 ) ;
#462 =( GEOMETRIC_REPRESENTATION_CONTEXT ( 3 ) GLOBAL_UNCERTAINTY_ASSIGNED_CONTEXT ( ( #5874 ) ) GLOBAL_UNIT_ASSIGNED_CONTEXT ( ( #6681, #8754, #2694 ) ) REPRESENTATION_CONTEXT ( 'NONE', 'WORKASPACE' ) );
#463 = VERTEX_POINT ( 'NONE', #4829 ) ;
#464 = ORIENTED_EDGE ( 'NONE', *, *, #6733, .F. ) ;
#465 = DIRECTION ( 'NONE',  ( 0.000000000000000000, 1.000000000000000000, -0.000000000000000000 ) ) ;
#466 =( NAMED_UNIT ( * ) SI_UNIT ( $, .STERADIAN. ) SOLID_ANGLE_UNIT ( ) );
#467 = AXIS2_PLACEMENT_3D ( 'NONE', #4149, #4744, #7475 ) ;
#468 = ORIENTED_EDGE ( 'NONE', *, *, #8585, .T. ) ;
#469 = CARTESIAN_POINT ( 'NONE',  ( -0.5400556301437590134, 1.080111260287517805, 2.329999999999999627 ) ) ;
#470 = ORIENTED_EDGE ( 'NONE', *, *, #5080, .F. ) ;
#471 = ADVANCED_FACE ( 'NONE', ( #66 ), #1902, .T. ) ;
#472 = ADVANCED_FACE ( 'NONE', ( #4733 ), #4194, .T. ) ;
#473 = ADVANCED_FACE ( 'NONE', ( #2641 ), #8874, .T. ) ;
#474 = EDGE_CURVE ( 'NONE', #5332, #1364, #5096, .T. ) ;
#475 = AXIS2_PLACEMENT_3D ( 'NONE', #7119, #1605, #7159 ) ;
#476 = VECTOR ( 'NONE', #557, 1000.000000000000000 ) ;
#477 =( LENGTH_UNIT ( ) NAMED_UNIT ( * ) SI_UNIT ( .MILLI., .METRE. ) );
#478 = VECTOR ( 'NONE', #1296, 1000.000000000000000 ) ;
#479 = AXIS2_PLACEMENT_3D ( 'NONE', #4412, #192, #881 ) ;
#480 = ORIENTED_EDGE ( 'NONE', *, *, #5282, .F. ) ;
#481 = LINE ( 'NONE', #5883, #1846 ) ;
#482 = FACE_OUTER_BOUND ( 'NONE', #7409, .T. ) ;
#483 = EDGE_LOOP ( 'NONE', ( #2087, #2249, #7877, #6054 ) ) ;
#484 = FILL_AREA_STYLE ('',( #7371 ) ) ;
#485 = COLOUR_RGB ( '',0.8313725490196077761, 0.8313725490196077761, 0.8313725490196077761 ) ;
#486 = CIRCLE ( 'NONE', #8225, 0.1000000000000000056 ) ;
#487 = CARTESIAN_POINT ( 'NONE',  ( 3.695609128038690017, -0.09224999999999934641, 0.8062182560773819562 ) ) ;
#488 = DIRECTION ( 'NONE',  ( -0.000000000000000000, -0.000000000000000000, -1.000000000000000000 ) ) ;
#489 =( NAMED_UNIT ( * ) PLANE_ANGLE_UNIT ( ) SI_UNIT ( $, .RADIAN. ) );
#490 = CARTESIAN_POINT ( 'NONE',  ( 0.8591901991055326260, -0.1434107350525334890, 2.064368729000466640 ) ) ;
#491 =( GEOMETRIC_REPRESENTATION_CONTEXT ( 3 ) GLOBAL_UNCERTAINTY_ASSIGNED_CONTEXT ( ( #922 ) ) GLOBAL_UNIT_ASSIGNED_CONTEXT ( ( #5949, #8714, #5371 ) ) REPRESENTATION_CONTEXT ( 'NONE', 'WORKASPACE' ) );
#492 = CARTESIAN_POINT ( 'NONE',  ( 2.959737197023299515, 2.650969074868141373, 2.283371188774896865 ) ) ;
#493 = CIRCLE ( 'NONE', #8085, 0.5000000000000000000 ) ;
#494 = STYLED_ITEM ( 'NONE', ( #3228 ), #4362 ) ;
#495 = AXIS2_PLACEMENT_3D ( 'NONE', #11, #7611, #6104 ) ;
#496 = ORIENTED_EDGE ( 'NONE', *, *, #8535, .F. ) ;
#497 = CARTESIAN_POINT ( 'NONE',  ( 3.828095555460798494, -0.09224999999999919376, -1.860000000000000098 ) ) ;
#498 = FILL_AREA_STYLE ('',( #4580 ) ) ;
#499 = FILL_AREA_STYLE_COLOUR ( '', #3926 ) ;
#500 = DIRECTION ( 'NONE',  ( -0.000000000000000000, -0.000000000000000000, -1.000000000000000000 ) ) ;
#501 = DIRECTION ( 'NONE',  ( 0.4082482904638600196, -0.8164965809277270337, 0.4082482904638640164 ) ) ;
#502 = EDGE_CURVE ( 'NONE', #4536, #2976, #5624, .T. ) ;
#503 =( GEOMETRIC_REPRESENTATION_CONTEXT ( 3 ) GLOBAL_UNCERTAINTY_ASSIGNED_CONTEXT ( ( #813 ) ) GLOBAL_UNIT_ASSIGNED_CONTEXT ( ( #2076, #2120, #7585 ) ) REPRESENTATION_CONTEXT ( 'NONE', 'WORKASPACE' ) );
#504 = CARTESIAN_POINT ( 'NONE',  ( -2.732499999999999929, 0.7672499999999990994, 0.3800000000000000044 ) ) ;
#505 = FILL_AREA_STYLE_COLOUR ( '', #2938 ) ;
#506 = ORIENTED_EDGE ( 'NONE', *, *, #2169, .T. ) ;
#507 = FACE_OUTER_BOUND ( 'NONE', #1505, .T. ) ;
#508 =( LENGTH_UNIT ( ) NAMED_UNIT ( * ) SI_UNIT ( .MILLI., .METRE. ) );
#509 = ORIENTED_EDGE ( 'NONE', *, *, #1021, .F. ) ;
#510 = DIRECTION ( 'NONE',  ( 0.000000000000000000, 0.000000000000000000, 1.000000000000000000 ) ) ;
#511 = SURFACE_STYLE_FILL_AREA ( #6657 ) ;
#512 = EDGE_CURVE ( 'NONE', #8768, #6868, #5939, .T. ) ;
#513 = DIRECTION ( 'NONE',  ( 0.000000000000000000, 0.000000000000000000, 1.000000000000000000 ) ) ;
#514 = CARTESIAN_POINT ( 'NONE',  ( -4.952500000000000568, -0.3322500000000009890, 2.660000000000000142 ) ) ;
#515 = DIRECTION ( 'NONE',  ( 0.000000000000000000, -1.000000000000000000, -0.000000000000000000 ) ) ;
#516 =( NAMED_UNIT ( * ) SI_UNIT ( $, .STERADIAN. ) SOLID_ANGLE_UNIT ( ) );
#517 = CIRCLE ( 'NONE', #2964, 0.1000000000000002554 ) ;
#518 = CARTESIAN_POINT ( 'NONE',  ( 2.962554341017596737, -2.740054341017594819, 2.277914424562274665 ) ) ;
#519 = EDGE_CURVE ( 'NONE', #3323, #5694, #6136, .T. ) ;
#520 = SURFACE_SIDE_STYLE ('',( #555 ) ) ;
#521 =( NAMED_UNIT ( * ) SI_UNIT ( $, .STERADIAN. ) SOLID_ANGLE_UNIT ( ) );
#522 = CARTESIAN_POINT ( 'NONE',  ( 4.687102839788670039, -0.1922499999999990605, 1.844279695023480548 ) ) ;
#523 = FILL_AREA_STYLE ('',( #3134 ) ) ;
#524 = DIRECTION ( 'NONE',  ( 8.223874256482640091E-16, -1.000000000000000000, 0.000000000000000000 ) ) ;
#525 = CIRCLE ( 'NONE', #6257, 0.7999999999999999334 ) ;
#526 = EDGE_LOOP ( 'NONE', ( #2358, #5157, #1368, #7449, #3589, #1321, #2929, #6595 ) ) ;
#527 = CARTESIAN_POINT ( 'NONE',  ( 3.453804907451684336, -0.1345149730810377142, -2.094165146386241183 ) ) ;
#528 = CARTESIAN_POINT ( 'NONE',  ( -0.5400556301437590134, -1.322754797634122349E-16, 2.329999999999999627 ) ) ;
#529 = CARTESIAN_POINT ( 'NONE',  ( -2.866011742435759846, -0.1013778989213650061, -2.660000000000000142 ) ) ;
#530 = AXIS2_PLACEMENT_3D ( 'NONE', #2935, #2981, #232 ) ;
#531 = CARTESIAN_POINT ( 'NONE',  ( -4.952500000000000568, -0.6672500000000000098, 0.000000000000000000 ) ) ;
#532 = COLOUR_RGB ( '',0.8313725490196077761, 0.8313725490196077761, 0.8313725490196077761 ) ;
#533 = CARTESIAN_POINT ( 'NONE',  ( 0.9525000000000001243, -0.09225000000000062317, 0.8629237369103519573 ) ) ;
#534 = CARTESIAN_POINT ( 'NONE',  ( 3.972500000000000142, -0.09224999999999890232, -1.942842712474618594 ) ) ;
#535 = CIRCLE ( 'NONE', #1981, 0.05000000000000002359 ) ;
#536 = EDGE_LOOP ( 'NONE', ( #2752, #971, #4994, #8419 ) ) ;
#537 = VERTEX_POINT ( 'NONE', #7029 ) ;
#538 = CARTESIAN_POINT ( 'NONE',  ( -3.270000000000000018, 3.047499999999999876, 0.6750000000000000444 ) ) ;
#539 = CARTESIAN_POINT ( 'NONE',  ( 0.5400556301437589024, 1.080111260287517805, 2.329999999999999627 ) ) ;
#540 = EDGE_LOOP ( 'NONE', ( #4860, #715, #8683, #3644 ) ) ;
#541 = STYLED_ITEM ( 'NONE', ( #6680 ), #6611 ) ;
#542 = CARTESIAN_POINT ( 'NONE',  ( 3.203093164878729748, -2.408484185632477903, 2.286058063037815558 ) ) ;
#543 = FILL_AREA_STYLE_COLOUR ( '', #5396 ) ;
#544 = SURFACE_STYLE_FILL_AREA ( #2581 ) ;
#545 = CARTESIAN_POINT ( 'NONE',  ( 0.6083569003329799552, 7.450223307319893830E-17, 2.380000000000000338 ) ) ;
#546 = ORIENTED_EDGE ( 'NONE', *, *, #6752, .T. ) ;
#547 = CARTESIAN_POINT ( 'NONE',  ( 3.062956411645905153, 3.047499999999999432, 0.6750000000000012657 ) ) ;
#548 = VERTEX_POINT ( 'NONE', #2328 ) ;
#549 =( NAMED_UNIT ( * ) SI_UNIT ( $, .STERADIAN. ) SOLID_ANGLE_UNIT ( ) );
#550 =( LENGTH_UNIT ( ) NAMED_UNIT ( * ) SI_UNIT ( .MILLI., .METRE. ) );
#551 = AXIS2_PLACEMENT_3D ( 'NONE', #7424, #3599, #6343 ) ;
#552 = MECHANICAL_DESIGN_GEOMETRIC_PRESENTATION_REPRESENTATION (  '', ( #2709 ), #5563 ) ;
#553 = EDGE_CURVE ( 'NONE', #607, #2199, #3865, .T. ) ;
#554 = FACE_OUTER_BOUND ( 'NONE', #5289, .T. ) ;
#555 = SURFACE_STYLE_FILL_AREA ( #8787 ) ;
#556 = LINE ( 'NONE', #2007, #5116 ) ;
#557 = DIRECTION ( 'NONE',  ( 1.000000000000000000, 0.000000000000000000, -0.000000000000000000 ) ) ;
#558 = DIRECTION ( 'NONE',  ( 1.000000000000000000, 0.000000000000000000, 0.000000000000000000 ) ) ;
#559 = CARTESIAN_POINT ( 'NONE',  ( 3.270000000000000462, -2.534608270214919745, -1.355252715606880543E-17 ) ) ;
#560 = CARTESIAN_POINT ( 'NONE',  ( 2.967064712576866103, 2.932473286724402328, 2.003243397082226540 ) ) ;
#561 = ADVANCED_FACE ( 'NONE', ( #8387 ), #7803, .T. ) ;
#562 = EDGE_CURVE ( 'NONE', #4085, #5032, #7745, .T. ) ;
#563 = EDGE_CURVE ( 'NONE', #4267, #2667, #3426, .T. ) ;
#564 =( GEOMETRIC_REPRESENTATION_CONTEXT ( 3 ) GLOBAL_UNCERTAINTY_ASSIGNED_CONTEXT ( ( #1257 ) ) GLOBAL_UNIT_ASSIGNED_CONTEXT ( ( #1277, #3198, #5251 ) ) REPRESENTATION_CONTEXT ( 'NONE', 'WORKASPACE' ) );
#565 = CARTESIAN_POINT ( 'NONE',  ( -2.866011742435759846, -0.1013778989213650061, -2.754999999999999893 ) ) ;
#566 = VERTEX_POINT ( 'NONE', #8603 ) ;
#567 = VERTEX_POINT ( 'NONE', #1832 ) ;
#568 = PLANE ( 'NONE',  #6022 ) ;
#569 =( NAMED_UNIT ( * ) SI_UNIT ( $, .STERADIAN. ) SOLID_ANGLE_UNIT ( ) );
#570 = CARTESIAN_POINT ( 'NONE',  ( -3.833333768778730999, 0.1521730769230761060, -2.660000000000000142 ) ) ;
#571 = CARTESIAN_POINT ( 'NONE',  ( -1.222499999999999698, 0.7672499999999992104, -1.899999999999999911 ) ) ;
#572 = MECHANICAL_DESIGN_GEOMETRIC_PRESENTATION_REPRESENTATION (  '', ( #1312 ), #5037 ) ;
#573 = CARTESIAN_POINT ( 'NONE',  ( -2.962554341017594517, -2.740054341017594375, 2.277914424562275553 ) ) ;
#574 = MECHANICAL_DESIGN_GEOMETRIC_PRESENTATION_REPRESENTATION (  '', ( #7032 ), #6310 ) ;
#575 = PRESENTATION_LAYER_ASSIGNMENT (  '', '', ( #6479 ) ) ;
#576 = VERTEX_POINT ( 'NONE', #7157 ) ;
#577 = CARTESIAN_POINT ( 'NONE',  ( 3.469763992460113577, -0.09224999999999937417, 1.879526214587563748 ) ) ;
#578 = CARTESIAN_POINT ( 'NONE',  ( 0.1609122710552941815, -0.4965983550734301977, 2.329999999999999627 ) ) ;
#579 = ORIENTED_EDGE ( 'NONE', *, *, #1397, .T. ) ;
#580 = PRODUCT_CONTEXT ( 'NONE', #4428, 'mechanical' ) ;
#581 =( GEOMETRIC_REPRESENTATION_CONTEXT ( 3 ) GLOBAL_UNCERTAINTY_ASSIGNED_CONTEXT ( ( #7834 ) ) GLOBAL_UNIT_ASSIGNED_CONTEXT ( ( #334, #1781, #4418 ) ) REPRESENTATION_CONTEXT ( 'NONE', 'WORKASPACE' ) );
#582 = CARTESIAN_POINT ( 'NONE',  ( -3.833333768778730111, 0.1521730769230759395, -1.899999999999999911 ) ) ;
#583 = VECTOR ( 'NONE', #4520, 1000.000000000000000 ) ;
#584 = DIRECTION ( 'NONE',  ( 0.000000000000000000, -0.000000000000000000, 1.000000000000000000 ) ) ;
#585 = LINE ( 'NONE', #6144, #2914 ) ;
#586 = VERTEX_POINT ( 'NONE', #2462 ) ;
#587 = SURFACE_STYLE_USAGE ( .BOTH. , #7503 ) ;
#588 = ORIENTED_EDGE ( 'NONE', *, *, #7270, .T. ) ;
#589 = DIRECTION ( 'NONE',  ( 1.000000000000000000, 0.000000000000000000, -0.000000000000000000 ) ) ;
#590 = CARTESIAN_POINT ( 'NONE',  ( 4.852500000000000036, -0.1922499999999990050, 0.000000000000000000 ) ) ;
#591 = EDGE_CURVE ( 'NONE', #1175, #6829, #2506, .T. ) ;
#592 =( NAMED_UNIT ( * ) SI_UNIT ( $, .STERADIAN. ) SOLID_ANGLE_UNIT ( ) );
#593 = AXIS2_PLACEMENT_3D ( 'NONE', #4019, #6759, #2293 ) ;
#594 = CARTESIAN_POINT ( 'NONE',  ( -4.319792374265440493, 0.2677499999999999880, 2.660000000000000142 ) ) ;
#595 = AXIS2_PLACEMENT_3D ( 'NONE', #2639, #1960, #4008 ) ;
#596 = CARTESIAN_POINT ( 'NONE',  ( 3.372500000000000053, -0.1922500000000000042, -2.060000000000000053 ) ) ;
#597 = DIRECTION ( 'NONE',  ( -8.223874256482640091E-16, 1.000000000000000000, 0.000000000000000000 ) ) ;
#598 = CARTESIAN_POINT ( 'NONE',  ( 4.587102839788670394, -0.09224999999999897171, 1.844279695023480103 ) ) ;
#599 = SURFACE_STYLE_FILL_AREA ( #1250 ) ;
#600 = FILL_AREA_STYLE_COLOUR ( '', #4659 ) ;
#601 = CARTESIAN_POINT ( 'NONE',  ( 4.952499999999999680, -0.09224999999999869416, 2.502499999999999947 ) ) ;
#602 = EDGE_LOOP ( 'NONE', ( #5498, #2684, #8241, #3645, #4312 ) ) ;
#603 = DIRECTION ( 'NONE',  ( 1.000000000000000000, 8.131516293641262547E-16, 0.000000000000000000 ) ) ;
#604 = VECTOR ( 'NONE', #2633, 1000.000000000000000 ) ;
#605 = PRESENTATION_LAYER_ASSIGNMENT (  '', '', ( #5475 ) ) ;
#606 =( NAMED_UNIT ( * ) PLANE_ANGLE_UNIT ( ) SI_UNIT ( $, .RADIAN. ) );
#607 = VERTEX_POINT ( 'NONE', #4556 ) ;
#608 = ORIENTED_EDGE ( 'NONE', *, *, #2225, .F. ) ;
#609 = CARTESIAN_POINT ( 'NONE',  ( 3.872500000000000053, -0.1922499999999990050, 2.060000000000000053 ) ) ;
#610 = VECTOR ( 'NONE', #4777, 1000.000000000000000 ) ;
#611 = EDGE_CURVE ( 'NONE', #5833, #4718, #8598, .T. ) ;
#612 = STYLED_ITEM ( 'NONE', ( #4393 ), #5016 ) ;
#613 = SURFACE_STYLE_USAGE ( .BOTH. , #3232 ) ;
#614 = EDGE_CURVE ( 'NONE', #566, #5039, #396, .T. ) ;
#615 =( NAMED_UNIT ( * ) PLANE_ANGLE_UNIT ( ) SI_UNIT ( $, .RADIAN. ) );
#616 = CARTESIAN_POINT ( 'NONE',  ( 0.6991649717641892359, -0.1336713562373104403, 0.4767649084586316199 ) ) ;
#617 = LINE ( 'NONE', #531, #2591 ) ;
#618 = FACE_OUTER_BOUND ( 'NONE', #2090, .T. ) ;
#619 = DIRECTION ( 'NONE',  ( -0.000000000000000000, -0.000000000000000000, -1.000000000000000000 ) ) ;
#620 = COLOUR_RGB ( '',0.8313725490196077761, 0.8313725490196077761, 0.8313725490196077761 ) ;
#621 = PRESENTATION_STYLE_ASSIGNMENT (( #3356 ) ) ;
#622 = STYLED_ITEM ( 'NONE', ( #5229 ), #5272 ) ;
#623 = EDGE_CURVE ( 'NONE', #4850, #103, #6591, .T. ) ;
#624 = ADVANCED_FACE ( 'NONE', ( #3797 ), #7325, .T. ) ;
#625 = SURFACE_SIDE_STYLE ('',( #3795 ) ) ;
#626 = ORIENTED_EDGE ( 'NONE', *, *, #7713, .F. ) ;
#627 = LINE ( 'NONE', #668, #3841 ) ;
#628 =( GEOMETRIC_REPRESENTATION_CONTEXT ( 3 ) GLOBAL_UNCERTAINTY_ASSIGNED_CONTEXT ( ( #3489 ) ) GLOBAL_UNIT_ASSIGNED_CONTEXT ( ( #5674, #345, #162 ) ) REPRESENTATION_CONTEXT ( 'NONE', 'WORKASPACE' ) );
#629 = PRESENTATION_STYLE_ASSIGNMENT (( #1320 ) ) ;
#630 = CARTESIAN_POINT ( 'NONE',  ( 2.919281728642200147, -2.408484185632478347, 2.514668992945499060 ) ) ;
#631 = CARTESIAN_POINT ( 'NONE',  ( 4.852500000000000036, -0.1922499999999990050, 2.502499999999999947 ) ) ;
#632 = CARTESIAN_POINT ( 'NONE',  ( 2.803133701591293825, -2.580633701591294127, 2.080000000000003624 ) ) ;
#633 = PLANE ( 'NONE',  #1565 ) ;
#634 = CIRCLE ( 'NONE', #8820, 0.7999999999999999334 ) ;
#635 = CARTESIAN_POINT ( 'NONE',  ( 0.4006264186279449580, -0.4597725128299028352, 2.379999999999999449 ) ) ;
#636 = ORIENTED_EDGE ( 'NONE', *, *, #2227, .F. ) ;
#637 = CARTESIAN_POINT ( 'NONE',  ( -2.855207625734560217, 0.2322500000000000397, -1.899999999999999911 ) ) ;
#638 = EDGE_LOOP ( 'NONE', ( #4102, #6757, #1924, #3465, #101 ) ) ;
#639 = FILL_AREA_STYLE_COLOUR ( '', #1466 ) ;
#640 = DIRECTION ( 'NONE',  ( 0.000000000000000000, 0.000000000000000000, 1.000000000000000000 ) ) ;
#641 = ORIENTED_EDGE ( 'NONE', *, *, #5330, .T. ) ;
#642 = AXIS2_PLACEMENT_3D ( 'NONE', #2009, #339, #4471 ) ;
#643 = PRESENTATION_LAYER_ASSIGNMENT (  '', '', ( #2099 ) ) ;
#644 = DIRECTION ( 'NONE',  ( 1.000000000000000000, 7.228014483236697541E-16, 0.000000000000000000 ) ) ;
#645 = DIRECTION ( 'NONE',  ( 1.000000000000000000, 0.000000000000000000, 0.000000000000000000 ) ) ;
#646 = FACE_OUTER_BOUND ( 'NONE', #429, .T. ) ;
#647 = SURFACE_STYLE_USAGE ( .BOTH. , #5439 ) ;
#648 = ORIENTED_EDGE ( 'NONE', *, *, #7049, .T. ) ;
#649 = CARTESIAN_POINT ( 'NONE',  ( 0.8947649730810364188, -0.1345149730810384914, 2.117735026918963648 ) ) ;
#650 = FILL_AREA_STYLE_COLOUR ( '', #4302 ) ;
#651 = AXIS2_PLACEMENT_3D ( 'NONE', #5839, #5176, #6085 ) ;
#652 = CARTESIAN_POINT ( 'NONE',  ( 3.965551007354425561, -0.08008266559970177167, 2.556588753711015904 ) ) ;
#653 = CARTESIAN_POINT ( 'NONE',  ( 0.8947649730810375290, -0.1345149730810373812, -2.117735026918962760 ) ) ;
#654 = CARTESIAN_POINT ( 'NONE',  ( -4.852500000000000036, -0.6672500000000000098, 1.899999999999999911 ) ) ;
#655 = ORIENTED_EDGE ( 'NONE', *, *, #7980, .T. ) ;
#656 = CARTESIAN_POINT ( 'NONE',  ( -3.055000000000000604, 0.7672499999999990994, 2.660000000000000142 ) ) ;
#657 = SURFACE_STYLE_FILL_AREA ( #8302 ) ;
#658 = CARTESIAN_POINT ( 'NONE',  ( -4.269999999999999574, -0.7672499999999999876, 2.660000000000000142 ) ) ;
#659 = CARTESIAN_POINT ( 'NONE',  ( 4.645681483551359570, -0.09224999999999912437, -1.844279695023479659 ) ) ;
#660 = CYLINDRICAL_SURFACE ( 'NONE', #5450, 0.9999999999999692468 ) ;
#661 = DIRECTION ( 'NONE',  ( 4.823386660693620032E-16, -1.000000000000000000, 0.000000000000000000 ) ) ;
#662 = SURFACE_SIDE_STYLE ('',( #6811 ) ) ;
#663 = EDGE_CURVE ( 'NONE', #8542, #8895, #481, .T. ) ;
#664 =( LENGTH_UNIT ( ) NAMED_UNIT ( * ) SI_UNIT ( .MILLI., .METRE. ) );
#665 = LINE ( 'NONE', #1494, #6673 ) ;
#666 = FILL_AREA_STYLE ('',( #8172 ) ) ;
#667 = ORIENTED_EDGE ( 'NONE', *, *, #8798, .F. ) ;
#668 = CARTESIAN_POINT ( 'NONE',  ( 3.872500000000000053, -0.7672499999999999876, 0.8062182560773819562 ) ) ;
#669 = PRESENTATION_STYLE_ASSIGNMENT (( #6861 ) ) ;
#670 = ORIENTED_EDGE ( 'NONE', *, *, #8346, .T. ) ;
#671 = CARTESIAN_POINT ( 'NONE',  ( 0.9069284549880149982, -0.09225000000000052602, 0.6538682690906210127 ) ) ;
#672 = AXIS2_PLACEMENT_3D ( 'NONE', #7367, #6737, #2674 ) ;
#673 = ADVANCED_FACE ( 'NONE', ( #3880 ), #3124, .F. ) ;
#674 = EDGE_CURVE ( 'NONE', #2043, #6002, #1996, .T. ) ;
#675 = DIRECTION ( 'NONE',  ( 0.000000000000000000, 0.000000000000000000, 1.000000000000000000 ) ) ;
#676 = ORIENTED_EDGE ( 'NONE', *, *, #1399, .F. ) ;
#677 = ORIENTED_EDGE ( 'NONE', *, *, #4582, .T. ) ;
#678 = EDGE_LOOP ( 'NONE', ( #6677, #6183, #7135, #3214, #4255 ) ) ;
#679 = CARTESIAN_POINT ( 'NONE',  ( 4.687102839788670039, -0.7672499999999995435, 0.000000000000000000 ) ) ;
#680 = CARTESIAN_POINT ( 'NONE',  ( 0.5349199982454150293, -0.3017308323982786922, 2.379999999999999893 ) ) ;
#681 =( GEOMETRIC_REPRESENTATION_CONTEXT ( 3 ) GLOBAL_UNCERTAINTY_ASSIGNED_CONTEXT ( ( #3673 ) ) GLOBAL_UNIT_ASSIGNED_CONTEXT ( ( #320, #3062, #2977 ) ) REPRESENTATION_CONTEXT ( 'NONE', 'WORKASPACE' ) );
#682 = VERTEX_POINT ( 'NONE', #8861 ) ;
#683 = CARTESIAN_POINT ( 'NONE',  ( 3.972500000000000142, -0.1922499999999993381, 2.502499999999999947 ) ) ;
#684 = VERTEX_POINT ( 'NONE', #4820 ) ;
#685 = FACE_OUTER_BOUND ( 'NONE', #3554, .T. ) ;
#686 =( LENGTH_UNIT ( ) NAMED_UNIT ( * ) SI_UNIT ( .MILLI., .METRE. ) );
#687 = DIRECTION ( 'NONE',  ( 0.000000000000000000, 0.000000000000000000, 1.000000000000000000 ) ) ;
#688 =( BOUNDED_SURFACE ( )  B_SPLINE_SURFACE ( 3, 3, ( 
 ( #5099, #2957, #7853, #4429 ),
 ( #7162, #1034, #5142, #4473 ),
 ( #5848, #7033, #7206, #8608 ),
 ( #1075, #3802, #6539, #397 ) ),
 .UNSPECIFIED., .F., .F., .F. ) 
 B_SPLINE_SURFACE_WITH_KNOTS ( ( 4, 4 ),
 ( 4, 4 ),
 ( 0.000000000000000000, 1.000000000000000000 ),
 ( 0.000000000000000000, 1.000000000000000000 ),
 .UNSPECIFIED. ) 
 GEOMETRIC_REPRESENTATION_ITEM ( )  RATIONAL_B_SPLINE_SURFACE ( (
 ( 1.000000000000000000, 0.8047378541243661587, 0.8047378541243661587, 1.000000000000000000),
 ( 0.8047378541243649375, 0.6476030138606886366, 0.6476030138606886366, 0.8047378541243649375),
 ( 0.8047378541243649375, 0.6476030138606886366, 0.6476030138606886366, 0.8047378541243649375),
 ( 1.000000000000000000, 0.8047378541243661587, 0.8047378541243661587, 1.000000000000000000) ) ) 
 REPRESENTATION_ITEM ( '' )  SURFACE ( )  );
#689 = PRESENTATION_LAYER_ASSIGNMENT (  '', '', ( #1717 ) ) ;
#690 = DIRECTION ( 'NONE',  ( -1.000000000000000000, -5.482582837655000045E-16, 0.000000000000000000 ) ) ;
#691 =( NAMED_UNIT ( * ) PLANE_ANGLE_UNIT ( ) SI_UNIT ( $, .RADIAN. ) );
#692 = CARTESIAN_POINT ( 'NONE',  ( 4.852500000000000036, -0.1922499999999989218, -2.502499999999999947 ) ) ;
#693 = CARTESIAN_POINT ( 'NONE',  ( 3.539434131648603987, -0.2840912725180355092, 2.084094889548318896 ) ) ;
#694 =( GEOMETRIC_REPRESENTATION_CONTEXT ( 3 ) GLOBAL_UNCERTAINTY_ASSIGNED_CONTEXT ( ( #269 ) ) GLOBAL_UNIT_ASSIGNED_CONTEXT ( ( #7764, #853, #4343 ) ) REPRESENTATION_CONTEXT ( 'NONE', 'WORKASPACE' ) );
#695 = MECHANICAL_DESIGN_GEOMETRIC_PRESENTATION_REPRESENTATION (  '', ( #3711 ), #4859 ) ;
#696 = CARTESIAN_POINT ( 'NONE',  ( -4.269999999999999574, -0.4997500000000010822, -2.660000000000000142 ) ) ;
#697 = SURFACE_STYLE_USAGE ( .BOTH. , #68 ) ;
#698 = CARTESIAN_POINT ( 'NONE',  ( 4.064341272518036341, -0.02531586835139259042, 2.526594889548316125 ) ) ;
#699 = DIRECTION ( 'NONE',  ( 1.000000000000000000, 4.497431234013940009E-16, -0.000000000000000000 ) ) ;
#700 = CIRCLE ( 'NONE', #551, 0.09999999999999993616 ) ;
#701 = LINE ( 'NONE', #8347, #8664 ) ;
#702 = ORIENTED_EDGE ( 'NONE', *, *, #1137, .T. ) ;
#703 = VERTEX_POINT ( 'NONE', #1238 ) ;
#704 =( LENGTH_UNIT ( ) NAMED_UNIT ( * ) SI_UNIT ( .MILLI., .METRE. ) );
#705 = DIRECTION ( 'NONE',  ( -3.614007241618348771E-16, 1.000000000000000000, 0.000000000000000000 ) ) ;
#706 = DIRECTION ( 'NONE',  ( 1.000000000000000000, 6.234162491791634718E-15, 0.000000000000000000 ) ) ;
#707 = FILL_AREA_STYLE_COLOUR ( '', #1006 ) ;
#708 = CARTESIAN_POINT ( 'NONE',  ( -3.169999999999999929, 1.523749999999999938, 1.527500000000000302 ) ) ;
#709 = FILL_AREA_STYLE_COLOUR ( '', #8610 ) ;
#710 = ORIENTED_EDGE ( 'NONE', *, *, #614, .F. ) ;
#711 = SURFACE_STYLE_FILL_AREA ( #2785 ) ;
#712 = UNCERTAINTY_MEASURE_WITH_UNIT (LENGTH_MEASURE( 1.000000000000000082E-05 ), #6059, 'distance_accuracy_value', 'NONE');
#713 = VECTOR ( 'NONE', #2918, 1000.000000000000000 ) ;
#714 = EDGE_LOOP ( 'NONE', ( #7553, #3635, #7919, #641, #2396, #6440 ) ) ;
#715 = ORIENTED_EDGE ( 'NONE', *, *, #1236, .T. ) ;
#716 = ORIENTED_EDGE ( 'NONE', *, *, #3911, .T. ) ;
#717 = LINE ( 'NONE', #7592, #1709 ) ;
#718 = ORIENTED_EDGE ( 'NONE', *, *, #8864, .T. ) ;
#719 = CARTESIAN_POINT ( 'NONE',  ( 3.572499999999999343, -0.1922499999999989495, -2.060000000000000053 ) ) ;
#720 = CIRCLE ( 'NONE', #150, 0.09999999999999982514 ) ;
#721 = FILL_AREA_STYLE ('',( #4905 ) ) ;
#722 = CIRCLE ( 'NONE', #1602, 0.5000000000000000000 ) ;
#723 = ORIENTED_EDGE ( 'NONE', *, *, #8032, .T. ) ;
#724 = ORIENTED_EDGE ( 'NONE', *, *, #7465, .F. ) ;
#725 = VERTEX_POINT ( 'NONE', #8096 ) ;
#726 = SURFACE_STYLE_FILL_AREA ( #1370 ) ;
#727 = EDGE_CURVE ( 'NONE', #7921, #6827, #8716, .T. ) ;
#728 = EDGE_CURVE ( 'NONE', #8325, #1367, #1950, .T. ) ;
#729 = ORIENTED_EDGE ( 'NONE', *, *, #2638, .F. ) ;
#730 = DIRECTION ( 'NONE',  ( -4.823386660693620032E-16, 1.000000000000000000, 0.000000000000000000 ) ) ;
#731 = EDGE_CURVE ( 'NONE', #4090, #7018, #4040, .T. ) ;
#732 = ADVANCED_FACE ( 'NONE', ( #6053 ), #6003, .T. ) ;
#733 = ORIENTED_EDGE ( 'NONE', *, *, #6224, .T. ) ;
#734 = SURFACE_STYLE_FILL_AREA ( #6 ) ;
#735 = PRESENTATION_LAYER_ASSIGNMENT (  '', '', ( #2613 ) ) ;
#736 = CARTESIAN_POINT ( 'NONE',  ( -4.952499999999999680, 0.7672499999999990994, -1.899999999999999911 ) ) ;
#737 =( NAMED_UNIT ( * ) PLANE_ANGLE_UNIT ( ) SI_UNIT ( $, .RADIAN. ) );
#738 = FACE_OUTER_BOUND ( 'NONE', #6099, .T. ) ;
#739 =( NAMED_UNIT ( * ) PLANE_ANGLE_UNIT ( ) SI_UNIT ( $, .RADIAN. ) );
#740 = DIRECTION ( 'NONE',  ( 0.000000000000000000, 1.000000000000000000, -2.891205793294679017E-15 ) ) ;
#741 = DIRECTION ( 'NONE',  ( 0.000000000000000000, -0.000000000000000000, 1.000000000000000000 ) ) ;
#742 = EDGE_CURVE ( 'NONE', #7319, #1591, #3840, .T. ) ;
#743 = PRESENTATION_STYLE_ASSIGNMENT (( #843 ) ) ;
#744 = SURFACE_STYLE_USAGE ( .BOTH. , #6886 ) ;
#745 = CARTESIAN_POINT ( 'NONE',  ( -4.120000000000000107, 0.03274999999999959888, 0.000000000000000000 ) ) ;
#746 = DIRECTION ( 'NONE',  ( 5.482582837655000045E-16, -1.000000000000000000, 0.000000000000000000 ) ) ;
#747 =( BOUNDED_SURFACE ( )  B_SPLINE_SURFACE ( 3, 3, ( 
 ( #5572, #6349, #59, #8380 ),
 ( #787, #2897, #194, #2184 ),
 ( #6298, #8422, #2232, #7751 ),
 ( #8332, #6879, #6972, #4917 ) ),
 .UNSPECIFIED., .F., .F., .F. ) 
 B_SPLINE_SURFACE_WITH_KNOTS ( ( 4, 4 ),
 ( 4, 4 ),
 ( 0.000000000000000000, 1.000000000000000000 ),
 ( 0.000000000000000000, 1.000000000000000000 ),
 .UNSPECIFIED. ) 
 GEOMETRIC_REPRESENTATION_ITEM ( )  RATIONAL_B_SPLINE_SURFACE ( (
 ( 1.000000000000000000, 0.3333333333333329263, 0.3333333333333329263, 1.000000000000000000),
 ( 0.9283027172331618226, 0.3094342390777202190, 0.3094342390777202190, 0.9283027172331618226),
 ( 0.9283027172331618226, 0.3094342390777202190, 0.3094342390777202190, 0.9283027172331618226),
 ( 1.000000000000000000, 0.3333333333333329263, 0.3333333333333329263, 1.000000000000000000) ) ) 
 REPRESENTATION_ITEM ( '' )  SURFACE ( )  );
#748 = ORIENTED_EDGE ( 'NONE', *, *, #7525, .T. ) ;
#749 = CARTESIAN_POINT ( 'NONE',  ( 5.004039568547499428, -0.1502903509055431019, -2.455518577200444863 ) ) ;
#750 = CARTESIAN_POINT ( 'NONE',  ( 3.572499999999999787, -0.09224999999999899947, -1.859999999999999654 ) ) ;
#751 = SURFACE_STYLE_FILL_AREA ( #6805 ) ;
#752 = DIRECTION ( 'NONE',  ( -1.000000000000000000, -4.497431234013940009E-16, 0.000000000000000000 ) ) ;
#753 = DIRECTION ( 'NONE',  ( 1.000000000000000000, 0.000000000000000000, 0.000000000000000000 ) ) ;
#754 = PRESENTATION_LAYER_ASSIGNMENT (  '', '', ( #5899 ) ) ;
#755 = DIRECTION ( 'NONE',  ( 1.000000000000000000, 7.228014483236697541E-16, -7.228014483236697541E-16 ) ) ;
#756 = FILL_AREA_STYLE ('',( #898 ) ) ;
#757 =( GEOMETRIC_REPRESENTATION_CONTEXT ( 3 ) GLOBAL_UNCERTAINTY_ASSIGNED_CONTEXT ( ( #332 ) ) GLOBAL_UNIT_ASSIGNED_CONTEXT ( ( #6346, #6486, #3076 ) ) REPRESENTATION_CONTEXT ( 'NONE', 'WORKASPACE' ) );
#758 = FILL_AREA_STYLE ('',( #709 ) ) ;
#759 = VERTEX_POINT ( 'NONE', #637 ) ;
#760 = DIRECTION ( 'NONE',  ( 1.000000000000000000, 0.000000000000000000, 0.000000000000000000 ) ) ;
#761 = AXIS2_PLACEMENT_3D ( 'NONE', #6103, #8245, #640 ) ;
#762 = MECHANICAL_DESIGN_GEOMETRIC_PRESENTATION_REPRESENTATION (  '', ( #4630 ), #6510 ) ;
#763 = VECTOR ( 'NONE', #8166, 1000.000000000000000 ) ;
#764 = EDGE_LOOP ( 'NONE', ( #7935, #4590, #3825, #1773 ) ) ;
#765 = PLANE ( 'NONE',  #8262 ) ;
#766 = CARTESIAN_POINT ( 'NONE',  ( 4.852500000000000036, -0.09224999999999873579, 0.000000000000000000 ) ) ;
#767 = ORIENTED_EDGE ( 'NONE', *, *, #742, .F. ) ;
#768 = EDGE_CURVE ( 'NONE', #6246, #6141, #2499, .T. ) ;
#769 = PLANE ( 'NONE',  #7568 ) ;
#770 = CARTESIAN_POINT ( 'NONE',  ( 4.852500000000000036, -0.1922499999999990050, -2.502499999999999947 ) ) ;
#771 = ORIENTED_EDGE ( 'NONE', *, *, #2170, .T. ) ;
#772 = PRESENTATION_LAYER_ASSIGNMENT (  '', '', ( #2069 ) ) ;
#773 = AXIS2_PLACEMENT_3D ( 'NONE', #1215, #4015, #2909 ) ;
#774 = FILL_AREA_STYLE_COLOUR ( '', #4023 ) ;
#775 = CIRCLE ( 'NONE', #5783, 0.3000000000000000444 ) ;
#776 = COLOUR_RGB ( '',0.8313725490196077761, 0.8313725490196077761, 0.8313725490196077761 ) ;
#777 = STYLED_ITEM ( 'NONE', ( #3943 ), #135 ) ;
#778 = VERTEX_POINT ( 'NONE', #5345 ) ;
#779 =( GEOMETRIC_REPRESENTATION_CONTEXT ( 3 ) GLOBAL_UNCERTAINTY_ASSIGNED_CONTEXT ( ( #6468 ) ) GLOBAL_UNIT_ASSIGNED_CONTEXT ( ( #1557, #4275, #292 ) ) REPRESENTATION_CONTEXT ( 'NONE', 'WORKASPACE' ) );
#780 = VERTEX_POINT ( 'NONE', #4680 ) ;
#781 =( BOUNDED_SURFACE ( )  B_SPLINE_SURFACE ( 3, 3, ( 
 ( #3811, #4523, #8793, #6017 ),
 ( #7950, #2524, #1845, #2599 ),
 ( #3227, #5312, #5974, #4573 ),
 ( #4608, #7299, #6548, #8064 ) ),
 .UNSPECIFIED., .F., .F., .F. ) 
 B_SPLINE_SURFACE_WITH_KNOTS ( ( 4, 4 ),
 ( 4, 4 ),
 ( 0.000000000000000000, 1.000000000000000000 ),
 ( 0.000000000000000000, 1.000000000000000000 ),
 .UNSPECIFIED. ) 
 GEOMETRIC_REPRESENTATION_ITEM ( )  RATIONAL_B_SPLINE_SURFACE ( (
 ( 1.000000000000000000, 0.3333333333333334259, 0.3333333333333334259, 1.000000000000000000),
 ( 0.9106836025229602116, 0.3035612008409868112, 0.3035612008409868112, 0.9106836025229602116),
 ( 0.9106836025229602116, 0.3035612008409868112, 0.3035612008409868112, 0.9106836025229602116),
 ( 1.000000000000000000, 0.3333333333333334259, 0.3333333333333334259, 1.000000000000000000) ) ) 
 REPRESENTATION_ITEM ( '' )  SURFACE ( )  );
#782 = FACE_OUTER_BOUND ( 'NONE', #2743, .T. ) ;
#783 = ORIENTED_EDGE ( 'NONE', *, *, #6929, .T. ) ;
#784 = FILL_AREA_STYLE ('',( #6250 ) ) ;
#785 = ORIENTED_EDGE ( 'NONE', *, *, #975, .F. ) ;
#786 = CARTESIAN_POINT ( 'NONE',  ( 3.270000000000000906, -2.739240710176467086, 0.6750000000000029310 ) ) ;
#787 = CARTESIAN_POINT ( 'NONE',  ( 2.882727069529507524, 2.650969074868141373, 2.342671895142609984 ) ) ;
#788 = CARTESIAN_POINT ( 'NONE',  ( 3.872500000000000053, -0.7672499999999999876, 2.160000000000000142 ) ) ;
#789 = VECTOR ( 'NONE', #8806, 1000.000000000000000 ) ;
#790 = DIRECTION ( 'NONE',  ( -5.482582837655000045E-16, 1.000000000000000000, 0.000000000000000000 ) ) ;
#791 = EDGE_CURVE ( 'NONE', #2181, #8686, #486, .T. ) ;
#792 = DIRECTION ( 'NONE',  ( 5.482582837655000045E-16, -1.000000000000000000, 0.000000000000000000 ) ) ;
#793 = DIRECTION ( 'NONE',  ( -0.000000000000000000, -0.000000000000000000, -1.000000000000000000 ) ) ;
#794 = FILL_AREA_STYLE_COLOUR ( '', #3512 ) ;
#795 = SURFACE_STYLE_FILL_AREA ( #6357 ) ;
#796 = SURFACE_SIDE_STYLE ('',( #1300 ) ) ;
#797 = CARTESIAN_POINT ( 'NONE',  ( 3.948405110451681743, -0.02531586835139581701, 2.410658727481965524 ) ) ;
#798 = PRESENTATION_LAYER_ASSIGNMENT (  '', '', ( #3100 ) ) ;
#799 = CYLINDRICAL_SURFACE ( 'NONE', #44, 0.09999999999999999167 ) ;
#800 = EDGE_CURVE ( 'NONE', #778, #5428, #2064, .T. ) ;
#801 = UNCERTAINTY_MEASURE_WITH_UNIT (LENGTH_MEASURE( 1.000000000000000082E-05 ), #5533, 'distance_accuracy_value', 'NONE');
#802 = SURFACE_STYLE_FILL_AREA ( #1432 ) ;
#803 = FILL_AREA_STYLE_COLOUR ( '', #4611 ) ;
#804 = FACE_OUTER_BOUND ( 'NONE', #7504, .T. ) ;
#805 = FACE_OUTER_BOUND ( 'NONE', #6191, .T. ) ;
#806 = AXIS2_PLACEMENT_3D ( 'NONE', #1380, #1519, #4876 ) ;
#807 = CARTESIAN_POINT ( 'NONE',  ( -0.5217879158365161807, -0.03299936581382577339, 2.330000000000000071 ) ) ;
#808 = SURFACE_STYLE_USAGE ( .BOTH. , #5542 ) ;
#809 = FILL_AREA_STYLE_COLOUR ( '', #3728 ) ;
#810 = CIRCLE ( 'NONE', #4664, 0.05000000000000002359 ) ;
#811 = SURFACE_SIDE_STYLE ('',( #4801 ) ) ;
#812 = DIRECTION ( 'NONE',  ( 0.000000000000000000, 0.000000000000000000, 1.000000000000000000 ) ) ;
#813 = UNCERTAINTY_MEASURE_WITH_UNIT (LENGTH_MEASURE( 1.000000000000000082E-05 ), #2076, 'distance_accuracy_value', 'NONE');
#814 = ORIENTED_EDGE ( 'NONE', *, *, #4243, .F. ) ;
#815 = FILL_AREA_STYLE_COLOUR ( '', #1106 ) ;
#816 = DIRECTION ( 'NONE',  ( 1.000000000000000000, 0.000000000000000000, -0.000000000000000000 ) ) ;
#817 = ORIENTED_EDGE ( 'NONE', *, *, #8539, .T. ) ;
#818 = CARTESIAN_POINT ( 'NONE',  ( -4.852500000000000036, -0.2322500000000004006, -1.899999999999999911 ) ) ;
#819 = CARTESIAN_POINT ( 'NONE',  ( 3.918411246288982852, -0.08008266559969995368, -2.509448992645573195 ) ) ;
#820 = EDGE_LOOP ( 'NONE', ( #5337, #5744, #1285, #7271, #916, #2939, #1409, #3361 ) ) ;
#821 = PRESENTATION_LAYER_ASSIGNMENT (  '', '', ( #8123 ) ) ;
#822 = CARTESIAN_POINT ( 'NONE',  ( 0.8947649730810371960, -0.1345149730810373812, -2.117735026918963204 ) ) ;
#823 = UNCERTAINTY_MEASURE_WITH_UNIT (LENGTH_MEASURE( 1.000000000000000082E-05 ), #6589, 'distance_accuracy_value', 'NONE');
#824 = FACE_OUTER_BOUND ( 'NONE', #8454, .T. ) ;
#825 = AXIS2_PLACEMENT_3D ( 'NONE', #1295, #1378, #5934 ) ;
#826 = ORIENTED_EDGE ( 'NONE', *, *, #7310, .F. ) ;
#827 = ORIENTED_EDGE ( 'NONE', *, *, #3360, .T. ) ;
#828 = FILL_AREA_STYLE_COLOUR ( '', #8155 ) ;
#829 = CARTESIAN_POINT ( 'NONE',  ( -2.972040853876690480, -3.047497946582585548, 0.6750175053834688299 ) ) ;
#830 = ORIENTED_EDGE ( 'NONE', *, *, #4797, .T. ) ;
#831 = FILL_AREA_STYLE_COLOUR ( '', #5419 ) ;
#832 = ORIENTED_EDGE ( 'NONE', *, *, #8696, .F. ) ;
#833 = FILL_AREA_STYLE ('',( #4182 ) ) ;
#834 = MECHANICAL_DESIGN_GEOMETRIC_PRESENTATION_REPRESENTATION (  '', ( #7861 ), #1973 ) ;
#835 = LINE ( 'NONE', #7020, #8484 ) ;
#836 = FILL_AREA_STYLE ('',( #4273 ) ) ;
#837 = MECHANICAL_DESIGN_GEOMETRIC_PRESENTATION_REPRESENTATION (  '', ( #1700 ), #4558 ) ;
#838 = DIRECTION ( 'NONE',  ( 6.123233995736766036E-17, 9.860761315262647568E-32, -1.000000000000000000 ) ) ;
#839 = AXIS2_PLACEMENT_3D ( 'NONE', #1146, #1935, #1819 ) ;
#840 = PRESENTATION_STYLE_ASSIGNMENT (( #6448 ) ) ;
#841 = CARTESIAN_POINT ( 'NONE',  ( 3.375802719437626109, -0.08372893880764854802, 2.121381300126909064 ) ) ;
#842 = AXIS2_PLACEMENT_3D ( 'NONE', #1211, #6631, #7376 ) ;
#843 = SURFACE_STYLE_USAGE ( .BOTH. , #2857 ) ;
#844 = CARTESIAN_POINT ( 'NONE',  ( -4.269999999999999574, -0.4997500000000010822, -2.660000000000000142 ) ) ;
#845 = DIRECTION ( 'NONE',  ( 0.000000000000000000, 0.000000000000000000, -1.000000000000000000 ) ) ;
#846 = FILL_AREA_STYLE ('',( #6410 ) ) ;
#847 = AXIS2_PLACEMENT_3D ( 'NONE', #8337, #5527, #6975 ) ;
#848 = CARTESIAN_POINT ( 'NONE',  ( 4.901339264947468521, -0.1878812709995326680, -2.595809800894467223 ) ) ;
#849 = CARTESIAN_POINT ( 'NONE',  ( 3.572499999999999343, -0.09224999999999902722, -1.918578643762690161 ) ) ;
#850 = DIRECTION ( 'NONE',  ( 0.000000000000000000, 1.000000000000000000, 0.000000000000000000 ) ) ;
#851 = SURFACE_SIDE_STYLE ('',( #751 ) ) ;
#852 = CARTESIAN_POINT ( 'NONE',  ( -0.06599873162764784140, -0.5216872481905788783, 2.330000000000000515 ) ) ;
#853 =( NAMED_UNIT ( * ) PLANE_ANGLE_UNIT ( ) SI_UNIT ( $, .RADIAN. ) );
#854 = SURFACE_SIDE_STYLE ('',( #7679 ) ) ;
#855 = EDGE_CURVE ( 'NONE', #5928, #8632, #4348, .T. ) ;
#856 = ADVANCED_FACE ( 'NONE', ( #2091 ), #6921, .T. ) ;
#857 = EDGE_CURVE ( 'NONE', #2676, #1271, #1705, .T. ) ;
#858 = CARTESIAN_POINT ( 'NONE',  ( -0.5650556301437582585, -1.383987137591488149E-16, 2.355000000000000426 ) ) ;
#859 = CARTESIAN_POINT ( 'NONE',  ( 4.852500000000000036, -0.7672499999999990994, 2.502499999999999947 ) ) ;
#860 = VECTOR ( 'NONE', #3849, 1000.000000000000000 ) ;
#861 = AXIS2_PLACEMENT_3D ( 'NONE', #1319, #5995, #4540 ) ;
#862 = DIRECTION ( 'NONE',  ( 0.000000000000000000, 0.000000000000000000, -1.000000000000000000 ) ) ;
#863 = AXIS2_PLACEMENT_3D ( 'NONE', #7118, #2191, #6534 ) ;
#864 = ORIENTED_EDGE ( 'NONE', *, *, #562, .F. ) ;
#865 = CARTESIAN_POINT ( 'NONE',  ( 0.5650556301437587026, 6.919935687957446906E-17, 2.355000000000000426 ) ) ;
#866 = FILL_AREA_STYLE ('',( #7002 ) ) ;
#867 = CARTESIAN_POINT ( 'NONE',  ( -2.970000000000000639, -2.847500000000001030, -1.355252715606880543E-17 ) ) ;
#868 = EDGE_LOOP ( 'NONE', ( #8258, #4792, #1957, #8070 ) ) ;
#869 = SURFACE_STYLE_FILL_AREA ( #5159 ) ;
#870 = SURFACE_SIDE_STYLE ('',( #6821 ) ) ;
#871 = ORIENTED_EDGE ( 'NONE', *, *, #8744, .T. ) ;
#872 = CARTESIAN_POINT ( 'NONE',  ( 0.8947649730810367519, -0.1345149730810375199, -2.117735026918962316 ) ) ;
#873 = DIRECTION ( 'NONE',  ( 1.000000000000000000, 0.000000000000000000, -0.000000000000000000 ) ) ;
#874 = ORIENTED_EDGE ( 'NONE', *, *, #2888, .F. ) ;
#875 = VERTEX_POINT ( 'NONE', #5805 ) ;
#876 = PRESENTATION_STYLE_ASSIGNMENT (( #4269 ) ) ;
#877 =( NAMED_UNIT ( * ) PLANE_ANGLE_UNIT ( ) SI_UNIT ( $, .RADIAN. ) );
#878 = FACE_OUTER_BOUND ( 'NONE', #1440, .T. ) ;
#879 = EDGE_LOOP ( 'NONE', ( #2492, #2849, #8844, #3139 ) ) ;
#880 = COLOUR_RGB ( '',0.2862745098039215508, 0.2862745098039215508, 0.2862745098039215508 ) ;
#881 = DIRECTION ( 'NONE',  ( -1.000000000000000000, -2.546383084002650169E-16, 0.000000000000000000 ) ) ;
#882 = PLANE ( 'NONE',  #1756 ) ;
#883 = PLANE ( 'NONE',  #8435 ) ;
#884 = PRESENTATION_STYLE_ASSIGNMENT (( #8385 ) ) ;
#885 = MECHANICAL_DESIGN_GEOMETRIC_PRESENTATION_REPRESENTATION (  '', ( #7044 ), #8489 ) ;
#886 = CYLINDRICAL_SURFACE ( 'NONE', #8401, 0.09999999999999982514 ) ;
#887 = DIRECTION ( 'NONE',  ( 1.000000000000000000, 0.000000000000000000, 0.000000000000000000 ) ) ;
#888 = EDGE_CURVE ( 'NONE', #7876, #566, #4714, .T. ) ;
#889 = FACE_OUTER_BOUND ( 'NONE', #4539, .T. ) ;
#890 = FILL_AREA_STYLE_COLOUR ( '', #7903 ) ;
#891 =( NAMED_UNIT ( * ) PLANE_ANGLE_UNIT ( ) SI_UNIT ( $, .RADIAN. ) );
#892 = UNCERTAINTY_MEASURE_WITH_UNIT (LENGTH_MEASURE( 1.000000000000000082E-05 ), #4256, 'distance_accuracy_value', 'NONE');
#893 = CARTESIAN_POINT ( 'NONE',  ( 4.859448992645574172, -0.08008266559970279863, 2.556588753711016793 ) ) ;
#894 = CIRCLE ( 'NONE', #1188, 0.5000000000000000000 ) ;
#895 = DIRECTION ( 'NONE',  ( 0.000000000000000000, 0.000000000000000000, -1.000000000000000000 ) ) ;
#896 = FILL_AREA_STYLE ('',( #8396 ) ) ;
#897 = CARTESIAN_POINT ( 'NONE',  ( 4.856868729000465734, -0.1434107350525323787, 2.595809800894466779 ) ) ;
#898 = FILL_AREA_STYLE_COLOUR ( '', #4346 ) ;
#899 = DIRECTION ( 'NONE',  ( 0.000000000000000000, 0.000000000000000000, 1.000000000000000000 ) ) ;
#900 = CARTESIAN_POINT ( 'NONE',  ( 0.5650556301437583695, -1.130111260287516295, 2.355000000000000426 ) ) ;
#901 = DIRECTION ( 'NONE',  ( -1.000000000000000000, 0.000000000000000000, -0.000000000000000000 ) ) ;
#902 = VECTOR ( 'NONE', #2767, 1000.000000000000000 ) ;
#903 = CARTESIAN_POINT ( 'NONE',  ( -4.852500000000000036, -0.3322500000000009890, 0.000000000000000000 ) ) ;
#904 = UNCERTAINTY_MEASURE_WITH_UNIT (LENGTH_MEASURE( 1.000000000000000082E-05 ), #1349, 'distance_accuracy_value', 'NONE');
#905 = EDGE_CURVE ( 'NONE', #1450, #5081, #4499, .T. ) ;
#906 = VECTOR ( 'NONE', #4636, 1000.000000000000000 ) ;
#907 = ORIENTED_EDGE ( 'NONE', *, *, #2171, .F. ) ;
#908 = ORIENTED_EDGE ( 'NONE', *, *, #4192, .F. ) ;
#909 = DIRECTION ( 'NONE',  ( 0.000000000000000000, 0.000000000000000000, -1.000000000000000000 ) ) ;
#910 = SURFACE_STYLE_FILL_AREA ( #3676 ) ;
#911 = MECHANICAL_DESIGN_GEOMETRIC_PRESENTATION_REPRESENTATION (  '', ( #1489 ), #1199 ) ;
#912 = CARTESIAN_POINT ( 'NONE',  ( 0.9525000000000010125, -0.7672500000000009868, 2.160000000000000142 ) ) ;
#913 = VERTEX_POINT ( 'NONE', #1325 ) ;
#914 = CARTESIAN_POINT ( 'NONE',  ( -2.803133701591291604, -2.580633701591291906, 2.080000000000003624 ) ) ;
#915 = DIRECTION ( 'NONE',  ( -0.1147640357803561134, -0.1721460536705347599, 0.9783634050275319405 ) ) ;
#916 = ORIENTED_EDGE ( 'NONE', *, *, #8695, .F. ) ;
#917 = CARTESIAN_POINT ( 'NONE',  ( 3.695609128038690017, -0.7672499999999999876, -0.8062182560773819562 ) ) ;
#918 =( GEOMETRIC_REPRESENTATION_CONTEXT ( 3 ) GLOBAL_UNCERTAINTY_ASSIGNED_CONTEXT ( ( #5560 ) ) GLOBAL_UNIT_ASSIGNED_CONTEXT ( ( #236, #3689, #7106 ) ) REPRESENTATION_CONTEXT ( 'NONE', 'WORKASPACE' ) );
#919 = ORIENTED_EDGE ( 'NONE', *, *, #2453, .F. ) ;
#920 = AXIS2_PLACEMENT_3D ( 'NONE', #2488, #5742, #4495 ) ;
#921 = COLOUR_RGB ( '',0.8313725490196077761, 0.8313725490196077761, 0.8313725490196077761 ) ;
#922 = UNCERTAINTY_MEASURE_WITH_UNIT (LENGTH_MEASURE( 1.000000000000000082E-05 ), #5949, 'distance_accuracy_value', 'NONE');
#923 = EDGE_CURVE ( 'NONE', #1498, #1638, #5144, .T. ) ;
#924 = EDGE_CURVE ( 'NONE', #8895, #1405, #7494, .T. ) ;
#925 = ORIENTED_EDGE ( 'NONE', *, *, #7207, .F. ) ;
#926 = ORIENTED_EDGE ( 'NONE', *, *, #8310, .F. ) ;
#927 =( NAMED_UNIT ( * ) PLANE_ANGLE_UNIT ( ) SI_UNIT ( $, .RADIAN. ) );
#928 = SURFACE_SIDE_STYLE ('',( #6437 ) ) ;
#929 = PRESENTATION_LAYER_ASSIGNMENT (  '', '', ( #8660 ) ) ;
#930 = ORIENTED_EDGE ( 'NONE', *, *, #1517, .F. ) ;
#931 = VECTOR ( 'NONE', #3770, 1000.000000000000000 ) ;
#932 = SURFACE_SIDE_STYLE ('',( #2412 ) ) ;
#933 = VERTEX_POINT ( 'NONE', #398 ) ;
#934 =( LENGTH_UNIT ( ) NAMED_UNIT ( * ) SI_UNIT ( .MILLI., .METRE. ) );
#935 = FACE_OUTER_BOUND ( 'NONE', #536, .T. ) ;
#936 = CIRCLE ( 'NONE', #6651, 0.1000000000000002554 ) ;
#937 = CARTESIAN_POINT ( 'NONE',  ( 5.085198580105659616, -0.1922499999999990050, -2.044279695023480059 ) ) ;
#938 = AXIS2_PLACEMENT_3D ( 'NONE', #6208, #2185, #8869 ) ;
#939 = CARTESIAN_POINT ( 'NONE',  ( 0.8525000000000000355, -0.7672500000000009868, -2.160000000000000142 ) ) ;
#940 = DIRECTION ( 'NONE',  ( 1.000000000000000000, 0.000000000000000000, 0.000000000000000000 ) ) ;
#941 = CARTESIAN_POINT ( 'NONE',  ( 3.827840047305515636, -0.2461110386525663107, 2.558218880800481987 ) ) ;
#942 = CARTESIAN_POINT ( 'NONE',  ( -2.714803003676655280, 2.592439880746323588, 2.349879065151541990 ) ) ;
#943 = CIRCLE ( 'NONE', #1361, 0.09999999999999999167 ) ;
#944 =( GEOMETRIC_REPRESENTATION_CONTEXT ( 3 ) GLOBAL_UNCERTAINTY_ASSIGNED_CONTEXT ( ( #6904 ) ) GLOBAL_UNIT_ASSIGNED_CONTEXT ( ( #363, #7952, #268 ) ) REPRESENTATION_CONTEXT ( 'NONE', 'WORKASPACE' ) );
#945 = CARTESIAN_POINT ( 'NONE',  ( 0.8078400473055165065, -0.2461110386525660054, -2.115718880800482538 ) ) ;
#946 = EDGE_CURVE ( 'NONE', #4850, #2040, #7953, .T. ) ;
#947 = CARTESIAN_POINT ( 'NONE',  ( -2.970000000000000639, -3.047500000000000320, 0.6749999999999997113 ) ) ;
#948 = CARTESIAN_POINT ( 'NONE',  ( 4.827594501859785225, -0.1591874171070371546, 2.593530663926138846 ) ) ;
#949 = DIRECTION ( 'NONE',  ( 4.823386660693620032E-16, -1.000000000000000000, 0.000000000000000000 ) ) ;
#950 = SURFACE_SIDE_STYLE ('',( #7762 ) ) ;
#951 =( NAMED_UNIT ( * ) PLANE_ANGLE_UNIT ( ) SI_UNIT ( $, .RADIAN. ) );
#952 = CARTESIAN_POINT ( 'NONE',  ( 4.933804907451682986, -0.1345149730810363820, 2.536665146386242409 ) ) ;
#953 = LINE ( 'NONE', #6371, #143 ) ;
#954 = LINE ( 'NONE', #5772, #1316 ) ;
#955 = CARTESIAN_POINT ( 'NONE',  ( -0.6083569003329799552, 7.450223307319891365E-17, 2.380000000000000338 ) ) ;
#956 = CARTESIAN_POINT ( 'NONE',  ( 3.863978938807649754, -0.1889472805623712004, -2.563881300126911178 ) ) ;
#957 = PRESENTATION_LAYER_ASSIGNMENT (  '', '', ( #6080 ) ) ;
#958 = EDGE_LOOP ( 'NONE', ( #6125, #4411, #1835, #5243 ) ) ;
#959 = ORIENTED_EDGE ( 'NONE', *, *, #924, .F. ) ;
#960 =( NAMED_UNIT ( * ) PLANE_ANGLE_UNIT ( ) SI_UNIT ( $, .RADIAN. ) );
#961 = SURFACE_STYLE_USAGE ( .BOTH. , #5647 ) ;
#962 = VECTOR ( 'NONE', #4974, 1000.000000000000000 ) ;
#963 = ORIENTED_EDGE ( 'NONE', *, *, #1739, .F. ) ;
#964 = CARTESIAN_POINT ( 'NONE',  ( 4.933804907451683874, -0.1345149730810351052, -2.010114548637236709 ) ) ;
#965 = UNCERTAINTY_MEASURE_WITH_UNIT (LENGTH_MEASURE( 1.000000000000000082E-05 ), #3788, 'distance_accuracy_value', 'NONE');
#966 = EDGE_CURVE ( 'NONE', #3859, #2413, #3079, .T. ) ;
#967 = VECTOR ( 'NONE', #4577, 1000.000000000000000 ) ;
#968 = AXIS2_PLACEMENT_3D ( 'NONE', #1695, #3083, #8557 ) ;
#969 = CARTESIAN_POINT ( 'NONE',  ( 3.972500000000000142, -0.1922499999999993381, -2.502499999999999947 ) ) ;
#970 = EDGE_LOOP ( 'NONE', ( #99, #7451, #8635, #8904, #925 ) ) ;
#971 = ORIENTED_EDGE ( 'NONE', *, *, #7804, .T. ) ;
#972 = DIRECTION ( 'NONE',  ( 0.000000000000000000, -1.000000000000000000, 4.336808689942016947E-15 ) ) ;
#973 = EDGE_LOOP ( 'NONE', ( #8269, #5472, #3646, #7342 ) ) ;
#974 = EDGE_CURVE ( 'NONE', #5458, #8275, #1799, .T. ) ;
#975 = EDGE_CURVE ( 'NONE', #3817, #327, #1027, .T. ) ;
#976 = LINE ( 'NONE', #7796, #3447 ) ;
#977 = DIRECTION ( 'NONE',  ( 1.000000000000000000, 0.000000000000000000, 0.000000000000000000 ) ) ;
#978 =( GEOMETRIC_REPRESENTATION_CONTEXT ( 3 ) GLOBAL_UNCERTAINTY_ASSIGNED_CONTEXT ( ( #7808 ) ) GLOBAL_UNIT_ASSIGNED_CONTEXT ( ( #4665, #1358, #2662 ) ) REPRESENTATION_CONTEXT ( 'NONE', 'WORKASPACE' ) );
#979 =( NAMED_UNIT ( * ) PLANE_ANGLE_UNIT ( ) SI_UNIT ( $, .RADIAN. ) );
#980 = SURFACE_SIDE_STYLE ('',( #1112 ) ) ;
#981 = COLOUR_RGB ( '',0.2862745098039215508, 0.2862745098039215508, 0.2862745098039215508 ) ;
#982 =( NAMED_UNIT ( * ) PLANE_ANGLE_UNIT ( ) SI_UNIT ( $, .RADIAN. ) );
#983 = SURFACE_SIDE_STYLE ('',( #1562 ) ) ;
#984 = DIRECTION ( 'NONE',  ( -1.000000000000000000, -5.421010862427521184E-16, 0.000000000000000000 ) ) ;
#985 = CYLINDRICAL_SURFACE ( 'NONE', #2026, 0.5000000000000000000 ) ;
#986 =( LENGTH_UNIT ( ) NAMED_UNIT ( * ) SI_UNIT ( .MILLI., .METRE. ) );
#987 = UNCERTAINTY_MEASURE_WITH_UNIT (LENGTH_MEASURE( 1.000000000000000082E-05 ), #704, 'distance_accuracy_value', 'NONE');
#988 = AXIS2_PLACEMENT_3D ( 'NONE', #6415, #949, #6365 ) ;
#989 = CARTESIAN_POINT ( 'NONE',  ( 4.852500000000000036, -0.1922499999999989218, 2.502499999999999947 ) ) ;
#990 = PRESENTATION_STYLE_ASSIGNMENT (( #2961 ) ) ;
#991 = SURFACE_STYLE_USAGE ( .BOTH. , #2387 ) ;
#992 = CARTESIAN_POINT ( 'NONE',  ( -4.952499999999999680, -0.2322500000000010112, 0.000000000000000000 ) ) ;
#993 = COLOUR_RGB ( '',0.8313725490196077761, 0.8313725490196077761, 0.8313725490196077761 ) ;
#994 =( LENGTH_UNIT ( ) NAMED_UNIT ( * ) SI_UNIT ( .MILLI., .METRE. ) );
#995 = DIRECTION ( 'NONE',  ( 1.000000000000000000, 0.000000000000000000, 0.000000000000000000 ) ) ;
#996 = CARTESIAN_POINT ( 'NONE',  ( -0.1523532029945863231, 0.5940512099433721271, 2.380000000000000338 ) ) ;
#997 = CARTESIAN_POINT ( 'NONE',  ( 3.814533561696040298, -0.2930589658626785998, -2.544530276237607858 ) ) ;
#998 = UNCERTAINTY_MEASURE_WITH_UNIT (LENGTH_MEASURE( 1.000000000000000082E-05 ), #5774, 'distance_accuracy_value', 'NONE');
#999 =( BOUNDED_SURFACE ( )  B_SPLINE_SURFACE ( 3, 3, ( 
 ( #6947, #1970, #8841, #3394 ),
 ( #3482, #6073, #6267, #7527 ),
 ( #123, #26, #2021, #4064 ),
 ( #2692, #8261, #4886, #2731 ) ),
 .UNSPECIFIED., .F., .F., .F. ) 
 B_SPLINE_SURFACE_WITH_KNOTS ( ( 4, 4 ),
 ( 4, 4 ),
 ( 0.000000000000000000, 1.000000000000000000 ),
 ( 0.000000000000000000, 1.000000000000000000 ),
 .UNSPECIFIED. ) 
 GEOMETRIC_REPRESENTATION_ITEM ( )  RATIONAL_B_SPLINE_SURFACE ( (
 ( 1.000000000000000000, 0.3333333333333315940, 0.3333333333333315940, 1.000000000000000000),
 ( 0.9245018060306373631, 0.3081672686768774927, 0.3081672686768774927, 0.9245018060306373631),
 ( 0.9245018060306373631, 0.3081672686768774927, 0.3081672686768774927, 0.9245018060306373631),
 ( 1.000000000000000000, 0.3333333333333315940, 0.3333333333333315940, 1.000000000000000000) ) ) 
 REPRESENTATION_ITEM ( '' )  SURFACE ( )  );
#1000 = CIRCLE ( 'NONE', #3003, 0.5650556301437582585 ) ;
#1001 = ORIENTED_EDGE ( 'NONE', *, *, #3423, .T. ) ;
#1002 = CARTESIAN_POINT ( 'NONE',  ( 5.004039568547498540, -0.1502903509055468767, 2.091261117823029814 ) ) ;
#1003 = ORIENTED_EDGE ( 'NONE', *, *, #3093, .F. ) ;
#1004 = DIRECTION ( 'NONE',  ( 0.000000000000000000, -1.000000000000000000, 0.000000000000000000 ) ) ;
#1005 = FILL_AREA_STYLE ('',( #1674 ) ) ;
#1006 = COLOUR_RGB ( '',0.8313725490196077761, 0.8313725490196077761, 0.8313725490196077761 ) ;
#1007 = CIRCLE ( 'NONE', #8020, 0.09999999999999990841 ) ;
#1008 = CARTESIAN_POINT ( 'NONE',  ( 0.8711950925483163966, -0.1345149730810374922, -2.094165146386242515 ) ) ;
#1009 = MECHANICAL_DESIGN_GEOMETRIC_PRESENTATION_REPRESENTATION (  '', ( #8880 ), #5562 ) ;
#1010 = VERTEX_POINT ( 'NONE', #2670 ) ;
#1011 = ORIENTED_EDGE ( 'NONE', *, *, #8036, .T. ) ;
#1012 = DIRECTION ( 'NONE',  ( 1.000000000000000000, 4.497431234013940009E-16, -0.000000000000000000 ) ) ;
#1013 =( NAMED_UNIT ( * ) PLANE_ANGLE_UNIT ( ) SI_UNIT ( $, .RADIAN. ) );
#1014 = DIRECTION ( 'NONE',  ( 0.000000000000000000, -1.000000000000000000, 0.000000000000000000 ) ) ;
#1015 = ORIENTED_EDGE ( 'NONE', *, *, #4293, .F. ) ;
#1016 = PRESENTATION_STYLE_ASSIGNMENT (( #5835 ) ) ;
#1017 = PRESENTATION_STYLE_ASSIGNMENT (( #5130 ) ) ;
#1018 = MECHANICAL_DESIGN_GEOMETRIC_PRESENTATION_REPRESENTATION (  '', ( #1294 ), #564 ) ;
#1019 =( NAMED_UNIT ( * ) PLANE_ANGLE_UNIT ( ) SI_UNIT ( $, .RADIAN. ) );
#1020 = ADVANCED_FACE ( 'NONE', ( #8857 ), #4754, .T. ) ;
#1021 = EDGE_CURVE ( 'NONE', #8590, #3352, #936, .T. ) ;
#1022 = ADVANCED_FACE ( 'NONE', ( #2066 ), #6845, .F. ) ;
#1023 = EDGE_CURVE ( 'NONE', #98, #3335, #701, .T. ) ;
#1024 = STYLED_ITEM ( 'NONE', ( #6419 ), #7417 ) ;
#1025 = FILL_AREA_STYLE_COLOUR ( '', #4571 ) ;
#1026 = CARTESIAN_POINT ( 'NONE',  ( 3.930469723762394896, -0.2930589658626832072, 2.660466438303965120 ) ) ;
#1027 = B_SPLINE_CURVE_WITH_KNOTS ( 'NONE', 3,
 ( #5386, #3365, #6094, #3995, #4519, #3758 ),
 .UNSPECIFIED., .F., .F.,
 ( 4, 2, 4 ),
 ( 0.000000000000000000, 0.5000000000000006661, 1.000000000000000000 ),
 .UNSPECIFIED. ) ;
#1028 =( LENGTH_UNIT ( ) NAMED_UNIT ( * ) SI_UNIT ( .MILLI., .METRE. ) );
#1029 = SURFACE_SIDE_STYLE ('',( #6618 ) ) ;
#1030 = CARTESIAN_POINT ( 'NONE',  ( 0.4965689936766986001, 0.1609866513729446558, 2.330000000000000071 ) ) ;
#1031 = SURFACE_STYLE_FILL_AREA ( #3747 ) ;
#1032 = CARTESIAN_POINT ( 'NONE',  ( 4.943530663926139823, -0.1591874171070365718, -2.069185193163694869 ) ) ;
#1033 = AXIS2_PLACEMENT_3D ( 'NONE', #7427, #7464, #1343 ) ;
#1034 = CARTESIAN_POINT ( 'NONE',  ( 3.872499999999999165, -0.1336713562373084696, 2.001421356237309990 ) ) ;
#1035 = EDGE_CURVE ( 'NONE', #6650, #5074, #24, .T. ) ;
#1036 = DIRECTION ( 'NONE',  ( -1.000000000000000000, 0.000000000000000000, -0.000000000000000000 ) ) ;
#1037 = DIRECTION ( 'NONE',  ( -0.5314021314210146674, -0.5314021314210146674, 0.6597147485409168288 ) ) ;
#1038 = CARTESIAN_POINT ( 'NONE',  ( -2.855207625734560217, -0.2677499999999999880, 1.899999999999999911 ) ) ;
#1039 = DIRECTION ( 'NONE',  ( 0.000000000000000000, -0.000000000000000000, 1.000000000000000000 ) ) ;
#1040 = CARTESIAN_POINT ( 'NONE',  ( 0.8595657323745139466, -0.09225000000000053990, -0.5707548253180929620 ) ) ;
#1041 = CARTESIAN_POINT ( 'NONE',  ( 4.587102839788671282, -0.1922499999999990050, -1.844279695023480103 ) ) ;
#1042 = LINE ( 'NONE', #2475, #1619 ) ;
#1043 = DIRECTION ( 'NONE',  ( 0.000000000000000000, -0.000000000000000000, 1.000000000000000000 ) ) ;
#1044 = SURFACE_STYLE_USAGE ( .BOTH. , #2251 ) ;
#1045 = COLOUR_RGB ( '',0.2862745098039215508, 0.2862745098039215508, 0.2862745098039215508 ) ;
#1046 = DIRECTION ( 'NONE',  ( 4.823386660693620032E-16, -1.000000000000000000, -0.000000000000000000 ) ) ;
#1047 = CARTESIAN_POINT ( 'NONE',  ( 3.916781119199519878, -0.2461110386525626748, -2.647159952694482232 ) ) ;
#1048 = VERTEX_POINT ( 'NONE', #7622 ) ;
#1049 = AXIS2_PLACEMENT_3D ( 'NONE', #719, #6912, #6242 ) ;
#1050 = ORIENTED_EDGE ( 'NONE', *, *, #7208, .F. ) ;
#1051 = EDGE_LOOP ( 'NONE', ( #7732, #5293, #6072, #6240, #480, #1510 ) ) ;
#1052 = FACE_OUTER_BOUND ( 'NONE', #3870, .T. ) ;
#1053 = AXIS2_PLACEMENT_3D ( 'NONE', #5370, #2615, #8594 ) ;
#1054 = CARTESIAN_POINT ( 'NONE',  ( 3.372500000000000497, -0.09224999999999941580, -2.004404444539228169 ) ) ;
#1055 = CIRCLE ( 'NONE', #467, 0.1000000000000000472 ) ;
#1056 = CARTESIAN_POINT ( 'NONE',  ( 0.9525000000000001243, -0.09225000000000072031, 2.060000000000000053 ) ) ;
#1057 = VECTOR ( 'NONE', #6660, 1000.000000000000000 ) ;
#1058 = ADVANCED_FACE ( 'NONE', ( #2777 ), #1482, .F. ) ;
#1059 = EDGE_LOOP ( 'NONE', ( #6727, #8243, #146, #3461, #7013, #2309 ) ) ;
#1060 = CARTESIAN_POINT ( 'NONE',  ( 3.372499999999999609, -0.09224999999999940192, 2.005142088675769596 ) ) ;
#1061 = FILL_AREA_STYLE ('',( #7279 ) ) ;
#1062 = VERTEX_POINT ( 'NONE', #1610 ) ;
#1063 = PRESENTATION_LAYER_ASSIGNMENT (  '', '', ( #5617 ) ) ;
#1064 = UNCERTAINTY_MEASURE_WITH_UNIT (LENGTH_MEASURE( 1.000000000000000082E-05 ), #441, 'distance_accuracy_value', 'NONE');
#1065 =( GEOMETRIC_REPRESENTATION_CONTEXT ( 3 ) GLOBAL_UNCERTAINTY_ASSIGNED_CONTEXT ( ( #3736 ) ) GLOBAL_UNIT_ASSIGNED_CONTEXT ( ( #934, #2414, #3693 ) ) REPRESENTATION_CONTEXT ( 'NONE', 'WORKASPACE' ) );
#1066 = DIRECTION ( 'NONE',  ( -0.3158179163250979804, -0.8555991741024929764, 0.4101330235462700147 ) ) ;
#1067 = CARTESIAN_POINT ( 'NONE',  ( 3.101583774354166767, -2.577098235708561447, 2.297187427799049164 ) ) ;
#1068 = DIRECTION ( 'NONE',  ( 0.9931903090196375627, 0.000000000000000000, 0.1165032620550898596 ) ) ;
#1069 = COLOUR_RGB ( '',0.8313725490196077761, 0.8313725490196077761, 0.8313725490196077761 ) ;
#1070 = CIRCLE ( 'NONE', #5340, 0.9999999999999692468 ) ;
#1071 = CARTESIAN_POINT ( 'NONE',  ( -3.319999999999999840, 0.7672499999999990994, -0.3800000000000000044 ) ) ;
#1072 =( LENGTH_UNIT ( ) NAMED_UNIT ( * ) SI_UNIT ( .MILLI., .METRE. ) );
#1073 = CARTESIAN_POINT ( 'NONE',  ( -3.270000000000000018, -8.237705465659550362E-16, 0.000000000000000000 ) ) ;
#1074 = PRESENTATION_LAYER_ASSIGNMENT (  '', '', ( #4047 ) ) ;
#1075 = CARTESIAN_POINT ( 'NONE',  ( 3.972500000000000142, -0.09224999999999893008, 2.059999999999999165 ) ) ;
#1076 = PRESENTATION_STYLE_ASSIGNMENT (( #4688 ) ) ;
#1077 = CARTESIAN_POINT ( 'NONE',  ( -3.319999999999999840, 0.7672499999999990994, 0.000000000000000000 ) ) ;
#1078 = DIRECTION ( 'NONE',  ( -0.000000000000000000, 0.000000000000000000, -1.000000000000000000 ) ) ;
#1079 =( NAMED_UNIT ( * ) SI_UNIT ( $, .STERADIAN. ) SOLID_ANGLE_UNIT ( ) );
#1080 = MECHANICAL_DESIGN_GEOMETRIC_PRESENTATION_REPRESENTATION (  '', ( #4934 ), #4786 ) ;
#1081 = DIRECTION ( 'NONE',  ( -1.000000000000000000, 0.000000000000000000, 0.000000000000000000 ) ) ;
#1082 = SURFACE_STYLE_USAGE ( .BOTH. , #7901 ) ;
#1083 = LINE ( 'NONE', #3098, #2349 ) ;
#1084 = CARTESIAN_POINT ( 'NONE',  ( 2.566594527606286480, 2.993959373992126416, 2.157409964242920086 ) ) ;
#1085 = CARTESIAN_POINT ( 'NONE',  ( 0.4525000000000000688, -0.7672500000000009868, 0.8629237369103519573 ) ) ;
#1086 = EDGE_CURVE ( 'NONE', #7195, #4267, #3486, .T. ) ;
#1087 = CARTESIAN_POINT ( 'NONE',  ( -0.6083904794512940972, 0.03850566384009878468, 2.380000000000000338 ) ) ;
#1088 = CARTESIAN_POINT ( 'NONE',  ( 3.914764973081036992, -0.1345149730810358546, -2.560235026918963097 ) ) ;
#1089 = UNCERTAINTY_MEASURE_WITH_UNIT (LENGTH_MEASURE( 1.000000000000000082E-05 ), #664, 'distance_accuracy_value', 'NONE');
#1090 = COLOUR_RGB ( '',0.8313725490196077761, 0.8313725490196077761, 0.8313725490196077761 ) ;
#1091 = AXIS2_PLACEMENT_3D ( 'NONE', #2782, #4746, #6806 ) ;
#1092 = ORIENTED_EDGE ( 'NONE', *, *, #4579, .T. ) ;
#1093 = CARTESIAN_POINT ( 'NONE',  ( 0.9525000000000000133, -0.1922500000000000042, -2.060000000000000053 ) ) ;
#1094 = CARTESIAN_POINT ( 'NONE',  ( 4.901339264947465857, -0.09894019910553131236, 2.039910966023013472 ) ) ;
#1095 = EDGE_LOOP ( 'NONE', ( #2127, #2988, #2189, #3585 ) ) ;
#1096 = CARTESIAN_POINT ( 'NONE',  ( 3.472499999999999698, -0.7672499999999999876, 2.060000000000000053 ) ) ;
#1097 = CARTESIAN_POINT ( 'NONE',  ( -2.803133701591290272, 2.625354187302470166, 2.350525286078502418 ) ) ;
#1098 = DIRECTION ( 'NONE',  ( 1.821530803322650078E-16, -1.000000000000000000, -0.000000000000000000 ) ) ;
#1099 = AXIS2_PLACEMENT_3D ( 'NONE', #1842, #7947, #3222 ) ;
#1100 = ORIENTED_EDGE ( 'NONE', *, *, #5657, .T. ) ;
#1101 = ORIENTED_EDGE ( 'NONE', *, *, #5978, .T. ) ;
#1102 = ORIENTED_EDGE ( 'NONE', *, *, #7595, .T. ) ;
#1103 =( NAMED_UNIT ( * ) PLANE_ANGLE_UNIT ( ) SI_UNIT ( $, .RADIAN. ) );
#1104 =( BOUNDED_SURFACE ( )  B_SPLINE_SURFACE ( 3, 3, ( 
 ( #1763, #3819, #4491, #7223 ),
 ( #6557, #7778, #411, #5859 ),
 ( #5205, #6381, #224, #2975 ),
 ( #5693, #8453, #2304, #4354 ) ),
 .UNSPECIFIED., .F., .F., .F. ) 
 B_SPLINE_SURFACE_WITH_KNOTS ( ( 4, 4 ),
 ( 4, 4 ),
 ( 0.000000000000000000, 1.000000000000000000 ),
 ( 0.000000000000000000, 1.000000000000000000 ),
 .UNSPECIFIED. ) 
 GEOMETRIC_REPRESENTATION_ITEM ( )  RATIONAL_B_SPLINE_SURFACE ( (
 ( 1.000000000000000000, 0.8047378541243647154, 0.8047378541243647154, 1.000000000000000000),
 ( 0.8025111867385936737, 0.6458111303268132541, 0.6458111303268132541, 0.8025111867385936737),
 ( 0.8025111867385936737, 0.6458111303268132541, 0.6458111303268132541, 0.8025111867385936737),
 ( 1.000000000000000000, 0.8047378541243647154, 0.8047378541243647154, 1.000000000000000000) ) ) 
 REPRESENTATION_ITEM ( '' )  SURFACE ( )  );
#1105 = ORIENTED_EDGE ( 'NONE', *, *, #8851, .T. ) ;
#1106 = COLOUR_RGB ( '',0.8313725490196077761, 0.8313725490196077761, 0.8313725490196077761 ) ;
#1107 = AXIS2_PLACEMENT_3D ( 'NONE', #5753, #8514, #6301 ) ;
#1108 = LINE ( 'NONE', #7924, #10 ) ;
#1109 = CARTESIAN_POINT ( 'NONE',  ( 3.037458732099334036, -2.740054341017593931, 2.217578721651791707 ) ) ;
#1110 =( GEOMETRIC_REPRESENTATION_CONTEXT ( 3 ) GLOBAL_UNCERTAINTY_ASSIGNED_CONTEXT ( ( #5970 ) ) GLOBAL_UNIT_ASSIGNED_CONTEXT ( ( #1472, #2853, #3514 ) ) REPRESENTATION_CONTEXT ( 'NONE', 'WORKASPACE' ) );
#1111 = SURFACE_STYLE_USAGE ( .BOTH. , #7240 ) ;
#1112 = SURFACE_STYLE_FILL_AREA ( #7244 ) ;
#1113 = ORIENTED_EDGE ( 'NONE', *, *, #519, .F. ) ;
#1114 = SURFACE_STYLE_FILL_AREA ( #1790 ) ;
#1115 =( LENGTH_UNIT ( ) NAMED_UNIT ( * ) SI_UNIT ( .MILLI., .METRE. ) );
#1116 = LINE ( 'NONE', #1742, #4330 ) ;
#1117 = PRESENTATION_STYLE_ASSIGNMENT (( #8645 ) ) ;
#1118 = AXIS2_PLACEMENT_3D ( 'NONE', #4947, #2125, #8271 ) ;
#1119 = CARTESIAN_POINT ( 'NONE',  ( -2.959737197023301736, 2.650969074868140929, 2.283371188774895089 ) ) ;
#1120 = CARTESIAN_POINT ( 'NONE',  ( 2.711957121663941095, -2.676322658523810016, 2.349314787551516126 ) ) ;
#1121 =( GEOMETRIC_REPRESENTATION_CONTEXT ( 3 ) GLOBAL_UNCERTAINTY_ASSIGNED_CONTEXT ( ( #364 ) ) GLOBAL_UNIT_ASSIGNED_CONTEXT ( ( #4007, #2681, #521 ) ) REPRESENTATION_CONTEXT ( 'NONE', 'WORKASPACE' ) );
#1122 = FILL_AREA_STYLE ('',( #4603 ) ) ;
#1123 = CARTESIAN_POINT ( 'NONE',  ( 4.687102839788670039, -0.1922499999999990050, -1.944279695023480192 ) ) ;
#1124 = SURFACE_SIDE_STYLE ('',( #8741 ) ) ;
#1125 = SURFACE_STYLE_FILL_AREA ( #896 ) ;
#1126 = CARTESIAN_POINT ( 'NONE',  ( 3.972500000000000142, -0.09224999999999904110, -2.060000000000000053 ) ) ;
#1127 = FACE_OUTER_BOUND ( 'NONE', #6228, .T. ) ;
#1128 = STYLED_ITEM ( 'NONE', ( #8901 ), #5492 ) ;
#1129 =( NAMED_UNIT ( * ) SI_UNIT ( $, .STERADIAN. ) SOLID_ANGLE_UNIT ( ) );
#1130 = COLOUR_RGB ( '',0.8313725490196077761, 0.8313725490196077761, 0.8313725490196077761 ) ;
#1131 = SURFACE_STYLE_USAGE ( .BOTH. , #7773 ) ;
#1132 = ORIENTED_EDGE ( 'NONE', *, *, #7260, .T. ) ;
#1133 =( NAMED_UNIT ( * ) SI_UNIT ( $, .STERADIAN. ) SOLID_ANGLE_UNIT ( ) );
#1134 = AXIS2_PLACEMENT_3D ( 'NONE', #5082, #1633, #6329 ) ;
#1135 = EDGE_CURVE ( 'NONE', #5170, #103, #775, .T. ) ;
#1136 = EDGE_CURVE ( 'NONE', #2755, #586, #493, .T. ) ;
#1137 = EDGE_CURVE ( 'NONE', #1507, #3239, #3796, .T. ) ;
#1138 = ORIENTED_EDGE ( 'NONE', *, *, #4476, .T. ) ;
#1139 = EDGE_CURVE ( 'NONE', #8777, #8237, #7035, .T. ) ;
#1140 =( NAMED_UNIT ( * ) PLANE_ANGLE_UNIT ( ) SI_UNIT ( $, .RADIAN. ) );
#1141 = AXIS2_PLACEMENT_3D ( 'NONE', #7933, #8641, #940 ) ;
#1142 = CARTESIAN_POINT ( 'NONE',  ( 4.852500000000000036, -0.5984999999999991438, -2.502499999999999947 ) ) ;
#1143 = ORIENTED_EDGE ( 'NONE', *, *, #4233, .T. ) ;
#1144 = STYLED_ITEM ( 'NONE', ( #5541 ), #6718 ) ;
#1145 = ORIENTED_EDGE ( 'NONE', *, *, #1021, .T. ) ;
#1146 = CARTESIAN_POINT ( 'NONE',  ( -4.269999999999999574, -0.4997500000000010822, 2.660000000000000142 ) ) ;
#1147 =( LENGTH_UNIT ( ) NAMED_UNIT ( * ) SI_UNIT ( .MILLI., .METRE. ) );
#1148 = VECTOR ( 'NONE', #8467, 1000.000000000000000 ) ;
#1149 = ORIENTED_EDGE ( 'NONE', *, *, #1023, .F. ) ;
#1150 =( NAMED_UNIT ( * ) PLANE_ANGLE_UNIT ( ) SI_UNIT ( $, .RADIAN. ) );
#1151 = ORIENTED_EDGE ( 'NONE', *, *, #4243, .T. ) ;
#1152 = UNCERTAINTY_MEASURE_WITH_UNIT (LENGTH_MEASURE( 1.000000000000000082E-05 ), #7426, 'distance_accuracy_value', 'NONE');
#1153 = SURFACE_SIDE_STYLE ('',( #3696 ) ) ;
#1154 = DIRECTION ( 'NONE',  ( 0.000000000000000000, 0.000000000000000000, -1.000000000000000000 ) ) ;
#1155 = COLOUR_RGB ( '',0.8313725490196077761, 0.8313725490196077761, 0.8313725490196077761 ) ;
#1156 = FACE_OUTER_BOUND ( 'NONE', #7918, .T. ) ;
#1157 = EDGE_LOOP ( 'NONE', ( #2736, #4581, #6377, #2793, #8317 ) ) ;
#1158 = CARTESIAN_POINT ( 'NONE',  ( -3.798064039089806609, 0.2699408224499634801, 2.660000000000000142 ) ) ;
#1159 = STYLED_ITEM ( 'NONE', ( #669 ), #7156 ) ;
#1160 = CARTESIAN_POINT ( 'NONE',  ( 3.269704183480209192, -2.749247090774316504, 0.6775218358312399269 ) ) ;
#1161 = CARTESIAN_POINT ( 'NONE',  ( 3.772500000000000409, -0.7672499999999999876, -2.060000000000000053 ) ) ;
#1162 = CARTESIAN_POINT ( 'NONE',  ( -3.230878607874284825, -2.898216872058164473, 0.6891801927449602294 ) ) ;
#1163 = CARTESIAN_POINT ( 'NONE',  ( 2.551983049729556807, -3.082852631779144481, 2.150713298398581941 ) ) ;
#1164 = UNCERTAINTY_MEASURE_WITH_UNIT (LENGTH_MEASURE( 1.000000000000000082E-05 ), #7754, 'distance_accuracy_value', 'NONE');
#1165 = AXIS2_PLACEMENT_3D ( 'NONE', #8886, #30, #7580 ) ;
#1166 = EDGE_CURVE ( 'NONE', #7739, #4854, #6313, .T. ) ;
#1167 = CYLINDRICAL_SURFACE ( 'NONE', #1827, 0.09999999999999999167 ) ;
#1168 = CYLINDRICAL_SURFACE ( 'NONE', #5685, 0.1000000000000002554 ) ;
#1169 =( LENGTH_UNIT ( ) NAMED_UNIT ( * ) SI_UNIT ( .MILLI., .METRE. ) );
#1170 = CARTESIAN_POINT ( 'NONE',  ( 0.9525000000000002354, -0.1475286404500042448, -2.149442719099992072 ) ) ;
#1171 = LINE ( 'NONE', #3177, #5845 ) ;
#1172 = FACE_OUTER_BOUND ( 'NONE', #7693, .T. ) ;
#1173 = CIRCLE ( 'NONE', #7907, 0.1000000000000002554 ) ;
#1174 = COLOUR_RGB ( '',0.8313725490196077761, 0.8313725490196077761, 0.8313725490196077761 ) ;
#1175 = VERTEX_POINT ( 'NONE', #7895 ) ;
#1176 = CARTESIAN_POINT ( 'NONE',  ( 3.463530663926139397, -0.1591874171070375710, -2.035094501859784799 ) ) ;
#1177 = FILL_AREA_STYLE_COLOUR ( '', #6986 ) ;
#1178 = ORIENTED_EDGE ( 'NONE', *, *, #2828, .T. ) ;
#1179 = CARTESIAN_POINT ( 'NONE',  ( 3.772500000000000409, -0.4297499999999990217, -1.960000000000000409 ) ) ;
#1180 =( GEOMETRIC_REPRESENTATION_CONTEXT ( 3 ) GLOBAL_UNCERTAINTY_ASSIGNED_CONTEXT ( ( #6914 ) ) GLOBAL_UNIT_ASSIGNED_CONTEXT ( ( #8100, #3297, #592 ) ) REPRESENTATION_CONTEXT ( 'NONE', 'WORKASPACE' ) );
#1181 = FACE_OUTER_BOUND ( 'NONE', #820, .T. ) ;
#1182 = MECHANICAL_DESIGN_GEOMETRIC_PRESENTATION_REPRESENTATION (  '', ( #2746 ), #5045 ) ;
#1183 = EDGE_CURVE ( 'NONE', #8200, #5156, #7855, .T. ) ;
#1184 = MECHANICAL_DESIGN_GEOMETRIC_PRESENTATION_REPRESENTATION (  '', ( #1323 ), #2896 ) ;
#1185 = ORIENTED_EDGE ( 'NONE', *, *, #304, .T. ) ;
#1186 = ORIENTED_EDGE ( 'NONE', *, *, #7209, .F. ) ;
#1187 = PRESENTATION_STYLE_ASSIGNMENT (( #7840 ) ) ;
#1188 = AXIS2_PLACEMENT_3D ( 'NONE', #2911, #6315, #164 ) ;
#1189 = CARTESIAN_POINT ( 'NONE',  ( -0.8174999999999990052, -2.580633701591290130, 2.080000000000000071 ) ) ;
#1190 = ORIENTED_EDGE ( 'NONE', *, *, #8061, .T. ) ;
#1191 = CARTESIAN_POINT ( 'NONE',  ( -2.944119776931849231, 2.484646814368871581, 2.422398773856780707 ) ) ;
#1192 = AXIS2_PLACEMENT_3D ( 'NONE', #1656, #4427, #984 ) ;
#1193 = EDGE_CURVE ( 'NONE', #4060, #6331, #207, .T. ) ;
#1194 = EDGE_CURVE ( 'NONE', #377, #5458, #2292, .T. ) ;
#1195 = CIRCLE ( 'NONE', #1768, 0.7999999999999999334 ) ;
#1196 = COLOUR_RGB ( '',0.2862745098039215508, 0.2862745098039215508, 0.2862745098039215508 ) ;
#1197 = FACE_OUTER_BOUND ( 'NONE', #5955, .T. ) ;
#1198 =( LENGTH_UNIT ( ) NAMED_UNIT ( * ) SI_UNIT ( .MILLI., .METRE. ) );
#1199 =( GEOMETRIC_REPRESENTATION_CONTEXT ( 3 ) GLOBAL_UNCERTAINTY_ASSIGNED_CONTEXT ( ( #6046 ) ) GLOBAL_UNIT_ASSIGNED_CONTEXT ( ( #8863, #8189, #3647 ) ) REPRESENTATION_CONTEXT ( 'NONE', 'WORKASPACE' ) );
#1200 = ORIENTED_EDGE ( 'NONE', *, *, #1504, .F. ) ;
#1201 = CARTESIAN_POINT ( 'NONE',  ( -3.770634082987819991, 0.3248361564241389887, 1.804999999999999494 ) ) ;
#1202 = DIRECTION ( 'NONE',  ( 0.000000000000000000, 0.000000000000000000, 1.000000000000000000 ) ) ;
#1203 = CARTESIAN_POINT ( 'NONE',  ( -1.222499999999999920, -0.2322500000000000397, 1.899999999999999911 ) ) ;
#1204 = LINE ( 'NONE', #1954, #7070 ) ;
#1205 = CARTESIAN_POINT ( 'NONE',  ( 2.925714123449300264, -3.082852631779144925, 1.849671841326138377 ) ) ;
#1206 = VECTOR ( 'NONE', #2003, 1000.000000000000000 ) ;
#1207 = AXIS2_PLACEMENT_3D ( 'NONE', #7436, #1066, #4025 ) ;
#1208 = DIRECTION ( 'NONE',  ( 1.000000000000000000, 4.497431234013940009E-16, -0.000000000000000000 ) ) ;
#1209 = DIRECTION ( 'NONE',  ( -1.000000000000000000, -5.139921410301649810E-16, -0.000000000000000000 ) ) ;
#1210 = CARTESIAN_POINT ( 'NONE',  ( -3.319999999999999840, 0.7672499999999990994, 0.000000000000000000 ) ) ;
#1211 = CARTESIAN_POINT ( 'NONE',  ( -2.222500000000000142, 0.2322500000000000120, 0.000000000000000000 ) ) ;
#1212 = B_SPLINE_CURVE_WITH_KNOTS ( 'NONE', 3,
 ( #1869, #2511, #5227, #1162, #6584, #7331, #6623, #3884 ),
 .UNSPECIFIED., .F., .F.,
 ( 4, 2, 2, 4 ),
 ( 4.470280076681872512E-19, 0.0001163153361844497448, 0.0002326306723688990289, 0.0004652613447377967025 ),
 .UNSPECIFIED. ) ;
#1213 = SURFACE_STYLE_FILL_AREA ( #5271 ) ;
#1214 = DIRECTION ( 'NONE',  ( 0.000000000000000000, 0.000000000000000000, 1.000000000000000000 ) ) ;
#1215 = CARTESIAN_POINT ( 'NONE',  ( -2.855207625734560217, -0.2677499999999999880, -1.804999999999999938 ) ) ;
#1216 = STYLED_ITEM ( 'NONE', ( #7673 ), #1058 ) ;
#1217 = PRESENTATION_LAYER_ASSIGNMENT (  '', '', ( #5085 ) ) ;
#1218 = ORIENTED_EDGE ( 'NONE', *, *, #2776, .F. ) ;
#1219 = CARTESIAN_POINT ( 'NONE',  ( 0.8525000000000000355, -0.7672500000000009868, 2.160000000000000142 ) ) ;
#1220 = FILL_AREA_STYLE ('',( #499 ) ) ;
#1221 = DIRECTION ( 'NONE',  ( -0.8233548815373524787, 0.5675268619621560706, 0.000000000000000000 ) ) ;
#1222 = CARTESIAN_POINT ( 'NONE',  ( 0.8525000000000000355, -0.7672500000000009868, 2.059999999999999609 ) ) ;
#1223 = AXIS2_PLACEMENT_3D ( 'NONE', #5287, #4026, #3277 ) ;
#1224 = EDGE_LOOP ( 'NONE', ( #3421, #185, #4910, #1392 ) ) ;
#1225 = EDGE_LOOP ( 'NONE', ( #2542, #8414, #4364, #3454, #4814, #8232 ) ) ;
#1226 = DIRECTION ( 'NONE',  ( 1.000000000000000000, 0.000000000000000000, 0.000000000000000000 ) ) ;
#1227 = EDGE_CURVE ( 'NONE', #2317, #5915, #4533, .T. ) ;
#1228 = FILL_AREA_STYLE_COLOUR ( '', #7429 ) ;
#1229 = ORIENTED_EDGE ( 'NONE', *, *, #1240, .F. ) ;
#1230 = APPLICATION_PROTOCOL_DEFINITION ( 'draft international standard', 'automotive_design', 1998, #6254 ) ;
#1231 = CARTESIAN_POINT ( 'NONE',  ( 0.8922178877729610713, -0.09225000000000053990, 0.6243382217118855770 ) ) ;
#1232 = CARTESIAN_POINT ( 'NONE',  ( 3.972500000000000142, -0.09224999999999915212, 2.502499999999999947 ) ) ;
#1233 = PRESENTATION_LAYER_ASSIGNMENT (  '', '', ( #5513 ) ) ;
#1234 = FACE_OUTER_BOUND ( 'NONE', #6720, .T. ) ;
#1235 = DIRECTION ( 'NONE',  ( 0.1165032620550899567, 0.000000000000000000, -0.9931903090196375627 ) ) ;
#1236 = EDGE_CURVE ( 'NONE', #2370, #5832, #7985, .T. ) ;
#1237 = EDGE_CURVE ( 'NONE', #3068, #3370, #8723, .T. ) ;
#1238 = CARTESIAN_POINT ( 'NONE',  ( 4.852500000000000036, -0.7672499999999993214, 1.944279695023480192 ) ) ;
#1239 = EDGE_CURVE ( 'NONE', #2458, #3859, #7536, .T. ) ;
#1240 = EDGE_CURVE ( 'NONE', #6391, #8538, #7809, .T. ) ;
#1241 = ORIENTED_EDGE ( 'NONE', *, *, #3956, .T. ) ;
#1242 = DIRECTION ( 'NONE',  ( 1.000000000000000000, 7.228014483236697541E-16, 0.000000000000000000 ) ) ;
#1243 = CARTESIAN_POINT ( 'NONE',  ( 0.9525000000000011235, -0.7672499999999999876, -2.160000000000000142 ) ) ;
#1244 = SURFACE_STYLE_USAGE ( .BOTH. , #5187 ) ;
#1245 = AXIS2_PLACEMENT_3D ( 'NONE', #5735, #3057, #6379 ) ;
#1246 = DIRECTION ( 'NONE',  ( -0.1147640357803561273, 0.1721460536705347877, -0.9783634050275319405 ) ) ;
#1247 = UNCERTAINTY_MEASURE_WITH_UNIT (LENGTH_MEASURE( 1.000000000000000082E-05 ), #5937, 'distance_accuracy_value', 'NONE');
#1248 = CARTESIAN_POINT ( 'NONE',  ( 4.952499999999999680, -0.7672499999999993214, -2.502499999999999947 ) ) ;
#1249 = FACE_OUTER_BOUND ( 'NONE', #4770, .T. ) ;
#1250 = FILL_AREA_STYLE ('',( #6747 ) ) ;
#1251 = CARTESIAN_POINT ( 'NONE',  ( 0.9525000000000010125, -0.7672500000000009868, 2.060000000000000053 ) ) ;
#1252 = CARTESIAN_POINT ( 'NONE',  ( -3.770634082987816882, 0.3248361564241377120, 1.899999999999999911 ) ) ;
#1253 = FILL_AREA_STYLE ('',( #4653 ) ) ;
#1254 = CARTESIAN_POINT ( 'NONE',  ( 0.6083569003329800662, 0.07753813299544939919, 2.379999999999999893 ) ) ;
#1255 = MECHANICAL_DESIGN_GEOMETRIC_PRESENTATION_REPRESENTATION (  '', ( #7130 ), #4251 ) ;
#1256 = DIRECTION ( 'NONE',  ( -1.000000000000000000, -1.421660098671661550E-14, 0.000000000000000000 ) ) ;
#1257 = UNCERTAINTY_MEASURE_WITH_UNIT (LENGTH_MEASURE( 1.000000000000000082E-05 ), #1277, 'distance_accuracy_value', 'NONE');
#1258 = ORIENTED_EDGE ( 'NONE', *, *, #7466, .F. ) ;
#1259 =( NAMED_UNIT ( * ) SI_UNIT ( $, .STERADIAN. ) SOLID_ANGLE_UNIT ( ) );
#1260 = CARTESIAN_POINT ( 'NONE',  ( -3.833333768778730999, 0.1521730769230761060, -2.660000000000000142 ) ) ;
#1261 = LINE ( 'NONE', #5906, #4209 ) ;
#1262 = CARTESIAN_POINT ( 'NONE',  ( -3.055000000000000604, -0.03275000000000140299, 1.899999999999999911 ) ) ;
#1263 = DIRECTION ( 'NONE',  ( 0.000000000000000000, 0.000000000000000000, 1.000000000000000000 ) ) ;
#1264 = STYLED_ITEM ( 'NONE', ( #4550 ), #5489 ) ;
#1265 = DIRECTION ( 'NONE',  ( 0.5773502691896243988, 0.5773502691896240657, 0.5773502691896287287 ) ) ;
#1266 = AXIS2_PLACEMENT_3D ( 'NONE', #1219, #5905, #5245 ) ;
#1267 = CARTESIAN_POINT ( 'NONE',  ( -3.070883939416487074, 2.620054834882211470, 2.133292245468441095 ) ) ;
#1268 = FILL_AREA_STYLE ('',( #4663 ) ) ;
#1269 =( GEOMETRIC_REPRESENTATION_CONTEXT ( 3 ) GLOBAL_UNCERTAINTY_ASSIGNED_CONTEXT ( ( #4301 ) ) GLOBAL_UNIT_ASSIGNED_CONTEXT ( ( #458, #8670, #7387 ) ) REPRESENTATION_CONTEXT ( 'NONE', 'WORKASPACE' ) );
#1270 = COLOUR_RGB ( '',0.8313725490196077761, 0.8313725490196077761, 0.8313725490196077761 ) ;
#1271 = VERTEX_POINT ( 'NONE', #1661 ) ;
#1272 = EDGE_CURVE ( 'NONE', #1364, #463, #5667, .T. ) ;
#1273 = VERTEX_POINT ( 'NONE', #306 ) ;
#1274 = CARTESIAN_POINT ( 'NONE',  ( -4.120000000000000107, 0.03274999999999959888, -1.899999999999999911 ) ) ;
#1275 = CARTESIAN_POINT ( 'NONE',  ( -0.4195747179604601973, -0.3181927426440691598, 2.330000000000000071 ) ) ;
#1276 = PRODUCT_DEFINITION_SHAPE ( 'NONE', 'NONE',  #7079 ) ;
#1277 =( LENGTH_UNIT ( ) NAMED_UNIT ( * ) SI_UNIT ( .MILLI., .METRE. ) );
#1278 = VERTEX_POINT ( 'NONE', #3044 ) ;
#1279 = COLOUR_RGB ( '',0.8313725490196077761, 0.8313725490196077761, 0.8313725490196077761 ) ;
#1280 = SURFACE_STYLE_FILL_AREA ( #3288 ) ;
#1281 = DIRECTION ( 'NONE',  ( 0.000000000000000000, 0.000000000000000000, 1.000000000000000000 ) ) ;
#1282 = DIRECTION ( 'NONE',  ( 0.1157205707370560360, -0.1157205707370560360, -0.9865178655334023716 ) ) ;
#1283 =( LENGTH_UNIT ( ) NAMED_UNIT ( * ) SI_UNIT ( .MILLI., .METRE. ) );
#1284 = CARTESIAN_POINT ( 'NONE',  ( -0.4597725128299006703, -0.4006264186279426820, 2.379999999999999893 ) ) ;
#1285 = ORIENTED_EDGE ( 'NONE', *, *, #2455, .F. ) ;
#1286 = CARTESIAN_POINT ( 'NONE',  ( 3.167922211362114826, 3.047499999999999432, 0.4634324369325712456 ) ) ;
#1287 = ORIENTED_EDGE ( 'NONE', *, *, #2824, .T. ) ;
#1288 = FILL_AREA_STYLE ('',( #639 ) ) ;
#1289 = LINE ( 'NONE', #2050, #5471 ) ;
#1290 = DIRECTION ( 'NONE',  ( 1.796807147387287380E-16, -1.000000000000000000, 2.107691668489495803E-17 ) ) ;
#1291 = EDGE_CURVE ( 'NONE', #6222, #2199, #810, .T. ) ;
#1292 = EDGE_CURVE ( 'NONE', #1594, #684, #1528, .T. ) ;
#1293 = EDGE_CURVE ( 'NONE', #4890, #2447, #2250, .T. ) ;
#1294 = STYLED_ITEM ( 'NONE', ( #5997 ), #7102 ) ;
#1295 = CARTESIAN_POINT ( 'NONE',  ( -4.852500000000000036, -0.3322500000000009890, 2.660000000000000142 ) ) ;
#1296 = DIRECTION ( 'NONE',  ( 1.000000000000000000, 0.000000000000000000, -0.000000000000000000 ) ) ;
#1297 =( NAMED_UNIT ( * ) SI_UNIT ( $, .STERADIAN. ) SOLID_ANGLE_UNIT ( ) );
#1298 = CARTESIAN_POINT ( 'NONE',  ( 3.545609128038690550, -0.7672500000000000986, 0.8062182560773819562 ) ) ;
#1299 =( NAMED_UNIT ( * ) PLANE_ANGLE_UNIT ( ) SI_UNIT ( $, .RADIAN. ) );
#1300 = SURFACE_STYLE_FILL_AREA ( #8296 ) ;
#1301 = LINE ( 'NONE', #2601, #8665 ) ;
#1302 = AXIS2_PLACEMENT_3D ( 'NONE', #1666, #265, #995 ) ;
#1303 = CARTESIAN_POINT ( 'NONE',  ( -1.222499999999999698, 0.2322500000000000397, -1.899999999999999911 ) ) ;
#1304 = ADVANCED_FACE ( 'NONE', ( #7943 ), #3966, .T. ) ;
#1305 = ADVANCED_FACE ( 'NONE', ( #2592 ), #1167, .T. ) ;
#1306 = ORIENTED_EDGE ( 'NONE', *, *, #8810, .T. ) ;
#1307 = FILL_AREA_STYLE ('',( #3527 ) ) ;
#1308 = STYLED_ITEM ( 'NONE', ( #8202 ), #7597 ) ;
#1309 = CARTESIAN_POINT ( 'NONE',  ( 4.669945552263288668, -0.09224999999999906886, -2.044279695023480059 ) ) ;
#1310 = SURFACE_STYLE_FILL_AREA ( #4618 ) ;
#1311 = CARTESIAN_POINT ( 'NONE',  ( -3.770634082987819991, 0.3248361564241389887, 2.660000000000000142 ) ) ;
#1312 = STYLED_ITEM ( 'NONE', ( #4589 ), #3318 ) ;
#1313 = DIRECTION ( 'NONE',  ( -4.823386660693620032E-16, 1.000000000000000000, -0.000000000000000000 ) ) ;
#1314 = CARTESIAN_POINT ( 'NONE',  ( 3.855342712474620015, -0.09224999999999895783, -1.918578643762690605 ) ) ;
#1315 = VECTOR ( 'NONE', #7979, 1000.000000000000000 ) ;
#1316 = VECTOR ( 'NONE', #3669, 1000.000000000000000 ) ;
#1317 = CARTESIAN_POINT ( 'NONE',  ( -4.852500000000000036, -0.6672500000000000098, 2.660000000000000142 ) ) ;
#1318 = EDGE_LOOP ( 'NONE', ( #4997, #3680, #1823, #2877 ) ) ;
#1319 = CARTESIAN_POINT ( 'NONE',  ( -4.852500000000000036, -0.3322500000000009890, -1.899999999999999911 ) ) ;
#1320 = SURFACE_STYLE_USAGE ( .BOTH. , #1937 ) ;
#1321 = ORIENTED_EDGE ( 'NONE', *, *, #237, .T. ) ;
#1322 = SURFACE_SIDE_STYLE ('',( #1280 ) ) ;
#1323 = STYLED_ITEM ( 'NONE', ( #2946 ), #3821 ) ;
#1324 = AXIS2_PLACEMENT_3D ( 'NONE', #4340, #5724, #5806 ) ;
#1325 = CARTESIAN_POINT ( 'NONE',  ( 0.9525000000000011235, -0.7672500000000012088, 2.160000000000000142 ) ) ;
#1326 = VERTEX_POINT ( 'NONE', #2556 ) ;
#1327 =( LENGTH_UNIT ( ) NAMED_UNIT ( * ) SI_UNIT ( .MILLI., .METRE. ) );
#1328 = ORIENTED_EDGE ( 'NONE', *, *, #4740, .T. ) ;
#1329 =( GEOMETRIC_REPRESENTATION_CONTEXT ( 3 ) GLOBAL_UNCERTAINTY_ASSIGNED_CONTEXT ( ( #8510 ) ) GLOBAL_UNIT_ASSIGNED_CONTEXT ( ( #7668, #7617, #2193 ) ) REPRESENTATION_CONTEXT ( 'NONE', 'WORKASPACE' ) );
#1330 = DIRECTION ( 'NONE',  ( 1.000000000000000000, 0.000000000000000000, 0.000000000000000000 ) ) ;
#1331 = DIRECTION ( 'NONE',  ( -0.000000000000000000, -0.000000000000000000, -1.000000000000000000 ) ) ;
#1332 =( NAMED_UNIT ( * ) PLANE_ANGLE_UNIT ( ) SI_UNIT ( $, .RADIAN. ) );
#1333 = ORIENTED_EDGE ( 'NONE', *, *, #7468, .F. ) ;
#1334 = CIRCLE ( 'NONE', #2353, 0.2999999999999999334 ) ;
#1335 =( GEOMETRIC_REPRESENTATION_CONTEXT ( 3 ) GLOBAL_UNCERTAINTY_ASSIGNED_CONTEXT ( ( #7148 ) ) GLOBAL_UNIT_ASSIGNED_CONTEXT ( ( #2895, #6832, #4091 ) ) REPRESENTATION_CONTEXT ( 'NONE', 'WORKASPACE' ) );
#1336 = CARTESIAN_POINT ( 'NONE',  ( 4.787102839788669684, -0.09224999999999890232, -1.944279695023480192 ) ) ;
#1337 = CARTESIAN_POINT ( 'NONE',  ( -4.120000000000000107, 0.03274999999999959888, -2.754999999999999893 ) ) ;
#1338 = CARTESIAN_POINT ( 'NONE',  ( -3.833333768778730999, 0.1521730769230761060, 1.899999999999999911 ) ) ;
#1339 =( LENGTH_UNIT ( ) NAMED_UNIT ( * ) SI_UNIT ( .MILLI., .METRE. ) );
#1340 = DIRECTION ( 'NONE',  ( 1.000000000000000000, 4.497431234013940009E-16, -0.000000000000000000 ) ) ;
#1341 = CARTESIAN_POINT ( 'NONE',  ( 0.9774054981402150455, -0.1591874171070370991, 2.151030663926139841 ) ) ;
#1342 = ADVANCED_FACE ( 'NONE', ( #5267 ), #3930, .T. ) ;
#1343 = DIRECTION ( 'NONE',  ( 1.000000000000000000, 0.000000000000000000, 0.000000000000000000 ) ) ;
#1344 = PRESENTATION_LAYER_ASSIGNMENT (  '', '', ( #2202 ) ) ;
#1345 = PRESENTATION_STYLE_ASSIGNMENT (( #7469 ) ) ;
#1346 =( GEOMETRIC_REPRESENTATION_CONTEXT ( 3 ) GLOBAL_UNCERTAINTY_ASSIGNED_CONTEXT ( ( #3929 ) ) GLOBAL_UNIT_ASSIGNED_CONTEXT ( ( #1327, #3958, #8823 ) ) REPRESENTATION_CONTEXT ( 'NONE', 'WORKASPACE' ) );
#1347 = VERTEX_POINT ( 'NONE', #8247 ) ;
#1348 = CARTESIAN_POINT ( 'NONE',  ( -2.855207625734560217, -0.2677499999999999880, 1.804999999999999938 ) ) ;
#1349 =( LENGTH_UNIT ( ) NAMED_UNIT ( * ) SI_UNIT ( .MILLI., .METRE. ) );
#1350 = CARTESIAN_POINT ( 'NONE',  ( 0.8525000000000000355, -0.1922500000000008369, 0.8629237369103519573 ) ) ;
#1351 = EDGE_CURVE ( 'NONE', #2398, #5039, #1386, .T. ) ;
#1352 = LINE ( 'NONE', #7480, #7607 ) ;
#1353 = EDGE_CURVE ( 'NONE', #5081, #5249, #5526, .T. ) ;
#1354 = DIRECTION ( 'NONE',  ( 0.000000000000000000, -0.9848706617970864885, -0.1732910255361449769 ) ) ;
#1355 =( LENGTH_UNIT ( ) NAMED_UNIT ( * ) SI_UNIT ( .MILLI., .METRE. ) );
#1356 = VECTOR ( 'NONE', #4883, 1000.000000000000000 ) ;
#1357 = ORIENTED_EDGE ( 'NONE', *, *, #7359, .F. ) ;
#1358 =( NAMED_UNIT ( * ) PLANE_ANGLE_UNIT ( ) SI_UNIT ( $, .RADIAN. ) );
#1359 = ORIENTED_EDGE ( 'NONE', *, *, #4463, .T. ) ;
#1360 = ORIENTED_EDGE ( 'NONE', *, *, #8134, .T. ) ;
#1361 = AXIS2_PLACEMENT_3D ( 'NONE', #1794, #395, #8735 ) ;
#1362 = STYLED_ITEM ( 'NONE', ( #8400 ), #4966 ) ;
#1363 = EDGE_LOOP ( 'NONE', ( #3158, #4084, #3552, #284 ) ) ;
#1364 = VERTEX_POINT ( 'NONE', #4779 ) ;
#1365 = CARTESIAN_POINT ( 'NONE',  ( 0.7681082798118542554, -0.09225000000000058153, 0.4737494866203167398 ) ) ;
#1366 = VERTEX_POINT ( 'NONE', #7511 ) ;
#1367 = VERTEX_POINT ( 'NONE', #8196 ) ;
#1368 = ORIENTED_EDGE ( 'NONE', *, *, #5782, .T. ) ;
#1369 = MECHANICAL_DESIGN_GEOMETRIC_PRESENTATION_REPRESENTATION (  '', ( #5228 ), #7236 ) ;
#1370 = FILL_AREA_STYLE ('',( #2802 ) ) ;
#1371 = VERTEX_POINT ( 'NONE', #8870 ) ;
#1372 = ORIENTED_EDGE ( 'NONE', *, *, #5382, .F. ) ;
#1373 = PLANE ( 'NONE',  #6913 ) ;
#1374 = FILL_AREA_STYLE ('',( #8828 ) ) ;
#1375 = DIRECTION ( 'NONE',  ( -1.000000000000000000, -0.000000000000000000, 0.000000000000000000 ) ) ;
#1376 = PRESENTATION_LAYER_ASSIGNMENT (  '', '', ( #4964 ) ) ;
#1377 = LINE ( 'NONE', #4094, #2543 ) ;
#1378 = DIRECTION ( 'NONE',  ( 0.000000000000000000, 0.000000000000000000, 1.000000000000000000 ) ) ;
#1379 = CARTESIAN_POINT ( 'NONE',  ( 4.732244928464464095, -0.09224999999999879130, 2.044279695023479615 ) ) ;
#1380 = CARTESIAN_POINT ( 'NONE',  ( 4.787102839788669684, -0.09224999999999881906, 1.844279695023480103 ) ) ;
#1381 =( NAMED_UNIT ( * ) PLANE_ANGLE_UNIT ( ) SI_UNIT ( $, .RADIAN. ) );
#1382 = CARTESIAN_POINT ( 'NONE',  ( 4.852500000000000036, -0.1922499999999990050, -2.502499999999999947 ) ) ;
#1383 =( GEOMETRIC_REPRESENTATION_CONTEXT ( 3 ) GLOBAL_UNCERTAINTY_ASSIGNED_CONTEXT ( ( #8437 ) ) GLOBAL_UNIT_ASSIGNED_CONTEXT ( ( #7826, #4353, #318 ) ) REPRESENTATION_CONTEXT ( 'NONE', 'WORKASPACE' ) );
#1384 = CIRCLE ( 'NONE', #968, 0.09999999999999995004 ) ;
#1385 = CARTESIAN_POINT ( 'NONE',  ( 3.914764973081038768, -0.1345149730810361877, 2.560235026918962653 ) ) ;
#1386 = CIRCLE ( 'NONE', #2810, 0.7999999999999999334 ) ;
#1387 = DIRECTION ( 'NONE',  ( 0.000000000000000000, 0.000000000000000000, 1.000000000000000000 ) ) ;
#1388 = ORIENTED_EDGE ( 'NONE', *, *, #2611, .T. ) ;
#1389 = CARTESIAN_POINT ( 'NONE',  ( 2.803133701591290272, -2.878590794297183120, 2.114950978616525923 ) ) ;
#1390 = DIRECTION ( 'NONE',  ( -0.000000000000000000, -0.000000000000000000, -1.000000000000000000 ) ) ;
#1391 = CARTESIAN_POINT ( 'NONE',  ( 4.787102839788669684, -0.09224999999999902722, -2.044279695023480059 ) ) ;
#1392 = ORIENTED_EDGE ( 'NONE', *, *, #8853, .T. ) ;
#1393 = CARTESIAN_POINT ( 'NONE',  ( 5.217897160211330210, -0.09224999999999859701, -1.944279695023480192 ) ) ;
#1394 = FILL_AREA_STYLE_COLOUR ( '', #7492 ) ;
#1395 = VECTOR ( 'NONE', #7731, 1000.000000000000000 ) ;
#1396 = FACE_OUTER_BOUND ( 'NONE', #678, .T. ) ;
#1397 = EDGE_CURVE ( 'NONE', #1458, #6042, #6745, .T. ) ;
#1398 = EDGE_CURVE ( 'NONE', #4398, #4267, #3244, .T. ) ;
#1399 = EDGE_CURVE ( 'NONE', #5039, #2755, #1377, .T. ) ;
#1400 = EDGE_LOOP ( 'NONE', ( #6390, #7976, #3294, #7366 ) ) ;
#1401 = COLOUR_RGB ( '',0.8313725490196077761, 0.8313725490196077761, 0.8313725490196077761 ) ;
#1402 = DIRECTION ( 'NONE',  ( -5.482582837655000045E-16, 1.000000000000000000, 0.000000000000000000 ) ) ;
#1403 = ORIENTED_EDGE ( 'NONE', *, *, #1272, .T. ) ;
#1404 = CARTESIAN_POINT ( 'NONE',  ( 3.472499999999999254, -0.1922499999999995046, -2.060000000000000053 ) ) ;
#1405 = VERTEX_POINT ( 'NONE', #4826 ) ;
#1406 = STYLED_ITEM ( 'NONE', ( #8688 ), #624 ) ;
#1407 =( NAMED_UNIT ( * ) SI_UNIT ( $, .STERADIAN. ) SOLID_ANGLE_UNIT ( ) );
#1408 = VERTEX_POINT ( 'NONE', #2724 ) ;
#1409 = ORIENTED_EDGE ( 'NONE', *, *, #4463, .F. ) ;
#1410 = VERTEX_POINT ( 'NONE', #2680 ) ;
#1411 = SURFACE_SIDE_STYLE ('',( #4225 ) ) ;
#1412 = CARTESIAN_POINT ( 'NONE',  ( -0.5585411085144164067, -0.2418278949238897302, 2.379999999999999449 ) ) ;
#1413 = EDGE_LOOP ( 'NONE', ( #4706, #4896, #3118, #3017 ) ) ;
#1414 = ORIENTED_EDGE ( 'NONE', *, *, #3535, .F. ) ;
#1415 = CARTESIAN_POINT ( 'NONE',  ( -1.222499999999999920, 0.7672499999999990994, 1.899999999999999911 ) ) ;
#1416 = CARTESIAN_POINT ( 'NONE',  ( -2.732499999999999929, 0.2322500000000000397, -0.3800000000000000044 ) ) ;
#1417 = SURFACE_SIDE_STYLE ('',( #1512 ) ) ;
#1418 =( LENGTH_UNIT ( ) NAMED_UNIT ( * ) SI_UNIT ( .MILLI., .METRE. ) );
#1419 = CIRCLE ( 'NONE', #1141, 0.1000000000000002554 ) ;
#1420 = CARTESIAN_POINT ( 'NONE',  ( 3.545609128038690105, -0.7672499999999999876, -0.6562182560773820450 ) ) ;
#1421 = FILL_AREA_STYLE_COLOUR ( '', #8411 ) ;
#1422 = CARTESIAN_POINT ( 'NONE',  ( 3.271691034137318432, -0.1502197237623932868, 2.217966438303961230 ) ) ;
#1423 = CARTESIAN_POINT ( 'NONE',  ( -4.852500000000000036, -0.6672500000000000098, -2.660000000000000142 ) ) ;
#1424 = CARTESIAN_POINT ( 'NONE',  ( 3.421339264947465875, -0.09894019910553376873, 2.064368729000466196 ) ) ;
#1425 = MECHANICAL_DESIGN_GEOMETRIC_PRESENTATION_REPRESENTATION (  '', ( #4125 ), #2575 ) ;
#1426 = VECTOR ( 'NONE', #5926, 1000.000000000000000 ) ;
#1427 = PRESENTATION_STYLE_ASSIGNMENT (( #697 ) ) ;
#1428 = DIRECTION ( 'NONE',  ( 1.000000000000000000, 0.000000000000000000, 0.000000000000000000 ) ) ;
#1429 = LINE ( 'NONE', #7620, #4048 ) ;
#1430 = ADVANCED_FACE ( 'NONE', ( #6060 ), #4872, .T. ) ;
#1431 = AXIS2_PLACEMENT_3D ( 'NONE', #448, #3935, #3808 ) ;
#1432 = FILL_AREA_STYLE ('',( #6944 ) ) ;
#1433 = PRESENTATION_STYLE_ASSIGNMENT (( #7573 ) ) ;
#1434 = SURFACE_STYLE_FILL_AREA ( #7575 ) ;
#1435 = CARTESIAN_POINT ( 'NONE',  ( 4.852500000000000036, -0.4297499999999990217, 1.944279695023480192 ) ) ;
#1436 = CARTESIAN_POINT ( 'NONE',  ( -0.4965983550734300866, -0.1609122710552956526, 2.330000000000000071 ) ) ;
#1437 = DIRECTION ( 'NONE',  ( 0.5220116514400391372, 0.5176389217158351430, 0.6779039625829831328 ) ) ;
#1438 = DIRECTION ( 'NONE',  ( -1.000000000000000000, -4.497431234013940009E-16, 0.000000000000000000 ) ) ;
#1439 = FACE_OUTER_BOUND ( 'NONE', #6571, .T. ) ;
#1440 = EDGE_LOOP ( 'NONE', ( #1735, #4352, #2212, #1783, #7837 ) ) ;
#1441 = MECHANICAL_DESIGN_GEOMETRIC_PRESENTATION_REPRESENTATION (  '', ( #6299 ), #7435 ) ;
#1442 = DIRECTION ( 'NONE',  ( 0.000000000000000000, 0.000000000000000000, 1.000000000000000000 ) ) ;
#1443 = DIRECTION ( 'NONE',  ( 1.000000000000000000, -2.593979029498029835E-16, 0.000000000000000000 ) ) ;
#1444 = CARTESIAN_POINT ( 'NONE',  ( 4.852500000000000036, -0.1922499999999990050, 2.044279695023480059 ) ) ;
#1445 = UNCERTAINTY_MEASURE_WITH_UNIT (LENGTH_MEASURE( 1.000000000000000082E-05 ), #8203, 'distance_accuracy_value', 'NONE');
#1446 = STYLED_ITEM ( 'NONE', ( #3531 ), #7370 ) ;
#1447 = ORIENTED_EDGE ( 'NONE', *, *, #2932, .F. ) ;
#1448 = CARTESIAN_POINT ( 'NONE',  ( 4.852500000000000036, -0.1922499999999990050, 2.044279695023480059 ) ) ;
#1449 = SURFACE_STYLE_USAGE ( .BOTH. , #2835 ) ;
#1450 = VERTEX_POINT ( 'NONE', #6212 ) ;
#1451 = FILL_AREA_STYLE_COLOUR ( '', #439 ) ;
#1452 = ORIENTED_EDGE ( 'NONE', *, *, #1516, .T. ) ;
#1453 = ADVANCED_FACE ( 'NONE', ( #6158 ), #111, .T. ) ;
#1454 = FACE_OUTER_BOUND ( 'NONE', #1318, .T. ) ;
#1455 = UNCERTAINTY_MEASURE_WITH_UNIT (LENGTH_MEASURE( 1.000000000000000082E-05 ), #5105, 'distance_accuracy_value', 'NONE');
#1456 = CARTESIAN_POINT ( 'NONE',  ( 0.6991649717641892359, -0.1922500000000011144, -0.4767649084586313979 ) ) ;
#1457 =( GEOMETRIC_REPRESENTATION_CONTEXT ( 3 ) GLOBAL_UNCERTAINTY_ASSIGNED_CONTEXT ( ( #2365 ) ) GLOBAL_UNIT_ASSIGNED_CONTEXT ( ( #8087, #2152, #4937 ) ) REPRESENTATION_CONTEXT ( 'NONE', 'WORKASPACE' ) );
#1458 = VERTEX_POINT ( 'NONE', #197 ) ;
#1459 = ORIENTED_EDGE ( 'NONE', *, *, #7980, .F. ) ;
#1460 = MECHANICAL_DESIGN_GEOMETRIC_PRESENTATION_REPRESENTATION (  '', ( #3170 ), #8183 ) ;
#1461 =( NAMED_UNIT ( * ) PLANE_ANGLE_UNIT ( ) SI_UNIT ( $, .RADIAN. ) );
#1462 = FILL_AREA_STYLE_COLOUR ( '', #7069 ) ;
#1463 = EDGE_LOOP ( 'NONE', ( #7600, #5597, #2081, #4900 ) ) ;
#1464 = ORIENTED_EDGE ( 'NONE', *, *, #2997, .T. ) ;
#1465 = PLANE ( 'NONE',  #479 ) ;
#1466 = COLOUR_RGB ( '',0.2862745098039215508, 0.2862745098039215508, 0.2862745098039215508 ) ;
#1467 = CARTESIAN_POINT ( 'NONE',  ( -3.770634082987815550, 0.3248361564241368793, -1.804999999999999716 ) ) ;
#1468 = CARTESIAN_POINT ( 'NONE',  ( 3.572499999999999787, -0.7672499999999999876, 2.060000000000000053 ) ) ;
#1469 = LINE ( 'NONE', #5573, #1784 ) ;
#1470 = DIRECTION ( 'NONE',  ( 1.000000000000000000, 7.228014483236697541E-16, 0.000000000000000000 ) ) ;
#1471 = CIRCLE ( 'NONE', #2618, 0.7999999999999999334 ) ;
#1472 =( LENGTH_UNIT ( ) NAMED_UNIT ( * ) SI_UNIT ( .MILLI., .METRE. ) );
#1473 = CARTESIAN_POINT ( 'NONE',  ( -3.055000000000000604, 0.7672499999999990994, 1.899999999999999911 ) ) ;
#1474 = CARTESIAN_POINT ( 'NONE',  ( 4.897221359549996045, -0.1922499999999989773, 1.954836975923488485 ) ) ;
#1475 = COLOUR_RGB ( '',0.8313725490196077761, 0.8313725490196077761, 0.8313725490196077761 ) ;
#1476 = STYLED_ITEM ( 'NONE', ( #1433 ), #2452 ) ;
#1477 =( LENGTH_UNIT ( ) NAMED_UNIT ( * ) SI_UNIT ( .MILLI., .METRE. ) );
#1478 =( NAMED_UNIT ( * ) PLANE_ANGLE_UNIT ( ) SI_UNIT ( $, .RADIAN. ) );
#1479 = CARTESIAN_POINT ( 'NONE',  ( 4.964667334400298060, -0.1381612462889799109, -2.509448992645571863 ) ) ;
#1480 = VECTOR ( 'NONE', #6114, 1000.000000000000000 ) ;
#1481 = CARTESIAN_POINT ( 'NONE',  ( 4.952499999999999680, -0.09224999999999869416, 1.860000000000000098 ) ) ;
#1482 = PLANE ( 'NONE',  #6216 ) ;
#1483 = FILL_AREA_STYLE_COLOUR ( '', #8498 ) ;
#1484 = DIRECTION ( 'NONE',  ( 0.05882415968471767925, 0.000000000000000000, 0.9982683598298539573 ) ) ;
#1485 = SURFACE_STYLE_USAGE ( .BOTH. , #7676 ) ;
#1486 = COLOUR_RGB ( '',0.8313725490196077761, 0.8313725490196077761, 0.8313725490196077761 ) ;
#1487 = FILL_AREA_STYLE ('',( #3395 ) ) ;
#1488 =( NAMED_UNIT ( * ) PLANE_ANGLE_UNIT ( ) SI_UNIT ( $, .RADIAN. ) );
#1489 = STYLED_ITEM ( 'NONE', ( #2046 ), #8903 ) ;
#1490 = SURFACE_STYLE_USAGE ( .BOTH. , #3445 ) ;
#1491 = PRESENTATION_LAYER_ASSIGNMENT (  '', '', ( #5904 ) ) ;
#1492 = AXIS2_PLACEMENT_3D ( 'NONE', #1747, #5718, #5058 ) ;
#1493 = VERTEX_POINT ( 'NONE', #4971 ) ;
#1494 = CARTESIAN_POINT ( 'NONE',  ( 2.803133701591290272, -0.7618749999999999689, 2.380000000000000338 ) ) ;
#1495 = ORIENTED_EDGE ( 'NONE', *, *, #502, .F. ) ;
#1496 = CARTESIAN_POINT ( 'NONE',  ( 2.970000000000000639, -3.047499999999999876, 0.6749999999999997113 ) ) ;
#1497 = CARTESIAN_POINT ( 'NONE',  ( 3.572499999999999787, -0.09224999999999926314, -1.860000000000000098 ) ) ;
#1498 = VERTEX_POINT ( 'NONE', #3741 ) ;
#1499 = AXIS2_PLACEMENT_3D ( 'NONE', #6321, #4802, #7533 ) ;
#1500 = PRESENTATION_LAYER_ASSIGNMENT (  '', '', ( #3339 ) ) ;
#1501 =( LENGTH_UNIT ( ) NAMED_UNIT ( * ) SI_UNIT ( .MILLI., .METRE. ) );
#1502 = DIRECTION ( 'NONE',  ( 1.000000000000000000, 0.000000000000000000, 0.000000000000000000 ) ) ;
#1503 = CLOSED_SHELL ( 'NONE', ( #5658, #3868, #8564, #7596, #3638, #7101, #7597, #2995, #6337, #1893, #3754, #8903, #391, #5272, #8264, #6446, #3151, #1567, #7102, #2276, #5489, #6225, #1828, #3519, #4966, #2123, #4177, #5231, #3909, #3810, #7540, #6611, #4350 ) ) ;
#1504 = EDGE_CURVE ( 'NONE', #6340, #5111, #5620, .T. ) ;
#1505 = EDGE_LOOP ( 'NONE', ( #326, #3600, #2229, #6378 ) ) ;
#1506 = MECHANICAL_DESIGN_GEOMETRIC_PRESENTATION_REPRESENTATION (  '', ( #5085 ), #779 ) ;
#1507 = VERTEX_POINT ( 'NONE', #336 ) ;
#1508 = FACE_OUTER_BOUND ( 'NONE', #5565, .T. ) ;
#1509 = VERTEX_POINT ( 'NONE', #5710 ) ;
#1510 = ORIENTED_EDGE ( 'NONE', *, *, #6397, .F. ) ;
#1511 = CARTESIAN_POINT ( 'NONE',  ( -3.903095123049503457, -0.008589285714287469772, 1.899999999999999911 ) ) ;
#1512 = SURFACE_STYLE_FILL_AREA ( #7558 ) ;
#1513 = STYLED_ITEM ( 'NONE', ( #3102 ), #4969 ) ;
#1514 = SURFACE_STYLE_FILL_AREA ( #5525 ) ;
#1515 = EDGE_CURVE ( 'NONE', #5777, #3776, #1559, .T. ) ;
#1516 = EDGE_CURVE ( 'NONE', #5156, #1347, #295, .T. ) ;
#1517 = EDGE_CURVE ( 'NONE', #6340, #1726, #4422, .T. ) ;
#1518 = SURFACE_STYLE_FILL_AREA ( #7418 ) ;
#1519 = DIRECTION ( 'NONE',  ( -8.611386656002740130E-16, 1.000000000000000000, 0.000000000000000000 ) ) ;
#1520 = DIRECTION ( 'NONE',  ( -0.000000000000000000, -0.000000000000000000, -1.000000000000000000 ) ) ;
#1521 = CARTESIAN_POINT ( 'NONE',  ( -3.242815959658425840, 0.04809771563645236919, 0.000000000000000000 ) ) ;
#1522 = LINE ( 'NONE', #7038, #6568 ) ;
#1523 = COLOUR_RGB ( '',0.2862745098039215508, 0.2862745098039215508, 0.2862745098039215508 ) ;
#1524 = CYLINDRICAL_SURFACE ( 'NONE', #4452, 0.1000000000000002554 ) ;
#1525 = SURFACE_STYLE_FILL_AREA ( #5766 ) ;
#1526 = AXIS2_PLACEMENT_3D ( 'NONE', #596, #6106, #2766 ) ;
#1527 = PRESENTATION_STYLE_ASSIGNMENT (( #4939 ) ) ;
#1528 = CIRCLE ( 'NONE', #3109, 0.1000000000000000194 ) ;
#1529 = CARTESIAN_POINT ( 'NONE',  ( 3.399390871961310179, -0.09224999999999944356, 0.6562182560773820450 ) ) ;
#1530 = SURFACE_STYLE_USAGE ( .BOTH. , #2118 ) ;
#1531 = CARTESIAN_POINT ( 'NONE',  ( 3.270000000000000462, -2.617931184094170138, 0.2812148343424689667 ) ) ;
#1532 = UNCERTAINTY_MEASURE_WITH_UNIT (LENGTH_MEASURE( 1.000000000000000082E-05 ), #33, 'distance_accuracy_value', 'NONE');
#1533 = EDGE_LOOP ( 'NONE', ( #4625, #7653, #1372, #3830 ) ) ;
#1534 = CARTESIAN_POINT ( 'NONE',  ( 4.852500000000000036, -0.1475286404500032178, -1.954836975923488485 ) ) ;
#1535 = CARTESIAN_POINT ( 'NONE',  ( -3.037458732099331371, -2.740054341017593043, 2.217578721651790818 ) ) ;
#1536 = SURFACE_STYLE_FILL_AREA ( #3584 ) ;
#1537 = ORIENTED_EDGE ( 'NONE', *, *, #1678, .T. ) ;
#1538 = CARTESIAN_POINT ( 'NONE',  ( 4.852500000000000036, -0.1922499999999991716, 2.502499999999999947 ) ) ;
#1539 = DIRECTION ( 'NONE',  ( 0.000000000000000000, 0.000000000000000000, -1.000000000000000000 ) ) ;
#1540 = ORIENTED_EDGE ( 'NONE', *, *, #7239, .T. ) ;
#1541 =( GEOMETRIC_REPRESENTATION_CONTEXT ( 3 ) GLOBAL_UNCERTAINTY_ASSIGNED_CONTEXT ( ( #6707 ) ) GLOBAL_UNIT_ASSIGNED_CONTEXT ( ( #6531, #5552, #8227 ) ) REPRESENTATION_CONTEXT ( 'NONE', 'WORKASPACE' ) );
#1542 = PLANE ( 'NONE',  #4470 ) ;
#1543 = UNCERTAINTY_MEASURE_WITH_UNIT (LENGTH_MEASURE( 1.000000000000000082E-05 ), #1147, 'distance_accuracy_value', 'NONE');
#1544 = CARTESIAN_POINT ( 'NONE',  ( 0.4819120798423590646, -0.1922500000000009479, 0.3637895569954248121 ) ) ;
#1545 = STYLED_ITEM ( 'NONE', ( #8452 ), #5670 ) ;
#1546 = ADVANCED_FACE ( 'NONE', ( #6974 ), #7114, .T. ) ;
#1547 = ORIENTED_EDGE ( 'NONE', *, *, #3411, .T. ) ;
#1548 = ORIENTED_EDGE ( 'NONE', *, *, #2669, .T. ) ;
#1549 = SURFACE_SIDE_STYLE ('',( #2088 ) ) ;
#1550 = FILL_AREA_STYLE ('',( #187 ) ) ;
#1551 = ORIENTED_EDGE ( 'NONE', *, *, #3108, .T. ) ;
#1552 = LINE ( 'NONE', #3422, #8217 ) ;
#1553 = LINE ( 'NONE', #4230, #5175 ) ;
#1554 =( NAMED_UNIT ( * ) SI_UNIT ( $, .STERADIAN. ) SOLID_ANGLE_UNIT ( ) );
#1555 = MECHANICAL_DESIGN_GEOMETRIC_PRESENTATION_REPRESENTATION (  '', ( #1848 ), #2991 ) ;
#1556 = COLOUR_RGB ( '',0.8313725490196077761, 0.8313725490196077761, 0.8313725490196077761 ) ;
#1557 =( LENGTH_UNIT ( ) NAMED_UNIT ( * ) SI_UNIT ( .MILLI., .METRE. ) );
#1558 = CIRCLE ( 'NONE', #8443, 0.1000000000000002554 ) ;
#1559 = LINE ( 'NONE', #3560, #3816 ) ;
#1560 = MECHANICAL_DESIGN_GEOMETRIC_PRESENTATION_REPRESENTATION (  '', ( #8579 ), #7109 ) ;
#1561 = FACE_OUTER_BOUND ( 'NONE', #5994, .T. ) ;
#1562 = SURFACE_STYLE_FILL_AREA ( #2726 ) ;
#1563 = CARTESIAN_POINT ( 'NONE',  ( 3.372500000000000053, -0.1475286404500048276, -2.149442719099992072 ) ) ;
#1564 = SURFACE_STYLE_FILL_AREA ( #4976 ) ;
#1565 = AXIS2_PLACEMENT_3D ( 'NONE', #8774, #8726, #5298 ) ;
#1566 = EDGE_CURVE ( 'NONE', #7922, #2832, #1384, .T. ) ;
#1567 = ADVANCED_FACE ( 'NONE', ( #4921 ), #7663, .T. ) ;
#1568 =( NAMED_UNIT ( * ) PLANE_ANGLE_UNIT ( ) SI_UNIT ( $, .RADIAN. ) );
#1569 = CARTESIAN_POINT ( 'NONE',  ( 3.545609128038689661, -0.09224999999999940192, -0.8062182560773819562 ) ) ;
#1570 = DIRECTION ( 'NONE',  ( -0.000000000000000000, -0.000000000000000000, -1.000000000000000000 ) ) ;
#1571 = SURFACE_STYLE_FILL_AREA ( #7123 ) ;
#1572 = COLOUR_RGB ( '',0.2862745098039215508, 0.2862745098039215508, 0.2862745098039215508 ) ;
#1573 = LINE ( 'NONE', #3805, #5696 ) ;
#1574 = LINE ( 'NONE', #7720, #4260 ) ;
#1575 = CARTESIAN_POINT ( 'NONE',  ( 3.872500000000000053, -0.7672499999999999876, 2.060000000000000053 ) ) ;
#1576 = CARTESIAN_POINT ( 'NONE',  ( -3.270000000000000462, -2.734608270214919923, 0.6750000000000004885 ) ) ;
#1577 = SURFACE_STYLE_USAGE ( .BOTH. , #4889 ) ;
#1578 = SURFACE_STYLE_USAGE ( .BOTH. , #7723 ) ;
#1579 = ADVANCED_FACE ( 'NONE', ( #3322 ), #8125, .T. ) ;
#1580 = EDGE_CURVE ( 'NONE', #1639, #5035, #2260, .T. ) ;
#1581 = CARTESIAN_POINT ( 'NONE',  ( -0.5349199982454049263, 0.3017308323982984541, 2.380000000000000338 ) ) ;
#1582 = STYLED_ITEM ( 'NONE', ( #8549 ), #7036 ) ;
#1583 = CARTESIAN_POINT ( 'NONE',  ( 4.952499999999999680, -0.1922499999999990050, 2.502499999999999947 ) ) ;
#1584 = MECHANICAL_DESIGN_GEOMETRIC_PRESENTATION_REPRESENTATION (  '', ( #3148 ), #4283 ) ;
#1585 = ORIENTED_EDGE ( 'NONE', *, *, #7311, .F. ) ;
#1586 = VERTEX_POINT ( 'NONE', #8083 ) ;
#1587 =( NAMED_UNIT ( * ) SI_UNIT ( $, .STERADIAN. ) SOLID_ANGLE_UNIT ( ) );
#1588 = ORIENTED_EDGE ( 'NONE', *, *, #6445, .F. ) ;
#1589 = MECHANICAL_DESIGN_GEOMETRIC_PRESENTATION_REPRESENTATION (  '', ( #1159 ), #8604 ) ;
#1590 = FILL_AREA_STYLE_COLOUR ( '', #8888 ) ;
#1591 = VERTEX_POINT ( 'NONE', #2620 ) ;
#1592 = PRESENTATION_STYLE_ASSIGNMENT (( #3545 ) ) ;
#1593 = DIRECTION ( 'NONE',  ( 0.000000000000000000, 1.000000000000000000, 0.000000000000000000 ) ) ;
#1594 = VERTEX_POINT ( 'NONE', #5331 ) ;
#1595 = ORIENTED_EDGE ( 'NONE', *, *, #6385, .F. ) ;
#1596 = DIRECTION ( 'NONE',  ( 0.000000000000000000, 0.9848706617970864885, 0.1732910255361449769 ) ) ;
#1597 = SURFACE_SIDE_STYLE ('',( #3505 ) ) ;
#1598 = ORIENTED_EDGE ( 'NONE', *, *, #6210, .F. ) ;
#1599 =( GEOMETRIC_REPRESENTATION_CONTEXT ( 3 ) GLOBAL_UNCERTAINTY_ASSIGNED_CONTEXT ( ( #7995 ) ) GLOBAL_UNIT_ASSIGNED_CONTEXT ( ( #2057, #5440, #7517 ) ) REPRESENTATION_CONTEXT ( 'NONE', 'WORKASPACE' ) );
#1600 =( NAMED_UNIT ( * ) PLANE_ANGLE_UNIT ( ) SI_UNIT ( $, .RADIAN. ) );
#1601 = B_SPLINE_CURVE_WITH_KNOTS ( 'NONE', 3,
 ( #582, #3364, #6050, #8856 ),
 .UNSPECIFIED., .F., .F.,
 ( 4, 4 ),
 ( 0.000000000000000000, 1.000000000000000000 ),
 .UNSPECIFIED. ) ;
#1602 = AXIS2_PLACEMENT_3D ( 'NONE', #6689, #4838, #7577 ) ;
#1603 = CARTESIAN_POINT ( 'NONE',  ( 3.972500000000000142, -0.7672500000000000986, 2.602499999999999591 ) ) ;
#1604 =( GEOMETRIC_REPRESENTATION_CONTEXT ( 3 ) GLOBAL_UNCERTAINTY_ASSIGNED_CONTEXT ( ( #7643 ) ) GLOBAL_UNIT_ASSIGNED_CONTEXT ( ( #1618, #5684, #6466 ) ) REPRESENTATION_CONTEXT ( 'NONE', 'WORKASPACE' ) );
#1605 = DIRECTION ( 'NONE',  ( -1.000000000000000000, -4.497431234013940009E-16, 0.000000000000000000 ) ) ;
#1606 = MECHANICAL_DESIGN_GEOMETRIC_PRESENTATION_REPRESENTATION (  '', ( #8193 ), #3893 ) ;
#1607 =( GEOMETRIC_REPRESENTATION_CONTEXT ( 3 ) GLOBAL_UNCERTAINTY_ASSIGNED_CONTEXT ( ( #7740 ) ) GLOBAL_UNIT_ASSIGNED_CONTEXT ( ( #5998, #6049, #1863 ) ) REPRESENTATION_CONTEXT ( 'NONE', 'WORKASPACE' ) );
#1608 = UNCERTAINTY_MEASURE_WITH_UNIT (LENGTH_MEASURE( 1.000000000000000082E-05 ), #3450, 'distance_accuracy_value', 'NONE');
#1609 = STYLED_ITEM ( 'NONE', ( #8398 ), #8264 ) ;
#1610 = CARTESIAN_POINT ( 'NONE',  ( 3.372500000000000053, -0.09224999999999956846, 2.059999999999999609 ) ) ;
#1611 = CARTESIAN_POINT ( 'NONE',  ( 4.886665146386241609, -0.1345149730810372424, 2.583804907451683341 ) ) ;
#1612 = EDGE_CURVE ( 'NONE', #8542, #74, #5417, .T. ) ;
#1613 =( LENGTH_UNIT ( ) NAMED_UNIT ( * ) SI_UNIT ( .MILLI., .METRE. ) );
#1614 = PRESENTATION_STYLE_ASSIGNMENT (( #7721 ) ) ;
#1615 = PRESENTATION_STYLE_ASSIGNMENT (( #5025 ) ) ;
#1616 = DIRECTION ( 'NONE',  ( 0.000000000000000000, 0.000000000000000000, 1.000000000000000000 ) ) ;
#1617 = CARTESIAN_POINT ( 'NONE',  ( 0.4819120798423590646, -0.1922500000000010034, -0.3637895569954249786 ) ) ;
#1618 =( LENGTH_UNIT ( ) NAMED_UNIT ( * ) SI_UNIT ( .MILLI., .METRE. ) );
#1619 = VECTOR ( 'NONE', #7214, 1000.000000000000000 ) ;
#1620 = DIRECTION ( 'NONE',  ( 1.000000000000000000, 0.000000000000000000, 0.000000000000000000 ) ) ;
#1621 = AXIS2_PLACEMENT_3D ( 'NONE', #8293, #2142, #2053 ) ;
#1622 = SURFACE_SIDE_STYLE ('',( #5072 ) ) ;
#1623 =( BOUNDED_SURFACE ( )  B_SPLINE_SURFACE ( 3, 3, ( 
 ( #8766, #1985, #5336, #5292 ),
 ( #6045, #469, #539, #7354 ),
 ( #8678, #8008, #7318, #5954 ),
 ( #8090, #4709, #2541, #6774 ) ),
 .UNSPECIFIED., .F., .F., .F. ) 
 B_SPLINE_SURFACE_WITH_KNOTS ( ( 4, 4 ),
 ( 4, 4 ),
 ( 0.000000000000000000, 1.000000000000000000 ),
 ( 0.000000000000000000, 1.000000000000000000 ),
 .UNSPECIFIED. ) 
 GEOMETRIC_REPRESENTATION_ITEM ( )  RATIONAL_B_SPLINE_SURFACE ( (
 ( 1.000000000000000000, 0.3333333333333334259, 0.3333333333333334259, 1.000000000000000000),
 ( 0.9106836025229583242, 0.3035612008409862006, 0.3035612008409862006, 0.9106836025229583242),
 ( 0.9106836025229583242, 0.3035612008409862006, 0.3035612008409862006, 0.9106836025229583242),
 ( 1.000000000000000000, 0.3333333333333334259, 0.3333333333333334259, 1.000000000000000000) ) ) 
 REPRESENTATION_ITEM ( '' )  SURFACE ( )  );
#1624 = ORIENTED_EDGE ( 'NONE', *, *, #5538, .T. ) ;
#1625 = ORIENTED_EDGE ( 'NONE', *, *, #6816, .F. ) ;
#1626 = LINE ( 'NONE', #7132, #4086 ) ;
#1627 = PRESENTATION_LAYER_ASSIGNMENT (  '', '', ( #5198 ) ) ;
#1628 = ADVANCED_FACE ( 'NONE', ( #6726 ), #6770, .T. ) ;
#1629 = EDGE_CURVE ( 'NONE', #8686, #370, #6281, .T. ) ;
#1630 = FACE_OUTER_BOUND ( 'NONE', #6196, .T. ) ;
#1631 = ADVANCED_FACE ( 'NONE', ( #2879 ), #7589, .F. ) ;
#1632 = ORIENTED_EDGE ( 'NONE', *, *, #6863, .T. ) ;
#1633 = DIRECTION ( 'NONE',  ( -0.000000000000000000, -0.000000000000000000, -1.000000000000000000 ) ) ;
#1634 = CARTESIAN_POINT ( 'NONE',  ( 4.913881300126909935, -0.1889472805623709506, -1.935758633831130560 ) ) ;
#1635 = CIRCLE ( 'NONE', #8071, 0.2999999999999999334 ) ;
#1636 = FACE_OUTER_BOUND ( 'NONE', #602, .T. ) ;
#1637 = UNCERTAINTY_MEASURE_WITH_UNIT (LENGTH_MEASURE( 1.000000000000000082E-05 ), #4325, 'distance_accuracy_value', 'NONE');
#1638 = VERTEX_POINT ( 'NONE', #7541 ) ;
#1639 = VERTEX_POINT ( 'NONE', #4806 ) ;
#1640 = CARTESIAN_POINT ( 'NONE',  ( -4.852500000000000036, -0.2322500000000004006, 0.000000000000000000 ) ) ;
#1641 = DIRECTION ( 'NONE',  ( -1.000000000000000000, -0.000000000000000000, 0.000000000000000000 ) ) ;
#1642 =( GEOMETRIC_REPRESENTATION_CONTEXT ( 3 ) GLOBAL_UNCERTAINTY_ASSIGNED_CONTEXT ( ( #8462 ) ) GLOBAL_UNIT_ASSIGNED_CONTEXT ( ( #6178, #2207, #6852 ) ) REPRESENTATION_CONTEXT ( 'NONE', 'WORKASPACE' ) );
#1643 = CIRCLE ( 'NONE', #773, 0.5000000000000000000 ) ;
#1644 = CARTESIAN_POINT ( 'NONE',  ( 0.4238398292666566980, -0.1333481334806455865, -0.4643413327551615954 ) ) ;
#1645 = VERTEX_POINT ( 'NONE', #7684 ) ;
#1646 = SHAPE_REPRESENTATION_RELATIONSHIP ( 'NONE' , 'NONE' ,  #7194, #4231 ) ;
#1647 = DIRECTION ( 'NONE',  ( -0.000000000000000000, -0.000000000000000000, 1.000000000000000000 ) ) ;
#1648 = AXIS2_PLACEMENT_3D ( 'NONE', #8566, #3132, #7944 ) ;
#1649 = SURFACE_STYLE_USAGE ( .BOTH. , #7153 ) ;
#1650 = CIRCLE ( 'NONE', #6218, 0.5000000000000000000 ) ;
#1651 = STYLED_ITEM ( 'NONE', ( #5478 ), #5362 ) ;
#1652 = CARTESIAN_POINT ( 'NONE',  ( 3.455342712474619216, -0.09224999999999908273, 1.860000000000000098 ) ) ;
#1653 = DIRECTION ( 'NONE',  ( 1.000000000000000000, 5.421010862427520198E-16, 1.897353801849631971E-15 ) ) ;
#1654 = FILL_AREA_STYLE_COLOUR ( '', #5239 ) ;
#1655 = DIRECTION ( 'NONE',  ( 0.000000000000000000, 0.9848706617970867105, 0.1732910255361442831 ) ) ;
#1656 = CARTESIAN_POINT ( 'NONE',  ( 0.4525000000000000688, -0.7672500000000012088, 0.8629237369103519573 ) ) ;
#1657 = CARTESIAN_POINT ( 'NONE',  ( -4.120000000000000107, -0.7672500000000007647, -1.899999999999999911 ) ) ;
#1658 =( BOUNDED_CURVE ( )  B_SPLINE_CURVE ( 3, ( #1160, #8689, #786, #6153 ),
 .UNSPECIFIED., .F., .T. ) 
 B_SPLINE_CURVE_WITH_KNOTS ( ( 4, 4 ),
 ( 3.063868740067599461, 3.108280836603599440 ),
 .UNSPECIFIED. ) 
 CURVE ( )  GEOMETRIC_REPRESENTATION_ITEM ( )  RATIONAL_B_SPLINE_CURVE ( ( 1.000000000000000000, 0.9998356372276641091, 0.9998356372276641091, 1.000000000000000000 ) ) 
 REPRESENTATION_ITEM ( '' )  );
#1659 = DIRECTION ( 'NONE',  ( -0.000000000000000000, -0.000000000000000000, -1.000000000000000000 ) ) ;
#1660 = CARTESIAN_POINT ( 'NONE',  ( 0.9481312709995348698, -0.1434107350525335167, -2.153309800894468662 ) ) ;
#1661 = CARTESIAN_POINT ( 'NONE',  ( 2.803133701591289828, 2.495677398353390863, 2.380000000000000338 ) ) ;
#1662 = CARTESIAN_POINT ( 'NONE',  ( -0.5217543599545370059, 0.000000000000000000, 2.379999999999999893 ) ) ;
#1663 = CARTESIAN_POINT ( 'NONE',  ( 4.412499999999999645, -0.4297499999999990217, -2.602500000000000036 ) ) ;
#1664 = CARTESIAN_POINT ( 'NONE',  ( 4.827594501859785225, -0.1591874171070362665, 2.593530663926139290 ) ) ;
#1665 = DIRECTION ( 'NONE',  ( -1.000000000000000000, -0.000000000000000000, 0.000000000000000000 ) ) ;
#1666 = CARTESIAN_POINT ( 'NONE',  ( -4.120000000000000107, 0.03274999999999959888, 1.899999999999999911 ) ) ;
#1667 = CARTESIAN_POINT ( 'NONE',  ( 3.930469723762394896, -0.2930589658626799321, -2.660466438303961123 ) ) ;
#1668 = VECTOR ( 'NONE', #2741, 1000.000000000000000 ) ;
#1669 = ORIENTED_EDGE ( 'NONE', *, *, #2172, .F. ) ;
#1670 = SURFACE_STYLE_USAGE ( .BOTH. , #7777 ) ;
#1671 = CARTESIAN_POINT ( 'NONE',  ( -2.962554341017593629, -2.740054341017593043, 2.277914424562273332 ) ) ;
#1672 = CARTESIAN_POINT ( 'NONE',  ( 4.910235026918964074, -0.1345149730810359656, 1.986544668104516909 ) ) ;
#1673 = ORIENTED_EDGE ( 'NONE', *, *, #14, .F. ) ;
#1674 = FILL_AREA_STYLE_COLOUR ( '', #6865 ) ;
#1675 =( LENGTH_UNIT ( ) NAMED_UNIT ( * ) SI_UNIT ( .MILLI., .METRE. ) );
#1676 =( BOUNDED_SURFACE ( )  B_SPLINE_SURFACE ( 3, 3, ( 
 ( #8836, #7569, #4929, #3522 ),
 ( #6982, #1479, #2728, #5534 ),
 ( #6166, #749, #4879, #848 ),
 ( #20, #2773, #5493, #4198 ) ),
 .UNSPECIFIED., .F., .F., .F. ) 
 B_SPLINE_SURFACE_WITH_KNOTS ( ( 4, 4 ),
 ( 4, 4 ),
 ( 0.000000000000000000, 1.000000000000000000 ),
 ( 0.000000000000000000, 1.000000000000000000 ),
 .UNSPECIFIED. ) 
 GEOMETRIC_REPRESENTATION_ITEM ( )  RATIONAL_B_SPLINE_SURFACE ( (
 ( 1.000000000000000000, 0.3333333333333228787, 0.3333333333333228787, 1.000000000000000000),
 ( 0.9245018060306362528, 0.3081672686768691105, 0.3081672686768691105, 0.9245018060306362528),
 ( 0.9245018060306362528, 0.3081672686768691105, 0.3081672686768691105, 0.9245018060306362528),
 ( 1.000000000000000000, 0.3333333333333228787, 0.3333333333333228787, 1.000000000000000000) ) ) 
 REPRESENTATION_ITEM ( '' )  SURFACE ( )  );
#1677 = CIRCLE ( 'NONE', #1245, 0.2999999999999999889 ) ;
#1678 = EDGE_CURVE ( 'NONE', #4316, #875, #6870, .T. ) ;
#1679 = EDGE_CURVE ( 'NONE', #2312, #3787, #89, .T. ) ;
#1680 = DIRECTION ( 'NONE',  ( 8.223874256482640091E-16, -1.000000000000000000, 0.000000000000000000 ) ) ;
#1681 = EDGE_CURVE ( 'NONE', #913, #6237, #3493, .T. ) ;
#1682 = ADVANCED_FACE ( 'NONE', ( #2792 ), #7499, .T. ) ;
#1683 = ORIENTED_EDGE ( 'NONE', *, *, #1086, .T. ) ;
#1684 = ORIENTED_EDGE ( 'NONE', *, *, #1135, .F. ) ;
#1685 =( NAMED_UNIT ( * ) SI_UNIT ( $, .STERADIAN. ) SOLID_ANGLE_UNIT ( ) );
#1686 = SURFACE_SIDE_STYLE ('',( #3156 ) ) ;
#1687 = SURFACE_STYLE_USAGE ( .BOTH. , #932 ) ;
#1688 = ORIENTED_EDGE ( 'NONE', *, *, #360, .F. ) ;
#1689 = CARTESIAN_POINT ( 'NONE',  ( 0.000000000000000000, 0.000000000000000000, 0.000000000000000000 ) ) ;
#1690 = UNCERTAINTY_MEASURE_WITH_UNIT (LENGTH_MEASURE( 1.000000000000000082E-05 ), #1477, 'distance_accuracy_value', 'NONE');
#1691 = PRESENTATION_STYLE_ASSIGNMENT (( #8421 ) ) ;
#1692 = PRESENTATION_LAYER_ASSIGNMENT (  '', '', ( #7130 ) ) ;
#1693 = EDGE_CURVE ( 'NONE', #5928, #2971, #275, .T. ) ;
#1694 = SURFACE_STYLE_FILL_AREA ( #3739 ) ;
#1695 = CARTESIAN_POINT ( 'NONE',  ( 3.972500000000000142, -0.1922499999999990050, 2.502499999999999947 ) ) ;
#1696 = CARTESIAN_POINT ( 'NONE',  ( 3.431078643762690117, -0.09224999999999938805, 2.060000000000000497 ) ) ;
#1697 = CARTESIAN_POINT ( 'NONE',  ( 3.891195092548317191, -0.1345149730810362709, 2.536665146386241965 ) ) ;
#1698 = PRESENTATION_LAYER_ASSIGNMENT (  '', '', ( #1128 ) ) ;
#1699 = CARTESIAN_POINT ( 'NONE',  ( 0.5217543599545370059, 6.389648068594997516E-17, 2.379999999999999893 ) ) ;
#1700 = STYLED_ITEM ( 'NONE', ( #6229 ), #1890 ) ;
#1701 = CARTESIAN_POINT ( 'NONE',  ( -2.938415680989880929, 2.993959373992129080, 1.871093634746093137 ) ) ;
#1702 = CARTESIAN_POINT ( 'NONE',  ( 4.856868729000466622, -0.1434107350525319347, -1.950969894129011450 ) ) ;
#1703 = UNCERTAINTY_MEASURE_WITH_UNIT (LENGTH_MEASURE( 1.000000000000000082E-05 ), #1613, 'distance_accuracy_value', 'NONE');
#1704 = DIRECTION ( 'NONE',  ( 0.4082482904638629617, 0.8164965809277260345, 0.4082482904638632393 ) ) ;
#1705 = LINE ( 'NONE', #4034, #8381 ) ;
#1706 = CARTESIAN_POINT ( 'NONE',  ( 4.943530663926138935, -0.1591874171070366550, 2.477594501859785581 ) ) ;
#1707 = CARTESIAN_POINT ( 'NONE',  ( 0.9525000000000001243, -0.09225000000000069256, -0.8629237369103519573 ) ) ;
#1708 = DIRECTION ( 'NONE',  ( 1.000000000000000000, 0.000000000000000000, 0.000000000000000000 ) ) ;
#1709 = VECTOR ( 'NONE', #4165, 1000.000000000000227 ) ;
#1710 =( NAMED_UNIT ( * ) PLANE_ANGLE_UNIT ( ) SI_UNIT ( $, .RADIAN. ) );
#1711 = FILL_AREA_STYLE ('',( #5150 ) ) ;
#1712 = CYLINDRICAL_SURFACE ( 'NONE', #3449, 0.4000000000000000777 ) ;
#1713 = ADVANCED_FACE ( 'NONE', ( #1630 ), #1104, .T. ) ;
#1714 = LINE ( 'NONE', #5688, #931 ) ;
#1715 = UNCERTAINTY_MEASURE_WITH_UNIT (LENGTH_MEASURE( 1.000000000000000082E-05 ), #5752, 'distance_accuracy_value', 'NONE');
#1716 = STYLED_ITEM ( 'NONE', ( #6269 ), #6717 ) ;
#1717 = STYLED_ITEM ( 'NONE', ( #7197 ), #5977 ) ;
#1718 = ORIENTED_EDGE ( 'NONE', *, *, #7666, .T. ) ;
#1719 = PRESENTATION_STYLE_ASSIGNMENT (( #1670 ) ) ;
#1720 = ORIENTED_EDGE ( 'NONE', *, *, #8206, .T. ) ;
#1721 =( LENGTH_UNIT ( ) NAMED_UNIT ( * ) SI_UNIT ( .MILLI., .METRE. ) );
#1722 =( NAMED_UNIT ( * ) SI_UNIT ( $, .STERADIAN. ) SOLID_ANGLE_UNIT ( ) );
#1723 = COLOUR_RGB ( '',0.2862745098039215508, 0.2862745098039215508, 0.2862745098039215508 ) ;
#1724 = SURFACE_STYLE_USAGE ( .BOTH. , #7832 ) ;
#1725 = MECHANICAL_DESIGN_GEOMETRIC_PRESENTATION_REPRESENTATION (  '', ( #7164 ), #2863 ) ;
#1726 = VERTEX_POINT ( 'NONE', #3019 ) ;
#1727 = DIRECTION ( 'NONE',  ( 0.5773502691896256200, 0.5773502691896261751, -0.5773502691896256200 ) ) ;
#1728 = CARTESIAN_POINT ( 'NONE',  ( 3.347594501859784799, -0.1591874171070380151, -2.151030663926139397 ) ) ;
#1729 = EDGE_CURVE ( 'NONE', #7047, #8328, #394, .T. ) ;
#1730 =( NAMED_UNIT ( * ) PLANE_ANGLE_UNIT ( ) SI_UNIT ( $, .RADIAN. ) );
#1731 = ORIENTED_EDGE ( 'NONE', *, *, #8346, .F. ) ;
#1732 = DIRECTION ( 'NONE',  ( -2.775557561562889872E-16, 1.000000000000000000, -1.793845924361120086E-16 ) ) ;
#1733 =( GEOMETRIC_REPRESENTATION_CONTEXT ( 3 ) GLOBAL_UNCERTAINTY_ASSIGNED_CONTEXT ( ( #7521 ) ) GLOBAL_UNIT_ASSIGNED_CONTEXT ( ( #3319, #8713, #6682 ) ) REPRESENTATION_CONTEXT ( 'NONE', 'WORKASPACE' ) );
#1734 =( NAMED_UNIT ( * ) SI_UNIT ( $, .STERADIAN. ) SOLID_ANGLE_UNIT ( ) );
#1735 = ORIENTED_EDGE ( 'NONE', *, *, #2454, .T. ) ;
#1736 = VECTOR ( 'NONE', #8120, 1000.000000000000114 ) ;
#1737 = FACE_OUTER_BOUND ( 'NONE', #4720, .T. ) ;
#1738 = LINE ( 'NONE', #3919, #1057 ) ;
#1739 = EDGE_CURVE ( 'NONE', #8284, #36, #4082, .T. ) ;
#1740 = CARTESIAN_POINT ( 'NONE',  ( -2.960124494040564436, -3.025922037050284175, 1.984422058762309815 ) ) ;
#1741 = FILL_AREA_STYLE ('',( #5962 ) ) ;
#1742 = CARTESIAN_POINT ( 'NONE',  ( 1.647541093131910122E-16, 3.047499999999999876, 0.000000000000000000 ) ) ;
#1743 = AXIS2_PLACEMENT_3D ( 'NONE', #4387, #6416, #4342 ) ;
#1744 = DIRECTION ( 'NONE',  ( -0.000000000000000000, -0.000000000000000000, -1.000000000000000000 ) ) ;
#1745 = DIRECTION ( 'NONE',  ( 1.000000000000000000, 4.497431234013940009E-16, 0.000000000000000000 ) ) ;
#1746 =( GEOMETRIC_REPRESENTATION_CONTEXT ( 3 ) GLOBAL_UNCERTAINTY_ASSIGNED_CONTEXT ( ( #453 ) ) GLOBAL_UNIT_ASSIGNED_CONTEXT ( ( #7851, #4282, #3567 ) ) REPRESENTATION_CONTEXT ( 'NONE', 'WORKASPACE' ) );
#1747 = CARTESIAN_POINT ( 'NONE',  ( 2.803133701591290272, -2.580633701591288798, 2.080000000000000071 ) ) ;
#1748 =( GEOMETRIC_REPRESENTATION_CONTEXT ( 3 ) GLOBAL_UNCERTAINTY_ASSIGNED_CONTEXT ( ( #7010 ) ) GLOBAL_UNIT_ASSIGNED_CONTEXT ( ( #7218, #5616, #1554 ) ) REPRESENTATION_CONTEXT ( 'NONE', 'WORKASPACE' ) );
#1749 = CARTESIAN_POINT ( 'NONE',  ( 2.803133701591290272, -2.580633701591290574, 2.080000000000000515 ) ) ;
#1750 = SURFACE_SIDE_STYLE ('',( #3091 ) ) ;
#1751 = FACE_OUTER_BOUND ( 'NONE', #7368, .T. ) ;
#1752 = SURFACE_SIDE_STYLE ('',( #8657 ) ) ;
#1753 =( GEOMETRIC_REPRESENTATION_CONTEXT ( 3 ) GLOBAL_UNCERTAINTY_ASSIGNED_CONTEXT ( ( #6529 ) ) GLOBAL_UNIT_ASSIGNED_CONTEXT ( ( #6056, #6399, #8470 ) ) REPRESENTATION_CONTEXT ( 'NONE', 'WORKASPACE' ) );
#1754 = LINE ( 'NONE', #8742, #860 ) ;
#1755 = CARTESIAN_POINT ( 'NONE',  ( -1.222499999999999698, 0.2322500000000000397, -2.660000000000000586 ) ) ;
#1756 = AXIS2_PLACEMENT_3D ( 'NONE', #4547, #7925, #383 ) ;
#1757 =( NAMED_UNIT ( * ) PLANE_ANGLE_UNIT ( ) SI_UNIT ( $, .RADIAN. ) );
#1758 = CARTESIAN_POINT ( 'NONE',  ( 3.881469336073859910, -0.1591874171070370436, -2.477594501859786025 ) ) ;
#1759 = PRESENTATION_LAYER_ASSIGNMENT (  '', '', ( #7330 ) ) ;
#1760 = ORIENTED_EDGE ( 'NONE', *, *, #2006, .F. ) ;
#1761 = SURFACE_STYLE_USAGE ( .BOTH. , #2437 ) ;
#1762 = AXIS2_PLACEMENT_3D ( 'NONE', #3147, #6476, #7962 ) ;
#1763 = CARTESIAN_POINT ( 'NONE',  ( 0.4828545436856734874, -0.09225444128910603725, 0.3637895569954248121 ) ) ;
#1764 =( LENGTH_UNIT ( ) NAMED_UNIT ( * ) SI_UNIT ( .MILLI., .METRE. ) );
#1765 = DIRECTION ( 'NONE',  ( 0.3158179163250989241, -0.8555991741024927544, 0.4101330235462699036 ) ) ;
#1766 = SURFACE_STYLE_USAGE ( .BOTH. , #415 ) ;
#1767 = ORIENTED_EDGE ( 'NONE', *, *, #250, .F. ) ;
#1768 = AXIS2_PLACEMENT_3D ( 'NONE', #1337, #3429, #4050 ) ;
#1769 = CARTESIAN_POINT ( 'NONE',  ( -3.903095123049499904, -0.008589285714289650320, -1.804999999999999938 ) ) ;
#1770 = COLOUR_RGB ( '',0.2862745098039215508, 0.2862745098039215508, 0.2862745098039215508 ) ;
#1771 = CIRCLE ( 'NONE', #8643, 0.09999999999999982514 ) ;
#1772 = VERTEX_POINT ( 'NONE', #6643 ) ;
#1773 = ORIENTED_EDGE ( 'NONE', *, *, #6150, .F. ) ;
#1774 =( LENGTH_UNIT ( ) NAMED_UNIT ( * ) SI_UNIT ( .MILLI., .METRE. ) );
#1775 = ORIENTED_EDGE ( 'NONE', *, *, #5799, .T. ) ;
#1776 = DIRECTION ( 'NONE',  ( 5.482582837655000045E-16, -1.000000000000000000, 0.000000000000000000 ) ) ;
#1777 = EDGE_LOOP ( 'NONE', ( #4561, #8504, #233, #1858 ) ) ;
#1778 = VECTOR ( 'NONE', #1641, 1000.000000000000000 ) ;
#1779 = AXIS2_PLACEMENT_3D ( 'NONE', #5347, #3295, #4597 ) ;
#1780 =( NAMED_UNIT ( * ) SI_UNIT ( $, .STERADIAN. ) SOLID_ANGLE_UNIT ( ) );
#1781 =( NAMED_UNIT ( * ) PLANE_ANGLE_UNIT ( ) SI_UNIT ( $, .RADIAN. ) );
#1782 = FILL_AREA_STYLE_COLOUR ( '', #104 ) ;
#1783 = ORIENTED_EDGE ( 'NONE', *, *, #6480, .F. ) ;
#1784 = VECTOR ( 'NONE', #2311, 1000.000000000000000 ) ;
#1785 = VECTOR ( 'NONE', #8704, 1000.000000000000000 ) ;
#1786 = ORIENTED_EDGE ( 'NONE', *, *, #888, .F. ) ;
#1787 = CYLINDRICAL_SURFACE ( 'NONE', #5270, 0.1000000000000000472 ) ;
#1788 = SURFACE_STYLE_USAGE ( .BOTH. , #338 ) ;
#1789 = ORIENTED_EDGE ( 'NONE', *, *, #6026, .F. ) ;
#1790 = FILL_AREA_STYLE ('',( #5842 ) ) ;
#1791 =( NAMED_UNIT ( * ) PLANE_ANGLE_UNIT ( ) SI_UNIT ( $, .RADIAN. ) );
#1792 = CARTESIAN_POINT ( 'NONE',  ( -0.4546530281914754612, 0.2567365100197218086, 2.330000000000000515 ) ) ;
#1793 =( NAMED_UNIT ( * ) SI_UNIT ( $, .STERADIAN. ) SOLID_ANGLE_UNIT ( ) );
#1794 = CARTESIAN_POINT ( 'NONE',  ( 3.572499999999999787, -0.1922499999999993936, -1.860000000000000098 ) ) ;
#1795 = EDGE_CURVE ( 'NONE', #8069, #7970, #5537, .T. ) ;
#1796 = ADVANCED_FACE ( 'NONE', ( #7476 ), #8751, .T. ) ;
#1797 = EDGE_CURVE ( 'NONE', #5423, #1273, #2992, .T. ) ;
#1798 = ADVANCED_FACE ( 'NONE', ( #1883 ), #1852, .T. ) ;
#1799 = LINE ( 'NONE', #3173, #2786 ) ;
#1800 = CARTESIAN_POINT ( 'NONE',  ( 4.952499999999999680, -0.09224999999999869416, -0.8062182560773819562 ) ) ;
#1801 = DIRECTION ( 'NONE',  ( 8.611386656002740130E-16, -1.000000000000000000, -0.000000000000000000 ) ) ;
#1802 = COLOUR_RGB ( '',0.8313725490196077761, 0.8313725490196077761, 0.8313725490196077761 ) ;
#1803 =( LENGTH_UNIT ( ) NAMED_UNIT ( * ) SI_UNIT ( .MILLI., .METRE. ) );
#1804 = CARTESIAN_POINT ( 'NONE',  ( 2.687036649348940376, 2.932473286724401440, 2.218875580700377714 ) ) ;
#1805 = FILL_AREA_STYLE_COLOUR ( '', #3925 ) ;
#1806 = UNCERTAINTY_MEASURE_WITH_UNIT (LENGTH_MEASURE( 1.000000000000000082E-05 ), #1418, 'distance_accuracy_value', 'NONE');
#1807 = ORIENTED_EDGE ( 'NONE', *, *, #1086, .F. ) ;
#1808 = CARTESIAN_POINT ( 'NONE',  ( 3.695609128038690017, -0.7672500000000000986, 0.000000000000000000 ) ) ;
#1809 = CARTESIAN_POINT ( 'NONE',  ( 5.019434131648607078, -0.2840912725180341769, 2.020184805475162548 ) ) ;
#1810 = DIRECTION ( 'NONE',  ( 1.000000000000000000, 4.517509052022936456E-16, 0.000000000000000000 ) ) ;
#1811 = CARTESIAN_POINT ( 'NONE',  ( 0.5217543599545371169, -1.043508719909073790, 2.329999999999999627 ) ) ;
#1812 = DIRECTION ( 'NONE',  ( -1.000000000000000000, -3.050063254464720219E-16, 0.000000000000000000 ) ) ;
#1813 = B_SPLINE_CURVE_WITH_KNOTS ( 'NONE', 3,
 ( #8010, #4632, #5426, #7361, #8177, #4762, #7493, #1365, #2580, #4080, #6823, #1231, #671, #5924, #8681, #5294, #2545 ),
 .UNSPECIFIED., .F., .F.,
 ( 4, 2, 2, 2, 2, 1, 2, 2, 4 ),
 ( 0.000000000000000000, 0.1249999999999997502, 0.2499999999999995004, 0.3749999999999992228, 0.4999999999999990008, 0.6249999999999987788, 0.6874999999999988898, 0.7499999999999988898, 1.000000000000000000 ),
 .UNSPECIFIED. ) ;
#1814 = DIRECTION ( 'NONE',  ( -0.000000000000000000, -0.000000000000000000, -1.000000000000000000 ) ) ;
#1815 = PRESENTATION_STYLE_ASSIGNMENT (( #5911 ) ) ;
#1816 = COLOUR_RGB ( '',0.8313725490196077761, 0.8313725490196077761, 0.8313725490196077761 ) ;
#1817 = VERTEX_POINT ( 'NONE', #2652 ) ;
#1818 = ORIENTED_EDGE ( 'NONE', *, *, #1629, .F. ) ;
#1819 = DIRECTION ( 'NONE',  ( 1.000000000000000000, 0.000000000000000000, -0.000000000000000000 ) ) ;
#1820 = CARTESIAN_POINT ( 'NONE',  ( 3.372499999999999609, -0.1922499999999996989, 2.059999999999999165 ) ) ;
#1821 = ORIENTED_EDGE ( 'NONE', *, *, #6932, .T. ) ;
#1822 = DIRECTION ( 'NONE',  ( -1.000000000000000000, -4.497431234013940009E-16, 0.000000000000000000 ) ) ;
#1823 = ORIENTED_EDGE ( 'NONE', *, *, #4043, .T. ) ;
#1824 = COLOUR_RGB ( '',0.8313725490196077761, 0.8313725490196077761, 0.8313725490196077761 ) ;
#1825 = COLOUR_RGB ( '',0.2862745098039215508, 0.2862745098039215508, 0.2862745098039215508 ) ;
#1826 = FACE_OUTER_BOUND ( 'NONE', #3415, .T. ) ;
#1827 = AXIS2_PLACEMENT_3D ( 'NONE', #2469, #3887, #8698 ) ;
#1828 = ADVANCED_FACE ( 'NONE', ( #3186 ), #4745, .T. ) ;
#1829 = DIRECTION ( 'NONE',  ( 1.000000000000000000, 0.000000000000000000, -0.000000000000000000 ) ) ;
#1830 = FILL_AREA_STYLE_COLOUR ( '', #7574 ) ;
#1831 = CARTESIAN_POINT ( 'NONE',  ( 3.872500000000000053, -0.09224999999999930478, 0.000000000000000000 ) ) ;
#1832 = CARTESIAN_POINT ( 'NONE',  ( 4.952499999999999680, -0.1922499999999990050, 2.044279695023480059 ) ) ;
#1833 = CARTESIAN_POINT ( 'NONE',  ( 4.852500000000000924, -0.1922499999999992826, 2.044279695023479171 ) ) ;
#1834 = DIRECTION ( 'NONE',  ( 0.000000000000000000, 0.000000000000000000, 1.000000000000000000 ) ) ;
#1835 = ORIENTED_EDGE ( 'NONE', *, *, #1940, .T. ) ;
#1836 =( NAMED_UNIT ( * ) SI_UNIT ( $, .STERADIAN. ) SOLID_ANGLE_UNIT ( ) );
#1837 = AXIS2_PLACEMENT_3D ( 'NONE', #1873, #6711, #6061 ) ;
#1838 = CARTESIAN_POINT ( 'NONE',  ( 3.772500000000000409, -0.1922499999999990050, 2.060000000000000053 ) ) ;
#1839 = PRESENTATION_STYLE_ASSIGNMENT (( #2355 ) ) ;
#1840 = PRESENTATION_STYLE_ASSIGNMENT (( #6013 ) ) ;
#1841 = VECTOR ( 'NONE', #8291, 1000.000000000000000 ) ;
#1842 = CARTESIAN_POINT ( 'NONE',  ( 3.270000000000000018, -3.047499999999999876, 0.000000000000000000 ) ) ;
#1843 = FACE_OUTER_BOUND ( 'NONE', #4030, .T. ) ;
#1844 = EDGE_CURVE ( 'NONE', #2705, #3335, #8717, .T. ) ;
#1845 = CARTESIAN_POINT ( 'NONE',  ( 0.5900556301437581697, 1.180111260287516339, 2.380000000000001226 ) ) ;
#1846 = VECTOR ( 'NONE', #5224, 1000.000000000000000 ) ;
#1847 = CARTESIAN_POINT ( 'NONE',  ( 0.3709748431614647846, 0.4892670315653251389, 2.380000000000000338 ) ) ;
#1848 = STYLED_ITEM ( 'NONE', ( #7858 ), #373 ) ;
#1849 = DIRECTION ( 'NONE',  ( 0.000000000000000000, 0.000000000000000000, -1.000000000000000000 ) ) ;
#1850 = ORIENTED_EDGE ( 'NONE', *, *, #5232, .T. ) ;
#1851 = AXIS2_PLACEMENT_3D ( 'NONE', #7733, #1004, #4356 ) ;
#1852 = CYLINDRICAL_SURFACE ( 'NONE', #6262, 0.09999999999999982514 ) ;
#1853 = ORIENTED_EDGE ( 'NONE', *, *, #4677, .F. ) ;
#1854 = EDGE_CURVE ( 'NONE', #5301, #2317, #5500, .T. ) ;
#1855 = SURFACE_SIDE_STYLE ('',( #5412 ) ) ;
#1856 =( REPRESENTATION_RELATIONSHIP ('NONE','NONE', #5353, #7194 ) REPRESENTATION_RELATIONSHIP_WITH_TRANSFORMATION ( #1899 )SHAPE_REPRESENTATION_RELATIONSHIP( ) );
#1857 = CARTESIAN_POINT ( 'NONE',  ( 3.772499999999999964, -0.1336713562373085529, -1.959999999999999964 ) ) ;
#1858 = ORIENTED_EDGE ( 'NONE', *, *, #6336, .F. ) ;
#1859 = AXIS2_PLACEMENT_3D ( 'NONE', #78, #4795, #755 ) ;
#1860 = COLOUR_RGB ( '',0.8313725490196077761, 0.8313725490196077761, 0.8313725490196077761 ) ;
#1861 = ORIENTED_EDGE ( 'NONE', *, *, #3867, .T. ) ;
#1862 = UNCERTAINTY_MEASURE_WITH_UNIT (LENGTH_MEASURE( 1.000000000000000082E-05 ), #8842, 'distance_accuracy_value', 'NONE');
#1863 =( NAMED_UNIT ( * ) SI_UNIT ( $, .STERADIAN. ) SOLID_ANGLE_UNIT ( ) );
#1864 = AXIS2_PLACEMENT_3D ( 'NONE', #8591, #2316, #8507 ) ;
#1865 =( NAMED_UNIT ( * ) PLANE_ANGLE_UNIT ( ) SI_UNIT ( $, .RADIAN. ) );
#1866 =( NAMED_UNIT ( * ) SI_UNIT ( $, .STERADIAN. ) SOLID_ANGLE_UNIT ( ) );
#1867 = ORIENTED_EDGE ( 'NONE', *, *, #791, .T. ) ;
#1868 = PRESENTATION_LAYER_ASSIGNMENT (  '', '', ( #7164 ) ) ;
#1869 = CARTESIAN_POINT ( 'NONE',  ( -3.269704183480208304, -2.749247090774318281, 0.6775218358312311562 ) ) ;
#1870 = CARTESIAN_POINT ( 'NONE',  ( 2.962554341017596293, -2.740054341017593043, 2.277914424562275109 ) ) ;
#1871 = UNCERTAINTY_MEASURE_WITH_UNIT (LENGTH_MEASURE( 1.000000000000000082E-05 ), #4244, 'distance_accuracy_value', 'NONE');
#1872 = DIRECTION ( 'NONE',  ( 0.000000000000000000, -1.000000000000000000, 0.000000000000000000 ) ) ;
#1873 = CARTESIAN_POINT ( 'NONE',  ( 4.587102839788670394, -0.1922499999999990883, 1.844279695023480548 ) ) ;
#1874 = FILL_AREA_STYLE ('',( #2518 ) ) ;
#1875 = CARTESIAN_POINT ( 'NONE',  ( 0.9481312709995343146, -0.1434107350525329339, 2.153309800894467330 ) ) ;
#1876 = STYLED_ITEM ( 'NONE', ( #5056 ), #7767 ) ;
#1877 = FILL_AREA_STYLE ('',( #1805 ) ) ;
#1878 =( GEOMETRIC_REPRESENTATION_CONTEXT ( 3 ) GLOBAL_UNCERTAINTY_ASSIGNED_CONTEXT ( ( #3684 ) ) GLOBAL_UNIT_ASSIGNED_CONTEXT ( ( #4108, #2117, #5449 ) ) REPRESENTATION_CONTEXT ( 'NONE', 'WORKASPACE' ) );
#1879 = ADVANCED_FACE ( 'NONE', ( #804 ), #165, .T. ) ;
#1880 = MECHANICAL_DESIGN_GEOMETRIC_PRESENTATION_REPRESENTATION (  '', ( #2602 ), #6317 ) ;
#1881 = ORIENTED_EDGE ( 'NONE', *, *, #4670, .T. ) ;
#1882 = DIRECTION ( 'NONE',  ( 0.000000000000000000, 0.000000000000000000, -1.000000000000000000 ) ) ;
#1883 = FACE_OUTER_BOUND ( 'NONE', #6528, .T. ) ;
#1884 = ORIENTED_EDGE ( 'NONE', *, *, #3041, .T. ) ;
#1885 = DIRECTION ( 'NONE',  ( -0.1157205707370560360, -0.1157205707370560360, -0.9865178655334023716 ) ) ;
#1886 = AXIS2_PLACEMENT_3D ( 'NONE', #3052, #4391, #266 ) ;
#1887 = DIRECTION ( 'NONE',  ( 0.000000000000000000, 1.000000000000000000, 0.000000000000000000 ) ) ;
#1888 = CARTESIAN_POINT ( 'NONE',  ( 4.852500000000000036, -0.7672499999999993214, -2.602499999999999591 ) ) ;
#1889 = CYLINDRICAL_SURFACE ( 'NONE', #4058, 0.1000000000000002554 ) ;
#1890 = ADVANCED_FACE ( 'NONE', ( #4836 ), #4935, .F. ) ;
#1891 = EDGE_CURVE ( 'NONE', #173, #2884, #2129, .T. ) ;
#1892 = EDGE_CURVE ( 'NONE', #4718, #1062, #1573, .T. ) ;
#1893 = ADVANCED_FACE ( 'NONE', ( #3712 ), #7857, .T. ) ;
#1894 = VECTOR ( 'NONE', #4458, 1000.000000000000000 ) ;
#1895 = ORIENTED_EDGE ( 'NONE', *, *, #2063, .T. ) ;
#1896 = PRESENTATION_STYLE_ASSIGNMENT (( #5214 ) ) ;
#1897 = MECHANICAL_DESIGN_GEOMETRIC_PRESENTATION_REPRESENTATION (  '', ( #7330 ), #3458 ) ;
#1898 = ORIENTED_EDGE ( 'NONE', *, *, #2776, .T. ) ;
#1899 = ITEM_DEFINED_TRANSFORMATION ( 'NONE', 'NONE', #4920,  #2356 ) ;
#1900 = CARTESIAN_POINT ( 'NONE',  ( -3.087392691391184218, 2.587757373546594408, 2.053202520895378136 ) ) ;
#1901 = CYLINDRICAL_SURFACE ( 'NONE', #4258, 0.2999999999999999334 ) ;
#1902 =( BOUNDED_SURFACE ( )  B_SPLINE_SURFACE ( 3, 3, ( 
 ( #5485, #8107, #6841, #8791 ),
 ( #3343, #2683, #6215, #7422 ),
 ( #5531, #4052, #8294, #1424 ),
 ( #4877, #693, #2103, #6748 ) ),
 .UNSPECIFIED., .F., .F., .F. ) 
 B_SPLINE_SURFACE_WITH_KNOTS ( ( 4, 4 ),
 ( 4, 4 ),
 ( 0.000000000000000000, 1.000000000000000000 ),
 ( 0.000000000000000000, 1.000000000000000000 ),
 .UNSPECIFIED. ) 
 GEOMETRIC_REPRESENTATION_ITEM ( )  RATIONAL_B_SPLINE_SURFACE ( (
 ( 1.000000000000000000, 0.3333333333333323156, 0.3333333333333323156, 1.000000000000000000),
 ( 0.9245018060306395835, 0.3081672686768789360, 0.3081672686768789360, 0.9245018060306395835),
 ( 0.9245018060306395835, 0.3081672686768789360, 0.3081672686768789360, 0.9245018060306395835),
 ( 1.000000000000000000, 0.3333333333333323156, 0.3333333333333323156, 1.000000000000000000) ) ) 
 REPRESENTATION_ITEM ( '' )  SURFACE ( )  );
#1903 = AXIS2_PLACEMENT_3D ( 'NONE', #8150, #5528, #645 ) ;
#1904 = CARTESIAN_POINT ( 'NONE',  ( 3.972500000000000142, -0.1922499999999990050, -2.502499999999999947 ) ) ;
#1905 = LINE ( 'NONE', #6532, #5057 ) ;
#1906 = ORIENTED_EDGE ( 'NONE', *, *, #303, .T. ) ;
#1907 = CARTESIAN_POINT ( 'NONE',  ( 3.269999999999999574, 3.047499999999999876, 0.07846988903114746061 ) ) ;
#1908 = ORIENTED_EDGE ( 'NONE', *, *, #1517, .T. ) ;
#1909 = LINE ( 'NONE', #8780, #7934 ) ;
#1910 = SURFACE_STYLE_FILL_AREA ( #1288 ) ;
#1911 = FACE_OUTER_BOUND ( 'NONE', #8128, .T. ) ;
#1912 = AXIS2_PLACEMENT_3D ( 'NONE', #594, #2097, #6253 ) ;
#1913 =( GEOMETRIC_REPRESENTATION_CONTEXT ( 3 ) GLOBAL_UNCERTAINTY_ASSIGNED_CONTEXT ( ( #3855 ) ) GLOBAL_UNIT_ASSIGNED_CONTEXT ( ( #4057, #4788, #6844 ) ) REPRESENTATION_CONTEXT ( 'NONE', 'WORKASPACE' ) );
#1914 = CIRCLE ( 'NONE', #3067, 0.5000000000000000000 ) ;
#1915 = CARTESIAN_POINT ( 'NONE',  ( -3.770634082987819991, 0.3248361564241389887, 1.899999999999999911 ) ) ;
#1916 = CARTESIAN_POINT ( 'NONE',  ( 4.787102839788669684, -0.1922499999999990328, 1.944279695023479970 ) ) ;
#1917 = SURFACE_SIDE_STYLE ('',( #1213 ) ) ;
#1918 = MECHANICAL_DESIGN_GEOMETRIC_PRESENTATION_REPRESENTATION (  '', ( #3206 ), #2502 ) ;
#1919 = CARTESIAN_POINT ( 'NONE',  ( 0.8524999999999999245, -0.7672500000000012088, 2.060000000000000053 ) ) ;
#1920 = CARTESIAN_POINT ( 'NONE',  ( 0.5301402761854328016, 0.2993161962930753761, 2.380000000000000338 ) ) ;
#1921 = AXIS2_PLACEMENT_3D ( 'NONE', #2476, #1214, #7428 ) ;
#1922 = CIRCLE ( 'NONE', #3081, 0.1000000000000001582 ) ;
#1923 = VECTOR ( 'NONE', #7984, 1000.000000000000000 ) ;
#1924 = ORIENTED_EDGE ( 'NONE', *, *, #5524, .F. ) ;
#1925 = CARTESIAN_POINT ( 'NONE',  ( 3.872500000000000053, -0.7672499999999999876, 0.000000000000000000 ) ) ;
#1926 = DIRECTION ( 'NONE',  ( 0.000000000000000000, 1.000000000000000000, 0.000000000000000000 ) ) ;
#1927 = CARTESIAN_POINT ( 'NONE',  ( -3.242815959658425395, 0.04809771563645275083, 2.754999999999999893 ) ) ;
#1928 = CARTESIAN_POINT ( 'NONE',  ( 0.5400556301437591245, -1.080111260287517805, 2.329999999999999627 ) ) ;
#1929 = FACE_OUTER_BOUND ( 'NONE', #4443, .T. ) ;
#1930 = CARTESIAN_POINT ( 'NONE',  ( -3.319999999999999840, 0.7672499999999990994, 0.000000000000000000 ) ) ;
#1931 = SURFACE_STYLE_USAGE ( .BOTH. , #5325 ) ;
#1932 = PRESENTATION_STYLE_ASSIGNMENT (( #4757 ) ) ;
#1933 = ORIENTED_EDGE ( 'NONE', *, *, #8139, .F. ) ;
#1934 = ORIENTED_EDGE ( 'NONE', *, *, #2225, .T. ) ;
#1935 = DIRECTION ( 'NONE',  ( 0.000000000000000000, 0.000000000000000000, 1.000000000000000000 ) ) ;
#1936 = CARTESIAN_POINT ( 'NONE',  ( 3.872500000000000053, -0.7672499999999999876, -2.060000000000000053 ) ) ;
#1937 = SURFACE_SIDE_STYLE ('',( #6655 ) ) ;
#1938 = EDGE_LOOP ( 'NONE', ( #8409, #4758, #2923, #1178 ) ) ;
#1939 = EDGE_CURVE ( 'NONE', #2832, #5428, #2280, .T. ) ;
#1940 = EDGE_CURVE ( 'NONE', #6775, #6868, #535, .T. ) ;
#1941 = EDGE_CURVE ( 'NONE', #6650, #7825, #8613, .T. ) ;
#1942 = EDGE_CURVE ( 'NONE', #6140, #4945, #7168, .T. ) ;
#1943 = CARTESIAN_POINT ( 'NONE',  ( -3.036747324517095947, 2.650969074868140485, 2.224070482407180638 ) ) ;
#1944 = PRESENTATION_LAYER_ASSIGNMENT (  '', '', ( #6074 ) ) ;
#1945 = SURFACE_STYLE_USAGE ( .BOTH. , #5341 ) ;
#1946 = MECHANICAL_DESIGN_GEOMETRIC_PRESENTATION_REPRESENTATION (  '', ( #4964 ), #7528 ) ;
#1947 = PRESENTATION_STYLE_ASSIGNMENT (( #4036 ) ) ;
#1948 = CARTESIAN_POINT ( 'NONE',  ( 0.2993161962930610542, -0.5301402761854553392, 2.379999999999999449 ) ) ;
#1949 = ORIENTED_EDGE ( 'NONE', *, *, #8808, .F. ) ;
#1950 = LINE ( 'NONE', #2715, #8434 ) ;
#1951 = ORIENTED_EDGE ( 'NONE', *, *, #6932, .F. ) ;
#1952 = EDGE_CURVE ( 'NONE', #5035, #3352, #3761, .T. ) ;
#1953 = EDGE_CURVE ( 'NONE', #4304, #1638, #3405, .T. ) ;
#1954 = CARTESIAN_POINT ( 'NONE',  ( 4.852500000000000036, -0.5984999999999991438, -2.602499999999999591 ) ) ;
#1955 =( BOUNDED_SURFACE ( )  B_SPLINE_SURFACE ( 3, 3, ( 
 ( #8092, #2035, #3245, #3954 ),
 ( #1943, #4673, #1191, #7400 ),
 ( #8817, #5956, #2668, #6731 ),
 ( #1900, #5383, #5253, #2706 ) ),
 .UNSPECIFIED., .F., .F., .F. ) 
 B_SPLINE_SURFACE_WITH_KNOTS ( ( 4, 4 ),
 ( 4, 4 ),
 ( 0.000000000000000000, 1.000000000000000000 ),
 ( 0.000000000000000000, 1.000000000000000000 ),
 .UNSPECIFIED. ) 
 GEOMETRIC_REPRESENTATION_ITEM ( )  RATIONAL_B_SPLINE_SURFACE ( (
 ( 1.000000000000000000, 0.3333333333333323156, 0.3333333333333323156, 1.000000000000000000),
 ( 0.9283027172331630439, 0.3094342390777200524, 0.3094342390777200524, 0.9283027172331630439),
 ( 0.9283027172331630439, 0.3094342390777200524, 0.3094342390777200524, 0.9283027172331630439),
 ( 1.000000000000000000, 0.3333333333333323156, 0.3333333333333323156, 1.000000000000000000) ) ) 
 REPRESENTATION_ITEM ( '' )  SURFACE ( )  );
#1956 = FILL_AREA_STYLE ('',( #2635 ) ) ;
#1957 = ORIENTED_EDGE ( 'NONE', *, *, #3196, .T. ) ;
#1958 = FILL_AREA_STYLE_COLOUR ( '', #6244 ) ;
#1959 = CARTESIAN_POINT ( 'NONE',  ( 3.101090794297183706, 2.495677398353390863, 2.114950978616526367 ) ) ;
#1960 = DIRECTION ( 'NONE',  ( -1.836970198721029688E-16, -9.860761315262647568E-32, 1.000000000000000000 ) ) ;
#1961 = PRESENTATION_STYLE_ASSIGNMENT (( #744 ) ) ;
#1962 =( NAMED_UNIT ( * ) PLANE_ANGLE_UNIT ( ) SI_UNIT ( $, .RADIAN. ) );
#1963 = AXIS2_PLACEMENT_3D ( 'NONE', #4991, #8360, #816 ) ;
#1964 = CARTESIAN_POINT ( 'NONE',  ( 3.086624157060253726, 2.592439880746324476, 2.063562735654720370 ) ) ;
#1965 = MECHANICAL_DESIGN_GEOMETRIC_PRESENTATION_REPRESENTATION (  '', ( #1545 ), #8285 ) ;
#1966 = PRESENTATION_STYLE_ASSIGNMENT (( #6675 ) ) ;
#1967 = ORIENTED_EDGE ( 'NONE', *, *, #6601, .F. ) ;
#1968 = CARTESIAN_POINT ( 'NONE',  ( 4.852500000000000036, -0.7672499999999993214, -1.944279695023480192 ) ) ;
#1969 = FILL_AREA_STYLE ('',( #1177 ) ) ;
#1970 = CARTESIAN_POINT ( 'NONE',  ( 4.910235026918963186, -0.1345149730810362987, 1.986544668104517575 ) ) ;
#1971 = CARTESIAN_POINT ( 'NONE',  ( -1.222499999999999920, 0.2322500000000000120, 2.660000000000000142 ) ) ;
#1972 = SURFACE_STYLE_FILL_AREA ( #3945 ) ;
#1973 =( GEOMETRIC_REPRESENTATION_CONTEXT ( 3 ) GLOBAL_UNCERTAINTY_ASSIGNED_CONTEXT ( ( #6182 ) ) GLOBAL_UNIT_ASSIGNED_CONTEXT ( ( #8278, #2707, #1407 ) ) REPRESENTATION_CONTEXT ( 'NONE', 'WORKASPACE' ) );
#1974 = DIRECTION ( 'NONE',  ( 0.000000000000000000, -0.000000000000000000, 1.000000000000000000 ) ) ;
#1975 = ADVANCED_FACE ( 'NONE', ( #1751 ), #2013, .T. ) ;
#1976 = PLANE ( 'NONE',  #8073 ) ;
#1977 = SURFACE_STYLE_USAGE ( .BOTH. , #3946 ) ;
#1978 =( NAMED_UNIT ( * ) PLANE_ANGLE_UNIT ( ) SI_UNIT ( $, .RADIAN. ) );
#1979 = COLOUR_RGB ( '',0.8313725490196077761, 0.8313725490196077761, 0.8313725490196077761 ) ;
#1980 = ORIENTED_EDGE ( 'NONE', *, *, #3256, .F. ) ;
#1981 = AXIS2_PLACEMENT_3D ( 'NONE', #1662, #4384, #7125 ) ;
#1982 = SURFACE_SIDE_STYLE ('',( #7243 ) ) ;
#1983 = VERTEX_POINT ( 'NONE', #1170 ) ;
#1984 = DIRECTION ( 'NONE',  ( 1.000000000000000000, 4.497431234013940009E-16, 0.000000000000000000 ) ) ;
#1985 = CARTESIAN_POINT ( 'NONE',  ( -0.5217543599545370059, 1.043508719909073790, 2.329999999999999627 ) ) ;
#1986 = ORIENTED_EDGE ( 'NONE', *, *, #8324, .F. ) ;
#1987 =( GEOMETRIC_REPRESENTATION_CONTEXT ( 3 ) GLOBAL_UNCERTAINTY_ASSIGNED_CONTEXT ( ( #8448 ) ) GLOBAL_UNIT_ASSIGNED_CONTEXT ( ( #8023, #691, #2811 ) ) REPRESENTATION_CONTEXT ( 'NONE', 'WORKASPACE' ) );
#1988 = CARTESIAN_POINT ( 'NONE',  ( 3.081608829459646870, -2.717203111341380151, 2.135240060900065018 ) ) ;
#1989 = PRESENTATION_LAYER_ASSIGNMENT (  '', '', ( #4125 ) ) ;
#1990 = VECTOR ( 'NONE', #6967, 1000.000000000000000 ) ;
#1991 = ADVANCED_FACE ( 'NONE', ( #3221 ), #3304, .T. ) ;
#1992 =( NAMED_UNIT ( * ) SI_UNIT ( $, .STERADIAN. ) SOLID_ANGLE_UNIT ( ) );
#1993 = DIRECTION ( 'NONE',  ( -0.8233548815373525898, 0.5675268619621560706, 0.000000000000000000 ) ) ;
#1994 = CARTESIAN_POINT ( 'NONE',  ( -0.5940512099433721271, -0.1523532029945883493, 2.380000000000000338 ) ) ;
#1995 = ORIENTED_EDGE ( 'NONE', *, *, #359, .T. ) ;
#1996 = LINE ( 'NONE', #8187, #254 ) ;
#1997 = ORIENTED_EDGE ( 'NONE', *, *, #1515, .T. ) ;
#1998 = MANIFOLD_SOLID_BREP ( 'Imported4', #2788 ) ;
#1999 = DIRECTION ( 'NONE',  ( -1.000000000000000000, -0.000000000000000000, 0.000000000000000000 ) ) ;
#2000 = SURFACE_STYLE_USAGE ( .BOTH. , #4868 ) ;
#2001 = STYLED_ITEM ( 'NONE', ( #4959 ), #6930 ) ;
#2002 =( GEOMETRIC_REPRESENTATION_CONTEXT ( 3 ) GLOBAL_UNCERTAINTY_ASSIGNED_CONTEXT ( ( #4211 ) ) GLOBAL_UNIT_ASSIGNED_CONTEXT ( ( #6043, #424, #5377 ) ) REPRESENTATION_CONTEXT ( 'NONE', 'WORKASPACE' ) );
#2003 = DIRECTION ( 'NONE',  ( 0.000000000000000000, 0.000000000000000000, 1.000000000000000000 ) ) ;
#2004 = AXIS2_PLACEMENT_3D ( 'NONE', #1699, #4331, #7708 ) ;
#2005 = EDGE_CURVE ( 'NONE', #5915, #2217, #3379, .T. ) ;
#2006 = EDGE_CURVE ( 'NONE', #6905, #7876, #3965, .T. ) ;
#2007 = CARTESIAN_POINT ( 'NONE',  ( 3.872500000000000053, -0.1922499999999990050, 0.000000000000000000 ) ) ;
#2008 = CARTESIAN_POINT ( 'NONE',  ( -3.770634082987815550, 0.3248361564241369348, -2.660000000000000142 ) ) ;
#2009 = CARTESIAN_POINT ( 'NONE',  ( -2.222500000000000142, 0.2322500000000000120, 0.000000000000000000 ) ) ;
#2010 = ORIENTED_EDGE ( 'NONE', *, *, #6761, .T. ) ;
#2011 =( LENGTH_UNIT ( ) NAMED_UNIT ( * ) SI_UNIT ( .MILLI., .METRE. ) );
#2012 = DIRECTION ( 'NONE',  ( 1.000000000000000000, 4.517509052022936456E-16, 0.000000000000000000 ) ) ;
#2013 =( BOUNDED_SURFACE ( )  B_SPLINE_SURFACE ( 3, 3, ( 
 ( #522, #2640, #2596, #1916 ),
 ( #8740, #3848, #7295, #5936 ),
 ( #6712, #6063, #5310, #7421 ),
 ( #4651, #3261, #7946, #5893 ) ),
 .UNSPECIFIED., .F., .F., .F. ) 
 B_SPLINE_SURFACE_WITH_KNOTS ( ( 4, 4 ),
 ( 4, 4 ),
 ( 0.000000000000000000, 1.000000000000000000 ),
 ( 0.000000000000000000, 1.000000000000000000 ),
 .UNSPECIFIED. ) 
 GEOMETRIC_REPRESENTATION_ITEM ( )  RATIONAL_B_SPLINE_SURFACE ( (
 ( 1.000000000000000000, 0.8047378541243661587, 0.8047378541243661587, 1.000000000000000000),
 ( 0.8047378541243649375, 0.6476030138606886366, 0.6476030138606886366, 0.8047378541243649375),
 ( 0.8047378541243649375, 0.6476030138606886366, 0.6476030138606886366, 0.8047378541243649375),
 ( 1.000000000000000000, 0.8047378541243661587, 0.8047378541243661587, 1.000000000000000000) ) ) 
 REPRESENTATION_ITEM ( '' )  SURFACE ( )  );
#2014 = FILL_AREA_STYLE_COLOUR ( '', #47 ) ;
#2015 = AXIS2_PLACEMENT_3D ( 'NONE', #4983, #5107, #3766 ) ;
#2016 = DIRECTION ( 'NONE',  ( -1.000000000000000000, 0.000000000000000000, 0.000000000000000000 ) ) ;
#2017 =( LENGTH_UNIT ( ) NAMED_UNIT ( * ) SI_UNIT ( .MILLI., .METRE. ) );
#2018 = VERTEX_POINT ( 'NONE', #8656 ) ;
#2019 = DIRECTION ( 'NONE',  ( -0.5773502691896258421, 0.5773502691896266192, -0.5773502691896247319 ) ) ;
#2020 =( LENGTH_UNIT ( ) NAMED_UNIT ( * ) SI_UNIT ( .MILLI., .METRE. ) );
#2021 = CARTESIAN_POINT ( 'NONE',  ( 4.798638961347434950, -0.04759004730551764928, 1.988560814222997797 ) ) ;
#2022 = CIRCLE ( 'NONE', #4594, 0.1000000000000002554 ) ;
#2023 = SURFACE_SIDE_STYLE ('',( #4249 ) ) ;
#2024 = SURFACE_STYLE_FILL_AREA ( #2696 ) ;
#2025 =( GEOMETRIC_REPRESENTATION_CONTEXT ( 3 ) GLOBAL_UNCERTAINTY_ASSIGNED_CONTEXT ( ( #1455 ) ) GLOBAL_UNIT_ASSIGNED_CONTEXT ( ( #5105, #951, #7126 ) ) REPRESENTATION_CONTEXT ( 'NONE', 'WORKASPACE' ) );
#2026 = AXIS2_PLACEMENT_3D ( 'NONE', #4560, #2553, #6621 ) ;
#2027 = DIRECTION ( 'NONE',  ( 1.000000000000000000, 0.000000000000000000, -0.000000000000000000 ) ) ;
#2028 = MECHANICAL_DESIGN_GEOMETRIC_PRESENTATION_REPRESENTATION (  '', ( #2613 ), #1604 ) ;
#2029 = ORIENTED_EDGE ( 'NONE', *, *, #7359, .T. ) ;
#2030 = CARTESIAN_POINT ( 'NONE',  ( 3.470131072937817862, -0.09224999999999936029, -1.879893295065256043 ) ) ;
#2031 = ORIENTED_EDGE ( 'NONE', *, *, #8697, .T. ) ;
#2032 = VECTOR ( 'NONE', #241, 1000.000000000000000 ) ;
#2033 = UNCERTAINTY_MEASURE_WITH_UNIT (LENGTH_MEASURE( 1.000000000000000082E-05 ), #3484, 'distance_accuracy_value', 'NONE');
#2034 = ORIENTED_EDGE ( 'NONE', *, *, #3671, .T. ) ;
#2035 = CARTESIAN_POINT ( 'NONE',  ( -2.959737197023302180, 2.650969074868141373, 2.283371188774894645 ) ) ;
#2036 = COLOUR_RGB ( '',0.2862745098039215508, 0.2862745098039215508, 0.2862745098039215508 ) ;
#2037 = CARTESIAN_POINT ( 'NONE',  ( -3.575690672268250658, 0.0008476403358656011550, 2.754999999999999893 ) ) ;
#2038 = AXIS2_PLACEMENT_3D ( 'NONE', #2068, #3353, #3436 ) ;
#2039 = ORIENTED_EDGE ( 'NONE', *, *, #3307, .F. ) ;
#2040 = VERTEX_POINT ( 'NONE', #6111 ) ;
#2041 = CARTESIAN_POINT ( 'NONE',  ( 3.270000000000000018, 3.047499999999999876, 0.000000000000000000 ) ) ;
#2042 =( LENGTH_UNIT ( ) NAMED_UNIT ( * ) SI_UNIT ( .MILLI., .METRE. ) );
#2043 = VERTEX_POINT ( 'NONE', #5530 ) ;
#2044 = DIRECTION ( 'NONE',  ( -0.4643522996055910457, -0.8856505754816621501, 0.000000000000000000 ) ) ;
#2045 = ORIENTED_EDGE ( 'NONE', *, *, #420, .T. ) ;
#2046 = PRESENTATION_STYLE_ASSIGNMENT (( #6100 ) ) ;
#2047 =( GEOMETRIC_REPRESENTATION_CONTEXT ( 3 ) GLOBAL_UNCERTAINTY_ASSIGNED_CONTEXT ( ( #1690 ) ) GLOBAL_UNIT_ASSIGNED_CONTEXT ( ( #1477, #3516, #7756 ) ) REPRESENTATION_CONTEXT ( 'NONE', 'WORKASPACE' ) );
#2048 = SURFACE_SIDE_STYLE ('',( #6512 ) ) ;
#2049 = AXIS2_PLACEMENT_3D ( 'NONE', #2725, #4096, #2812 ) ;
#2050 = CARTESIAN_POINT ( 'NONE',  ( 4.687102839788670039, -0.09224999999999881906, -1.844279695023480103 ) ) ;
#2051 = FILL_AREA_STYLE ('',( #8147 ) ) ;
#2052 = CARTESIAN_POINT ( 'NONE',  ( 2.803133701591289384, 2.495677398353390419, 2.080000000000000071 ) ) ;
#2053 = DIRECTION ( 'NONE',  ( -1.000000000000000000, -8.131516293641262547E-16, 0.000000000000000000 ) ) ;
#2054 =( NAMED_UNIT ( * ) PLANE_ANGLE_UNIT ( ) SI_UNIT ( $, .RADIAN. ) );
#2055 = DIRECTION ( 'NONE',  ( 0.000000000000000000, -1.000000000000000000, 0.000000000000000000 ) ) ;
#2056 = FILL_AREA_STYLE ('',( #4195 ) ) ;
#2057 =( LENGTH_UNIT ( ) NAMED_UNIT ( * ) SI_UNIT ( .MILLI., .METRE. ) );
#2058 = AXIS2_PLACEMENT_3D ( 'NONE', #3333, #8821, #2672 ) ;
#2059 = ADVANCED_FACE ( 'NONE', ( #4782 ), #8199, .F. ) ;
#2060 = VECTOR ( 'NONE', #1098, 1000.000000000000000 ) ;
#2061 = EDGE_CURVE ( 'NONE', #6198, #1326, #5609, .T. ) ;
#2062 = ADVANCED_FACE ( 'NONE', ( #646 ), #3562, .T. ) ;
#2063 = EDGE_CURVE ( 'NONE', #2413, #5170, #3607, .T. ) ;
#2064 = CIRCLE ( 'NONE', #4773, 0.09999999999999999167 ) ;
#2065 = CARTESIAN_POINT ( 'NONE',  ( 0.8911186998730910025, -0.1889472805623728380, -2.168521061192351773 ) ) ;
#2066 = FACE_OUTER_BOUND ( 'NONE', #7290, .T. ) ;
#2067 = EDGE_LOOP ( 'NONE', ( #7601, #3686, #710, #723 ) ) ;
#2068 = CARTESIAN_POINT ( 'NONE',  ( 3.399390871961310623, -0.7672499999999999876, -0.6562182560773820450 ) ) ;
#2069 = STYLED_ITEM ( 'NONE', ( #2659 ), #4111 ) ;
#2070 = DIRECTION ( 'NONE',  ( 5.482582837655000045E-16, -1.000000000000000000, 0.000000000000000000 ) ) ;
#2071 = CARTESIAN_POINT ( 'NONE',  ( -4.120000000000000107, 0.03274999999999959888, 2.660000000000000142 ) ) ;
#2072 = CARTESIAN_POINT ( 'NONE',  ( 4.704260127314050521, -0.09224999999999908273, -1.985701051260789773 ) ) ;
#2073 = FACE_OUTER_BOUND ( 'NONE', #8327, .T. ) ;
#2074 = ORIENTED_EDGE ( 'NONE', *, *, #4297, .T. ) ;
#2075 = PRESENTATION_LAYER_ASSIGNMENT (  '', '', ( #6362 ) ) ;
#2076 =( LENGTH_UNIT ( ) NAMED_UNIT ( * ) SI_UNIT ( .MILLI., .METRE. ) );
#2077 = UNCERTAINTY_MEASURE_WITH_UNIT (LENGTH_MEASURE( 1.000000000000000082E-05 ), #144, 'distance_accuracy_value', 'NONE');
#2078 = CIRCLE ( 'NONE', #6942, 0.09999999999999993616 ) ;
#2079 = EDGE_LOOP ( 'NONE', ( #5182, #8899, #4489, #3403, #1624 ) ) ;
#2080 = SURFACE_STYLE_FILL_AREA ( #2161 ) ;
#2081 = ORIENTED_EDGE ( 'NONE', *, *, #4073, .T. ) ;
#2082 = STYLED_ITEM ( 'NONE', ( #8056 ), #4477 ) ;
#2083 =( LENGTH_UNIT ( ) NAMED_UNIT ( * ) SI_UNIT ( .MILLI., .METRE. ) );
#2084 = ORIENTED_EDGE ( 'NONE', *, *, #1854, .T. ) ;
#2085 = DIRECTION ( 'NONE',  ( 1.000000000000000000, 0.000000000000000000, 0.000000000000000000 ) ) ;
#2086 = VERTEX_POINT ( 'NONE', #5095 ) ;
#2087 = ORIENTED_EDGE ( 'NONE', *, *, #5133, .F. ) ;
#2088 = SURFACE_STYLE_FILL_AREA ( #7695 ) ;
#2089 = CARTESIAN_POINT ( 'NONE',  ( -0.2044834875729593937, -0.5733239114389113711, 2.380000000000000338 ) ) ;
#2090 = EDGE_LOOP ( 'NONE', ( #7046, #6966, #3448, #2651 ) ) ;
#2091 = FACE_OUTER_BOUND ( 'NONE', #4229, .T. ) ;
#2092 = EDGE_LOOP ( 'NONE', ( #2039, #2744, #5607, #7735, #2130 ) ) ;
#2093 = LINE ( 'NONE', #4913, #6636 ) ;
#2094 = DIRECTION ( 'NONE',  ( -0.000000000000000000, 0.000000000000000000, -1.000000000000000000 ) ) ;
#2095 = EDGE_CURVE ( 'NONE', #1594, #2451, #2237, .T. ) ;
#2096 =( NAMED_UNIT ( * ) PLANE_ANGLE_UNIT ( ) SI_UNIT ( $, .RADIAN. ) );
#2097 = DIRECTION ( 'NONE',  ( -0.000000000000000000, -0.000000000000000000, -1.000000000000000000 ) ) ;
#2098 =( GEOMETRIC_REPRESENTATION_CONTEXT ( 3 ) GLOBAL_UNCERTAINTY_ASSIGNED_CONTEXT ( ( #892 ) ) GLOBAL_UNIT_ASSIGNED_CONTEXT ( ( #4256, #7636, #3538 ) ) REPRESENTATION_CONTEXT ( 'NONE', 'WORKASPACE' ) );
#2099 = STYLED_ITEM ( 'NONE', ( #1961 ), #472 ) ;
#2100 = CARTESIAN_POINT ( 'NONE',  ( 3.430235026918961871, -0.1345149730810373256, 2.117735026918962760 ) ) ;
#2101 = LINE ( 'NONE', #8872, #5054 ) ;
#2102 = FILL_AREA_STYLE ('',( #794 ) ) ;
#2103 = CARTESIAN_POINT ( 'NONE',  ( 3.539434131648604875, -0.1681551104516831319, 1.968158727481965631 ) ) ;
#2104 = CARTESIAN_POINT ( 'NONE',  ( -1.222499999999999920, 0.2322500000000000120, 0.000000000000000000 ) ) ;
#2105 = SURFACE_STYLE_USAGE ( .BOTH. , #796 ) ;
#2106 = MECHANICAL_DESIGN_GEOMETRIC_PRESENTATION_REPRESENTATION (  '', ( #5943 ), #3665 ) ;
#2107 = SURFACE_STYLE_FILL_AREA ( #7519 ) ;
#2108 = CARTESIAN_POINT ( 'NONE',  ( 3.572499999999999787, -0.1922499999999997544, 1.959999999999999964 ) ) ;
#2109 = CARTESIAN_POINT ( 'NONE',  ( 3.372499999999999609, -0.09224999999999906886, -1.942842712474619260 ) ) ;
#2110 = ORIENTED_EDGE ( 'NONE', *, *, #3520, .T. ) ;
#2111 = DIRECTION ( 'NONE',  ( 0.1147640357803538375, 0.1721460536705333721, -0.9783634050275323846 ) ) ;
#2112 = ADVANCED_FACE ( 'NONE', ( #1561 ), #886, .T. ) ;
#2113 = DIRECTION ( 'NONE',  ( -0.000000000000000000, -0.000000000000000000, -1.000000000000000000 ) ) ;
#2114 = CARTESIAN_POINT ( 'NONE',  ( 3.145735931288071718, -2.847500000000002363, 0.000000000000000000 ) ) ;
#2115 = FILL_AREA_STYLE ('',( #707 ) ) ;
#2116 =( LENGTH_UNIT ( ) NAMED_UNIT ( * ) SI_UNIT ( .MILLI., .METRE. ) );
#2117 =( NAMED_UNIT ( * ) PLANE_ANGLE_UNIT ( ) SI_UNIT ( $, .RADIAN. ) );
#2118 = SURFACE_SIDE_STYLE ('',( #711 ) ) ;
#2119 = AXIS2_PLACEMENT_3D ( 'NONE', #4074, #6819, #7440 ) ;
#2120 =( NAMED_UNIT ( * ) PLANE_ANGLE_UNIT ( ) SI_UNIT ( $, .RADIAN. ) );
#2121 = ORIENTED_EDGE ( 'NONE', *, *, #6274, .T. ) ;
#2122 = DIRECTION ( 'NONE',  ( 1.000000000000000000, 0.000000000000000000, 0.000000000000000000 ) ) ;
#2123 = ADVANCED_FACE ( 'NONE', ( #7117 ), #2818, .T. ) ;
#2124 = ADVANCED_FACE ( 'NONE', ( #6533 ), #2213, .F. ) ;
#2125 = DIRECTION ( 'NONE',  ( 0.5675268619621517407, 0.8233548815373554763, 0.000000000000000000 ) ) ;
#2126 = ORIENTED_EDGE ( 'NONE', *, *, #180, .F. ) ;
#2127 = ORIENTED_EDGE ( 'NONE', *, *, #5181, .F. ) ;
#2128 = CARTESIAN_POINT ( 'NONE',  ( -4.120000000000000107, 0.03274999999999959888, -2.660000000000000142 ) ) ;
#2129 = CIRCLE ( 'NONE', #3264, 0.1000000000000002554 ) ;
#2130 = ORIENTED_EDGE ( 'NONE', *, *, #1953, .F. ) ;
#2131 = EDGE_LOOP ( 'NONE', ( #4215, #2257, #7441, #2305 ) ) ;
#2132 = CARTESIAN_POINT ( 'NONE',  ( 0.8711950925483163966, -0.1345149730810374089, 2.094165146386241183 ) ) ;
#2133 = CARTESIAN_POINT ( 'NONE',  ( 0.6030176788913834685, -0.09552533357592757346, 2.379999999999999893 ) ) ;
#2134 = PRESENTATION_LAYER_ASSIGNMENT (  '', '', ( #263 ) ) ;
#2135 = ORIENTED_EDGE ( 'NONE', *, *, #1504, .T. ) ;
#2136 = SURFACE_STYLE_FILL_AREA ( #784 ) ;
#2137 = ORIENTED_EDGE ( 'NONE', *, *, #6664, .F. ) ;
#2138 = PRESENTATION_STYLE_ASSIGNMENT (( #8286 ) ) ;
#2139 = CIRCLE ( 'NONE', #6287, 0.1000000000000000472 ) ;
#2140 = CARTESIAN_POINT ( 'NONE',  ( -1.222499999999999698, 0.7672499999999990994, 0.000000000000000000 ) ) ;
#2141 = EDGE_CURVE ( 'NONE', #8632, #7876, #5416, .T. ) ;
#2142 = DIRECTION ( 'NONE',  ( 8.223874256482640091E-16, -1.000000000000000000, -0.000000000000000000 ) ) ;
#2143 =( LENGTH_UNIT ( ) NAMED_UNIT ( * ) SI_UNIT ( .MILLI., .METRE. ) );
#2144 = PRESENTATION_STYLE_ASSIGNMENT (( #8295 ) ) ;
#2145 = AXIS2_PLACEMENT_3D ( 'NONE', #7408, #2044, #7554 ) ;
#2146 = CARTESIAN_POINT ( 'NONE',  ( 3.997405498140215396, -0.1591874171070352673, 2.593530663926139290 ) ) ;
#2147 = SURFACE_STYLE_FILL_AREA ( #7520 ) ;
#2148 = UNCERTAINTY_MEASURE_WITH_UNIT (LENGTH_MEASURE( 1.000000000000000082E-05 ), #8468, 'distance_accuracy_value', 'NONE');
#2149 = SURFACE_SIDE_STYLE ('',( #3525 ) ) ;
#2150 = PRESENTATION_STYLE_ASSIGNMENT (( #7526 ) ) ;
#2151 = DIRECTION ( 'NONE',  ( 0.000000000000000000, -1.000000000000000000, 0.000000000000000000 ) ) ;
#2152 =( NAMED_UNIT ( * ) PLANE_ANGLE_UNIT ( ) SI_UNIT ( $, .RADIAN. ) );
#2153 =( NAMED_UNIT ( * ) SI_UNIT ( $, .STERADIAN. ) SOLID_ANGLE_UNIT ( ) );
#2154 = MECHANICAL_DESIGN_GEOMETRIC_PRESENTATION_REPRESENTATION (  '', ( #3994 ), #1733 ) ;
#2155 = CARTESIAN_POINT ( 'NONE',  ( 0.4819120798423590646, -0.1922500000000010034, -0.3637895569954249786 ) ) ;
#2156 = PRESENTATION_STYLE_ASSIGNMENT (( #1490 ) ) ;
#2157 = ADVANCED_FACE ( 'NONE', ( #2833 ), #765, .F. ) ;
#2158 = UNCERTAINTY_MEASURE_WITH_UNIT (LENGTH_MEASURE( 1.000000000000000082E-05 ), #4562, 'distance_accuracy_value', 'NONE');
#2159 = MECHANICAL_DESIGN_GEOMETRIC_PRESENTATION_REPRESENTATION (  '', ( #8753 ), #8329 ) ;
#2160 = ORIENTED_EDGE ( 'NONE', *, *, #5133, .T. ) ;
#2161 = FILL_AREA_STYLE ('',( #815 ) ) ;
#2162 =( LENGTH_UNIT ( ) NAMED_UNIT ( * ) SI_UNIT ( .MILLI., .METRE. ) );
#2163 = ORIENTED_EDGE ( 'NONE', *, *, #2454, .F. ) ;
#2164 = SURFACE_SIDE_STYLE ('',( #6190 ) ) ;
#2165 = AXIS2_PLACEMENT_3D ( 'NONE', #1393, #3443, #8169 ) ;
#2166 = CARTESIAN_POINT ( 'NONE',  ( 4.064341272518040782, -0.02531586835138879485, -2.526594889548317457 ) ) ;
#2167 = ORIENTED_EDGE ( 'NONE', *, *, #2347, .T. ) ;
#2168 = COLOUR_RGB ( '',0.8313725490196077761, 0.8313725490196077761, 0.8313725490196077761 ) ;
#2169 = EDGE_CURVE ( 'NONE', #3492, #427, #6236, .T. ) ;
#2170 = EDGE_CURVE ( 'NONE', #2451, #703, #6184, .T. ) ;
#2171 = EDGE_CURVE ( 'NONE', #1271, #7280, #665, .T. ) ;
#2172 = EDGE_CURVE ( 'NONE', #7779, #8508, #517, .T. ) ;
#2173 = UNCERTAINTY_MEASURE_WITH_UNIT (LENGTH_MEASURE( 1.000000000000000082E-05 ), #1803, 'distance_accuracy_value', 'NONE');
#2174 = CARTESIAN_POINT ( 'NONE',  ( 0.8525000000000000355, -0.1922500000000010589, -0.6394013687083450748 ) ) ;
#2175 = AXIS2_PLACEMENT_3D ( 'NONE', #2155, #2784, #4891 ) ;
#2176 = ORIENTED_EDGE ( 'NONE', *, *, #1795, .F. ) ;
#2177 = EDGE_LOOP ( 'NONE', ( #276, #785, #3193, #3990 ) ) ;
#2178 = VECTOR ( 'NONE', #2094, 1000.000000000000000 ) ;
#2179 = CARTESIAN_POINT ( 'NONE',  ( 0.8078400473055159514, -0.2461110386525663385, 2.115718880800482093 ) ) ;
#2180 = PLANE ( 'NONE',  #4488 ) ;
#2181 = VERTEX_POINT ( 'NONE', #1534 ) ;
#2182 = ORIENTED_EDGE ( 'NONE', *, *, #1892, .T. ) ;
#2183 = FACE_OUTER_BOUND ( 'NONE', #6856, .T. ) ;
#2184 = CARTESIAN_POINT ( 'NONE',  ( 3.036747324517097280, 2.650969074868139597, 2.224070482407180194 ) ) ;
#2185 = DIRECTION ( 'NONE',  ( -0.000000000000000000, -0.000000000000000000, -1.000000000000000000 ) ) ;
#2186 = PRESENTATION_LAYER_ASSIGNMENT (  '', '', ( #6018 ) ) ;
#2187 = FILL_AREA_STYLE ('',( #155 ) ) ;
#2188 = FILL_AREA_STYLE ('',( #8338 ) ) ;
#2189 = ORIENTED_EDGE ( 'NONE', *, *, #3572, .F. ) ;
#2190 = AXIS2_PLACEMENT_3D ( 'NONE', #7042, #4155, #2916 ) ;
#2191 = DIRECTION ( 'NONE',  ( -1.836970198721029688E-16, -9.860761315262647568E-32, 1.000000000000000000 ) ) ;
#2192 = MECHANICAL_DESIGN_GEOMETRIC_PRESENTATION_REPRESENTATION (  '', ( #4326 ), #8201 ) ;
#2193 =( NAMED_UNIT ( * ) SI_UNIT ( $, .STERADIAN. ) SOLID_ANGLE_UNIT ( ) );
#2194 = FACE_BOUND ( 'NONE', #4127, .T. ) ;
#2195 = MECHANICAL_DESIGN_GEOMETRIC_PRESENTATION_REPRESENTATION (  '', ( #5899 ), #6635 ) ;
#2196 = PRESENTATION_LAYER_ASSIGNMENT (  '', '', ( #4914 ) ) ;
#2197 = FILL_AREA_STYLE ('',( #8344 ) ) ;
#2198 = SURFACE_STYLE_USAGE ( .BOTH. , #3524 ) ;
#2199 = VERTEX_POINT ( 'NONE', #865 ) ;
#2200 = FACE_OUTER_BOUND ( 'NONE', #7683, .T. ) ;
#2201 = CARTESIAN_POINT ( 'NONE',  ( -0.4917015374391081606, -0.1753850008624338874, 2.330000000000000071 ) ) ;
#2202 = STYLED_ITEM ( 'NONE', ( #8372 ), #3255 ) ;
#2203 = CYLINDRICAL_SURFACE ( 'NONE', #8307, 0.1000000000000002554 ) ;
#2204 =( NAMED_UNIT ( * ) SI_UNIT ( $, .STERADIAN. ) SOLID_ANGLE_UNIT ( ) );
#2205 = PRESENTATION_STYLE_ASSIGNMENT (( #5543 ) ) ;
#2206 = DIRECTION ( 'NONE',  ( -0.1147640357803560024, -0.1721460536705340105, 0.9783634050275320515 ) ) ;
#2207 =( NAMED_UNIT ( * ) PLANE_ANGLE_UNIT ( ) SI_UNIT ( $, .RADIAN. ) );
#2208 = ADVANCED_FACE ( 'NONE', ( #6084 ), #4755, .T. ) ;
#2209 =( NAMED_UNIT ( * ) SI_UNIT ( $, .STERADIAN. ) SOLID_ANGLE_UNIT ( ) );
#2210 = STYLED_ITEM ( 'NONE', ( #1815 ), #4798 ) ;
#2211 = COLOUR_RGB ( '',0.8313725490196077761, 0.8313725490196077761, 0.8313725490196077761 ) ;
#2212 = ORIENTED_EDGE ( 'NONE', *, *, #2359, .F. ) ;
#2213 = PLANE ( 'NONE',  #2242 ) ;
#2214 = ORIENTED_EDGE ( 'NONE', *, *, #5767, .F. ) ;
#2215 = B_SPLINE_CURVE_WITH_KNOTS ( 'NONE', 3,
 ( #8251, #6887, #6164, #8341, #2860, #8388, #19, #4830 ),
 .UNSPECIFIED., .F., .F.,
 ( 4, 2, 2, 4 ),
 ( 5.974358122107587904E-16, 0.0002327670293097039856, 0.0003491505439642572672, 0.0004655340586188105759 ),
 .UNSPECIFIED. ) ;
#2216 = CARTESIAN_POINT ( 'NONE',  ( 3.997405498140215396, -0.1591874171070372657, -2.593530663926140623 ) ) ;
#2217 = VERTEX_POINT ( 'NONE', #5778 ) ;
#2218 = PRODUCT_DEFINITION_CONTEXT ( 'detailed design', #6065, 'design' ) ;
#2219 = VECTOR ( 'NONE', #4158, 1000.000000000000000 ) ;
#2220 = PRESENTATION_STYLE_ASSIGNMENT (( #8234 ) ) ;
#2221 = ORIENTED_EDGE ( 'NONE', *, *, #7930, .F. ) ;
#2222 = VERTEX_POINT ( 'NONE', #3628 ) ;
#2223 = LINE ( 'NONE', #4957, #7008 ) ;
#2224 = DIRECTION ( 'NONE',  ( -1.000000000000000000, -4.823386660693620032E-16, 0.000000000000000000 ) ) ;
#2225 = EDGE_CURVE ( 'NONE', #4588, #8069, #1626, .T. ) ;
#2226 = ORIENTED_EDGE ( 'NONE', *, *, #1891, .F. ) ;
#2227 = EDGE_CURVE ( 'NONE', #6333, #3323, #1677, .T. ) ;
#2228 = CYLINDRICAL_SURFACE ( 'NONE', #3564, 0.1000000000000000472 ) ;
#2229 = ORIENTED_EDGE ( 'NONE', *, *, #4476, .F. ) ;
#2230 = DIRECTION ( 'NONE',  ( 1.000000000000000000, 0.000000000000000000, 0.000000000000000000 ) ) ;
#2231 = CARTESIAN_POINT ( 'NONE',  ( 3.972500000000000142, -0.1475286404500032178, -2.591942719099991521 ) ) ;
#2232 = CARTESIAN_POINT ( 'NONE',  ( 3.198768517885748341, 2.313513886755170113, 2.292301372015141059 ) ) ;
#2233 = PRESENTATION_LAYER_ASSIGNMENT (  '', '', ( #4630 ) ) ;
#2234 = CARTESIAN_POINT ( 'NONE',  ( 3.318638961347434080, -0.1365311191995187967, 2.204659952694483227 ) ) ;
#2235 =( NAMED_UNIT ( * ) SI_UNIT ( $, .STERADIAN. ) SOLID_ANGLE_UNIT ( ) );
#2236 = EDGE_CURVE ( 'NONE', #2976, #6650, #221, .T. ) ;
#2237 = LINE ( 'NONE', #7888, #7242 ) ;
#2238 =( NAMED_UNIT ( * ) SI_UNIT ( $, .STERADIAN. ) SOLID_ANGLE_UNIT ( ) );
#2239 = DIRECTION ( 'NONE',  ( 1.000000000000000000, 0.000000000000000000, 0.000000000000000000 ) ) ;
#2240 = FACE_OUTER_BOUND ( 'NONE', #7606, .T. ) ;
#2241 =( GEOMETRIC_REPRESENTATION_CONTEXT ( 3 ) GLOBAL_UNCERTAINTY_ASSIGNED_CONTEXT ( ( #1247 ) ) GLOBAL_UNIT_ASSIGNED_CONTEXT ( ( #5937, #489, #1079 ) ) REPRESENTATION_CONTEXT ( 'NONE', 'WORKASPACE' ) );
#2242 = AXIS2_PLACEMENT_3D ( 'NONE', #4805, #8315, #2027 ) ;
#2243 = FILL_AREA_STYLE_COLOUR ( '', #189 ) ;
#2244 = CARTESIAN_POINT ( 'NONE',  ( -2.803133701591290272, 2.495677398353389087, 2.080000000000000071 ) ) ;
#2245 = SURFACE_SIDE_STYLE ('',( #657 ) ) ;
#2246 = CARTESIAN_POINT ( 'NONE',  ( 0.6024797205738967598, -0.09225000000000065092, -0.3818323824298661129 ) ) ;
#2247 = CARTESIAN_POINT ( 'NONE',  ( 4.945809800894466868, -0.1434107350525327673, 2.506868729000466534 ) ) ;
#2248 =( GEOMETRIC_REPRESENTATION_CONTEXT ( 3 ) GLOBAL_UNCERTAINTY_ASSIGNED_CONTEXT ( ( #6540 ) ) GLOBAL_UNIT_ASSIGNED_CONTEXT ( ( #5374, #6685, #8846 ) ) REPRESENTATION_CONTEXT ( 'NONE', 'WORKASPACE' ) );
#2249 = ORIENTED_EDGE ( 'NONE', *, *, #5382, .T. ) ;
#2250 = CIRCLE ( 'NONE', #3372, 0.09999999999999982514 ) ;
#2251 = SURFACE_SIDE_STYLE ('',( #4299 ) ) ;
#2252 = CARTESIAN_POINT ( 'NONE',  ( -3.242815959658425395, 0.04809771563645272308, -2.660000000000000142 ) ) ;
#2253 = UNCERTAINTY_MEASURE_WITH_UNIT (LENGTH_MEASURE( 1.000000000000000082E-05 ), #1721, 'distance_accuracy_value', 'NONE');
#2254 =( BOUNDED_CURVE ( )  B_SPLINE_CURVE ( 3, ( #3253, #8607, #7981, #2466 ),
 .UNSPECIFIED., .F., .T. ) 
 B_SPLINE_CURVE_WITH_KNOTS ( ( 4, 4 ),
 ( 0.02019034149695389177, 0.7147416074661672170 ),
 .UNSPECIFIED. ) 
 CURVE ( )  GEOMETRIC_REPRESENTATION_ITEM ( )  RATIONAL_B_SPLINE_CURVE ( ( 1.000000000000000000, 0.9602022700503864971, 0.9602022700503864971, 1.000000000000000000 ) ) 
 REPRESENTATION_ITEM ( '' )  );
#2255 = EDGE_LOOP ( 'NONE', ( #4612, #4711, #5, #6089, #1818, #8005 ) ) ;
#2256 = VERTEX_POINT ( 'NONE', #2395 ) ;
#2257 = ORIENTED_EDGE ( 'NONE', *, *, #7049, .F. ) ;
#2258 = CARTESIAN_POINT ( 'NONE',  ( 4.910235026918962298, -0.1345149730810359656, -1.986544668104514910 ) ) ;
#2259 = ORIENTED_EDGE ( 'NONE', *, *, #6258, .F. ) ;
#2260 = CIRCLE ( 'NONE', #7701, 0.1000000000000002554 ) ;
#2261 = CARTESIAN_POINT ( 'NONE',  ( -3.903095123049503457, -0.008589285714287469772, 2.660000000000000142 ) ) ;
#2262 = UNCERTAINTY_MEASURE_WITH_UNIT (LENGTH_MEASURE( 1.000000000000000082E-05 ), #2042, 'distance_accuracy_value', 'NONE');
#2263 = SURFACE_STYLE_FILL_AREA ( #8413 ) ;
#2264 = MECHANICAL_DESIGN_GEOMETRIC_PRESENTATION_REPRESENTATION (  '', ( #2687 ), #1121 ) ;
#2265 = ORIENTED_EDGE ( 'NONE', *, *, #6306, .F. ) ;
#2266 = ORIENTED_EDGE ( 'NONE', *, *, #857, .T. ) ;
#2267 = CARTESIAN_POINT ( 'NONE',  ( -1.222499999999999920, 0.2322500000000000120, 0.000000000000000000 ) ) ;
#2268 = PRESENTATION_STYLE_ASSIGNMENT (( #2315 ) ) ;
#2269 = LINE ( 'NONE', #8833, #8159 ) ;
#2270 = ORIENTED_EDGE ( 'NONE', *, *, #3411, .F. ) ;
#2271 = DIRECTION ( 'NONE',  ( 1.000000000000000000, 0.000000000000000000, 0.000000000000000000 ) ) ;
#2272 =( GEOMETRIC_REPRESENTATION_CONTEXT ( 3 ) GLOBAL_UNCERTAINTY_ASSIGNED_CONTEXT ( ( #5454 ) ) GLOBAL_UNIT_ASSIGNED_CONTEXT ( ( #477, #5958, #6613 ) ) REPRESENTATION_CONTEXT ( 'NONE', 'WORKASPACE' ) );
#2273 = SURFACE_STYLE_FILL_AREA ( #7149 ) ;
#2274 = ORIENTED_EDGE ( 'NONE', *, *, #5078, .T. ) ;
#2275 =( GEOMETRIC_REPRESENTATION_CONTEXT ( 3 ) GLOBAL_UNCERTAINTY_ASSIGNED_CONTEXT ( ( #1703 ) ) GLOBAL_UNIT_ASSIGNED_CONTEXT ( ( #1613, #5103, #3574 ) ) REPRESENTATION_CONTEXT ( 'NONE', 'WORKASPACE' ) );
#2276 = ADVANCED_FACE ( 'NONE', ( #8451 ), #273, .T. ) ;
#2277 = CIRCLE ( 'NONE', #4563, 0.3000000000000000444 ) ;
#2278 = PRESENTATION_STYLE_ASSIGNMENT (( #2325 ) ) ;
#2279 = SURFACE_STYLE_USAGE ( .BOTH. , #4923 ) ;
#2280 = CIRCLE ( 'NONE', #7283, 0.1000000000000002554 ) ;
#2281 = DIRECTION ( 'NONE',  ( 4.823386660693620032E-16, -1.000000000000000000, 0.000000000000000000 ) ) ;
#2282 =( LENGTH_UNIT ( ) NAMED_UNIT ( * ) SI_UNIT ( .MILLI., .METRE. ) );
#2283 = CARTESIAN_POINT ( 'NONE',  ( -2.827358435020015381, 2.810052051419916985, 2.263834078789256132 ) ) ;
#2284 = PRESENTATION_STYLE_ASSIGNMENT (( #3706 ) ) ;
#2285 = AXIS2_PLACEMENT_3D ( 'NONE', #4139, #6883, #63 ) ;
#2286 = SURFACE_STYLE_FILL_AREA ( #7710 ) ;
#2287 = CARTESIAN_POINT ( 'NONE',  ( 0.8711950925483158414, -0.1345149730810376865, -2.094165146386242515 ) ) ;
#2288 = ADVANCED_FACE ( 'NONE', ( #3774 ), #2934, .T. ) ;
#2289 = EDGE_CURVE ( 'NONE', #8228, #2086, #3267, .T. ) ;
#2290 = EDGE_CURVE ( 'NONE', #6662, #4907, #6596, .T. ) ;
#2291 = VECTOR ( 'NONE', #6898, 1000.000000000000000 ) ;
#2292 = LINE ( 'NONE', #7210, #4970 ) ;
#2293 = DIRECTION ( 'NONE',  ( 0.000000000000000000, 1.000000000000000000, 0.000000000000000000 ) ) ;
#2294 = CIRCLE ( 'NONE', #7152, 0.09999999999999981126 ) ;
#2295 = DIRECTION ( 'NONE',  ( 1.000000000000000000, 4.497431234013940009E-16, -0.000000000000000000 ) ) ;
#2296 = LINE ( 'NONE', #3049, #5585 ) ;
#2297 = CARTESIAN_POINT ( 'NONE',  ( 4.913881300126909046, -0.1889472805623713392, 2.611021061192350778 ) ) ;
#2298 = CARTESIAN_POINT ( 'NONE',  ( 4.412499999999999645, -0.1922499999999990050, -2.060000000000000053 ) ) ;
#2299 = CARTESIAN_POINT ( 'NONE',  ( -0.5742062652383689292, -1.148412530476738524, 2.370849364905390555 ) ) ;
#2300 = FILL_AREA_STYLE_COLOUR ( '', #7075 ) ;
#2301 = AXIS2_PLACEMENT_3D ( 'NONE', #8476, #5053, #1655 ) ;
#2302 = ORIENTED_EDGE ( 'NONE', *, *, #8694, .F. ) ;
#2303 = ORIENTED_EDGE ( 'NONE', *, *, #4967, .F. ) ;
#2304 = CARTESIAN_POINT ( 'NONE',  ( 0.3819120798423590868, -0.1922500000000010312, 0.3637895569954250341 ) ) ;
#2305 = ORIENTED_EDGE ( 'NONE', *, *, #7665, .T. ) ;
#2306 = PRESENTATION_LAYER_ASSIGNMENT (  '', '', ( #3994 ) ) ;
#2307 = DIRECTION ( 'NONE',  ( -2.507857993130599194E-16, 0.9848706617970867105, 0.1732910255361440055 ) ) ;
#2308 =( LENGTH_UNIT ( ) NAMED_UNIT ( * ) SI_UNIT ( .MILLI., .METRE. ) );
#2309 = ORIENTED_EDGE ( 'NONE', *, *, #5719, .F. ) ;
#2310 = CARTESIAN_POINT ( 'NONE',  ( 1.044341272518035879, -0.02531586835139343003, -2.084094889548317564 ) ) ;
#2311 = DIRECTION ( 'NONE',  ( -0.000000000000000000, -1.000000000000000000, -0.000000000000000000 ) ) ;
#2312 = VERTEX_POINT ( 'NONE', #8750 ) ;
#2313 = VERTEX_POINT ( 'NONE', #1968 ) ;
#2314 = CARTESIAN_POINT ( 'NONE',  ( -4.319792374265440493, -0.2322500000000001508, -1.899999999999999911 ) ) ;
#2315 = SURFACE_STYLE_USAGE ( .BOTH. , #928 ) ;
#2316 = DIRECTION ( 'NONE',  ( -0.3333510335353621068, -0.8471196932672543367, -0.4138421362303491002 ) ) ;
#2317 = VERTEX_POINT ( 'NONE', #4657 ) ;
#2318 =( GEOMETRIC_REPRESENTATION_CONTEXT ( 3 ) GLOBAL_UNCERTAINTY_ASSIGNED_CONTEXT ( ( #7715 ) ) GLOBAL_UNIT_ASSIGNED_CONTEXT ( ( #5758, #6497, #3087 ) ) REPRESENTATION_CONTEXT ( 'NONE', 'WORKASPACE' ) );
#2319 = DIRECTION ( 'NONE',  ( 1.000000000000000000, 2.775557561562889872E-16, -4.978922619639280483E-32 ) ) ;
#2320 = CARTESIAN_POINT ( 'NONE',  ( -3.833333768778753203, 0.1521730769229940328, -2.754999999999999893 ) ) ;
#2321 = PRODUCT_DEFINITION ( 'UNKNOWN', '', #8800, #6241 ) ;
#2322 = CIRCLE ( 'NONE', #1743, 0.09999999999999982514 ) ;
#2323 = CYLINDRICAL_SURFACE ( 'NONE', #354, 0.1000000000000000056 ) ;
#2324 = MECHANICAL_DESIGN_GEOMETRIC_PRESENTATION_REPRESENTATION (  '', ( #4599 ), #4160 ) ;
#2325 = SURFACE_STYLE_USAGE ( .BOTH. , #5092 ) ;
#2326 = DIRECTION ( 'NONE',  ( 0.000000000000000000, 0.000000000000000000, 1.000000000000000000 ) ) ;
#2327 = CARTESIAN_POINT ( 'NONE',  ( -2.797797393223112827, -2.717203111341379262, 2.363850990807745855 ) ) ;
#2328 = CARTESIAN_POINT ( 'NONE',  ( -3.414865336152358211, -0.3451191649770712910, -1.899999999999999911 ) ) ;
#2329 = CARTESIAN_POINT ( 'NONE',  ( -0.1753850008624308898, 0.4917015374391092708, 2.330000000000000959 ) ) ;
#2330 = SURFACE_STYLE_USAGE ( .BOTH. , #3040 ) ;
#2331 = CARTESIAN_POINT ( 'NONE',  ( 4.827594501859785225, -0.1591874171070358501, -1.953249031097340271 ) ) ;
#2332 = FILL_AREA_STYLE_COLOUR ( '', #7654 ) ;
#2333 = PRESENTATION_LAYER_ASSIGNMENT (  '', '', ( #1323 ) ) ;
#2334 = UNCERTAINTY_MEASURE_WITH_UNIT (LENGTH_MEASURE( 1.000000000000000082E-05 ), #5277, 'distance_accuracy_value', 'NONE');
#2335 = CIRCLE ( 'NONE', #1053, 0.7999999999999999334 ) ;
#2336 = CARTESIAN_POINT ( 'NONE',  ( 3.952973785412437380, -0.09224999999999913824, 1.957263992460099633 ) ) ;
#2337 = CARTESIAN_POINT ( 'NONE',  ( 4.910235026918962298, -0.1345149730810363820, 2.560235026918962209 ) ) ;
#2338 = CARTESIAN_POINT ( 'NONE',  ( 4.852500000000000036, -0.1922499999999990050, 2.044279695023480059 ) ) ;
#2339 = FILL_AREA_STYLE_COLOUR ( '', #4557 ) ;
#2340 = PLANE ( 'NONE',  #6161 ) ;
#2341 = CARTESIAN_POINT ( 'NONE',  ( -3.055000000000000604, -0.03275000000000140299, 0.000000000000000000 ) ) ;
#2342 = CARTESIAN_POINT ( 'NONE',  ( 4.855802719437627424, -0.08372893880764947783, -2.563881300126912510 ) ) ;
#2343 = EDGE_CURVE ( 'NONE', #3363, #4639, #8116, .T. ) ;
#2344 = EDGE_CURVE ( 'NONE', #6827, #4960, #5571, .T. ) ;
#2345 = CARTESIAN_POINT ( 'NONE',  ( 3.372500000000000053, -0.7672500000000000986, -2.160000000000000142 ) ) ;
#2346 = ADVANCED_FACE ( 'NONE', ( #2605 ), #568, .F. ) ;
#2347 = EDGE_CURVE ( 'NONE', #5423, #1983, #5885, .T. ) ;
#2348 = CARTESIAN_POINT ( 'NONE',  ( -0.5742062652383692622, -1.406399729549049818E-16, 2.370849364905389667 ) ) ;
#2349 = VECTOR ( 'NONE', #6418, 1000.000000000000000 ) ;
#2350 = CARTESIAN_POINT ( 'NONE',  ( -0.4006264186279420159, 0.4597725128299013919, 2.380000000000000338 ) ) ;
#2351 = AXIS2_PLACEMENT_3D ( 'NONE', #1210, #5972, #3932 ) ;
#2352 = UNCERTAINTY_MEASURE_WITH_UNIT (LENGTH_MEASURE( 1.000000000000000082E-05 ), #8792, 'distance_accuracy_value', 'NONE');
#2353 = AXIS2_PLACEMENT_3D ( 'NONE', #8106, #7614, #3515 ) ;
#2354 = ORIENTED_EDGE ( 'NONE', *, *, #2609, .T. ) ;
#2355 = SURFACE_STYLE_USAGE ( .BOTH. , #3582 ) ;
#2356 = AXIS2_PLACEMENT_3D ( 'NONE', #7843, #7187, #2271 ) ;
#2357 = CARTESIAN_POINT ( 'NONE',  ( 4.885562582892962524, -0.1012193360738590925, 2.069185193163694425 ) ) ;
#2358 = ORIENTED_EDGE ( 'NONE', *, *, #4633, .T. ) ;
#2359 = EDGE_CURVE ( 'NONE', #1273, #682, #1055, .T. ) ;
#2360 = CARTESIAN_POINT ( 'NONE',  ( 4.997159952694484097, -0.2461110386525633131, -1.988560814222997797 ) ) ;
#2361 = SURFACE_STYLE_FILL_AREA ( #5740 ) ;
#2362 = AXIS2_PLACEMENT_3D ( 'NONE', #3823, #1680, #8544 ) ;
#2363 = CARTESIAN_POINT ( 'NONE',  ( -3.055000000000000604, -0.03275000000000140299, -2.660000000000000142 ) ) ;
#2364 = MECHANICAL_DESIGN_GEOMETRIC_PRESENTATION_REPRESENTATION (  '', ( #321 ), #5314 ) ;
#2365 = UNCERTAINTY_MEASURE_WITH_UNIT (LENGTH_MEASURE( 1.000000000000000082E-05 ), #8087, 'distance_accuracy_value', 'NONE');
#2366 = EDGE_LOOP ( 'NONE', ( #7639, #5952, #1684, #4213 ) ) ;
#2367 = PRESENTATION_STYLE_ASSIGNMENT (( #5003 ) ) ;
#2368 = FACE_OUTER_BOUND ( 'NONE', #5567, .T. ) ;
#2369 = CARTESIAN_POINT ( 'NONE',  ( 0.3819120798423589758, -0.1576784452502215106, -0.4228068925449356419 ) ) ;
#2370 = VERTEX_POINT ( 'NONE', #6847 ) ;
#2371 = CARTESIAN_POINT ( 'NONE',  ( 3.070526283876593876, -2.708506501081943796, 2.126365440677534302 ) ) ;
#2372 = COLOUR_RGB ( '',0.8313725490196077761, 0.8313725490196077761, 0.8313725490196077761 ) ;
#2373 = CARTESIAN_POINT ( 'NONE',  ( 2.803133701591293825, -2.580633701591294127, 2.080000000000003624 ) ) ;
#2374 = PRESENTATION_LAYER_ASSIGNMENT (  '', '', ( #8088 ) ) ;
#2375 = VECTOR ( 'NONE', #2569, 1000.000000000000000 ) ;
#2376 = CARTESIAN_POINT ( 'NONE',  ( 2.970000000000000639, -3.047499999999998543, 0.6749999999999997113 ) ) ;
#2377 = CARTESIAN_POINT ( 'NONE',  ( 3.472499999999999698, -0.1922499999999995324, 2.060000000000000053 ) ) ;
#2378 = SURFACE_STYLE_USAGE ( .BOTH. , #7200 ) ;
#2379 = EDGE_CURVE ( 'NONE', #6333, #1591, #2820, .T. ) ;
#2380 = CARTESIAN_POINT ( 'NONE',  ( -2.886078985130502872, 2.650969074868140485, 2.340090793548666781 ) ) ;
#2381 = DIRECTION ( 'NONE',  ( -1.000000000000000000, -1.084202172485501673E-15, 0.000000000000000000 ) ) ;
#2382 = CARTESIAN_POINT ( 'NONE',  ( 4.910235026918962298, -0.1345149730810366040, -1.986544668104517353 ) ) ;
#2383 = CARTESIAN_POINT ( 'NONE',  ( -3.270000000000000462, -2.734608270214919923, 0.6750000000000004885 ) ) ;
#2384 = DIRECTION ( 'NONE',  ( 1.224646799147353207E-16, -1.000000000000000000, 0.000000000000000000 ) ) ;
#2385 = DIRECTION ( 'NONE',  ( -5.482582837655000045E-16, 1.000000000000000000, -0.000000000000000000 ) ) ;
#2386 =( NAMED_UNIT ( * ) PLANE_ANGLE_UNIT ( ) SI_UNIT ( $, .RADIAN. ) );
#2387 = SURFACE_SIDE_STYLE ('',( #8117 ) ) ;
#2388 = CARTESIAN_POINT ( 'NONE',  ( 0.9311267816958480603, -0.09225000000000051215, -0.7152007220331147996 ) ) ;
#2389 = CARTESIAN_POINT ( 'NONE',  ( -4.120000000000000107, -0.7672500000000002096, 2.660000000000000142 ) ) ;
#2390 = MECHANICAL_DESIGN_GEOMETRIC_PRESENTATION_REPRESENTATION (  '', ( #6074 ), #2241 ) ;
#2391 = DIRECTION ( 'NONE',  ( -0.000000000000000000, 0.000000000000000000, 1.000000000000000000 ) ) ;
#2392 = CARTESIAN_POINT ( 'NONE',  ( 0.1876463634799817870, 0.5790205641327236252, 2.379999999999999005 ) ) ;
#2393 = EDGE_CURVE ( 'NONE', #6829, #6071, #6332, .T. ) ;
#2394 = ORIENTED_EDGE ( 'NONE', *, *, #7880, .F. ) ;
#2395 = CARTESIAN_POINT ( 'NONE',  ( 0.3819120798423588647, -0.1922500000000010034, -0.3637895569954249786 ) ) ;
#2396 = ORIENTED_EDGE ( 'NONE', *, *, #2875, .T. ) ;
#2397 =( LENGTH_UNIT ( ) NAMED_UNIT ( * ) SI_UNIT ( .MILLI., .METRE. ) );
#2398 = VERTEX_POINT ( 'NONE', #656 ) ;
#2399 = MECHANICAL_DESIGN_GEOMETRIC_PRESENTATION_REPRESENTATION (  '', ( #7845 ), #8555 ) ;
#2400 = FACE_OUTER_BOUND ( 'NONE', #8860, .T. ) ;
#2401 = SURFACE_STYLE_FILL_AREA ( #6475 ) ;
#2402 = ORIENTED_EDGE ( 'NONE', *, *, #2343, .T. ) ;
#2403 = FILL_AREA_STYLE ('',( #5822 ) ) ;
#2404 =( NAMED_UNIT ( * ) PLANE_ANGLE_UNIT ( ) SI_UNIT ( $, .RADIAN. ) );
#2405 = ADVANCED_FACE ( 'NONE', ( #4200 ), #8212, .F. ) ;
#2406 = EDGE_CURVE ( 'NONE', #7305, #4167, #121, .T. ) ;
#2407 = EDGE_LOOP ( 'NONE', ( #5557, #5448, #2799, #6874 ) ) ;
#2408 = ORIENTED_EDGE ( 'NONE', *, *, #3740, .T. ) ;
#2409 = CARTESIAN_POINT ( 'NONE',  ( -3.101090794297181041, 1.523749999999999938, 2.114950978616529920 ) ) ;
#2410 = CARTESIAN_POINT ( 'NONE',  ( 3.414530276237606188, -0.2930589658626808758, -2.217966438303960786 ) ) ;
#2411 = MECHANICAL_DESIGN_GEOMETRIC_PRESENTATION_REPRESENTATION (  '', ( #3116 ), #5953 ) ;
#2412 = SURFACE_STYLE_FILL_AREA ( #7107 ) ;
#2413 = VERTEX_POINT ( 'NONE', #1389 ) ;
#2414 =( NAMED_UNIT ( * ) PLANE_ANGLE_UNIT ( ) SI_UNIT ( $, .RADIAN. ) );
#2415 = SURFACE_STYLE_FILL_AREA ( #2498 ) ;
#2416 = VECTOR ( 'NONE', #3218, 1000.000000000000000 ) ;
#2417 = PRESENTATION_STYLE_ASSIGNMENT (( #6130 ) ) ;
#2418 = DIRECTION ( 'NONE',  ( -0.000000000000000000, -0.000000000000000000, -1.000000000000000000 ) ) ;
#2419 = CARTESIAN_POINT ( 'NONE',  ( -4.319792374265440493, -0.2322500000000005116, -2.660000000000000142 ) ) ;
#2420 =( GEOMETRIC_REPRESENTATION_CONTEXT ( 3 ) GLOBAL_UNCERTAINTY_ASSIGNED_CONTEXT ( ( #1715 ) ) GLOBAL_UNIT_ASSIGNED_CONTEXT ( ( #5752, #1019, #8382 ) ) REPRESENTATION_CONTEXT ( 'NONE', 'WORKASPACE' ) );
#2421 = CARTESIAN_POINT ( 'NONE',  ( -2.887649949935854110, -2.740054341017594375, 2.338250127472758955 ) ) ;
#2422 = CARTESIAN_POINT ( 'NONE',  ( 0.1307146481107630265, 0.5094754521695487037, 2.330000000000000959 ) ) ;
#2423 = DIRECTION ( 'NONE',  ( -1.445602896647339508E-15, 0.000000000000000000, 1.000000000000000000 ) ) ;
#2424 = CARTESIAN_POINT ( 'NONE',  ( 3.972500000000000142, -0.1922499999999993381, -2.502499999999999947 ) ) ;
#2425 = VECTOR ( 'NONE', #500, 1000.000000000000000 ) ;
#2426 = UNCERTAINTY_MEASURE_WITH_UNIT (LENGTH_MEASURE( 1.000000000000000082E-05 ), #8213, 'distance_accuracy_value', 'NONE');
#2427 = AXIS2_PLACEMENT_3D ( 'NONE', #5807, #8568, #7898 ) ;
#2428 = CARTESIAN_POINT ( 'NONE',  ( 3.972500000000001030, -0.09224999999999915212, 2.004404444539203300 ) ) ;
#2429 =( NAMED_UNIT ( * ) PLANE_ANGLE_UNIT ( ) SI_UNIT ( $, .RADIAN. ) );
#2430 = CARTESIAN_POINT ( 'NONE',  ( 0.8383886049603429536, -0.09225000000000053990, -0.5435649046640882442 ) ) ;
#2431 = FILL_AREA_STYLE_COLOUR ( '', #7583 ) ;
#2432 = VECTOR ( 'NONE', #4873, 1000.000000000000000 ) ;
#2433 = CARTESIAN_POINT ( 'NONE',  ( 3.827840047305517857, -0.2461110386525640625, -2.558218880800483763 ) ) ;
#2434 = UNCERTAINTY_MEASURE_WITH_UNIT (LENGTH_MEASURE( 1.000000000000000082E-05 ), #5076, 'distance_accuracy_value', 'NONE');
#2435 = AXIS2_PLACEMENT_3D ( 'NONE', #6605, #1984, #5870 ) ;
#2436 = ORIENTED_EDGE ( 'NONE', *, *, #2061, .T. ) ;
#2437 = SURFACE_SIDE_STYLE ('',( #5816 ) ) ;
#2438 = ORIENTED_EDGE ( 'NONE', *, *, #3534, .F. ) ;
#2439 = SURFACE_STYLE_USAGE ( .BOTH. , #3060 ) ;
#2440 = ORIENTED_EDGE ( 'NONE', *, *, #474, .T. ) ;
#2441 = FILL_AREA_STYLE_COLOUR ( '', #993 ) ;
#2442 = CARTESIAN_POINT ( 'NONE',  ( 3.269999999999999574, 2.749041206907619994, 0.6749999999999998224 ) ) ;
#2443 =( GEOMETRIC_REPRESENTATION_CONTEXT ( 3 ) GLOBAL_UNCERTAINTY_ASSIGNED_CONTEXT ( ( #2527 ) ) GLOBAL_UNIT_ASSIGNED_CONTEXT ( ( #508, #1150, #6606 ) ) REPRESENTATION_CONTEXT ( 'NONE', 'WORKASPACE' ) );
#2444 = AXIS2_PLACEMENT_3D ( 'NONE', #2753, #8371, #7647 ) ;
#2445 = DIRECTION ( 'NONE',  ( 1.000000000000000000, 1.084202172485501673E-15, 0.000000000000000000 ) ) ;
#2446 = PRESENTATION_LAYER_ASSIGNMENT (  '', '', ( #1159 ) ) ;
#2447 = VERTEX_POINT ( 'NONE', #609 ) ;
#2448 = SURFACE_SIDE_STYLE ('',( #5745 ) ) ;
#2449 = CARTESIAN_POINT ( 'NONE',  ( 3.465809800894467774, -0.1434107350525334335, -2.064368729000465308 ) ) ;
#2450 = PRESENTATION_STYLE_ASSIGNMENT (( #7185 ) ) ;
#2451 = VERTEX_POINT ( 'NONE', #4105 ) ;
#2452 = ADVANCED_FACE ( 'NONE', ( #8840 ), #6169, .T. ) ;
#2453 = EDGE_CURVE ( 'NONE', #8328, #5346, #3613, .T. ) ;
#2454 = EDGE_CURVE ( 'NONE', #5301, #31, #5186, .T. ) ;
#2455 = EDGE_CURVE ( 'NONE', #98, #2755, #3008, .T. ) ;
#2456 = CIRCLE ( 'NONE', #7024, 0.1000000000000000472 ) ;
#2457 = CARTESIAN_POINT ( 'NONE',  ( -2.803133701591289828, 0.7618749999999989697, 2.080000000000000071 ) ) ;
#2458 = VERTEX_POINT ( 'NONE', #7718 ) ;
#2459 = CARTESIAN_POINT ( 'NONE',  ( -4.952499999999999680, -0.3322500000000009890, -2.660000000000000142 ) ) ;
#2460 = CARTESIAN_POINT ( 'NONE',  ( 3.772500000000000409, -0.09224999999999916600, 1.860000000000000098 ) ) ;
#2461 = CARTESIAN_POINT ( 'NONE',  ( -2.925714123449302484, -3.082852631779141817, 1.849671841326140376 ) ) ;
#2462 = CARTESIAN_POINT ( 'NONE',  ( -2.855207625734560217, 0.2322499999999994846, 2.660000000000000142 ) ) ;
#2463 = CARTESIAN_POINT ( 'NONE',  ( -0.2587350945008086711, 0.4587993498137857840, 2.330000000000000071 ) ) ;
#2464 = PRESENTATION_LAYER_ASSIGNMENT (  '', '', ( #3729 ) ) ;
#2465 = DIRECTION ( 'NONE',  ( 0.000000000000000000, 1.000000000000000000, 0.000000000000000000 ) ) ;
#2466 = CARTESIAN_POINT ( 'NONE',  ( 3.269999999999999574, 3.047499999999999876, 0.07846988903114746061 ) ) ;
#2467 = DIRECTION ( 'NONE',  ( 0.5773502691896250649, 0.5773502691896271743, -0.5773502691896250649 ) ) ;
#2468 = COLOUR_RGB ( '',0.8313725490196077761, 0.8313725490196077761, 0.8313725490196077761 ) ;
#2469 = CARTESIAN_POINT ( 'NONE',  ( 0.4819120798423590646, -0.1922500000000010034, -0.2314618684551759953 ) ) ;
#2470 = DIRECTION ( 'NONE',  ( 0.000000000000000000, 0.000000000000000000, -1.000000000000000000 ) ) ;
#2471 = SURFACE_STYLE_FILL_AREA ( #3133 ) ;
#2472 = FACE_OUTER_BOUND ( 'NONE', #3976, .T. ) ;
#2473 = AXIS2_PLACEMENT_3D ( 'NONE', #6348, #4415, #2944 ) ;
#2474 = CARTESIAN_POINT ( 'NONE',  ( 3.101090794297182374, -2.580633701591291018, 2.114950978616529920 ) ) ;
#2475 = CARTESIAN_POINT ( 'NONE',  ( -1.635000000000000009, -3.047499999999999876, 0.6749999999999999334 ) ) ;
#2476 = CARTESIAN_POINT ( 'NONE',  ( -3.158855226890179966E-17, 1.294515117288999956E-17, 2.330000000000000071 ) ) ;
#2477 = PRESENTATION_LAYER_ASSIGNMENT (  '', '', ( #3894 ) ) ;
#2478 = ORIENTED_EDGE ( 'NONE', *, *, #2236, .T. ) ;
#2479 = CARTESIAN_POINT ( 'NONE',  ( 3.430235026918962760, -0.1345149730810376865, -2.117735026918962760 ) ) ;
#2480 =( NAMED_UNIT ( * ) PLANE_ANGLE_UNIT ( ) SI_UNIT ( $, .RADIAN. ) );
#2481 = ORIENTED_EDGE ( 'NONE', *, *, #6445, .T. ) ;
#2482 = CARTESIAN_POINT ( 'NONE',  ( 0.5400556301437590134, 6.613773988170611747E-17, 2.329999999999999627 ) ) ;
#2483 = PRESENTATION_LAYER_ASSIGNMENT (  '', '', ( #5051 ) ) ;
#2484 = FILL_AREA_STYLE_COLOUR ( '', #5999 ) ;
#2485 = EDGE_CURVE ( 'NONE', #4041, #2676, #3325, .T. ) ;
#2486 = VECTOR ( 'NONE', #3804, 1000.000000000000000 ) ;
#2487 = SURFACE_STYLE_USAGE ( .BOTH. , #8581 ) ;
#2488 = CARTESIAN_POINT ( 'NONE',  ( 4.852500000000000924, -0.1922499999999982001, -2.044279695023480503 ) ) ;
#2489 = CIRCLE ( 'NONE', #5464, 0.09999999999999982514 ) ;
#2490 = ORIENTED_EDGE ( 'NONE', *, *, #4967, .T. ) ;
#2491 = ORIENTED_EDGE ( 'NONE', *, *, #5317, .T. ) ;
#2492 = ORIENTED_EDGE ( 'NONE', *, *, #2347, .F. ) ;
#2493 = CARTESIAN_POINT ( 'NONE',  ( 4.682500000000000107, -0.1922499999999990050, 2.502499999999999947 ) ) ;
#2494 = ORIENTED_EDGE ( 'NONE', *, *, #1227, .T. ) ;
#2495 = AXIS2_PLACEMENT_3D ( 'NONE', #5746, #8506, #4226 ) ;
#2496 = DIRECTION ( 'NONE',  ( 1.000000000000000000, 0.000000000000000000, 0.000000000000000000 ) ) ;
#2497 = CIRCLE ( 'NONE', #920, 0.1000000000000000333 ) ;
#2498 = FILL_AREA_STYLE ('',( #4373 ) ) ;
#2499 = CIRCLE ( 'NONE', #3204, 0.09999999999999999167 ) ;
#2500 = PRESENTATION_STYLE_ASSIGNMENT (( #6000 ) ) ;
#2501 = EDGE_CURVE ( 'NONE', #5789, #8893, #4481, .T. ) ;
#2502 =( GEOMETRIC_REPRESENTATION_CONTEXT ( 3 ) GLOBAL_UNCERTAINTY_ASSIGNED_CONTEXT ( ( #5030 ) ) GLOBAL_UNIT_ASSIGNED_CONTEXT ( ( #6021, #8796, #5274 ) ) REPRESENTATION_CONTEXT ( 'NONE', 'WORKASPACE' ) );
#2503 = ORIENTED_EDGE ( 'NONE', *, *, #8207, .F. ) ;
#2504 = SURFACE_STYLE_USAGE ( .BOTH. , #5050 ) ;
#2505 = ORIENTED_EDGE ( 'NONE', *, *, #1729, .T. ) ;
#2506 = LINE ( 'NONE', #1201, #5424 ) ;
#2507 = CARTESIAN_POINT ( 'NONE',  ( -3.269704183480208304, -2.749247090774318281, 0.6775218358312311562 ) ) ;
#2508 = DIRECTION ( 'NONE',  ( -0.000000000000000000, -1.000000000000000000, -0.000000000000000000 ) ) ;
#2509 = MECHANICAL_DESIGN_GEOMETRIC_PRESENTATION_REPRESENTATION (  '', ( #6362 ), #3924 ) ;
#2510 = STYLED_ITEM ( 'NONE', ( #116 ), #4363 ) ;
#2511 = CARTESIAN_POINT ( 'NONE',  ( -3.268252183749664308, -2.786991033479222502, 0.6899001335341244934 ) ) ;
#2512 = PRESENTATION_STYLE_ASSIGNMENT (( #8649 ) ) ;
#2513 = UNCERTAINTY_MEASURE_WITH_UNIT (LENGTH_MEASURE( 1.000000000000000082E-05 ), #1115, 'distance_accuracy_value', 'NONE');
#2514 = EDGE_CURVE ( 'NONE', #1366, #377, #3760, .T. ) ;
#2515 = ADVANCED_FACE ( 'NONE', ( #3759 ), #8442, .T. ) ;
#2516 = SURFACE_STYLE_USAGE ( .BOTH. , #1750 ) ;
#2517 = DIRECTION ( 'NONE',  ( 1.000000000000000000, 0.000000000000000000, 0.000000000000000000 ) ) ;
#2518 = FILL_AREA_STYLE_COLOUR ( '', #4619 ) ;
#2519 = VECTOR ( 'NONE', #1659, 1000.000000000000000 ) ;
#2520 =( LENGTH_UNIT ( ) NAMED_UNIT ( * ) SI_UNIT ( .MILLI., .METRE. ) );
#2521 =( LENGTH_UNIT ( ) NAMED_UNIT ( * ) SI_UNIT ( .MILLI., .METRE. ) );
#2522 = FACE_OUTER_BOUND ( 'NONE', #6831, .T. ) ;
#2523 = DIRECTION ( 'NONE',  ( -1.000000000000000000, -1.084202172485503842E-15, 0.000000000000000000 ) ) ;
#2524 = CARTESIAN_POINT ( 'NONE',  ( -0.5900556301437581697, 1.180111260287516339, 2.380000000000001226 ) ) ;
#2525 = FILL_AREA_STYLE ('',( #2646 ) ) ;
#2526 = CYLINDRICAL_SURFACE ( 'NONE', #8233, 0.1000000000000002554 ) ;
#2527 = UNCERTAINTY_MEASURE_WITH_UNIT (LENGTH_MEASURE( 1.000000000000000082E-05 ), #508, 'distance_accuracy_value', 'NONE');
#2528 =( BOUNDED_SURFACE ( )  B_SPLINE_SURFACE ( 3, 3, ( 
 ( #4344, #7128, #649, #6800 ),
 ( #5938, #3345, #2685, #5403 ),
 ( #1875, #4572, #2727, #490 ),
 ( #1341, #7379, #8156, #3226 ) ),
 .UNSPECIFIED., .F., .F., .F. ) 
 B_SPLINE_SURFACE_WITH_KNOTS ( ( 4, 4 ),
 ( 4, 4 ),
 ( 0.000000000000000000, 1.000000000000000000 ),
 ( 0.000000000000000000, 1.000000000000000000 ),
 .UNSPECIFIED. ) 
 GEOMETRIC_REPRESENTATION_ITEM ( )  RATIONAL_B_SPLINE_SURFACE ( (
 ( 1.000000000000000000, 0.3333333333333352022, 0.3333333333333352022, 1.000000000000000000),
 ( 0.9245018060306369190, 0.3081672686768807123, 0.3081672686768807123, 0.9245018060306369190),
 ( 0.9245018060306369190, 0.3081672686768807123, 0.3081672686768807123, 0.9245018060306369190),
 ( 1.000000000000000000, 0.3333333333333352022, 0.3333333333333352022, 1.000000000000000000) ) ) 
 REPRESENTATION_ITEM ( '' )  SURFACE ( )  );
#2529 = VECTOR ( 'NONE', #6121, 1000.000000000000000 ) ;
#2530 = ORIENTED_EDGE ( 'NONE', *, *, #5153, .F. ) ;
#2531 = CARTESIAN_POINT ( 'NONE',  ( 3.430235026918962760, -0.1345149730810376587, -2.117735026918962760 ) ) ;
#2532 = CARTESIAN_POINT ( 'NONE',  ( -3.819148566720100835, 0.2118780199885296200, -2.660000000000000142 ) ) ;
#2533 = ORIENTED_EDGE ( 'NONE', *, *, #6654, .F. ) ;
#2534 = CARTESIAN_POINT ( 'NONE',  ( 0.5650556301437591467, -1.130111260287518071, 2.354999999999999982 ) ) ;
#2535 =( LENGTH_UNIT ( ) NAMED_UNIT ( * ) SI_UNIT ( .MILLI., .METRE. ) );
#2536 =( GEOMETRIC_REPRESENTATION_CONTEXT ( 3 ) GLOBAL_UNCERTAINTY_ASSIGNED_CONTEXT ( ( #3130 ) ) GLOBAL_UNIT_ASSIGNED_CONTEXT ( ( #3000, #6305, #2238 ) ) REPRESENTATION_CONTEXT ( 'NONE', 'WORKASPACE' ) );
#2537 = ORIENTED_EDGE ( 'NONE', *, *, #1797, .F. ) ;
#2538 = ORIENTED_EDGE ( 'NONE', *, *, #4417, .F. ) ;
#2539 = FILL_AREA_STYLE_COLOUR ( '', #1860 ) ;
#2540 = FACE_OUTER_BOUND ( 'NONE', #6736, .T. ) ;
#2541 = CARTESIAN_POINT ( 'NONE',  ( 0.5650556301437590356, 1.130111260287518071, 2.354999999999999982 ) ) ;
#2542 = ORIENTED_EDGE ( 'NONE', *, *, #6612, .F. ) ;
#2543 = VECTOR ( 'NONE', #7457, 1000.000000000000000 ) ;
#2544 = APPLICATION_PROTOCOL_DEFINITION ( 'draft international standard', 'automotive_design', 1998, #5496 ) ;
#2545 = CARTESIAN_POINT ( 'NONE',  ( 0.9525000000000001243, -0.09225000000000062317, 0.8629237369103519573 ) ) ;
#2546 = AXIS2_PLACEMENT_3D ( 'NONE', #4430, #3757, #258 ) ;
#2547 = PLANE ( 'NONE',  #4555 ) ;
#2548 =( BOUNDED_SURFACE ( )  B_SPLINE_SURFACE ( 3, 3, ( 
 ( #7801, #2856, #5578, #156 ),
 ( #1697, #2952, #4424, #5669 ),
 ( #7155, #941, #2901, #4278 ),
 ( #6976, #6406, #1026, #3606 ) ),
 .UNSPECIFIED., .F., .F., .F. ) 
 B_SPLINE_SURFACE_WITH_KNOTS ( ( 4, 4 ),
 ( 4, 4 ),
 ( 0.000000000000000000, 1.000000000000000000 ),
 ( 0.000000000000000000, 1.000000000000000000 ),
 .UNSPECIFIED. ) 
 GEOMETRIC_REPRESENTATION_ITEM ( )  RATIONAL_B_SPLINE_SURFACE ( (
 ( 1.000000000000000000, 0.3333333333333274306, 0.3333333333333274306, 1.000000000000000000),
 ( 0.9245018060306372520, 0.3081672686768736069, 0.3081672686768736069, 0.9245018060306372520),
 ( 0.9245018060306372520, 0.3081672686768736069, 0.3081672686768736069, 0.9245018060306372520),
 ( 1.000000000000000000, 0.3333333333333274306, 0.3333333333333274306, 1.000000000000000000) ) ) 
 REPRESENTATION_ITEM ( '' )  SURFACE ( )  );
#2549 = SURFACE_STYLE_USAGE ( .BOTH. , #6696 ) ;
#2550 = DIRECTION ( 'NONE',  ( -1.000000000000000000, -0.000000000000000000, 0.000000000000000000 ) ) ;
#2551 = VERTEX_POINT ( 'NONE', #3661 ) ;
#2552 = CARTESIAN_POINT ( 'NONE',  ( -0.5217543599545370059, -6.389648068594997516E-17, 2.329999999999999627 ) ) ;
#2553 = DIRECTION ( 'NONE',  ( 0.000000000000000000, 0.000000000000000000, 1.000000000000000000 ) ) ;
#2554 = MECHANICAL_DESIGN_GEOMETRIC_PRESENTATION_REPRESENTATION (  '', ( #3828 ), #6414 ) ;
#2555 = EDGE_CURVE ( 'NONE', #2978, #5031, #4752, .T. ) ;
#2556 = CARTESIAN_POINT ( 'NONE',  ( -3.270000000000000018, 2.749041206907626211, 0.6749999999999793943 ) ) ;
#2557 = DIRECTION ( 'NONE',  ( -1.000000000000000000, -2.546383084002650169E-16, -0.000000000000000000 ) ) ;
#2558 =( LENGTH_UNIT ( ) NAMED_UNIT ( * ) SI_UNIT ( .MILLI., .METRE. ) );
#2559 = DIRECTION ( 'NONE',  ( 0.4082482904638600196, -0.8164965809277270337, 0.4082482904638640164 ) ) ;
#2560 = DIRECTION ( 'NONE',  ( 0.000000000000000000, -1.000000000000000000, -4.336808689942016947E-15 ) ) ;
#2561 = PRESENTATION_STYLE_ASSIGNMENT (( #8618 ) ) ;
#2562 = EDGE_CURVE ( 'NONE', #2705, #2222, #894, .T. ) ;
#2563 = CARTESIAN_POINT ( 'NONE',  ( 3.872500000000000497, -0.2609999999999990106, -2.502499999999999947 ) ) ;
#2564 = PRESENTATION_LAYER_ASSIGNMENT (  '', '', ( #3125 ) ) ;
#2565 = DIRECTION ( 'NONE',  ( -0.5675268619621517407, -0.8233548815373554763, 0.000000000000000000 ) ) ;
#2566 = ORIENTED_EDGE ( 'NONE', *, *, #4670, .F. ) ;
#2567 = MECHANICAL_DESIGN_GEOMETRIC_PRESENTATION_REPRESENTATION (  '', ( #410 ), #8722 ) ;
#2568 = DIRECTION ( 'NONE',  ( -1.000000000000000000, 0.000000000000000000, 0.000000000000000000 ) ) ;
#2569 = DIRECTION ( 'NONE',  ( 0.000000000000000000, 0.000000000000000000, 1.000000000000000000 ) ) ;
#2570 = CARTESIAN_POINT ( 'NONE',  ( 0.7608312147052364027, -0.09225000000000084521, 0.3802252013457013691 ) ) ;
#2571 = CARTESIAN_POINT ( 'NONE',  ( -3.414865336152359987, -0.3451191649770700143, 2.660000000000000142 ) ) ;
#2572 = AXIS2_PLACEMENT_3D ( 'NONE', #7886, #2418, #3833 ) ;
#2573 = CARTESIAN_POINT ( 'NONE',  ( 3.772500000000000409, -0.09224999999999899947, -1.860000000000000098 ) ) ;
#2574 = ORIENTED_EDGE ( 'NONE', *, *, #5328, .F. ) ;
#2575 =( GEOMETRIC_REPRESENTATION_CONTEXT ( 3 ) GLOBAL_UNCERTAINTY_ASSIGNED_CONTEXT ( ( #5732 ) ) GLOBAL_UNIT_ASSIGNED_CONTEXT ( ( #8026, #3889, #6632 ) ) REPRESENTATION_CONTEXT ( 'NONE', 'WORKASPACE' ) );
#2576 = ORIENTED_EDGE ( 'NONE', *, *, #3359, .F. ) ;
#2577 = FILL_AREA_STYLE_COLOUR ( '', #5421 ) ;
#2578 = CARTESIAN_POINT ( 'NONE',  ( -0.4587993498137906134, -0.2587350945007969028, 2.330000000000001403 ) ) ;
#2579 = MECHANICAL_DESIGN_GEOMETRIC_PRESENTATION_REPRESENTATION (  '', ( #131 ), #3558 ) ;
#2580 = CARTESIAN_POINT ( 'NONE',  ( 0.7940053905823564184, -0.09225000000000053990, 0.4964893671043367762 ) ) ;
#2581 = FILL_AREA_STYLE ('',( #1830 ) ) ;
#2582 = EDGE_LOOP ( 'NONE', ( #6922, #5466, #2972, #7407 ) ) ;
#2583 = SURFACE_SIDE_STYLE ('',( #8016 ) ) ;
#2584 = ORIENTED_EDGE ( 'NONE', *, *, #5925, .F. ) ;
#2585 = CIRCLE ( 'NONE', #6138, 0.1000000000000000194 ) ;
#2586 = CARTESIAN_POINT ( 'NONE',  ( 3.872500000000000053, -0.09224999999999930478, -2.060000000000000053 ) ) ;
#2587 = DIRECTION ( 'NONE',  ( 0.000000000000000000, 0.000000000000000000, -1.000000000000000000 ) ) ;
#2588 =( BOUNDED_SURFACE ( )  B_SPLINE_SURFACE ( 3, 3, ( 
 ( #2382, #4284, #7121, #2907 ),
 ( #6499, #4335, #5717, #7852 ),
 ( #3568, #2955, #6309, #1702 ),
 ( #1032, #205, #8480, #2331 ) ),
 .UNSPECIFIED., .F., .F., .F. ) 
 B_SPLINE_SURFACE_WITH_KNOTS ( ( 4, 4 ),
 ( 4, 4 ),
 ( 0.000000000000000000, 1.000000000000000000 ),
 ( 0.000000000000000000, 1.000000000000000000 ),
 .UNSPECIFIED. ) 
 GEOMETRIC_REPRESENTATION_ITEM ( )  RATIONAL_B_SPLINE_SURFACE ( (
 ( 1.000000000000000000, 0.3333333333333359239, 0.3333333333333359239, 1.000000000000000000),
 ( 0.9245018060306369190, 0.3081672686768813785, 0.3081672686768813785, 0.9245018060306369190),
 ( 0.9245018060306369190, 0.3081672686768813785, 0.3081672686768813785, 0.9245018060306369190),
 ( 1.000000000000000000, 0.3333333333333359239, 0.3333333333333359239, 1.000000000000000000) ) ) 
 REPRESENTATION_ITEM ( '' )  SURFACE ( )  );
#2589 = CARTESIAN_POINT ( 'NONE',  ( 2.887649949935856775, -2.740054341017593043, 2.338250127472760287 ) ) ;
#2590 = UNCERTAINTY_MEASURE_WITH_UNIT (LENGTH_MEASURE( 1.000000000000000082E-05 ), #2397, 'distance_accuracy_value', 'NONE');
#2591 = VECTOR ( 'NONE', #3273, 1000.000000000000000 ) ;
#2592 = FACE_OUTER_BOUND ( 'NONE', #7783, .T. ) ;
#2593 = CARTESIAN_POINT ( 'NONE',  ( 3.270000000000000462, -2.734608270214920367, 0.6750000000000014877 ) ) ;
#2594 = CARTESIAN_POINT ( 'NONE',  ( -1.222499999999999920, -0.7672499999999998765, 1.899999999999999911 ) ) ;
#2595 = AXIS2_PLACEMENT_3D ( 'NONE', #8266, #2206, #1354 ) ;
#2596 = CARTESIAN_POINT ( 'NONE',  ( 4.728524196025979620, -0.1922499999999990605, 1.944279695023479970 ) ) ;
#2597 = CARTESIAN_POINT ( 'NONE',  ( -0.5650556301437587026, 0.000000000000000000, 2.355000000000000426 ) ) ;
#2598 = CARTESIAN_POINT ( 'NONE',  ( 3.695609128038689573, -0.09224999999999937417, -0.6562182560773820450 ) ) ;
#2599 = CARTESIAN_POINT ( 'NONE',  ( 0.5900556301437581697, 7.226097387744278367E-17, 2.380000000000000338 ) ) ;
#2600 = PRESENTATION_LAYER_ASSIGNMENT (  '', '', ( #7032 ) ) ;
#2601 = CARTESIAN_POINT ( 'NONE',  ( 0.3819120798423586982, -0.1922500000000010034, -0.4629237369103519906 ) ) ;
#2602 = STYLED_ITEM ( 'NONE', ( #1117 ), #7868 ) ;
#2603 = EDGE_LOOP ( 'NONE', ( #3407, #5402, #3029, #1673 ) ) ;
#2604 = ORIENTED_EDGE ( 'NONE', *, *, #8537, .F. ) ;
#2605 = FACE_OUTER_BOUND ( 'NONE', #1463, .T. ) ;
#2606 = EDGE_CURVE ( 'NONE', #1458, #5257, #6413, .T. ) ;
#2607 = EDGE_CURVE ( 'NONE', #6175, #3061, #5268, .T. ) ;
#2608 = PRESENTATION_STYLE_ASSIGNMENT (( #613 ) ) ;
#2609 = EDGE_CURVE ( 'NONE', #1405, #5213, #3219, .T. ) ;
#2610 = DIRECTION ( 'NONE',  ( -1.000000000000000000, -4.497431234013940009E-16, 0.000000000000000000 ) ) ;
#2611 = EDGE_CURVE ( 'NONE', #1586, #6187, #8612, .T. ) ;
#2612 = CARTESIAN_POINT ( 'NONE',  ( 3.972500000000000142, -0.1922499999999990050, 2.502499999999999947 ) ) ;
#2613 = STYLED_ITEM ( 'NONE', ( #7860 ), #3690 ) ;
#2614 = FACE_OUTER_BOUND ( 'NONE', #5700, .T. ) ;
#2615 = DIRECTION ( 'NONE',  ( 0.000000000000000000, 0.000000000000000000, 1.000000000000000000 ) ) ;
#2616 = DIRECTION ( 'NONE',  ( 1.000000000000000000, 0.000000000000000000, 0.000000000000000000 ) ) ;
#2617 = CARTESIAN_POINT ( 'NONE',  ( 3.872500000000000497, -0.1922499999999990328, -2.059999999999999609 ) ) ;
#2618 = AXIS2_PLACEMENT_3D ( 'NONE', #2128, #8365, #2085 ) ;
#2619 = ADVANCED_FACE ( 'NONE', ( #1249 ), #5891, .T. ) ;
#2620 = CARTESIAN_POINT ( 'NONE',  ( 2.974041303662944280, 3.047499999999999876, 0.6749999999999980460 ) ) ;
#2621 = ORIENTED_EDGE ( 'NONE', *, *, #8195, .F. ) ;
#2622 = ORIENTED_EDGE ( 'NONE', *, *, #2872, .F. ) ;
#2623 = CARTESIAN_POINT ( 'NONE',  ( 0.03299936581382412193, -0.5217879158365160697, 2.330000000000000515 ) ) ;
#2624 = STYLED_ITEM ( 'NONE', ( #3968 ), #2619 ) ;
#2625 = PRODUCT_CONTEXT ( 'NONE', #5496, 'mechanical' ) ;
#2626 = CARTESIAN_POINT ( 'NONE',  ( 2.711957121663947312, -2.676322658523814901, 2.349314787551517014 ) ) ;
#2627 = AXIS2_PLACEMENT_3D ( 'NONE', #8048, #3247, #3743 ) ;
#2628 = STYLED_ITEM ( 'NONE', ( #357 ), #8423 ) ;
#2629 = DIRECTION ( 'NONE',  ( -1.000000000000000000, 0.000000000000000000, 0.000000000000000000 ) ) ;
#2630 = CARTESIAN_POINT ( 'NONE',  ( -0.03850566384010806198, -0.6083904794512940972, 2.380000000000001226 ) ) ;
#2631 = VECTOR ( 'NONE', #1202, 1000.000000000000000 ) ;
#2632 = ORIENTED_EDGE ( 'NONE', *, *, #4633, .F. ) ;
#2633 = DIRECTION ( 'NONE',  ( 0.000000000000000000, 1.000000000000000000, -0.000000000000000000 ) ) ;
#2634 = PRESENTATION_STYLE_ASSIGNMENT (( #2678 ) ) ;
#2635 = FILL_AREA_STYLE_COLOUR ( '', #4504 ) ;
#2636 = AXIS2_PLACEMENT_3D ( 'NONE', #2363, #5121, #6566 ) ;
#2637 = VECTOR ( 'NONE', #7893, 1000.000000000000000 ) ;
#2638 = EDGE_CURVE ( 'NONE', #3352, #136, #4480, .T. ) ;
#2639 = CARTESIAN_POINT ( 'NONE',  ( 3.372499999999999609, -0.1922499999999990883, 2.060000000000000053 ) ) ;
#2640 = CARTESIAN_POINT ( 'NONE',  ( 4.687102839788670927, -0.1922499999999990605, 1.902858338786170389 ) ) ;
#2641 = FACE_OUTER_BOUND ( 'NONE', #81, .T. ) ;
#2642 = PRESENTATION_STYLE_ASSIGNMENT (( #7747 ) ) ;
#2643 = CYLINDRICAL_SURFACE ( 'NONE', #4028, 0.7999999999999999334 ) ;
#2644 = MECHANICAL_DESIGN_GEOMETRIC_PRESENTATION_REPRESENTATION (  '', ( #4047 ), #2779 ) ;
#2645 =( GEOMETRIC_REPRESENTATION_CONTEXT ( 3 ) GLOBAL_UNCERTAINTY_ASSIGNED_CONTEXT ( ( #5110 ) ) GLOBAL_UNIT_ASSIGNED_CONTEXT ( ( #4338, #891, #3708 ) ) REPRESENTATION_CONTEXT ( 'NONE', 'WORKASPACE' ) );
#2646 = FILL_AREA_STYLE_COLOUR ( '', #6939 ) ;
#2647 = SURFACE_STYLE_FILL_AREA ( #7471 ) ;
#2648 = MECHANICAL_DESIGN_GEOMETRIC_PRESENTATION_REPRESENTATION (  '', ( #8383 ), #3080 ) ;
#2649 = MECHANICAL_DESIGN_GEOMETRIC_PRESENTATION_REPRESENTATION (  '', ( #777 ), #4715 ) ;
#2650 = CIRCLE ( 'NONE', #6367, 0.3000000000000000444 ) ;
#2651 = ORIENTED_EDGE ( 'NONE', *, *, #512, .F. ) ;
#2652 = CARTESIAN_POINT ( 'NONE',  ( 3.695609128038689573, -0.09224999999999937417, 0.6562182560773820450 ) ) ;
#2653 = DIRECTION ( 'NONE',  ( 0.000000000000000000, 0.000000000000000000, 1.000000000000000000 ) ) ;
#2654 = DIRECTION ( 'NONE',  ( 0.000000000000000000, 0.000000000000000000, -1.000000000000000000 ) ) ;
#2655 = DIRECTION ( 'NONE',  ( -0.1157205707370544123, 0.1157205707370561887, 0.9865178655334023716 ) ) ;
#2656 =( NAMED_UNIT ( * ) PLANE_ANGLE_UNIT ( ) SI_UNIT ( $, .RADIAN. ) );
#2657 = DIRECTION ( 'NONE',  ( 0.8856505754816621501, -0.4643522996055910457, 0.000000000000000000 ) ) ;
#2658 = STYLED_ITEM ( 'NONE', ( #621 ), #4881 ) ;
#2659 = PRESENTATION_STYLE_ASSIGNMENT (( #1977 ) ) ;
#2660 = ADVANCED_FACE ( 'NONE', ( #8655 ), #5145, .T. ) ;
#2661 = FACE_OUTER_BOUND ( 'NONE', #7497, .T. ) ;
#2662 =( NAMED_UNIT ( * ) SI_UNIT ( $, .STERADIAN. ) SOLID_ANGLE_UNIT ( ) );
#2663 = ORIENTED_EDGE ( 'NONE', *, *, #3755, .T. ) ;
#2664 = EDGE_LOOP ( 'NONE', ( #4018, #8822, #4118, #4624, #2714, #8363 ) ) ;
#2665 =( LENGTH_UNIT ( ) NAMED_UNIT ( * ) SI_UNIT ( .MILLI., .METRE. ) );
#2666 = CARTESIAN_POINT ( 'NONE',  ( 0.3181927426440809281, -0.4195747179604515931, 2.329999999999999627 ) ) ;
#2667 = VERTEX_POINT ( 'NONE', #3260 ) ;
#2668 = CARTESIAN_POINT ( 'NONE',  ( -2.907292258571069876, 2.313513886755174109, 2.516749098947839602 ) ) ;
#2669 = EDGE_CURVE ( 'NONE', #6905, #1366, #6669, .T. ) ;
#2670 = CARTESIAN_POINT ( 'NONE',  ( -4.952499999999999680, -0.6672500000000000098, -2.660000000000000142 ) ) ;
#2671 = STYLED_ITEM ( 'NONE', ( #158 ), #2123 ) ;
#2672 = DIRECTION ( 'NONE',  ( 1.000000000000000000, 0.000000000000000000, 2.891205793294679017E-15 ) ) ;
#2673 = ORIENTED_EDGE ( 'NONE', *, *, #7665, .F. ) ;
#2674 = DIRECTION ( 'NONE',  ( 1.000000000000000000, 0.000000000000000000, 0.000000000000000000 ) ) ;
#2675 = PRESENTATION_LAYER_ASSIGNMENT (  '', '', ( #7845 ) ) ;
#2676 = VERTEX_POINT ( 'NONE', #5438 ) ;
#2677 = CARTESIAN_POINT ( 'NONE',  ( -3.414865336152359987, -0.3451191649770700143, -2.660000000000000142 ) ) ;
#2678 = SURFACE_STYLE_USAGE ( .BOTH. , #6788 ) ;
#2679 = SURFACE_STYLE_FILL_AREA ( #1374 ) ;
#2680 = CARTESIAN_POINT ( 'NONE',  ( -4.319792374265440493, -0.2322500000000001508, 2.660000000000000142 ) ) ;
#2681 =( NAMED_UNIT ( * ) PLANE_ANGLE_UNIT ( ) SI_UNIT ( $, .RADIAN. ) );
#2682 = CARTESIAN_POINT ( 'NONE',  ( 0.9525000000000011235, -0.7672500000000012088, -2.160000000000000142 ) ) ;
#2683 = CARTESIAN_POINT ( 'NONE',  ( 3.484667334400296745, -0.1853010073544271441, 2.114088753711017343 ) ) ;
#2684 = ORIENTED_EDGE ( 'NONE', *, *, #4515, .T. ) ;
#2685 = CARTESIAN_POINT ( 'NONE',  ( 0.8984112462889829454, -0.08008266559970386722, 2.066948992645575078 ) ) ;
#2686 = CARTESIAN_POINT ( 'NONE',  ( 3.968131270999535332, -0.1434107350525314073, 2.595809800894466779 ) ) ;
#2687 = STYLED_ITEM ( 'NONE', ( #7458 ), #5671 ) ;
#2688 = FACE_OUTER_BOUND ( 'NONE', #8370, .T. ) ;
#2689 = ORIENTED_EDGE ( 'NONE', *, *, #4578, .F. ) ;
#2690 = ORIENTED_EDGE ( 'NONE', *, *, #3473, .T. ) ;
#2691 = DIRECTION ( 'NONE',  ( 0.000000000000000000, 0.000000000000000000, -1.000000000000000000 ) ) ;
#2692 = CARTESIAN_POINT ( 'NONE',  ( 4.885562582892962524, -0.2171554981402136209, 1.953249031097340715 ) ) ;
#2693 =( NAMED_UNIT ( * ) SI_UNIT ( $, .STERADIAN. ) SOLID_ANGLE_UNIT ( ) );
#2694 =( NAMED_UNIT ( * ) SI_UNIT ( $, .STERADIAN. ) SOLID_ANGLE_UNIT ( ) );
#2695 =( NAMED_UNIT ( * ) SI_UNIT ( $, .STERADIAN. ) SOLID_ANGLE_UNIT ( ) );
#2696 = FILL_AREA_STYLE ('',( #3398 ) ) ;
#2697 = COLOUR_RGB ( '',0.2862745098039215508, 0.2862745098039215508, 0.2862745098039215508 ) ;
#2698 = FILL_AREA_STYLE ('',( #505 ) ) ;
#2699 =( GEOMETRIC_REPRESENTATION_CONTEXT ( 3 ) GLOBAL_UNCERTAINTY_ASSIGNED_CONTEXT ( ( #171 ) ) GLOBAL_UNIT_ASSIGNED_CONTEXT ( ( #40, #91, #5511 ) ) REPRESENTATION_CONTEXT ( 'NONE', 'WORKASPACE' ) );
#2700 = SURFACE_STYLE_USAGE ( .BOTH. , #4162 ) ;
#2701 = DIRECTION ( 'NONE',  ( 1.000000000000000000, 0.000000000000000000, 0.000000000000000000 ) ) ;
#2702 = ORIENTED_EDGE ( 'NONE', *, *, #2888, .T. ) ;
#2703 = SURFACE_STYLE_FILL_AREA ( #6133 ) ;
#2704 = CIRCLE ( 'NONE', #6279, 0.1499999999999999667 ) ;
#2705 = VERTEX_POINT ( 'NONE', #4828 ) ;
#2706 = CARTESIAN_POINT ( 'NONE',  ( -2.704590344440632066, 2.587757373546594852, 2.347974784130702819 ) ) ;
#2707 =( NAMED_UNIT ( * ) PLANE_ANGLE_UNIT ( ) SI_UNIT ( $, .RADIAN. ) );
#2708 = VECTOR ( 'NONE', #2965, 1000.000000000000000 ) ;
#2709 = STYLED_ITEM ( 'NONE', ( #2367 ), #6225 ) ;
#2710 = CARTESIAN_POINT ( 'NONE',  ( 3.399390871961310179, -0.09224999999999944356, -0.6562182560773820450 ) ) ;
#2711 = DIRECTION ( 'NONE',  ( -1.000000000000000000, 0.000000000000000000, -0.000000000000000000 ) ) ;
#2712 = CARTESIAN_POINT ( 'NONE',  ( -0.5301402761854526746, -0.2993161962930577236, 2.379999999999999893 ) ) ;
#2713 = EDGE_CURVE ( 'NONE', #703, #6023, #3468, .T. ) ;
#2714 = ORIENTED_EDGE ( 'NONE', *, *, #2227, .T. ) ;
#2715 = CARTESIAN_POINT ( 'NONE',  ( -4.269999999999999574, 0.2322500000000000397, -2.660000000000000142 ) ) ;
#2716 = EDGE_CURVE ( 'NONE', #1347, #370, #8208, .T. ) ;
#2717 = EDGE_CURVE ( 'NONE', #7232, #1010, #4031, .T. ) ;
#2718 = ORIENTED_EDGE ( 'NONE', *, *, #5327, .T. ) ;
#2719 = FACE_OUTER_BOUND ( 'NONE', #1051, .T. ) ;
#2720 = DIRECTION ( 'NONE',  ( 0.000000000000000000, 1.000000000000000000, 0.000000000000000000 ) ) ;
#2721 = LINE ( 'NONE', #109, #4927 ) ;
#2722 = AXIS2_PLACEMENT_3D ( 'NONE', #3038, #3653, #8431 ) ;
#2723 = CARTESIAN_POINT ( 'NONE',  ( 0.9525000000000001243, -0.1922500000000007814, 0.8629237369103519573 ) ) ;
#2724 = CARTESIAN_POINT ( 'NONE',  ( -4.952499999999999680, -0.6672500000000001208, -1.899999999999999911 ) ) ;
#2725 = CARTESIAN_POINT ( 'NONE',  ( 4.852500000000000036, -0.7672499999999990994, -2.044279695023480059 ) ) ;
#2726 = FILL_AREA_STYLE ('',( #6064 ) ) ;
#2727 = CARTESIAN_POINT ( 'NONE',  ( 0.9105403509055469691, -0.04071043145250321377, 2.013018577200450299 ) ) ;
#2728 = CARTESIAN_POINT ( 'NONE',  ( 4.964667334400299836, -0.1853010073544233693, -2.556588753711015016 ) ) ;
#2729 = DIRECTION ( 'NONE',  ( 1.000000000000000000, 0.000000000000000000, 0.000000000000000000 ) ) ;
#2730 =( NAMED_UNIT ( * ) PLANE_ANGLE_UNIT ( ) SI_UNIT ( $, .RADIAN. ) );
#2731 = CARTESIAN_POINT ( 'NONE',  ( 4.885562582892962524, -0.1012193360738593284, 2.069185193163694869 ) ) ;
#2732 = CIRCLE ( 'NONE', #1033, 0.5000000000000000000 ) ;
#2733 = CARTESIAN_POINT ( 'NONE',  ( 4.787102839788669684, -0.09224999999999904110, -1.985701051260789773 ) ) ;
#2734 =( NAMED_UNIT ( * ) SI_UNIT ( $, .STERADIAN. ) SOLID_ANGLE_UNIT ( ) );
#2735 = DIRECTION ( 'NONE',  ( -8.611386656002740130E-16, 1.000000000000000000, 0.000000000000000000 ) ) ;
#2736 = ORIENTED_EDGE ( 'NONE', *, *, #8811, .T. ) ;
#2737 = FACE_OUTER_BOUND ( 'NONE', #2664, .T. ) ;
#2738 = COLOUR_RGB ( '',0.8313725490196077761, 0.8313725490196077761, 0.8313725490196077761 ) ;
#2739 = FACE_OUTER_BOUND ( 'NONE', #454, .T. ) ;
#2740 = FILL_AREA_STYLE ('',( #8891 ) ) ;
#2741 = DIRECTION ( 'NONE',  ( 1.000000000000000000, 5.139921410301649810E-16, 0.000000000000000000 ) ) ;
#2742 = PRESENTATION_STYLE_ASSIGNMENT (( #4214 ) ) ;
#2743 = EDGE_LOOP ( 'NONE', ( #7496, #7968, #5044, #1357, #8357 ) ) ;
#2744 = ORIENTED_EDGE ( 'NONE', *, *, #7686, .T. ) ;
#2745 = ORIENTED_EDGE ( 'NONE', *, *, #71, .T. ) ;
#2746 = STYLED_ITEM ( 'NONE', ( #1691 ), #8041 ) ;
#2747 =( NAMED_UNIT ( * ) PLANE_ANGLE_UNIT ( ) SI_UNIT ( $, .RADIAN. ) );
#2748 =( NAMED_UNIT ( * ) SI_UNIT ( $, .STERADIAN. ) SOLID_ANGLE_UNIT ( ) );
#2749 = CIRCLE ( 'NONE', #2190, 0.09999999999999982514 ) ;
#2750 = ORIENTED_EDGE ( 'NONE', *, *, #4707, .T. ) ;
#2751 = ORIENTED_EDGE ( 'NONE', *, *, #178, .F. ) ;
#2752 = ORIENTED_EDGE ( 'NONE', *, *, #2825, .T. ) ;
#2753 = CARTESIAN_POINT ( 'NONE',  ( 0.4524999999999997358, -0.1922500000000010034, 0.8629237369103519573 ) ) ;
#2754 = CARTESIAN_POINT ( 'NONE',  ( 0.6083569003329801772, -0.03859069371924216119, 2.380000000000000782 ) ) ;
#2755 = VERTEX_POINT ( 'NONE', #8198 ) ;
#2756 = DIRECTION ( 'NONE',  ( 0.000000000000000000, 0.000000000000000000, 1.000000000000000000 ) ) ;
#2757 = VERTEX_POINT ( 'NONE', #7513 ) ;
#2758 = SURFACE_SIDE_STYLE ('',( #734 ) ) ;
#2759 = VECTOR ( 'NONE', #5625, 1000.000000000000000 ) ;
#2760 =( NAMED_UNIT ( * ) PLANE_ANGLE_UNIT ( ) SI_UNIT ( $, .RADIAN. ) );
#2761 = AXIS2_PLACEMENT_3D ( 'NONE', #7988, #7897, #2470 ) ;
#2762 = DIRECTION ( 'NONE',  ( -0.000000000000000000, 0.000000000000000000, -1.000000000000000000 ) ) ;
#2763 = EDGE_CURVE ( 'NONE', #7970, #4672, #3341, .T. ) ;
#2764 = AXIS2_PLACEMENT_3D ( 'NONE', #1831, #6828, #4676 ) ;
#2765 = COLOUR_RGB ( '',0.2862745098039215508, 0.2862745098039215508, 0.2862745098039215508 ) ;
#2766 = DIRECTION ( 'NONE',  ( 0.5773502691896250649, 0.5773502691896271743, -0.5773502691896250649 ) ) ;
#2767 = DIRECTION ( 'NONE',  ( 0.000000000000000000, 0.000000000000000000, -1.000000000000000000 ) ) ;
#2768 = FILL_AREA_STYLE ('',( #4236 ) ) ;
#2769 = DIRECTION ( 'NONE',  ( 0.000000000000000000, 0.000000000000000000, 1.000000000000000000 ) ) ;
#2770 = CYLINDRICAL_SURFACE ( 'NONE', #8040, 0.1000000000000000472 ) ;
#2771 = CIRCLE ( 'NONE', #1912, 0.5000000000000000000 ) ;
#2772 = MECHANICAL_DESIGN_GEOMETRIC_PRESENTATION_REPRESENTATION (  '', ( #7191 ), #462 ) ;
#2773 = CARTESIAN_POINT ( 'NONE',  ( 5.019434131648607966, -0.1681551104516768591, -2.410658727481957975 ) ) ;
#2774 = SURFACE_STYLE_USAGE ( .BOTH. , #4930 ) ;
#2775 = EDGE_CURVE ( 'NONE', #2884, #567, #8502, .T. ) ;
#2776 = EDGE_CURVE ( 'NONE', #8816, #8542, #7472, .T. ) ;
#2777 = FACE_OUTER_BOUND ( 'NONE', #5903, .T. ) ;
#2778 = FILL_AREA_STYLE ('',( #1483 ) ) ;
#2779 =( GEOMETRIC_REPRESENTATION_CONTEXT ( 3 ) GLOBAL_UNCERTAINTY_ASSIGNED_CONTEXT ( ( #4856 ) ) GLOBAL_UNIT_ASSIGNED_CONTEXT ( ( #1675, #6521, #5160 ) ) REPRESENTATION_CONTEXT ( 'NONE', 'WORKASPACE' ) );
#2780 = CIRCLE ( 'NONE', #8518, 0.1000000000000002554 ) ;
#2781 = CARTESIAN_POINT ( 'NONE',  ( 0.3819120798423589758, -0.7672500000000009868, -0.4629237369103519906 ) ) ;
#2782 = CARTESIAN_POINT ( 'NONE',  ( -2.866011742435759846, -0.1013778989213650061, 1.804999999999999938 ) ) ;
#2783 = CARTESIAN_POINT ( 'NONE',  ( 4.587102839788668618, -0.09224999999999913824, -1.961436982548860453 ) ) ;
#2784 = DIRECTION ( 'NONE',  ( 0.000000000000000000, -1.000000000000000000, 0.000000000000000000 ) ) ;
#2785 = FILL_AREA_STYLE ('',( #1394 ) ) ;
#2786 = VECTOR ( 'NONE', #7896, 1000.000000000000000 ) ;
#2787 = AXIS2_PLACEMENT_3D ( 'NONE', #7862, #7772, #5773 ) ;
#2788 = CLOSED_SHELL ( 'NONE', ( #7301, #6146, #6325, #6764, #8425, #2062, #4176, #673, #7156, #7769, #1546, #8081, #5491, #8479, #2124, #8838, #3821, #7416, #1631, #4111, #7360, #472, #3289, #3472 ) ) ;
#2789 = UNCERTAINTY_MEASURE_WITH_UNIT (LENGTH_MEASURE( 1.000000000000000082E-05 ), #4816, 'distance_accuracy_value', 'NONE');
#2790 = MECHANICAL_DESIGN_GEOMETRIC_PRESENTATION_REPRESENTATION (  '', ( #1651 ), #50 ) ;
#2791 = ORIENTED_EDGE ( 'NONE', *, *, #1166, .F. ) ;
#2792 = FACE_OUTER_BOUND ( 'NONE', #5748, .T. ) ;
#2793 = ORIENTED_EDGE ( 'NONE', *, *, #5283, .F. ) ;
#2794 = PRESENTATION_LAYER_ASSIGNMENT (  '', '', ( #8532 ) ) ;
#2795 = ORIENTED_EDGE ( 'NONE', *, *, #6931, .T. ) ;
#2796 = SURFACE_SIDE_STYLE ('',( #2933 ) ) ;
#2797 = UNCERTAINTY_MEASURE_WITH_UNIT (LENGTH_MEASURE( 1.000000000000000082E-05 ), #3211, 'distance_accuracy_value', 'NONE');
#2798 = CARTESIAN_POINT ( 'NONE',  ( 0.7608312147052364027, -0.09225000000000091460, -0.3802252013457012580 ) ) ;
#2799 = ORIENTED_EDGE ( 'NONE', *, *, #8536, .F. ) ;
#2800 = ORIENTED_EDGE ( 'NONE', *, *, #800, .F. ) ;
#2801 = SURFACE_STYLE_USAGE ( .BOTH. , #1411 ) ;
#2802 = FILL_AREA_STYLE_COLOUR ( '', #1196 ) ;
#2803 = ORIENTED_EDGE ( 'NONE', *, *, #8634, .T. ) ;
#2804 = VERTEX_POINT ( 'NONE', #4781 ) ;
#2805 = SURFACE_SIDE_STYLE ('',( #57 ) ) ;
#2806 = FILL_AREA_STYLE_COLOUR ( '', #6477 ) ;
#2807 = FACE_OUTER_BOUND ( 'NONE', #3782, .T. ) ;
#2808 =( NAMED_UNIT ( * ) SI_UNIT ( $, .STERADIAN. ) SOLID_ANGLE_UNIT ( ) );
#2809 = DIRECTION ( 'NONE',  ( 1.000000000000000000, 5.421010862427526114E-16, 0.000000000000000000 ) ) ;
#2810 = AXIS2_PLACEMENT_3D ( 'NONE', #6794, #4728, #5576 ) ;
#2811 =( NAMED_UNIT ( * ) SI_UNIT ( $, .STERADIAN. ) SOLID_ANGLE_UNIT ( ) );
#2812 = DIRECTION ( 'NONE',  ( 1.000000000000000000, 1.084202172485501673E-15, 0.000000000000000000 ) ) ;
#2813 = FILL_AREA_STYLE ('',( #67 ) ) ;
#2814 = EDGE_CURVE ( 'NONE', #7498, #2217, #6796, .T. ) ;
#2815 = SURFACE_STYLE_FILL_AREA ( #6843 ) ;
#2816 = VECTOR ( 'NONE', #3860, 1000.000000000000000 ) ;
#2817 = CARTESIAN_POINT ( 'NONE',  ( 3.938334853613758568, -0.1345149730810357436, 2.583804907451683341 ) ) ;
#2818 =( BOUNDED_SURFACE ( )  B_SPLINE_SURFACE ( 3, 3, ( 
 ( #8559, #3704, #3652, #6407 ),
 ( #8386, #6495, #251, #2421 ),
 ( #2999, #1740, #5713, #2327 ),
 ( #4512, #2461, #5183, #3123 ) ),
 .UNSPECIFIED., .F., .F., .F. ) 
 B_SPLINE_SURFACE_WITH_KNOTS ( ( 4, 4 ),
 ( 4, 4 ),
 ( 0.000000000000000000, 1.000000000000000000 ),
 ( 0.000000000000000000, 1.000000000000000000 ),
 .UNSPECIFIED. ) 
 GEOMETRIC_REPRESENTATION_ITEM ( )  RATIONAL_B_SPLINE_SURFACE ( (
 ( 1.000000000000000000, 0.3333333333333327597, 0.3333333333333327597, 1.000000000000000000),
 ( 0.9296608745176895283, 0.3098869581725626210, 0.3098869581725626210, 0.9296608745176895283),
 ( 0.9296608745176895283, 0.3098869581725626210, 0.3098869581725626210, 0.9296608745176895283),
 ( 1.000000000000000000, 0.3333333333333327597, 0.3333333333333327597, 1.000000000000000000) ) ) 
 REPRESENTATION_ITEM ( '' )  SURFACE ( )  );
#2819 = PRESENTATION_STYLE_ASSIGNMENT (( #6070 ) ) ;
#2820 = LINE ( 'NONE', #5499, #7632 ) ;
#2821 = CYLINDRICAL_SURFACE ( 'NONE', #4109, 0.09999999999999982514 ) ;
#2822 = CARTESIAN_POINT ( 'NONE',  ( 4.787102839788670572, -0.7672499999999989884, 1.844279695023480103 ) ) ;
#2823 = SURFACE_STYLE_FILL_AREA ( #2115 ) ;
#2824 = EDGE_CURVE ( 'NONE', #3776, #6331, #6884, .T. ) ;
#2825 = EDGE_CURVE ( 'NONE', #1410, #5789, #2101, .T. ) ;
#2826 = FILL_AREA_STYLE ('',( #809 ) ) ;
#2827 = EDGE_CURVE ( 'NONE', #176, #5817, #1195, .T. ) ;
#2828 = EDGE_CURVE ( 'NONE', #5074, #8325, #6935, .T. ) ;
#2829 = CARTESIAN_POINT ( 'NONE',  ( -3.341666231221267047, -0.1521730769230779101, 0.000000000000000000 ) ) ;
#2830 = CIRCLE ( 'NONE', #530, 0.09999999999999999167 ) ;
#2831 =( NAMED_UNIT ( * ) PLANE_ANGLE_UNIT ( ) SI_UNIT ( $, .RADIAN. ) );
#2832 = VERTEX_POINT ( 'NONE', #6108 ) ;
#2833 = FACE_OUTER_BOUND ( 'NONE', #5263, .T. ) ;
#2834 = STYLED_ITEM ( 'NONE', ( #2500 ), #5437 ) ;
#2835 = SURFACE_SIDE_STYLE ('',( #5509 ) ) ;
#2836 = ORIENTED_EDGE ( 'NONE', *, *, #1237, .T. ) ;
#2837 = PRESENTATION_LAYER_ASSIGNMENT (  '', '', ( #6110 ) ) ;
#2838 = CARTESIAN_POINT ( 'NONE',  ( 3.914764973081036992, -0.1345149730810358546, -2.560235026918963985 ) ) ;
#2839 = ORIENTED_EDGE ( 'NONE', *, *, #4296, .T. ) ;
#2840 = AXIS2_PLACEMENT_3D ( 'NONE', #7083, #259, #3010 ) ;
#2841 = CARTESIAN_POINT ( 'NONE',  ( 0.9524999999999997913, -0.09225000000000077582, -0.5835207766578431876 ) ) ;
#2842 = ORIENTED_EDGE ( 'NONE', *, *, #4727, .F. ) ;
#2843 = ORIENTED_EDGE ( 'NONE', *, *, #2453, .T. ) ;
#2844 = CARTESIAN_POINT ( 'NONE',  ( 0.8947649730810375290, -0.1345149730810372424, 2.117735026918962760 ) ) ;
#2845 = FILL_AREA_STYLE ('',( #1462 ) ) ;
#2846 = AXIS2_PLACEMENT_3D ( 'NONE', #3631, #2307, #3586 ) ;
#2847 = VERTEX_POINT ( 'NONE', #5483 ) ;
#2848 =( LENGTH_UNIT ( ) NAMED_UNIT ( * ) SI_UNIT ( .MILLI., .METRE. ) );
#2849 = ORIENTED_EDGE ( 'NONE', *, *, #1797, .T. ) ;
#2850 = CARTESIAN_POINT ( 'NONE',  ( -3.833333768778751427, 0.1521730769229936997, -1.804999999999999938 ) ) ;
#2851 = MECHANICAL_DESIGN_GEOMETRIC_PRESENTATION_REPRESENTATION (  '', ( #6286 ), #694 ) ;
#2852 = CYLINDRICAL_SURFACE ( 'NONE', #3490, 0.1499999999999999667 ) ;
#2853 =( NAMED_UNIT ( * ) PLANE_ANGLE_UNIT ( ) SI_UNIT ( $, .RADIAN. ) );
#2854 = PRODUCT_RELATED_PRODUCT_CATEGORY ( 'part', '', ( #5831 ) ) ;
#2855 = CARTESIAN_POINT ( 'NONE',  ( 3.430235026918961871, -0.1345149730810377975, 2.117735026918963648 ) ) ;
#2856 = CARTESIAN_POINT ( 'NONE',  ( 3.914764973081037880, -0.1345149730810362709, 2.560235026918962653 ) ) ;
#2857 = SURFACE_SIDE_STYLE ('',( #6840 ) ) ;
#2858 = AXIS2_PLACEMENT_3D ( 'NONE', #2493, #1822, #1014 ) ;
#2859 = PRESENTATION_LAYER_ASSIGNMENT (  '', '', ( #3711 ) ) ;
#2860 = CARTESIAN_POINT ( 'NONE',  ( 3.230896580976074794, -2.898139993764726530, 0.6891772006314031973 ) ) ;
#2861 = CARTESIAN_POINT ( 'NONE',  ( 3.545609128038689661, -0.09224999999999944356, -0.6562182560773820450 ) ) ;
#2862 = FILL_AREA_STYLE_COLOUR ( '', #776 ) ;
#2863 =( GEOMETRIC_REPRESENTATION_CONTEXT ( 3 ) GLOBAL_UNCERTAINTY_ASSIGNED_CONTEXT ( ( #6891 ) ) GLOBAL_UNIT_ASSIGNED_CONTEXT ( ( #2308, #3679, #1722 ) ) REPRESENTATION_CONTEXT ( 'NONE', 'WORKASPACE' ) );
#2864 =( NAMED_UNIT ( * ) SI_UNIT ( $, .STERADIAN. ) SOLID_ANGLE_UNIT ( ) );
#2865 =( NAMED_UNIT ( * ) PLANE_ANGLE_UNIT ( ) SI_UNIT ( $, .RADIAN. ) );
#2866 = DIRECTION ( 'NONE',  ( 0.000000000000000000, 0.000000000000000000, 1.000000000000000000 ) ) ;
#2867 = CARTESIAN_POINT ( 'NONE',  ( -0.3436167100760199600, -0.3943076977342155343, 2.330000000000000959 ) ) ;
#2868 =( NAMED_UNIT ( * ) PLANE_ANGLE_UNIT ( ) SI_UNIT ( $, .RADIAN. ) );
#2869 = LINE ( 'NONE', #6176, #3032 ) ;
#2870 = UNCERTAINTY_MEASURE_WITH_UNIT (LENGTH_MEASURE( 1.000000000000000082E-05 ), #5222, 'distance_accuracy_value', 'NONE');
#2871 =( BOUNDED_CURVE ( )  B_SPLINE_CURVE ( 3, ( #5378, #2114, #6728, #4888 ),
 .UNSPECIFIED., .F., .T. ) 
 B_SPLINE_CURVE_WITH_KNOTS ( ( 4, 4 ),
 ( 0.000000000000000000, 1.570796326794896336 ),
 .UNSPECIFIED. ) 
 CURVE ( )  GEOMETRIC_REPRESENTATION_ITEM ( )  RATIONAL_B_SPLINE_CURVE ( ( 1.000000000000000000, 0.8047378541243650485, 0.8047378541243650485, 1.000000000000000000 ) ) 
 REPRESENTATION_ITEM ( '' )  );
#2872 = EDGE_CURVE ( 'NONE', #684, #5202, #7586, .T. ) ;
#2873 = EDGE_CURVE ( 'NONE', #4060, #2313, #5892, .T. ) ;
#2874 = EDGE_CURVE ( 'NONE', #5694, #1271, #3470, .T. ) ;
#2875 = EDGE_CURVE ( 'NONE', #2040, #5170, #1334, .T. ) ;
#2876 = CIRCLE ( 'NONE', #5861, 0.09999999999999999167 ) ;
#2877 = ORIENTED_EDGE ( 'NONE', *, *, #4332, .F. ) ;
#2878 =( NAMED_UNIT ( * ) PLANE_ANGLE_UNIT ( ) SI_UNIT ( $, .RADIAN. ) );
#2879 = FACE_OUTER_BOUND ( 'NONE', #8006, .T. ) ;
#2880 = ORIENTED_EDGE ( 'NONE', *, *, #2827, .F. ) ;
#2881 =( NAMED_UNIT ( * ) PLANE_ANGLE_UNIT ( ) SI_UNIT ( $, .RADIAN. ) );
#2882 = EDGE_LOOP ( 'NONE', ( #4710, #2942, #6083, #5376 ) ) ;
#2883 = CIRCLE ( 'NONE', #4887, 0.09999999999999989453 ) ;
#2884 = VERTEX_POINT ( 'NONE', #1474 ) ;
#2885 = UNCERTAINTY_MEASURE_WITH_UNIT (LENGTH_MEASURE( 1.000000000000000082E-05 ), #297, 'distance_accuracy_value', 'NONE');
#2886 = EDGE_CURVE ( 'NONE', #875, #1726, #8789, .T. ) ;
#2887 = VECTOR ( 'NONE', #1442, 1000.000000000000000 ) ;
#2888 = EDGE_CURVE ( 'NONE', #1450, #8210, #7634, .T. ) ;
#2889 = ORIENTED_EDGE ( 'NONE', *, *, #2886, .F. ) ;
#2890 = ORIENTED_EDGE ( 'NONE', *, *, #2141, .T. ) ;
#2891 = CIRCLE ( 'NONE', #8622, 0.2999999999999999334 ) ;
#2892 = CARTESIAN_POINT ( 'NONE',  ( 0.8591901991055325150, -0.1434107350525336000, 2.064368729000465308 ) ) ;
#2893 = SURFACE_STYLE_FILL_AREA ( #6749 ) ;
#2894 = ORIENTED_EDGE ( 'NONE', *, *, #6145, .F. ) ;
#2895 =( LENGTH_UNIT ( ) NAMED_UNIT ( * ) SI_UNIT ( .MILLI., .METRE. ) );
#2896 =( GEOMETRIC_REPRESENTATION_CONTEXT ( 3 ) GLOBAL_UNCERTAINTY_ASSIGNED_CONTEXT ( ( #1637 ) ) GLOBAL_UNIT_ASSIGNED_CONTEXT ( ( #4325, #2096, #7797 ) ) REPRESENTATION_CONTEXT ( 'NONE', 'WORKASPACE' ) );
#2897 = CARTESIAN_POINT ( 'NONE',  ( 2.944119776931848786, 2.484646814368868473, 2.422398773856785148 ) ) ;
#2898 = VECTOR ( 'NONE', #7524, 1000.000000000000000 ) ;
#2899 = PRESENTATION_STYLE_ASSIGNMENT (( #4374 ) ) ;
#2900 = CIRCLE ( 'NONE', #1762, 0.5650556301437582585 ) ;
#2901 = CARTESIAN_POINT ( 'NONE',  ( 3.916781119199519878, -0.2461110386525665328, 2.647159952694486229 ) ) ;
#2902 = VECTOR ( 'NONE', #1520, 1000.000000000000000 ) ;
#2903 = DIRECTION ( 'NONE',  ( 0.000000000000000000, 0.000000000000000000, -1.000000000000000000 ) ) ;
#2904 = MECHANICAL_DESIGN_GEOMETRIC_PRESENTATION_REPRESENTATION (  '', ( #2624 ), #6756 ) ;
#2905 = SURFACE_STYLE_FILL_AREA ( #2056 ) ;
#2906 = DIRECTION ( 'NONE',  ( -4.497431234013940009E-16, 1.000000000000000000, 0.000000000000000000 ) ) ;
#2907 = CARTESIAN_POINT ( 'NONE',  ( 4.910235026918964074, -0.1345149730810359656, -1.986544668104516909 ) ) ;
#2908 =( GEOMETRIC_REPRESENTATION_CONTEXT ( 3 ) GLOBAL_UNCERTAINTY_ASSIGNED_CONTEXT ( ( #2885 ) ) GLOBAL_UNIT_ASSIGNED_CONTEXT ( ( #297, #6355, #5712 ) ) REPRESENTATION_CONTEXT ( 'NONE', 'WORKASPACE' ) );
#2909 = DIRECTION ( 'NONE',  ( 1.000000000000000000, 0.000000000000000000, 0.000000000000000000 ) ) ;
#2910 = DIRECTION ( 'NONE',  ( -1.000000000000000000, -5.421010862427532031E-16, 0.000000000000000000 ) ) ;
#2911 = CARTESIAN_POINT ( 'NONE',  ( -4.319792374265440493, 0.2677499999999999880, 2.754999999999999893 ) ) ;
#2912 =( LENGTH_UNIT ( ) NAMED_UNIT ( * ) SI_UNIT ( .MILLI., .METRE. ) );
#2913 = DIRECTION ( 'NONE',  ( 0.000000000000000000, 0.000000000000000000, -1.000000000000000000 ) ) ;
#2914 = VECTOR ( 'NONE', #2, 1000.000000000000000 ) ;
#2915 = CARTESIAN_POINT ( 'NONE',  ( 0.4524999999999997358, -0.1922500000000012255, -0.8629237369103519573 ) ) ;
#2916 = DIRECTION ( 'NONE',  ( 0.000000000000000000, 0.000000000000000000, -1.000000000000000000 ) ) ;
#2917 = PRESENTATION_LAYER_ASSIGNMENT (  '', '', ( #8512 ) ) ;
#2918 = DIRECTION ( 'NONE',  ( 1.000000000000000000, 4.497431234013940009E-16, -0.000000000000000000 ) ) ;
#2919 =( GEOMETRIC_REPRESENTATION_CONTEXT ( 3 ) GLOBAL_UNCERTAINTY_ASSIGNED_CONTEXT ( ( #7333 ) ) GLOBAL_UNIT_ASSIGNED_CONTEXT ( ( #2848, #5191, #1992 ) ) REPRESENTATION_CONTEXT ( 'NONE', 'WORKASPACE' ) );
#2920 = DIRECTION ( 'NONE',  ( -1.000000000000000000, -1.084202172485501673E-15, 0.000000000000000000 ) ) ;
#2921 = EDGE_LOOP ( 'NONE', ( #7645, #8847, #8140, #219 ) ) ;
#2922 = VERTEX_POINT ( 'NONE', #2682 ) ;
#2923 = ORIENTED_EDGE ( 'NONE', *, *, #1035, .T. ) ;
#2924 = SURFACE_STYLE_FILL_AREA ( #866 ) ;
#2925 = CARTESIAN_POINT ( 'NONE',  ( -3.145735931288072162, -2.847500000000001030, 0.000000000000000000 ) ) ;
#2926 = ORIENTED_EDGE ( 'NONE', *, *, #4846, .F. ) ;
#2927 = PRESENTATION_STYLE_ASSIGNMENT (( #5781 ) ) ;
#2928 = DIRECTION ( 'NONE',  ( 1.000000000000000000, 0.000000000000000000, 0.000000000000000000 ) ) ;
#2929 = ORIENTED_EDGE ( 'NONE', *, *, #293, .F. ) ;
#2930 = AXIS2_PLACEMENT_3D ( 'NONE', #2710, #4675, #6052 ) ;
#2931 = AXIS2_PLACEMENT_3D ( 'NONE', #8038, #619, #3355 ) ;
#2932 = EDGE_CURVE ( 'NONE', #5832, #4408, #8356, .T. ) ;
#2933 = SURFACE_STYLE_FILL_AREA ( #7009 ) ;
#2934 =( BOUNDED_SURFACE ( )  B_SPLINE_SURFACE ( 3, 3, ( 
 ( #5364, #2531, #2479, #6678 ),
 ( #6554, #409, #4531, #527 ),
 ( #7303, #5984, #5858, #4613 ),
 ( #7265, #3977, #7997, #1176 ) ),
 .UNSPECIFIED., .F., .F., .F. ) 
 B_SPLINE_SURFACE_WITH_KNOTS ( ( 4, 4 ),
 ( 4, 4 ),
 ( 0.000000000000000000, 1.000000000000000000 ),
 ( 0.000000000000000000, 1.000000000000000000 ),
 .UNSPECIFIED. ) 
 GEOMETRIC_REPRESENTATION_ITEM ( )  RATIONAL_B_SPLINE_SURFACE ( (
 ( 1.000000000000000000, 0.3333333333333313164, 0.3333333333333313164, 1.000000000000000000),
 ( 0.9245018060306371410, 0.3081672686768771596, 0.3081672686768771596, 0.9245018060306371410),
 ( 0.9245018060306371410, 0.3081672686768771596, 0.3081672686768771596, 0.9245018060306371410),
 ( 1.000000000000000000, 0.3333333333333313164, 0.3333333333333313164, 1.000000000000000000) ) ) 
 REPRESENTATION_ITEM ( '' )  SURFACE ( )  );
#2935 = CARTESIAN_POINT ( 'NONE',  ( 0.4819120798423590646, -0.1922500000000010034, 0.3637895569954249786 ) ) ;
#2936 = AXIS2_PLACEMENT_3D ( 'NONE', #4392, #8575, #1620 ) ;
#2937 = ORIENTED_EDGE ( 'NONE', *, *, #8033, .T. ) ;
#2938 = COLOUR_RGB ( '',0.8313725490196077761, 0.8313725490196077761, 0.8313725490196077761 ) ;
#2939 = ORIENTED_EDGE ( 'NONE', *, *, #2393, .F. ) ;
#2940 = CARTESIAN_POINT ( 'NONE',  ( -2.832726480062039975, 2.540066566059530295, 1.827721563536810034 ) ) ;
#2941 = DIRECTION ( 'NONE',  ( 0.000000000000000000, 0.000000000000000000, 1.000000000000000000 ) ) ;
#2942 = ORIENTED_EDGE ( 'NONE', *, *, #1693, .T. ) ;
#2943 = ADVANCED_FACE ( 'NONE', ( #4973 ), #2548, .T. ) ;
#2944 = DIRECTION ( 'NONE',  ( 1.000000000000000000, 5.139921410301649810E-16, 0.000000000000000000 ) ) ;
#2945 = EDGE_CURVE ( 'NONE', #6141, #1772, #8509, .T. ) ;
#2946 = PRESENTATION_STYLE_ASSIGNMENT (( #3602 ) ) ;
#2947 = ORIENTED_EDGE ( 'NONE', *, *, #6336, .T. ) ;
#2948 = SURFACE_SIDE_STYLE ('',( #1694 ) ) ;
#2949 = AXIS2_PLACEMENT_3D ( 'NONE', #4201, #2113, #706 ) ;
#2950 = CARTESIAN_POINT ( 'NONE',  ( 2.970000000000000639, -2.905570617906685804, 0.1959883354350568097 ) ) ;
#2951 = CARTESIAN_POINT ( 'NONE',  ( 3.271691034137318432, -0.03428356169603814785, 2.102030276237607076 ) ) ;
#2952 = CARTESIAN_POINT ( 'NONE',  ( 3.863978938807649754, -0.1889472805623716722, 2.563881300126909402 ) ) ;
#2953 = SURFACE_SIDE_STYLE ('',( #795 ) ) ;
#2954 = SURFACE_SIDE_STYLE ('',( #5532 ) ) ;
#2955 = CARTESIAN_POINT ( 'NONE',  ( 4.894459649094452303, -0.04071043145250027168, -2.091261117823030258 ) ) ;
#2956 = PRESENTATION_LAYER_ASSIGNMENT (  '', '', ( #5661 ) ) ;
#2957 = CARTESIAN_POINT ( 'NONE',  ( 3.872500000000000497, -0.1922499999999989773, 2.001421356237309546 ) ) ;
#2958 = UNCERTAINTY_MEASURE_WITH_UNIT (LENGTH_MEASURE( 1.000000000000000082E-05 ), #4246, 'distance_accuracy_value', 'NONE');
#2959 = B_SPLINE_CURVE_WITH_KNOTS ( 'NONE', 3,
 ( #5757, #8515, #5097, #7850, #1030, #3746, #6496, #3126, #341, #8561, #8432, #392, #4334, #2422, #5844, #7073, #3838, #8477, #8605, #2329, #2463, #5184, #5055, #7937, #1792, #4513, #6581, #440, #5673, #2552 ),
 .UNSPECIFIED., .F., .F.,
 ( 4, 1, 2, 2, 2, 1, 2, 2, 2, 1, 2, 2, 2, 1, 2, 2, 4 ),
 ( 0.000000000000000000, 0.03124999999999992367, 0.04687499999999988898, 0.06249999999999984734, 0.1249999999999997780, 0.1562499999999997224, 0.1718749999999997224, 0.1874999999999996947, 0.2499999999999997780, 0.2812499999999998335, 0.2968749999999998335, 0.3124999999999998335, 0.3749999999999998335, 0.4062499999999998335, 0.4218749999999998335, 0.4374999999999998890, 0.5000000000000000000 ),
 .UNSPECIFIED. ) ;
#2960 = CARTESIAN_POINT ( 'NONE',  ( 4.952500000000000568, -0.4297499999999989106, -2.044279695023480059 ) ) ;
#2961 = SURFACE_STYLE_USAGE ( .BOTH. , #4245 ) ;
#2962 = FILL_AREA_STYLE ('',( #5763 ) ) ;
#2963 = LINE ( 'NONE', #5023, #8438 ) ;
#2964 = AXIS2_PLACEMENT_3D ( 'NONE', #1448, #8270, #2122 ) ;
#2965 = DIRECTION ( 'NONE',  ( -0.000000000000000000, -1.000000000000000000, -0.000000000000000000 ) ) ;
#2966 = SURFACE_STYLE_FILL_AREA ( #314 ) ;
#2967 = PRESENTATION_LAYER_ASSIGNMENT (  '', '', ( #7691 ) ) ;
#2968 = FACE_OUTER_BOUND ( 'NONE', #3549, .T. ) ;
#2969 = LINE ( 'NONE', #5686, #8235 ) ;
#2970 = UNCERTAINTY_MEASURE_WITH_UNIT (LENGTH_MEASURE( 1.000000000000000082E-05 ), #7626, 'distance_accuracy_value', 'NONE');
#2971 = VERTEX_POINT ( 'NONE', #3702 ) ;
#2972 = ORIENTED_EDGE ( 'NONE', *, *, #5933, .F. ) ;
#2973 = CARTESIAN_POINT ( 'NONE',  ( -3.319999999999999840, 0.7672499999999990994, -1.899999999999999911 ) ) ;
#2974 = SURFACE_SIDE_STYLE ('',( #910 ) ) ;
#2975 = CARTESIAN_POINT ( 'NONE',  ( 0.3819120798423590313, -0.1922500000000010589, 0.4228068925449357529 ) ) ;
#2976 = VERTEX_POINT ( 'NONE', #5013 ) ;
#2977 =( NAMED_UNIT ( * ) SI_UNIT ( $, .STERADIAN. ) SOLID_ANGLE_UNIT ( ) );
#2978 = VERTEX_POINT ( 'NONE', #6256 ) ;
#2979 = CARTESIAN_POINT ( 'NONE',  ( 0.9284051104516815034, -0.02531586835139375269, -1.968158727481963188 ) ) ;
#2980 = UNCERTAINTY_MEASURE_WITH_UNIT (LENGTH_MEASURE( 1.000000000000000082E-05 ), #1501, 'distance_accuracy_value', 'NONE');
#2981 = DIRECTION ( 'NONE',  ( -0.000000000000000000, -1.000000000000000000, -0.000000000000000000 ) ) ;
#2982 =( GEOMETRIC_REPRESENTATION_CONTEXT ( 3 ) GLOBAL_UNCERTAINTY_ASSIGNED_CONTEXT ( ( #347 ) ) GLOBAL_UNIT_ASSIGNED_CONTEXT ( ( #7025, #979, #6492 ) ) REPRESENTATION_CONTEXT ( 'NONE', 'WORKASPACE' ) );
#2983 = EDGE_LOOP ( 'NONE', ( #4173, #4865, #8812, #8550 ) ) ;
#2984 = ORIENTED_EDGE ( 'NONE', *, *, #2713, .T. ) ;
#2985 = CYLINDRICAL_SURFACE ( 'NONE', #7292, 0.3000000000000000444 ) ;
#2986 = DIRECTION ( 'NONE',  ( 4.823386660693620032E-16, -1.000000000000000000, 0.000000000000000000 ) ) ;
#2987 = CARTESIAN_POINT ( 'NONE',  ( 0.4238398292666566980, -0.1922500000000011422, -0.4643413327551616510 ) ) ;
#2988 = ORIENTED_EDGE ( 'NONE', *, *, #6447, .T. ) ;
#2989 = STYLED_ITEM ( 'NONE', ( #5843 ), #673 ) ;
#2990 = LINE ( 'NONE', #3556, #2032 ) ;
#2991 =( GEOMETRIC_REPRESENTATION_CONTEXT ( 3 ) GLOBAL_UNCERTAINTY_ASSIGNED_CONTEXT ( ( #5019 ) ) GLOBAL_UNIT_ASSIGNED_CONTEXT ( ( #2912, #2429, #8025 ) ) REPRESENTATION_CONTEXT ( 'NONE', 'WORKASPACE' ) );
#2992 = CIRCLE ( 'NONE', #5825, 0.1000000000000001582 ) ;
#2993 = DIRECTION ( 'NONE',  ( 1.000000000000000000, 4.497431234013940009E-16, 0.000000000000000000 ) ) ;
#2994 = VECTOR ( 'NONE', #6910, 1000.000000000000000 ) ;
#2995 = ADVANCED_FACE ( 'NONE', ( #4376 ), #3651, .T. ) ;
#2996 = ADVANCED_FACE ( 'NONE', ( #5960 ), #3834, .T. ) ;
#2997 = EDGE_CURVE ( 'NONE', #5163, #4316, #3165, .T. ) ;
#2998 = CARTESIAN_POINT ( 'NONE',  ( 3.572500000000000675, -0.09224999999999904110, 1.860000000000000542 ) ) ;
#2999 = CARTESIAN_POINT ( 'NONE',  ( -3.081608829459646870, -2.717203111341379262, 2.135240060900063686 ) ) ;
#3000 =( LENGTH_UNIT ( ) NAMED_UNIT ( * ) SI_UNIT ( .MILLI., .METRE. ) );
#3001 = LINE ( 'NONE', #3039, #8204 ) ;
#3002 = CYLINDRICAL_SURFACE ( 'NONE', #7309, 0.1000000000000002554 ) ;
#3003 = AXIS2_PLACEMENT_3D ( 'NONE', #296, #5135, #3701 ) ;
#3004 = FACE_OUTER_BOUND ( 'NONE', #6564, .T. ) ;
#3005 = CARTESIAN_POINT ( 'NONE',  ( 3.972500000000000142, -0.1922499999999991716, -2.602499999999999591 ) ) ;
#3006 = AXIS2_PLACEMENT_3D ( 'NONE', #1041, #3764, #6506 ) ;
#3007 = DIRECTION ( 'NONE',  ( -0.5773502691896256200, 0.5773502691896261751, -0.5773502691896256200 ) ) ;
#3008 = LINE ( 'NONE', #1521, #7192 ) ;
#3009 = AXIS2_PLACEMENT_3D ( 'NONE', #6392, #8547, #972 ) ;
#3010 = DIRECTION ( 'NONE',  ( 0.000000000000000000, 0.9587981127083873290, 0.2840883296913738199 ) ) ;
#3011 = FACE_OUTER_BOUND ( 'NONE', #3721, .T. ) ;
#3012 = CARTESIAN_POINT ( 'NONE',  ( 4.908218880800481188, -0.2461110386525637017, 2.647159952694482676 ) ) ;
#3013 = LINE ( 'NONE', #3716, #713 ) ;
#3014 = PRESENTATION_STYLE_ASSIGNMENT (( #7726 ) ) ;
#3015 = CARTESIAN_POINT ( 'NONE',  ( 3.968131270999535332, -0.1434107350525325175, -2.595809800894467223 ) ) ;
#3016 = ORIENTED_EDGE ( 'NONE', *, *, #591, .F. ) ;
#3017 = ORIENTED_EDGE ( 'NONE', *, *, #7666, .F. ) ;
#3018 = CARTESIAN_POINT ( 'NONE',  ( -1.222499999999999920, 0.2322500000000000120, 0.000000000000000000 ) ) ;
#3019 = CARTESIAN_POINT ( 'NONE',  ( 2.970000000000000639, -2.847500000000001918, -1.490777987167568597E-16 ) ) ;
#3020 = ORIENTED_EDGE ( 'NONE', *, *, #5975, .T. ) ;
#3021 = STYLED_ITEM ( 'NONE', ( #7225 ), #7301 ) ;
#3022 = LINE ( 'NONE', #2442, #7752 ) ;
#3023 = FILL_AREA_STYLE ('',( #3150 ) ) ;
#3024 = EDGE_CURVE ( 'NONE', #5168, #6140, #5299, .T. ) ;
#3025 = ORIENTED_EDGE ( 'NONE', *, *, #5122, .F. ) ;
#3026 = DIRECTION ( 'NONE',  ( 0.000000000000000000, -1.000000000000000000, 0.000000000000000000 ) ) ;
#3027 = CYLINDRICAL_SURFACE ( 'NONE', #2495, 0.1000000000000002554 ) ;
#3028 = ORIENTED_EDGE ( 'NONE', *, *, #7358, .F. ) ;
#3029 = ORIENTED_EDGE ( 'NONE', *, *, #3359, .T. ) ;
#3030 = COLOUR_RGB ( '',0.2862745098039215508, 0.2862745098039215508, 0.2862745098039215508 ) ;
#3031 = DIRECTION ( 'NONE',  ( -1.000000000000000000, -4.497431234013940009E-16, 0.000000000000000000 ) ) ;
#3032 = VECTOR ( 'NONE', #7681, 1000.000000000000114 ) ;
#3033 = PRESENTATION_STYLE_ASSIGNMENT (( #1649 ) ) ;
#3034 =( NAMED_UNIT ( * ) SI_UNIT ( $, .STERADIAN. ) SOLID_ANGLE_UNIT ( ) );
#3035 = FILL_AREA_STYLE ('',( #5094 ) ) ;
#3036 = STYLED_ITEM ( 'NONE', ( #404 ), #3750 ) ;
#3037 = PRESENTATION_STYLE_ASSIGNMENT (( #7802 ) ) ;
#3038 = CARTESIAN_POINT ( 'NONE',  ( 2.803133701591295157, 2.495677398353392640, 2.079999999999996962 ) ) ;
#3039 = CARTESIAN_POINT ( 'NONE',  ( 4.852500000000000036, -0.09224999999999873579, 0.000000000000000000 ) ) ;
#3040 = SURFACE_SIDE_STYLE ('',( #8516 ) ) ;
#3041 = EDGE_CURVE ( 'NONE', #4890, #1371, #1738, .T. ) ;
#3042 = PRESENTATION_STYLE_ASSIGNMENT (( #5017 ) ) ;
#3043 = CIRCLE ( 'NONE', #8630, 0.1499999999999999667 ) ;
#3044 = CARTESIAN_POINT ( 'NONE',  ( 3.572499999999999787, -0.7672500000000000986, -1.959999999999999964 ) ) ;
#3045 =( NAMED_UNIT ( * ) SI_UNIT ( $, .STERADIAN. ) SOLID_ANGLE_UNIT ( ) );
#3046 = PRESENTATION_LAYER_ASSIGNMENT (  '', '', ( #1476 ) ) ;
#3047 =( LENGTH_UNIT ( ) NAMED_UNIT ( * ) SI_UNIT ( .MILLI., .METRE. ) );
#3048 = PRESENTATION_STYLE_ASSIGNMENT (( #4936 ) ) ;
#3049 = CARTESIAN_POINT ( 'NONE',  ( -4.852500000000000036, -0.2322500000000004006, 0.000000000000000000 ) ) ;
#3050 = DIRECTION ( 'NONE',  ( -0.000000000000000000, -0.000000000000000000, -1.000000000000000000 ) ) ;
#3051 = CARTESIAN_POINT ( 'NONE',  ( 4.751691034137320635, -0.03428356169604147852, -2.544530276237610966 ) ) ;
#3052 = CARTESIAN_POINT ( 'NONE',  ( 4.787102839788669684, -0.1922499999999990050, 1.844279695023480103 ) ) ;
#3053 = CARTESIAN_POINT ( 'NONE',  ( 0.09537653128742640263, 0.6030764423484326064, 2.379999999999999449 ) ) ;
#3054 = FILL_AREA_STYLE ('',( #5731 ) ) ;
#3055 = STYLED_ITEM ( 'NONE', ( #3997 ), #3151 ) ;
#3056 = ORIENTED_EDGE ( 'NONE', *, *, #5721, .T. ) ;
#3057 = DIRECTION ( 'NONE',  ( 0.1147640357803560024, 0.1721460536705340105, -0.9783634050275320515 ) ) ;
#3058 = CIRCLE ( 'NONE', #4764, 0.5000000000000000000 ) ;
#3059 = EDGE_LOOP ( 'NONE', ( #3199, #4191, #4444, #5429 ) ) ;
#3060 = SURFACE_SIDE_STYLE ('',( #6471 ) ) ;
#3061 = VERTEX_POINT ( 'NONE', #2419 ) ;
#3062 =( NAMED_UNIT ( * ) PLANE_ANGLE_UNIT ( ) SI_UNIT ( $, .RADIAN. ) );
#3063 = CARTESIAN_POINT ( 'NONE',  ( -4.852500000000000036, -0.7672500000000005427, -2.660000000000000142 ) ) ;
#3064 = PRESENTATION_STYLE_ASSIGNMENT (( #2487 ) ) ;
#3065 = AXIS2_PLACEMENT_3D ( 'NONE', #5787, #3191, #418 ) ;
#3066 = FILL_AREA_STYLE_COLOUR ( '', #1802 ) ;
#3067 = AXIS2_PLACEMENT_3D ( 'NONE', #8711, #1263, #7346 ) ;
#3068 = VERTEX_POINT ( 'NONE', #2460 ) ;
#3069 = ORIENTED_EDGE ( 'NONE', *, *, #3161, .F. ) ;
#3070 = DIRECTION ( 'NONE',  ( 0.000000000000000000, 0.000000000000000000, -1.000000000000000000 ) ) ;
#3071 = CARTESIAN_POINT ( 'NONE',  ( 3.376868729000465308, -0.1434107350525336833, -2.153309800894467330 ) ) ;
#3072 =( GEOMETRIC_REPRESENTATION_CONTEXT ( 3 ) GLOBAL_UNCERTAINTY_ASSIGNED_CONTEXT ( ( #5042 ) ) GLOBAL_UNIT_ASSIGNED_CONTEXT ( ( #1355, #7582, #169 ) ) REPRESENTATION_CONTEXT ( 'NONE', 'WORKASPACE' ) );
#3073 = MECHANICAL_DESIGN_GEOMETRIC_PRESENTATION_REPRESENTATION (  '', ( #3339 ), #2645 ) ;
#3074 =( NAMED_UNIT ( * ) SI_UNIT ( $, .STERADIAN. ) SOLID_ANGLE_UNIT ( ) );
#3075 = ORIENTED_EDGE ( 'NONE', *, *, #4043, .F. ) ;
#3076 =( NAMED_UNIT ( * ) SI_UNIT ( $, .STERADIAN. ) SOLID_ANGLE_UNIT ( ) );
#3077 = LINE ( 'NONE', #5990, #1894 ) ;
#3078 = FACE_OUTER_BOUND ( 'NONE', #3592, .T. ) ;
#3079 = CIRCLE ( 'NONE', #195, 0.3000000000000000444 ) ;
#3080 =( GEOMETRIC_REPRESENTATION_CONTEXT ( 3 ) GLOBAL_UNCERTAINTY_ASSIGNED_CONTEXT ( ( #7103 ) ) GLOBAL_UNIT_ASSIGNED_CONTEXT ( ( #7045, #5812, #4986 ) ) REPRESENTATION_CONTEXT ( 'NONE', 'WORKASPACE' ) );
#3081 = AXIS2_PLACEMENT_3D ( 'NONE', #5246, #6597, #3898 ) ;
#3082 = VECTOR ( 'NONE', #1375, 1000.000000000000000 ) ;
#3083 = DIRECTION ( 'NONE',  ( -0.4082482904638640164, -0.8164965809277250353, 0.4082482904638640164 ) ) ;
#3084 = CARTESIAN_POINT ( 'NONE',  ( 3.572499999999999343, -0.1922499999999989495, -1.959999999999999964 ) ) ;
#3085 = CARTESIAN_POINT ( 'NONE',  ( -3.270000000000000462, -2.371979103387990673, -0.5488734380408861746 ) ) ;
#3086 = CARTESIAN_POINT ( 'NONE',  ( -3.770634082987819991, 0.3248361564241389887, -2.660000000000000142 ) ) ;
#3087 =( NAMED_UNIT ( * ) SI_UNIT ( $, .STERADIAN. ) SOLID_ANGLE_UNIT ( ) );
#3088 = CARTESIAN_POINT ( 'NONE',  ( -3.903095123049503457, -0.008589285714287551304, 0.000000000000000000 ) ) ;
#3089 = CARTESIAN_POINT ( 'NONE',  ( -1.222499999999999698, 0.7672499999999990994, -0.3800000000000000044 ) ) ;
#3090 = CARTESIAN_POINT ( 'NONE',  ( -2.972040853876690480, -3.047497946582585548, 0.6750175053834688299 ) ) ;
#3091 = SURFACE_STYLE_FILL_AREA ( #350 ) ;
#3092 = CARTESIAN_POINT ( 'NONE',  ( 4.856868729000464846, -0.1434107350525327673, 2.595809800894467223 ) ) ;
#3093 = EDGE_CURVE ( 'NONE', #5458, #3630, #1905, .T. ) ;
#3094 = DIRECTION ( 'NONE',  ( -0.000000000000000000, -0.000000000000000000, -1.000000000000000000 ) ) ;
#3095 = LINE ( 'NONE', #5808, #4961 ) ;
#3096 = CARTESIAN_POINT ( 'NONE',  ( 0.7165384061829224160, -0.09225000000000062317, -0.4380018747398843337 ) ) ;
#3097 = LINE ( 'NONE', #5896, #6290 ) ;
#3098 = CARTESIAN_POINT ( 'NONE',  ( 3.872500000000000053, -0.7672499999999999876, -2.602500000000000036 ) ) ;
#3099 =( LENGTH_UNIT ( ) NAMED_UNIT ( * ) SI_UNIT ( .MILLI., .METRE. ) );
#3100 = STYLED_ITEM ( 'NONE', ( #18 ), #471 ) ;
#3101 = CARTESIAN_POINT ( 'NONE',  ( 0.6083569003329800662, -1.216713800665959688, 2.379999999999999893 ) ) ;
#3102 = PRESENTATION_STYLE_ASSIGNMENT (( #4112 ) ) ;
#3103 = ORIENTED_EDGE ( 'NONE', *, *, #2170, .F. ) ;
#3104 = FILL_AREA_STYLE ('',( #367 ) ) ;
#3105 = EDGE_CURVE ( 'NONE', #576, #5156, #4336, .T. ) ;
#3106 = ADVANCED_FACE ( 'NONE', ( #1156 ), #5881, .T. ) ;
#3107 = ORIENTED_EDGE ( 'NONE', *, *, #6397, .T. ) ;
#3108 = EDGE_CURVE ( 'NONE', #6222, #8768, #8459, .T. ) ;
#3109 = AXIS2_PLACEMENT_3D ( 'NONE', #5190, #1208, #6011 ) ;
#3110 = DIRECTION ( 'NONE',  ( 0.8164965809277264785, -0.4082482904638619625, 0.4082482904638632393 ) ) ;
#3111 = FACE_OUTER_BOUND ( 'NONE', #5467, .T. ) ;
#3112 = DIRECTION ( 'NONE',  ( 0.5220116514400406915, 0.5176389217158352540, 0.6779039625829818005 ) ) ;
#3113 = ORIENTED_EDGE ( 'NONE', *, *, #2485, .F. ) ;
#3114 = DIRECTION ( 'NONE',  ( 1.000000000000000000, 0.000000000000000000, 0.000000000000000000 ) ) ;
#3115 = DIRECTION ( 'NONE',  ( 0.5773502691896241767, 0.5773502691896247319, 0.5773502691896285066 ) ) ;
#3116 = STYLED_ITEM ( 'NONE', ( #4532 ), #1713 ) ;
#3117 = ORIENTED_EDGE ( 'NONE', *, *, #2095, .F. ) ;
#3118 = ORIENTED_EDGE ( 'NONE', *, *, #3254, .F. ) ;
#3119 =( LENGTH_UNIT ( ) NAMED_UNIT ( * ) SI_UNIT ( .MILLI., .METRE. ) );
#3120 = CARTESIAN_POINT ( 'NONE',  ( 3.972500000000000142, -0.1922499999999990050, 0.000000000000000000 ) ) ;
#3121 = SURFACE_STYLE_FILL_AREA ( #8682 ) ;
#3122 = FILL_AREA_STYLE_COLOUR ( '', #6031 ) ;
#3123 = CARTESIAN_POINT ( 'NONE',  ( -2.711957121663941095, -2.676322658523812237, 2.349314787551514350 ) ) ;
#3124 = PLANE ( 'NONE',  #2145 ) ;
#3125 = STYLED_ITEM ( 'NONE', ( #2608 ), #1798 ) ;
#3126 = CARTESIAN_POINT ( 'NONE',  ( 0.4195747179604958910, 0.3181927426440476214, 2.330000000000000515 ) ) ;
#3127 = CARTESIAN_POINT ( 'NONE',  ( 3.269704183480209192, -2.749247090774316504, 0.6775218358312399269 ) ) ;
#3128 = AXIS2_PLACEMENT_3D ( 'NONE', #1538, #6772, #7489 ) ;
#3129 = CARTESIAN_POINT ( 'NONE',  ( 4.852500000000000036, -0.1922499999999990050, -2.502499999999999947 ) ) ;
#3130 = UNCERTAINTY_MEASURE_WITH_UNIT (LENGTH_MEASURE( 1.000000000000000082E-05 ), #3000, 'distance_accuracy_value', 'NONE');
#3131 = MECHANICAL_DESIGN_GEOMETRIC_PRESENTATION_REPRESENTATION (  '', ( #414 ), #6575 ) ;
#3132 = DIRECTION ( 'NONE',  ( 4.823386660693620032E-16, -1.000000000000000000, -0.000000000000000000 ) ) ;
#3133 = FILL_AREA_STYLE ('',( #399 ) ) ;
#3134 = FILL_AREA_STYLE_COLOUR ( '', #8545 ) ;
#3135 = FACE_OUTER_BOUND ( 'NONE', #8862, .T. ) ;
#3136 = FACE_OUTER_BOUND ( 'NONE', #3, .T. ) ;
#3137 = FACE_OUTER_BOUND ( 'NONE', #1224, .T. ) ;
#3138 = UNCERTAINTY_MEASURE_WITH_UNIT (LENGTH_MEASURE( 1.000000000000000082E-05 ), #4825, 'distance_accuracy_value', 'NONE');
#3139 = ORIENTED_EDGE ( 'NONE', *, *, #6188, .F. ) ;
#3140 = CARTESIAN_POINT ( 'NONE',  ( 3.972500000000000142, -0.09224999999999904110, -2.060000000000000053 ) ) ;
#3141 =( NAMED_UNIT ( * ) PLANE_ANGLE_UNIT ( ) SI_UNIT ( $, .RADIAN. ) );
#3142 = DIRECTION ( 'NONE',  ( 4.823386660693620032E-16, -1.000000000000000000, 0.000000000000000000 ) ) ;
#3143 = FILL_AREA_STYLE_COLOUR ( '', #8297 ) ;
#3144 = ORIENTED_EDGE ( 'NONE', *, *, #6306, .T. ) ;
#3145 =( GEOMETRIC_REPRESENTATION_CONTEXT ( 3 ) GLOBAL_UNCERTAINTY_ASSIGNED_CONTEXT ( ( #2352 ) ) GLOBAL_UNIT_ASSIGNED_CONTEXT ( ( #8792, #1962, #6799 ) ) REPRESENTATION_CONTEXT ( 'NONE', 'WORKASPACE' ) );
#3146 = VECTOR ( 'NONE', #465, 1000.000000000000000 ) ;
#3147 = CARTESIAN_POINT ( 'NONE',  ( 0.000000000000000000, 0.000000000000000000, 2.355000000000000426 ) ) ;
#3148 = STYLED_ITEM ( 'NONE', ( #5672 ), #561 ) ;
#3149 = EDGE_CURVE ( 'NONE', #5418, #537, #7793, .T. ) ;
#3150 = FILL_AREA_STYLE_COLOUR ( '', #7651 ) ;
#3151 = ADVANCED_FACE ( 'NONE', ( #7405 ), #4864, .T. ) ;
#3152 = AXIS2_PLACEMENT_3D ( 'NONE', #7543, #1539, #4262 ) ;
#3153 = ORIENTED_EDGE ( 'NONE', *, *, #6258, .T. ) ;
#3154 = ORIENTED_EDGE ( 'NONE', *, *, #1239, .F. ) ;
#3155 = FACE_OUTER_BOUND ( 'NONE', #8824, .T. ) ;
#3156 = SURFACE_STYLE_FILL_AREA ( #1061 ) ;
#3157 = CYLINDRICAL_SURFACE ( 'NONE', #2858, 0.09999999999999999167 ) ;
#3158 = ORIENTED_EDGE ( 'NONE', *, *, #7208, .T. ) ;
#3159 = SHAPE_DEFINITION_REPRESENTATION ( #5901, #6798 ) ;
#3160 = STYLED_ITEM ( 'NONE', ( #4535 ), #7360 ) ;
#3161 = EDGE_CURVE ( 'NONE', #6572, #1450, #585, .T. ) ;
#3162 = PRESENTATION_STYLE_ASSIGNMENT (( #1111 ) ) ;
#3163 =( BOUNDED_SURFACE ( )  B_SPLINE_SURFACE ( 3, 3, ( 
 ( #4511, #4423, #7800, #2377 ),
 ( #4469, #8474, #387, #5093 ),
 ( #5840, #246, #6493, #1696 ),
 ( #2998, #1652, #4375, #3742 ) ),
 .UNSPECIFIED., .F., .F., .F. ) 
 B_SPLINE_SURFACE_WITH_KNOTS ( ( 4, 4 ),
 ( 4, 4 ),
 ( 0.000000000000000000, 1.000000000000000000 ),
 ( 0.000000000000000000, 1.000000000000000000 ),
 .UNSPECIFIED. ) 
 GEOMETRIC_REPRESENTATION_ITEM ( )  RATIONAL_B_SPLINE_SURFACE ( (
 ( 1.000000000000000000, 0.8047378541243639383, 0.8047378541243639383, 1.000000000000000000),
 ( 0.8047378541243649375, 0.6476030138606868602, 0.6476030138606868602, 0.8047378541243649375),
 ( 0.8047378541243649375, 0.6476030138606868602, 0.6476030138606868602, 0.8047378541243649375),
 ( 1.000000000000000000, 0.8047378541243639383, 0.8047378541243639383, 1.000000000000000000) ) ) 
 REPRESENTATION_ITEM ( '' )  SURFACE ( )  );
#3164 = VECTOR ( 'NONE', #3347, 1000.000000000000000 ) ;
#3165 = LINE ( 'NONE', #3085, #906 ) ;
#3166 = ORIENTED_EDGE ( 'NONE', *, *, #2172, .T. ) ;
#3167 = DIRECTION ( 'NONE',  ( 0.8856505754816621501, -0.4643522996055910457, 0.000000000000000000 ) ) ;
#3168 = CARTESIAN_POINT ( 'NONE',  ( -1.222499999999999698, 0.7672499999999992104, -2.660000000000000586 ) ) ;
#3169 = FACE_OUTER_BOUND ( 'NONE', #4131, .T. ) ;
#3170 = STYLED_ITEM ( 'NONE', ( #2634 ), #7942 ) ;
#3171 = PRESENTATION_LAYER_ASSIGNMENT (  '', '', ( #7044 ) ) ;
#3172 =( NAMED_UNIT ( * ) PLANE_ANGLE_UNIT ( ) SI_UNIT ( $, .RADIAN. ) );
#3173 = CARTESIAN_POINT ( 'NONE',  ( -1.222499999999999920, 0.2322500000000000120, 1.899999999999999911 ) ) ;
#3174 = DIRECTION ( 'NONE',  ( 0.000000000000000000, 0.000000000000000000, 1.000000000000000000 ) ) ;
#3175 = SURFACE_STYLE_USAGE ( .BOTH. , #1752 ) ;
#3176 =( GEOMETRIC_REPRESENTATION_CONTEXT ( 3 ) GLOBAL_UNCERTAINTY_ASSIGNED_CONTEXT ( ( #7794 ) ) GLOBAL_UNIT_ASSIGNED_CONTEXT ( ( #8379, #1600, #7881 ) ) REPRESENTATION_CONTEXT ( 'NONE', 'WORKASPACE' ) );
#3177 = CARTESIAN_POINT ( 'NONE',  ( -3.270000000000000018, 3.047499999999999876, 0.000000000000000000 ) ) ;
#3178 = CARTESIAN_POINT ( 'NONE',  ( 4.910235026918962298, -0.1345149730810355215, -2.560235026918962209 ) ) ;
#3179 = DIRECTION ( 'NONE',  ( 1.000000000000000000, 1.084202172485501673E-15, 0.000000000000000000 ) ) ;
#3180 =( GEOMETRIC_REPRESENTATION_CONTEXT ( 3 ) GLOBAL_UNCERTAINTY_ASSIGNED_CONTEXT ( ( #3593 ) ) GLOBAL_UNIT_ASSIGNED_CONTEXT ( ( #4963, #107, #7700 ) ) REPRESENTATION_CONTEXT ( 'NONE', 'WORKASPACE' ) );
#3181 = CARTESIAN_POINT ( 'NONE',  ( 0.5585241668780792645, 0.2418705827121720997, 2.380000000000000338 ) ) ;
#3182 =( NAMED_UNIT ( * ) PLANE_ANGLE_UNIT ( ) SI_UNIT ( $, .RADIAN. ) );
#3183 =( GEOMETRIC_REPRESENTATION_CONTEXT ( 3 ) GLOBAL_UNCERTAINTY_ASSIGNED_CONTEXT ( ( #6455 ) ) GLOBAL_UNIT_ASSIGNED_CONTEXT ( ( #6265, #6945, #8348 ) ) REPRESENTATION_CONTEXT ( 'NONE', 'WORKASPACE' ) );
#3184 = ORIENTED_EDGE ( 'NONE', *, *, #8596, .T. ) ;
#3185 = FILL_AREA_STYLE_COLOUR ( '', #7846 ) ;
#3186 = FACE_OUTER_BOUND ( 'NONE', #4810, .T. ) ;
#3187 = CARTESIAN_POINT ( 'NONE',  ( -3.070526283876592100, -2.708506501081943796, 2.126365440677535190 ) ) ;
#3188 = PRESENTATION_LAYER_ASSIGNMENT (  '', '', ( #8359 ) ) ;
#3189 = FILL_AREA_STYLE_COLOUR ( '', #8747 ) ;
#3190 =( NAMED_UNIT ( * ) SI_UNIT ( $, .STERADIAN. ) SOLID_ANGLE_UNIT ( ) );
#3191 = DIRECTION ( 'NONE',  ( -0.000000000000000000, -0.000000000000000000, -1.000000000000000000 ) ) ;
#3192 = COLOUR_RGB ( '',0.8313725490196077761, 0.8313725490196077761, 0.8313725490196077761 ) ;
#3193 = ORIENTED_EDGE ( 'NONE', *, *, #6814, .F. ) ;
#3194 = ORIENTED_EDGE ( 'NONE', *, *, #8311, .T. ) ;
#3195 = CARTESIAN_POINT ( 'NONE',  ( 3.070883939416493735, 2.620054834882210582, 2.133292245468433990 ) ) ;
#3196 = EDGE_CURVE ( 'NONE', #7280, #6862, #4919, .T. ) ;
#3197 = ORIENTED_EDGE ( 'NONE', *, *, #5767, .T. ) ;
#3198 =( NAMED_UNIT ( * ) PLANE_ANGLE_UNIT ( ) SI_UNIT ( $, .RADIAN. ) );
#3199 = ORIENTED_EDGE ( 'NONE', *, *, #3024, .T. ) ;
#3200 = MECHANICAL_DESIGN_GEOMETRIC_PRESENTATION_REPRESENTATION (  '', ( #7484 ), #7642 ) ;
#3201 = PRODUCT_DEFINITION_FORMATION_WITH_SPECIFIED_SOURCE ( 'ANY', '', #5264, .NOT_KNOWN. ) ;
#3202 = AXIS2_PLACEMENT_3D ( 'NONE', #3839, #8647, #6007 ) ;
#3203 =( NAMED_UNIT ( * ) SI_UNIT ( $, .STERADIAN. ) SOLID_ANGLE_UNIT ( ) );
#3204 = AXIS2_PLACEMENT_3D ( 'NONE', #3293, #3999, #55 ) ;
#3205 = STYLED_ITEM ( 'NONE', ( #2156 ), #4177 ) ;
#3206 = STYLED_ITEM ( 'NONE', ( #8837 ), #5061 ) ;
#3207 = ORIENTED_EDGE ( 'NONE', *, *, #5490, .F. ) ;
#3208 = LINE ( 'NONE', #8094, #6438 ) ;
#3209 = EDGE_CURVE ( 'NONE', #5922, #5993, #148, .T. ) ;
#3210 = ORIENTED_EDGE ( 'NONE', *, *, #4968, .T. ) ;
#3211 =( LENGTH_UNIT ( ) NAMED_UNIT ( * ) SI_UNIT ( .MILLI., .METRE. ) );
#3212 = CARTESIAN_POINT ( 'NONE',  ( 3.372499999999999609, -0.1922500000000000320, -2.060000000000000053 ) ) ;
#3213 = DIRECTION ( 'NONE',  ( -1.000000000000000000, -0.000000000000000000, 0.000000000000000000 ) ) ;
#3214 = ORIENTED_EDGE ( 'NONE', *, *, #3105, .F. ) ;
#3215 = PRESENTATION_LAYER_ASSIGNMENT (  '', '', ( #8389 ) ) ;
#3216 = SURFACE_STYLE_FILL_AREA ( #484 ) ;
#3217 =( LENGTH_UNIT ( ) NAMED_UNIT ( * ) SI_UNIT ( .MILLI., .METRE. ) );
#3218 = DIRECTION ( 'NONE',  ( 1.000000000000000000, 2.546383084002650169E-16, -0.000000000000000000 ) ) ;
#3219 = LINE ( 'NONE', #1800, #583 ) ;
#3220 = VECTOR ( 'NONE', #7758, 1000.000000000000000 ) ;
#3221 = FACE_OUTER_BOUND ( 'NONE', #8577, .T. ) ;
#3222 = DIRECTION ( 'NONE',  ( -1.821530803322650078E-16, 1.000000000000000000, 0.000000000000000000 ) ) ;
#3223 = STYLED_ITEM ( 'NONE', ( #5641 ), #4903 ) ;
#3224 =( REPRESENTATION_RELATIONSHIP ('NONE','NONE', #5353, #6798 ) REPRESENTATION_RELATIONSHIP_WITH_TRANSFORMATION ( #3286 )SHAPE_REPRESENTATION_RELATIONSHIP( ) );
#3225 =( LENGTH_UNIT ( ) NAMED_UNIT ( * ) SI_UNIT ( .MILLI., .METRE. ) );
#3226 = CARTESIAN_POINT ( 'NONE',  ( 0.8614693360738602257, -0.1591874171070375710, 2.035094501859785687 ) ) ;
#3227 = CARTESIAN_POINT ( 'NONE',  ( -0.5742062652383692622, 0.000000000000000000, 2.370849364905389667 ) ) ;
#3228 = PRESENTATION_STYLE_ASSIGNMENT (( #3892 ) ) ;
#3229 =( NAMED_UNIT ( * ) SI_UNIT ( $, .STERADIAN. ) SOLID_ANGLE_UNIT ( ) );
#3230 = EDGE_LOOP ( 'NONE', ( #7052, #3643, #6524, #2702 ) ) ;
#3231 = FILL_AREA_STYLE ('',( #3185 ) ) ;
#3232 = SURFACE_SIDE_STYLE ('',( #7998 ) ) ;
#3233 = CARTESIAN_POINT ( 'NONE',  ( -4.952499999999999680, -0.6672500000000000098, 0.000000000000000000 ) ) ;
#3234 = CARTESIAN_POINT ( 'NONE',  ( -0.5559049950491480319, -1.361574545633928944E-16, 2.339150635094611186 ) ) ;
#3235 =( NAMED_UNIT ( * ) PLANE_ANGLE_UNIT ( ) SI_UNIT ( $, .RADIAN. ) );
#3236 = CARTESIAN_POINT ( 'NONE',  ( 3.545609128038689661, -0.09224999999999940192, 0.8062182560773819562 ) ) ;
#3237 = CARTESIAN_POINT ( 'NONE',  ( -2.866011742435759846, -0.1013778989213650061, -2.660000000000000142 ) ) ;
#3238 =( GEOMETRIC_REPRESENTATION_CONTEXT ( 3 ) GLOBAL_UNCERTAINTY_ASSIGNED_CONTEXT ( ( #5887 ) ) GLOBAL_UNIT_ASSIGNED_CONTEXT ( ( #2143, #6163, #7461 ) ) REPRESENTATION_CONTEXT ( 'NONE', 'WORKASPACE' ) );
#3239 = VERTEX_POINT ( 'NONE', #829 ) ;
#3240 = ORIENTED_EDGE ( 'NONE', *, *, #6814, .T. ) ;
#3241 = SURFACE_STYLE_USAGE ( .BOTH. , #5290 ) ;
#3242 =( NAMED_UNIT ( * ) PLANE_ANGLE_UNIT ( ) SI_UNIT ( $, .RADIAN. ) );
#3243 = ORIENTED_EDGE ( 'NONE', *, *, #5119, .T. ) ;
#3244 = CIRCLE ( 'NONE', #1526, 0.09999999999999990841 ) ;
#3245 = CARTESIAN_POINT ( 'NONE',  ( -2.959737197023303512, 2.650969074868141373, 2.283371188774893312 ) ) ;
#3246 = SURFACE_SIDE_STYLE ('',( #544 ) ) ;
#3247 = DIRECTION ( 'NONE',  ( 5.174756433973191232E-17, -0.2840883296913740419, 0.9587981127083872179 ) ) ;
#3248 = ORIENTED_EDGE ( 'NONE', *, *, #2775, .F. ) ;
#3249 = EDGE_LOOP ( 'NONE', ( #8849, #4911, #2029, #2503 ) ) ;
#3250 = FILL_AREA_STYLE_COLOUR ( '', #8366 ) ;
#3251 = DIRECTION ( 'NONE',  ( -0.000000000000000000, 1.000000000000000000, -0.000000000000000000 ) ) ;
#3252 = ORIENTED_EDGE ( 'NONE', *, *, #4999, .F. ) ;
#3253 = CARTESIAN_POINT ( 'NONE',  ( 3.269999999999999130, 2.749041206907615997, 0.6750000000000264677 ) ) ;
#3254 = EDGE_CURVE ( 'NONE', #8469, #2086, #3550, .T. ) ;
#3255 = ADVANCED_FACE ( 'NONE', ( #4369 ), #2180, .F. ) ;
#3256 = EDGE_CURVE ( 'NONE', #7095, #5168, #4909, .T. ) ;
#3257 = EDGE_CURVE ( 'NONE', #2217, #8546, #5902, .T. ) ;
#3258 = PRESENTATION_STYLE_ASSIGNMENT (( #5233 ) ) ;
#3259 = CARTESIAN_POINT ( 'NONE',  ( -3.341666231221267491, -0.1521730769230774660, -2.755000000000000338 ) ) ;
#3260 = CARTESIAN_POINT ( 'NONE',  ( 3.372500000000000053, -0.09224999999999944356, -2.059999999999999609 ) ) ;
#3261 = CARTESIAN_POINT ( 'NONE',  ( 4.587102839788671282, -0.09224999999999909661, 1.961436982548861341 ) ) ;
#3262 = SURFACE_SIDE_STYLE ('',( #7380 ) ) ;
#3263 =( NAMED_UNIT ( * ) PLANE_ANGLE_UNIT ( ) SI_UNIT ( $, .RADIAN. ) );
#3264 = AXIS2_PLACEMENT_3D ( 'NONE', #2338, #308, #209 ) ;
#3265 = ADVANCED_FACE ( 'NONE', ( #1508 ), #3027, .F. ) ;
#3266 = EDGE_LOOP ( 'NONE', ( #7641, #6691, #2673, #5455 ) ) ;
#3267 = LINE ( 'NONE', #1808, #2816 ) ;
#3268 = AXIS2_PLACEMENT_3D ( 'NONE', #3271, #5946, #5247 ) ;
#3269 = SURFACE_STYLE_FILL_AREA ( #1969 ) ;
#3270 = DIRECTION ( 'NONE',  ( -1.000000000000000000, -1.084202172485503842E-15, 0.000000000000000000 ) ) ;
#3271 = CARTESIAN_POINT ( 'NONE',  ( 0.4819120798423590646, -0.1922500000000010034, 0.3637895569954249231 ) ) ;
#3272 = CARTESIAN_POINT ( 'NONE',  ( 2.972040853876690480, -3.047497946582582884, 0.6750175053834691630 ) ) ;
#3273 = DIRECTION ( 'NONE',  ( -0.000000000000000000, -0.000000000000000000, -1.000000000000000000 ) ) ;
#3274 = CARTESIAN_POINT ( 'NONE',  ( 3.399390871961310623, -0.7672500000000000986, 0.8062182560773819562 ) ) ;
#3275 = MECHANICAL_DESIGN_GEOMETRIC_PRESENTATION_REPRESENTATION (  '', ( #3709 ), #6132 ) ;
#3276 = MECHANICAL_DESIGN_GEOMETRIC_PRESENTATION_REPRESENTATION (  '', ( #5703 ), #270 ) ;
#3277 = DIRECTION ( 'NONE',  ( -0.5220116514400405805, 0.5176389217158336997, 0.6779039625829831328 ) ) ;
#3278 = FILL_AREA_STYLE ('',( #6040 ) ) ;
#3279 = ORIENTED_EDGE ( 'NONE', *, *, #6995, .T. ) ;
#3280 = MECHANICAL_DESIGN_GEOMETRIC_PRESENTATION_REPRESENTATION (  '', ( #1716 ), #8875 ) ;
#3281 = ORIENTED_EDGE ( 'NONE', *, *, #974, .T. ) ;
#3282 = PRESENTATION_STYLE_ASSIGNMENT (( #3241 ) ) ;
#3283 = DIRECTION ( 'NONE',  ( -8.611386656002740130E-16, 1.000000000000000000, 0.000000000000000000 ) ) ;
#3284 = PRESENTATION_LAYER_ASSIGNMENT (  '', '', ( #5414 ) ) ;
#3285 = SURFACE_STYLE_USAGE ( .BOTH. , #6690 ) ;
#3286 = ITEM_DEFINED_TRANSFORMATION ( 'NONE', 'NONE', #333,  #2356 ) ;
#3287 = UNCERTAINTY_MEASURE_WITH_UNIT (LENGTH_MEASURE( 1.000000000000000082E-05 ), #686, 'distance_accuracy_value', 'NONE');
#3288 = FILL_AREA_STYLE ('',( #6779 ) ) ;
#3289 = ADVANCED_FACE ( 'NONE', ( #2368 ), #7603, .T. ) ;
#3290 = PRESENTATION_LAYER_ASSIGNMENT (  '', '', ( #1582 ) ) ;
#3291 = CARTESIAN_POINT ( 'NONE',  ( 3.872500000000000053, -0.7672499999999999876, -2.160000000000000142 ) ) ;
#3292 = ORIENTED_EDGE ( 'NONE', *, *, #8195, .T. ) ;
#3293 = CARTESIAN_POINT ( 'NONE',  ( 0.4819120798423590646, -0.7672500000000019860, -0.3637895569954249786 ) ) ;
#3294 = ORIENTED_EDGE ( 'NONE', *, *, #419, .F. ) ;
#3295 = DIRECTION ( 'NONE',  ( 0.000000000000000000, 0.000000000000000000, 1.000000000000000000 ) ) ;
#3296 = CARTESIAN_POINT ( 'NONE',  ( -3.833333768778730999, 0.1521730769230761060, 1.899999999999999911 ) ) ;
#3297 =( NAMED_UNIT ( * ) PLANE_ANGLE_UNIT ( ) SI_UNIT ( $, .RADIAN. ) );
#3298 = LINE ( 'NONE', #7372, #5921 ) ;
#3299 = UNCERTAINTY_MEASURE_WITH_UNIT (LENGTH_MEASURE( 1.000000000000000082E-05 ), #7211, 'distance_accuracy_value', 'NONE');
#3300 = FILL_AREA_STYLE ('',( #1958 ) ) ;
#3301 = CARTESIAN_POINT ( 'NONE',  ( 3.883057280900007679, -0.1475286404500035231, -2.502499999999999947 ) ) ;
#3302 =( NAMED_UNIT ( * ) SI_UNIT ( $, .STERADIAN. ) SOLID_ANGLE_UNIT ( ) );
#3303 = AXIS2_PLACEMENT_3D ( 'NONE', #1820, #6570, #3115 ) ;
#3304 = PLANE ( 'NONE',  #842 ) ;
#3305 = SURFACE_STYLE_FILL_AREA ( #4783 ) ;
#3306 = SURFACE_STYLE_USAGE ( .BOTH. , #6715 ) ;
#3307 = EDGE_CURVE ( 'NONE', #4132, #4304, #4157, .T. ) ;
#3308 = FILL_AREA_STYLE ('',( #3890 ) ) ;
#3309 = DIRECTION ( 'NONE',  ( -0.000000000000000000, -0.000000000000000000, -1.000000000000000000 ) ) ;
#3310 = CARTESIAN_POINT ( 'NONE',  ( -2.803133701591287164, 2.791138596892521750, 2.131987307660839548 ) ) ;
#3311 = ORIENTED_EDGE ( 'NONE', *, *, #1351, .F. ) ;
#3312 = DIRECTION ( 'NONE',  ( -1.000000000000000000, 0.000000000000000000, -0.000000000000000000 ) ) ;
#3313 = DIRECTION ( 'NONE',  ( 0.4082482904638619070, 0.8164965809277260345, 0.4082482904638641275 ) ) ;
#3314 = SURFACE_STYLE_FILL_AREA ( #1220 ) ;
#3315 = CARTESIAN_POINT ( 'NONE',  ( -0.5217543599545367838, -1.043508719909074012, 2.329999999999999627 ) ) ;
#3316 = EDGE_CURVE ( 'NONE', #8546, #2667, #452, .T. ) ;
#3317 = COLOUR_RGB ( '',0.8313725490196077761, 0.8313725490196077761, 0.8313725490196077761 ) ;
#3318 = ADVANCED_FACE ( 'NONE', ( #2540 ), #7815, .T. ) ;
#3319 =( LENGTH_UNIT ( ) NAMED_UNIT ( * ) SI_UNIT ( .MILLI., .METRE. ) );
#3320 = DIRECTION ( 'NONE',  ( -4.823386660693620032E-16, 1.000000000000000000, 0.000000000000000000 ) ) ;
#3321 = SURFACE_STYLE_FILL_AREA ( #1268 ) ;
#3322 = FACE_OUTER_BOUND ( 'NONE', #4761, .T. ) ;
#3323 = VERTEX_POINT ( 'NONE', #3195 ) ;
#3324 = CARTESIAN_POINT ( 'NONE',  ( 0.1753850008624329992, -0.4917015374391081606, 2.330000000000000071 ) ) ;
#3325 = CIRCLE ( 'NONE', #7056, 0.2999999999999999334 ) ;
#3326 = ORIENTED_EDGE ( 'NONE', *, *, #237, .F. ) ;
#3327 = APPLICATION_PROTOCOL_DEFINITION ( 'draft international standard', 'automotive_design', 1998, #6065 ) ;
#3328 = FACE_OUTER_BOUND ( 'NONE', #7104, .T. ) ;
#3329 = PRESENTATION_LAYER_ASSIGNMENT (  '', '', ( #8640 ) ) ;
#3330 = CARTESIAN_POINT ( 'NONE',  ( 0.8524999999999999245, -0.1922500000000010312, -0.8629237369103519573 ) ) ;
#3331 = CARTESIAN_POINT ( 'NONE',  ( -3.833333768778730111, 0.1521730769230759950, 0.000000000000000000 ) ) ;
#3332 = MECHANICAL_DESIGN_GEOMETRIC_PRESENTATION_REPRESENTATION (  '', ( #2202 ), #918 ) ;
#3333 = CARTESIAN_POINT ( 'NONE',  ( 2.803133701591290272, -2.580633701591290130, 2.080000000000000071 ) ) ;
#3334 =( GEOMETRIC_REPRESENTATION_CONTEXT ( 3 ) GLOBAL_UNCERTAINTY_ASSIGNED_CONTEXT ( ( #3992 ) ) GLOBAL_UNIT_ASSIGNED_CONTEXT ( ( #8052, #8017, #549 ) ) REPRESENTATION_CONTEXT ( 'NONE', 'WORKASPACE' ) );
#3335 = VERTEX_POINT ( 'NONE', #6526 ) ;
#3336 = DIRECTION ( 'NONE',  ( 4.823386660693620032E-16, -1.000000000000000000, 0.000000000000000000 ) ) ;
#3337 = FILL_AREA_STYLE ('',( #2806 ) ) ;
#3338 = CARTESIAN_POINT ( 'NONE',  ( -3.833333768778730111, 0.1521730769230759395, -1.899999999999999911 ) ) ;
#3339 = STYLED_ITEM ( 'NONE', ( #206 ), #5179 ) ;
#3340 = DIRECTION ( 'NONE',  ( -1.000000000000000000, -4.497431234013940009E-16, 0.000000000000000000 ) ) ;
#3341 = LINE ( 'NONE', #2008, #7787 ) ;
#3342 = PRESENTATION_STYLE_ASSIGNMENT (( #3933 ) ) ;
#3343 = CARTESIAN_POINT ( 'NONE',  ( 3.430235026918960983, -0.1580848536137583471, 2.141304907451683448 ) ) ;
#3344 = FACE_OUTER_BOUND ( 'NONE', #7491, .T. ) ;
#3345 = CARTESIAN_POINT ( 'NONE',  ( 0.9455510073544250993, -0.08008266559970261822, 2.114088753711015567 ) ) ;
#3346 = COLOUR_RGB ( '',0.8313725490196077761, 0.8313725490196077761, 0.8313725490196077761 ) ;
#3347 = DIRECTION ( 'NONE',  ( -0.000000000000000000, 0.000000000000000000, 1.000000000000000000 ) ) ;
#3348 = CARTESIAN_POINT ( 'NONE',  ( 3.914764973081037436, -0.1345149730810361599, 2.560235026918962209 ) ) ;
#3349 = AXIS2_PLACEMENT_3D ( 'NONE', #7076, #7161, #3609 ) ;
#3350 = VECTOR ( 'NONE', #790, 1000.000000000000000 ) ;
#3351 = VERTEX_POINT ( 'NONE', #5166 ) ;
#3352 = VERTEX_POINT ( 'NONE', #5917 ) ;
#3353 = DIRECTION ( 'NONE',  ( -4.823386660693620032E-16, 1.000000000000000000, 0.000000000000000000 ) ) ;
#3354 = CARTESIAN_POINT ( 'NONE',  ( 4.787102839788669684, -0.1336713562373084974, -1.944279695023480192 ) ) ;
#3355 = DIRECTION ( 'NONE',  ( 1.000000000000000000, -1.246832498358326944E-14, 0.000000000000000000 ) ) ;
#3356 = SURFACE_STYLE_USAGE ( .BOTH. , #6812 ) ;
#3357 = VECTOR ( 'NONE', #8214, 1000.000000000000000 ) ;
#3358 = EDGE_CURVE ( 'NONE', #1726, #6987, #2871, .T. ) ;
#3359 = EDGE_CURVE ( 'NONE', #4854, #1408, #6312, .T. ) ;
#3360 = EDGE_CURVE ( 'NONE', #4875, #2451, #1173, .T. ) ;
#3361 = ORIENTED_EDGE ( 'NONE', *, *, #2514, .T. ) ;
#3362 = VERTEX_POINT ( 'NONE', #8046 ) ;
#3363 = VERTEX_POINT ( 'NONE', #1936 ) ;
#3364 = CARTESIAN_POINT ( 'NONE',  ( -3.819148566720100835, 0.2118780199885296200, -1.899999999999999911 ) ) ;
#3365 = CARTESIAN_POINT ( 'NONE',  ( 4.587102839788671282, -0.09224999999999884681, -1.899137606347724549 ) ) ;
#3366 = PRESENTATION_LAYER_ASSIGNMENT (  '', '', ( #6813 ) ) ;
#3367 =( NAMED_UNIT ( * ) SI_UNIT ( $, .STERADIAN. ) SOLID_ANGLE_UNIT ( ) );
#3368 = PRESENTATION_LAYER_ASSIGNMENT (  '', '', ( #5242 ) ) ;
#3369 = CARTESIAN_POINT ( 'NONE',  ( -0.6083569003329799552, 7.450223307319891365E-17, 2.380000000000000338 ) ) ;
#3370 = VERTEX_POINT ( 'NONE', #4202 ) ;
#3371 = DIRECTION ( 'NONE',  ( 0.000000000000000000, 1.000000000000000000, -8.673617379884035472E-15 ) ) ;
#3372 = AXIS2_PLACEMENT_3D ( 'NONE', #1838, #1872, #8611 ) ;
#3373 = ORIENTED_EDGE ( 'NONE', *, *, #1239, .T. ) ;
#3374 =( NAMED_UNIT ( * ) PLANE_ANGLE_UNIT ( ) SI_UNIT ( $, .RADIAN. ) );
#3375 = SURFACE_STYLE_USAGE ( .BOTH. , #6791 ) ;
#3376 = CARTESIAN_POINT ( 'NONE',  ( -3.319999999999999840, 0.7672499999999990994, 1.899999999999999911 ) ) ;
#3377 = FACE_OUTER_BOUND ( 'NONE', #3417, .T. ) ;
#3378 = DIRECTION ( 'NONE',  ( -0.000000000000000000, -0.000000000000000000, -1.000000000000000000 ) ) ;
#3379 = LINE ( 'NONE', #7667, #8551 ) ;
#3380 = CARTESIAN_POINT ( 'NONE',  ( -4.852500000000000036, -0.3322500000000009890, 0.000000000000000000 ) ) ;
#3381 = CARTESIAN_POINT ( 'NONE',  ( 3.772500000000000409, -0.4297500000000000209, 2.060000000000000053 ) ) ;
#3382 = PRESENTATION_LAYER_ASSIGNMENT (  '', '', ( #3828 ) ) ;
#3383 = FACE_OUTER_BOUND ( 'NONE', #1157, .T. ) ;
#3384 = CARTESIAN_POINT ( 'NONE',  ( 3.918411246288984184, -0.08008266559970299292, 2.509448992645575416 ) ) ;
#3385 = PRODUCT_RELATED_PRODUCT_CATEGORY ( 'part', '', ( #8144 ) ) ;
#3386 = CIRCLE ( 'NONE', #8712, 0.1000000000000002554 ) ;
#3387 = CARTESIAN_POINT ( 'NONE',  ( 0.8947649730810370849, -0.1345149730810375754, -2.117735026918963204 ) ) ;
#3388 = UNCERTAINTY_MEASURE_WITH_UNIT (LENGTH_MEASURE( 1.000000000000000082E-05 ), #3099, 'distance_accuracy_value', 'NONE');
#3389 = ADVANCED_FACE ( 'NONE', ( #8304 ), #1524, .T. ) ;
#3390 = CARTESIAN_POINT ( 'NONE',  ( 3.472499999999999698, -0.1336713562373085529, -2.060000000000000053 ) ) ;
#3391 = ORIENTED_EDGE ( 'NONE', *, *, #4857, .F. ) ;
#3392 = PRESENTATION_STYLE_ASSIGNMENT (( #6894 ) ) ;
#3393 =( NAMED_UNIT ( * ) SI_UNIT ( $, .STERADIAN. ) SOLID_ANGLE_UNIT ( ) );
#3394 = CARTESIAN_POINT ( 'NONE',  ( 4.910235026918962298, -0.1345149730810363820, 1.986544668104517353 ) ) ;
#3395 = FILL_AREA_STYLE_COLOUR ( '', #3856 ) ;
#3396 = LINE ( 'NONE', #3272, #4631 ) ;
#3397 = COLOUR_RGB ( '',0.8313725490196077761, 0.8313725490196077761, 0.8313725490196077761 ) ;
#3398 = FILL_AREA_STYLE_COLOUR ( '', #7 ) ;
#3399 = PRESENTATION_LAYER_ASSIGNMENT (  '', '', ( #1848 ) ) ;
#3400 = SURFACE_STYLE_USAGE ( .BOTH. , #662 ) ;
#3401 =( LENGTH_UNIT ( ) NAMED_UNIT ( * ) SI_UNIT ( .MILLI., .METRE. ) );
#3402 = STYLED_ITEM ( 'NONE', ( #8175 ), #6400 ) ;
#3403 = ORIENTED_EDGE ( 'NONE', *, *, #6444, .F. ) ;
#3404 =( NAMED_UNIT ( * ) SI_UNIT ( $, .STERADIAN. ) SOLID_ANGLE_UNIT ( ) );
#3405 = CIRCLE ( 'NONE', #2427, 0.09999999999999982514 ) ;
#3406 = SURFACE_SIDE_STYLE ('',( #4468 ) ) ;
#3407 = ORIENTED_EDGE ( 'NONE', *, *, #2717, .F. ) ;
#3408 = DIRECTION ( 'NONE',  ( 1.000000000000000000, 5.139921410301649810E-16, 0.000000000000000000 ) ) ;
#3409 = VERTEX_POINT ( 'NONE', #6268 ) ;
#3410 = CIRCLE ( 'NONE', #2572, 0.1000000000000002554 ) ;
#3411 = EDGE_CURVE ( 'NONE', #5279, #5817, #722, .T. ) ;
#3412 = DIRECTION ( 'NONE',  ( 1.000000000000000000, 0.000000000000000000, -0.000000000000000000 ) ) ;
#3413 =( GEOMETRIC_REPRESENTATION_CONTEXT ( 3 ) GLOBAL_UNCERTAINTY_ASSIGNED_CONTEXT ( ( #2970 ) ) GLOBAL_UNIT_ASSIGNED_CONTEXT ( ( #7626, #615, #2693 ) ) REPRESENTATION_CONTEXT ( 'NONE', 'WORKASPACE' ) );
#3414 = AXIS2_PLACEMENT_3D ( 'NONE', #7448, #6095, #2711 ) ;
#3415 = EDGE_LOOP ( 'NONE', ( #7555, #4268, #1447, #7315, #3075 ) ) ;
#3416 = VERTEX_POINT ( 'NONE', #3483 ) ;
#3417 = EDGE_LOOP ( 'NONE', ( #1767, #3103, #3117, #7092 ) ) ;
#3418 = CARTESIAN_POINT ( 'NONE',  ( 0.8947649730810375290, -0.1345149730810373812, 2.117735026918962760 ) ) ;
#3419 = EDGE_LOOP ( 'NONE', ( #4220, #959, #4078, #1218 ) ) ;
#3420 = DIRECTION ( 'NONE',  ( -1.000000000000000000, -4.497431234013940009E-16, 0.000000000000000000 ) ) ;
#3421 = ORIENTED_EDGE ( 'NONE', *, *, #4800, .F. ) ;
#3422 = CARTESIAN_POINT ( 'NONE',  ( -3.770634082987819991, 0.3248361564241389887, -1.804999999999999494 ) ) ;
#3423 = EDGE_CURVE ( 'NONE', #6775, #607, #3831, .T. ) ;
#3424 = EDGE_CURVE ( 'NONE', #1458, #327, #3587, .T. ) ;
#3425 = LINE ( 'NONE', #8334, #7215 ) ;
#3426 = CIRCLE ( 'NONE', #863, 0.09999999999999982514 ) ;
#3427 = CARTESIAN_POINT ( 'NONE',  ( 0.8524999999999997025, -0.1922500000000010034, -0.8629237369103519573 ) ) ;
#3428 = DIRECTION ( 'NONE',  ( 0.000000000000000000, -1.000000000000000000, 0.000000000000000000 ) ) ;
#3429 = DIRECTION ( 'NONE',  ( 0.000000000000000000, 0.000000000000000000, 1.000000000000000000 ) ) ;
#3430 =( NAMED_UNIT ( * ) PLANE_ANGLE_UNIT ( ) SI_UNIT ( $, .RADIAN. ) );
#3431 = CARTESIAN_POINT ( 'NONE',  ( 4.852500000000000036, -0.09224999999999886069, 2.044279695023480059 ) ) ;
#3432 = SURFACE_STYLE_USAGE ( .BOTH. , #5442 ) ;
#3433 = AXIS2_PLACEMENT_3D ( 'NONE', #6511, #899, #3575 ) ;
#3434 =( BOUNDED_SURFACE ( )  B_SPLINE_SURFACE ( 3, 3, ( 
 ( #3938, #3348, #4240, #1385 ),
 ( #2817, #652, #3384, #6117 ),
 ( #2686, #7619, #4056, #6260 ),
 ( #2146, #698, #797, #8878 ) ),
 .UNSPECIFIED., .F., .F., .F. ) 
 B_SPLINE_SURFACE_WITH_KNOTS ( ( 4, 4 ),
 ( 4, 4 ),
 ( 0.000000000000000000, 1.000000000000000000 ),
 ( 0.000000000000000000, 1.000000000000000000 ),
 .UNSPECIFIED. ) 
 GEOMETRIC_REPRESENTATION_ITEM ( )  RATIONAL_B_SPLINE_SURFACE ( (
 ( 1.000000000000000000, 0.3333333333333362014, 0.3333333333333362014, 1.000000000000000000),
 ( 0.9245018060306380292, 0.3081672686768819891, 0.3081672686768819891, 0.9245018060306380292),
 ( 0.9245018060306380292, 0.3081672686768819891, 0.3081672686768819891, 0.9245018060306380292),
 ( 1.000000000000000000, 0.3333333333333362014, 0.3333333333333362014, 1.000000000000000000) ) ) 
 REPRESENTATION_ITEM ( '' )  SURFACE ( )  );
#3435 =( NAMED_UNIT ( * ) PLANE_ANGLE_UNIT ( ) SI_UNIT ( $, .RADIAN. ) );
#3436 = DIRECTION ( 'NONE',  ( -1.000000000000000000, -7.228014483236697541E-16, 0.000000000000000000 ) ) ;
#3437 = DIRECTION ( 'NONE',  ( 1.000000000000000000, 2.546383084002650169E-16, 0.000000000000000000 ) ) ;
#3438 = CARTESIAN_POINT ( 'NONE',  ( 4.852500000000000036, -0.1922499999999990050, 1.944279695023480192 ) ) ;
#3439 = VECTOR ( 'NONE', #5360, 1000.000000000000000 ) ;
#3440 = DIRECTION ( 'NONE',  ( 0.000000000000000000, 0.000000000000000000, 1.000000000000000000 ) ) ;
#3441 = FACE_OUTER_BOUND ( 'NONE', #970, .T. ) ;
#3442 =( LENGTH_UNIT ( ) NAMED_UNIT ( * ) SI_UNIT ( .MILLI., .METRE. ) );
#3443 = DIRECTION ( 'NONE',  ( 0.000000000000000000, 0.000000000000000000, -1.000000000000000000 ) ) ;
#3444 = COLOUR_RGB ( '',0.2862745098039215508, 0.2862745098039215508, 0.2862745098039215508 ) ;
#3445 = SURFACE_SIDE_STYLE ('',( #4206 ) ) ;
#3446 = SURFACE_SIDE_STYLE ('',( #4894 ) ) ;
#3447 = VECTOR ( 'NONE', #1647, 1000.000000000000000 ) ;
#3448 = ORIENTED_EDGE ( 'NONE', *, *, #5976, .T. ) ;
#3449 = AXIS2_PLACEMENT_3D ( 'NONE', #1085, #3814, #8054 ) ;
#3450 =( LENGTH_UNIT ( ) NAMED_UNIT ( * ) SI_UNIT ( .MILLI., .METRE. ) );
#3451 = VERTEX_POINT ( 'NONE', #261 ) ;
#3452 = FILL_AREA_STYLE ('',( #8362 ) ) ;
#3453 = CARTESIAN_POINT ( 'NONE',  ( 3.948405110451681743, -0.02531586835139177857, -2.410658727481961083 ) ) ;
#3454 = ORIENTED_EDGE ( 'NONE', *, *, #1194, .F. ) ;
#3455 =( NAMED_UNIT ( * ) SI_UNIT ( $, .STERADIAN. ) SOLID_ANGLE_UNIT ( ) );
#3456 = CARTESIAN_POINT ( 'NONE',  ( 0.6991649717641890138, -0.1336713562373105790, -0.4767649084586315644 ) ) ;
#3457 =( GEOMETRIC_REPRESENTATION_CONTEXT ( 3 ) GLOBAL_UNCERTAINTY_ASSIGNED_CONTEXT ( ( #1862 ) ) GLOBAL_UNIT_ASSIGNED_CONTEXT ( ( #8842, #3235, #2734 ) ) REPRESENTATION_CONTEXT ( 'NONE', 'WORKASPACE' ) );
#3458 =( GEOMETRIC_REPRESENTATION_CONTEXT ( 3 ) GLOBAL_UNCERTAINTY_ASSIGNED_CONTEXT ( ( #987 ) ) GLOBAL_UNIT_ASSIGNED_CONTEXT ( ( #704, #2730, #4884 ) ) REPRESENTATION_CONTEXT ( 'NONE', 'WORKASPACE' ) );
#3459 = EDGE_CURVE ( 'NONE', #3362, #6423, #2296, .T. ) ;
#3460 = ORIENTED_EDGE ( 'NONE', *, *, #5282, .T. ) ;
#3461 = ORIENTED_EDGE ( 'NONE', *, *, #591, .T. ) ;
#3462 = ORIENTED_EDGE ( 'NONE', *, *, #966, .F. ) ;
#3463 = CARTESIAN_POINT ( 'NONE',  ( 0.5789911824041987787, -0.1877207646242323724, 2.379999999999999893 ) ) ;
#3464 = ORIENTED_EDGE ( 'NONE', *, *, #2873, .F. ) ;
#3465 = ORIENTED_EDGE ( 'NONE', *, *, #5392, .T. ) ;
#3466 = CARTESIAN_POINT ( 'NONE',  ( -4.952499999999999680, -0.4997500000000010822, -2.660000000000000142 ) ) ;
#3467 = COLOUR_RGB ( '',0.8313725490196077761, 0.8313725490196077761, 0.8313725490196077761 ) ;
#3468 = CIRCLE ( 'NONE', #170, 0.1000000000000002554 ) ;
#3469 = DIRECTION ( 'NONE',  ( 4.823386660693620032E-16, -1.000000000000000000, -0.000000000000000000 ) ) ;
#3470 = CIRCLE ( 'NONE', #1903, 0.2999999999999999334 ) ;
#3471 = EDGE_CURVE ( 'NONE', #4639, #8200, #2322, .T. ) ;
#3472 = ADVANCED_FACE ( 'NONE', ( #3011 ), #2340, .T. ) ;
#3473 = EDGE_CURVE ( 'NONE', #31, #6391, #4254, .T. ) ;
#3474 =( LENGTH_UNIT ( ) NAMED_UNIT ( * ) SI_UNIT ( .MILLI., .METRE. ) );
#3475 = CARTESIAN_POINT ( 'NONE',  ( 4.606629054376233157, -0.09224999999999883293, 1.947015702563393624 ) ) ;
#3476 = CARTESIAN_POINT ( 'NONE',  ( 3.249390871961309823, -0.7672500000000002096, -0.6562182560773820450 ) ) ;
#3477 = VERTEX_POINT ( 'NONE', #1575 ) ;
#3478 = CIRCLE ( 'NONE', #5221, 0.1000000000000002554 ) ;
#3479 = AXIS2_PLACEMENT_3D ( 'NONE', #7237, #8121, #7189 ) ;
#3480 = CARTESIAN_POINT ( 'NONE',  ( 3.430235026918962316, -0.1345149730810373534, -2.117735026918962760 ) ) ;
#3481 = CARTESIAN_POINT ( 'NONE',  ( 3.431078643762690117, -0.09224999999999906886, -2.060000000000000053 ) ) ;
#3482 = CARTESIAN_POINT ( 'NONE',  ( 4.910235026918961410, -0.1580848536137571814, 1.962974787571796442 ) ) ;
#3483 = CARTESIAN_POINT ( 'NONE',  ( 4.910235026918962298, -0.1345149730810365762, 2.560235026918962653 ) ) ;
#3484 =( LENGTH_UNIT ( ) NAMED_UNIT ( * ) SI_UNIT ( .MILLI., .METRE. ) );
#3485 = PLANE ( 'NONE',  #1499 ) ;
#3486 = CIRCLE ( 'NONE', #4643, 0.09999999999999982514 ) ;
#3487 = PRESENTATION_LAYER_ASSIGNMENT (  '', '', ( #2510 ) ) ;
#3488 = PRESENTATION_LAYER_ASSIGNMENT (  '', '', ( #777 ) ) ;
#3489 = UNCERTAINTY_MEASURE_WITH_UNIT (LENGTH_MEASURE( 1.000000000000000082E-05 ), #5674, 'distance_accuracy_value', 'NONE');
#3490 = AXIS2_PLACEMENT_3D ( 'NONE', #1420, #6926, #1470 ) ;
#3491 =( BOUNDED_SURFACE ( )  B_SPLINE_SURFACE ( 3, 3, ( 
 ( #4704, #7347, #5950, #2617 ),
 ( #1857, #4587, #8715, #7438 ),
 ( #8760, #1314, #3902, #6036 ),
 ( #2573, #5415, #534, #5326 ) ),
 .UNSPECIFIED., .F., .F., .F. ) 
 B_SPLINE_SURFACE_WITH_KNOTS ( ( 4, 4 ),
 ( 4, 4 ),
 ( 0.000000000000000000, 1.000000000000000000 ),
 ( 0.000000000000000000, 1.000000000000000000 ),
 .UNSPECIFIED. ) 
 GEOMETRIC_REPRESENTATION_ITEM ( )  RATIONAL_B_SPLINE_SURFACE ( (
 ( 1.000000000000000000, 0.8047378541243649375, 0.8047378541243649375, 1.000000000000000000),
 ( 0.8047378541243649375, 0.6476030138606876374, 0.6476030138606876374, 0.8047378541243649375),
 ( 0.8047378541243649375, 0.6476030138606876374, 0.6476030138606876374, 0.8047378541243649375),
 ( 1.000000000000000000, 0.8047378541243649375, 0.8047378541243649375, 1.000000000000000000) ) ) 
 REPRESENTATION_ITEM ( '' )  SURFACE ( )  );
#3492 = VERTEX_POINT ( 'NONE', #4290 ) ;
#3493 = LINE ( 'NONE', #912, #5815 ) ;
#3494 = ORIENTED_EDGE ( 'NONE', *, *, #8364, .T. ) ;
#3495 = ORIENTED_EDGE ( 'NONE', *, *, #7992, .T. ) ;
#3496 = DIRECTION ( 'NONE',  ( 0.000000000000000000, 0.000000000000000000, 1.000000000000000000 ) ) ;
#3497 = AXIS2_PLACEMENT_3D ( 'NONE', #8355, #6953, #862 ) ;
#3498 = ORIENTED_EDGE ( 'NONE', *, *, #3424, .F. ) ;
#3499 = SURFACE_SIDE_STYLE ('',( #7689 ) ) ;
#3500 = UNCERTAINTY_MEASURE_WITH_UNIT (LENGTH_MEASURE( 1.000000000000000082E-05 ), #7887, 'distance_accuracy_value', 'NONE');
#3501 = SURFACE_STYLE_FILL_AREA ( #721 ) ;
#3502 = ORIENTED_EDGE ( 'NONE', *, *, #5709, .F. ) ;
#3503 = ORIENTED_EDGE ( 'NONE', *, *, #72, .T. ) ;
#3504 = CARTESIAN_POINT ( 'NONE',  ( 0.7945335616960380598, -0.2930589658626828187, 2.102030276237607520 ) ) ;
#3505 = SURFACE_STYLE_FILL_AREA ( #5004 ) ;
#3506 = ORIENTED_EDGE ( 'NONE', *, *, #2638, .T. ) ;
#3507 = ORIENTED_EDGE ( 'NONE', *, *, #2825, .F. ) ;
#3508 = LINE ( 'NONE', #7556, #6194 ) ;
#3509 = SURFACE_SIDE_STYLE ('',( #2273 ) ) ;
#3510 = DIRECTION ( 'NONE',  ( -1.000000000000000000, 0.000000000000000000, 0.000000000000000000 ) ) ;
#3511 = DIRECTION ( 'NONE',  ( 8.611386656002740130E-16, -1.000000000000000000, 0.000000000000000000 ) ) ;
#3512 = COLOUR_RGB ( '',0.8313725490196077761, 0.8313725490196077761, 0.8313725490196077761 ) ;
#3513 = VECTOR ( 'NONE', #6363, 1000.000000000000000 ) ;
#3514 =( NAMED_UNIT ( * ) SI_UNIT ( $, .STERADIAN. ) SOLID_ANGLE_UNIT ( ) );
#3515 = DIRECTION ( 'NONE',  ( 0.000000000000000000, -1.000000000000000000, 1.445602896647339508E-15 ) ) ;
#3516 =( NAMED_UNIT ( * ) PLANE_ANGLE_UNIT ( ) SI_UNIT ( $, .RADIAN. ) );
#3517 =( NAMED_UNIT ( * ) SI_UNIT ( $, .STERADIAN. ) SOLID_ANGLE_UNIT ( ) );
#3518 = ADVANCED_FACE ( 'NONE', ( #5680 ), #6810, .F. ) ;
#3519 = ADVANCED_FACE ( 'NONE', ( #2737 ), #7532, .T. ) ;
#3520 = EDGE_CURVE ( 'NONE', #2847, #1493, #2869, .T. ) ;
#3521 = EDGE_CURVE ( 'NONE', #7305, #2018, #8042, .T. ) ;
#3522 = CARTESIAN_POINT ( 'NONE',  ( 4.910235026918963186, -0.1345149730810346611, -2.560235026918962653 ) ) ;
#3523 = FACE_OUTER_BOUND ( 'NONE', #5363, .T. ) ;
#3524 = SURFACE_SIDE_STYLE ('',( #802 ) ) ;
#3525 = SURFACE_STYLE_FILL_AREA ( #8163 ) ;
#3526 =( NAMED_UNIT ( * ) PLANE_ANGLE_UNIT ( ) SI_UNIT ( $, .RADIAN. ) );
#3527 = FILL_AREA_STYLE_COLOUR ( '', #6067 ) ;
#3528 = CARTESIAN_POINT ( 'NONE',  ( -0.3025170797989855664, -0.4278595682413203760, 2.330000000000000515 ) ) ;
#3529 = LINE ( 'NONE', #1971, #2291 ) ;
#3530 = CARTESIAN_POINT ( 'NONE',  ( 0.4819120798423590646, -0.7672500000000009868, 0.3637895569954249786 ) ) ;
#3531 = PRESENTATION_STYLE_ASSIGNMENT (( #6809 ) ) ;
#3532 = DIRECTION ( 'NONE',  ( 0.000000000000000000, 0.000000000000000000, -1.000000000000000000 ) ) ;
#3533 = VECTOR ( 'NONE', #1209, 1000.000000000000000 ) ;
#3534 = EDGE_CURVE ( 'NONE', #5817, #8887, #8221, .T. ) ;
#3535 = EDGE_CURVE ( 'NONE', #1408, #2043, #8306, .T. ) ;
#3536 = SURFACE_SIDE_STYLE ('',( #3321 ) ) ;
#3537 = ORIENTED_EDGE ( 'NONE', *, *, #8537, .T. ) ;
#3538 =( NAMED_UNIT ( * ) SI_UNIT ( $, .STERADIAN. ) SOLID_ANGLE_UNIT ( ) );
#3539 = MECHANICAL_DESIGN_GEOMETRIC_PRESENTATION_REPRESENTATION (  '', ( #1264 ), #2272 ) ;
#3540 = EDGE_LOOP ( 'NONE', ( #6515, #1459, #5407, #4259 ) ) ;
#3541 = CARTESIAN_POINT ( 'NONE',  ( -2.732499999999999929, 0.7672499999999990994, -0.3800000000000000044 ) ) ;
#3542 = VECTOR ( 'NONE', #8883, 1000.000000000000000 ) ;
#3543 =( NAMED_UNIT ( * ) SI_UNIT ( $, .STERADIAN. ) SOLID_ANGLE_UNIT ( ) );
#3544 = ORIENTED_EDGE ( 'NONE', *, *, #302, .T. ) ;
#3545 = SURFACE_STYLE_USAGE ( .BOTH. , #3499 ) ;
#3546 = CIRCLE ( 'NONE', #1134, 0.1000000000000000472 ) ;
#3547 = VECTOR ( 'NONE', #1078, 1000.000000000000000 ) ;
#3548 = ORIENTED_EDGE ( 'NONE', *, *, #7311, .T. ) ;
#3549 = EDGE_LOOP ( 'NONE', ( #7730, #1997, #1287, #5512 ) ) ;
#3550 = LINE ( 'NONE', #6968, #6037 ) ;
#3551 = CIRCLE ( 'NONE', #2285, 0.1000000000000000056 ) ;
#3552 = ORIENTED_EDGE ( 'NONE', *, *, #8135, .F. ) ;
#3553 = DIRECTION ( 'NONE',  ( -0.000000000000000000, 1.000000000000000000, -0.000000000000000000 ) ) ;
#3554 = EDGE_LOOP ( 'NONE', ( #8586, #3197, #767, #1092, #319, #1625 ) ) ;
#3555 = DIRECTION ( 'NONE',  ( 0.000000000000000000, 0.000000000000000000, 1.000000000000000000 ) ) ;
#3556 = CARTESIAN_POINT ( 'NONE',  ( -3.833333768778733663, 0.1521730769230765501, 0.000000000000000000 ) ) ;
#3557 = SURFACE_STYLE_USAGE ( .BOTH. , #1417 ) ;
#3558 =( GEOMETRIC_REPRESENTATION_CONTEXT ( 3 ) GLOBAL_UNCERTAINTY_ASSIGNED_CONTEXT ( ( #7633 ) ) GLOBAL_UNIT_ASSIGNED_CONTEXT ( ( #2665, #7352, #7316 ) ) REPRESENTATION_CONTEXT ( 'NONE', 'WORKASPACE' ) );
#3559 =( NAMED_UNIT ( * ) SI_UNIT ( $, .STERADIAN. ) SOLID_ANGLE_UNIT ( ) );
#3560 = CARTESIAN_POINT ( 'NONE',  ( 4.952499999999999680, -0.7672499999999990994, -2.502499999999999947 ) ) ;
#3561 = SURFACE_SIDE_STYLE ('',( #7706 ) ) ;
#3562 = PLANE ( 'NONE',  #642 ) ;
#3563 = CARTESIAN_POINT ( 'NONE',  ( -0.6083569003329799552, 0.000000000000000000, 2.330000000000000071 ) ) ;
#3564 = AXIS2_PLACEMENT_3D ( 'NONE', #7697, #2941, #8108 ) ;
#3565 = MECHANICAL_DESIGN_GEOMETRIC_PRESENTATION_REPRESENTATION (  '', ( #4280 ), #2002 ) ;
#3566 = LINE ( 'NONE', #4238, #6754 ) ;
#3567 =( NAMED_UNIT ( * ) SI_UNIT ( $, .STERADIAN. ) SOLID_ANGLE_UNIT ( ) );
#3568 = CARTESIAN_POINT ( 'NONE',  ( 4.945809800894468644, -0.1434107350525324065, -2.039910966023014804 ) ) ;
#3569 =( LENGTH_UNIT ( ) NAMED_UNIT ( * ) SI_UNIT ( .MILLI., .METRE. ) );
#3570 = DIRECTION ( 'NONE',  ( 0.3333510335353624399, 0.8471196932672542257, 0.4138421362303492113 ) ) ;
#3571 = CARTESIAN_POINT ( 'NONE',  ( 4.906588753711016437, -0.08008266559970160514, 2.509448992645574528 ) ) ;
#3572 = EDGE_CURVE ( 'NONE', #3776, #4987, #7914, .T. ) ;
#3573 = CARTESIAN_POINT ( 'NONE',  ( -2.866011742435759846, -0.1013778989213650061, 2.754999999999999893 ) ) ;
#3574 =( NAMED_UNIT ( * ) SI_UNIT ( $, .STERADIAN. ) SOLID_ANGLE_UNIT ( ) );
#3575 = DIRECTION ( 'NONE',  ( 1.000000000000000000, 0.000000000000000000, 0.000000000000000000 ) ) ;
#3576 = PRESENTATION_LAYER_ASSIGNMENT (  '', '', ( #1446 ) ) ;
#3577 = DIRECTION ( 'NONE',  ( -0.4082482904638598531, 0.8164965809277272557, -0.4082482904638641275 ) ) ;
#3578 = UNCERTAINTY_MEASURE_WITH_UNIT (LENGTH_MEASURE( 1.000000000000000082E-05 ), #6915, 'distance_accuracy_value', 'NONE');
#3579 = STYLED_ITEM ( 'NONE', ( #300 ), #7714 ) ;
#3580 = ORIENTED_EDGE ( 'NONE', *, *, #5799, .F. ) ;
#3581 =( LENGTH_UNIT ( ) NAMED_UNIT ( * ) SI_UNIT ( .MILLI., .METRE. ) );
#3582 = SURFACE_SIDE_STYLE ('',( #6425 ) ) ;
#3583 = EDGE_CURVE ( 'NONE', #2256, #725, #3886, .T. ) ;
#3584 = FILL_AREA_STYLE ('',( #8316 ) ) ;
#3585 = ORIENTED_EDGE ( 'NONE', *, *, #7598, .F. ) ;
#3586 = DIRECTION ( 'NONE',  ( 0.000000000000000000, -0.1732910255361439777, 0.9848706617970865995 ) ) ;
#3587 = CIRCLE ( 'NONE', #5866, 0.09999999999999982514 ) ;
#3588 = CARTESIAN_POINT ( 'NONE',  ( 3.914764973081037436, -0.1345149730810360211, -2.560235026918962653 ) ) ;
#3589 = ORIENTED_EDGE ( 'NONE', *, *, #1580, .T. ) ;
#3590 = CARTESIAN_POINT ( 'NONE',  ( 0.8947649730810373070, -0.1345149730810371591, -2.117735026918962760 ) ) ;
#3591 = VECTOR ( 'NONE', #1744, 1000.000000000000000 ) ;
#3592 = EDGE_LOOP ( 'NONE', ( #8420, #3373, #3641, #8675, #5600 ) ) ;
#3593 = UNCERTAINTY_MEASURE_WITH_UNIT (LENGTH_MEASURE( 1.000000000000000082E-05 ), #4963, 'distance_accuracy_value', 'NONE');
#3594 = CARTESIAN_POINT ( 'NONE',  ( 2.959737197023301736, 2.650969074868140929, 2.283371188774895089 ) ) ;
#3595 = EDGE_LOOP ( 'NONE', ( #8280, #7912, #3460, #1495, #6729, #6134 ) ) ;
#3596 = ORIENTED_EDGE ( 'NONE', *, *, #7506, .F. ) ;
#3597 = STYLED_ITEM ( 'NONE', ( #8331 ), #8059 ) ;
#3598 = CARTESIAN_POINT ( 'NONE',  ( 3.872500000000000053, -0.1922499999999989495, -1.959999999999999964 ) ) ;
#3599 = DIRECTION ( 'NONE',  ( -0.8164965809277263675, 0.4082482904638621846, -0.4082482904638631838 ) ) ;
#3600 = ORIENTED_EDGE ( 'NONE', *, *, #5078, .F. ) ;
#3601 = DIRECTION ( 'NONE',  ( 1.000000000000000000, 0.000000000000000000, 0.000000000000000000 ) ) ;
#3602 = SURFACE_STYLE_USAGE ( .BOTH. , #242 ) ;
#3603 = FILL_AREA_STYLE_COLOUR ( '', #3793 ) ;
#3604 = DIRECTION ( 'NONE',  ( -1.000000000000000000, -5.482582837655000045E-16, 0.000000000000000000 ) ) ;
#3605 = CARTESIAN_POINT ( 'NONE',  ( 3.421339264947466319, -0.1878812709995344721, 2.153309800894466886 ) ) ;
#3606 = CARTESIAN_POINT ( 'NONE',  ( 3.997405498140216284, -0.1591874171070355171, 2.593530663926139290 ) ) ;
#3607 = LINE ( 'NONE', #4377, #381 ) ;
#3608 = STYLED_ITEM ( 'NONE', ( #1840 ), #2660 ) ;
#3609 = DIRECTION ( 'NONE',  ( 1.000000000000000000, 5.421010862427520198E-16, 0.000000000000000000 ) ) ;
#3610 = VECTOR ( 'NONE', #5390, 1000.000000000000000 ) ;
#3611 = CARTESIAN_POINT ( 'NONE',  ( -3.770634082987819991, 0.3248361564241389887, 2.660000000000000142 ) ) ;
#3612 = CARTESIAN_POINT ( 'NONE',  ( -2.971360579745554453, -3.047500849660948141, 0.6750110128909363461 ) ) ;
#3613 = LINE ( 'NONE', #8394, #6903 ) ;
#3614 =( NAMED_UNIT ( * ) SI_UNIT ( $, .STERADIAN. ) SOLID_ANGLE_UNIT ( ) );
#3615 = CARTESIAN_POINT ( 'NONE',  ( 0.5217543599545370059, -0.06652548983598681465, 2.330000000000000515 ) ) ;
#3616 = VECTOR ( 'NONE', #4958, 1000.000000000000000 ) ;
#3617 = LINE ( 'NONE', #212, #2708 ) ;
#3618 = FILL_AREA_STYLE ('',( #4982 ) ) ;
#3619 = AXIS2_PLACEMENT_3D ( 'NONE', #1142, #3727, #2445 ) ;
#3620 = AXIS2_PLACEMENT_3D ( 'NONE', #4089, #730, #6830 ) ;
#3621 = PLANE ( 'NONE',  #5173 ) ;
#3622 =( LENGTH_UNIT ( ) NAMED_UNIT ( * ) SI_UNIT ( .MILLI., .METRE. ) );
#3623 = CARTESIAN_POINT ( 'NONE',  ( 4.852500000000000036, -0.1922499999999988385, 2.502499999999999947 ) ) ;
#3624 = COLOUR_RGB ( '',0.8313725490196077761, 0.8313725490196077761, 0.8313725490196077761 ) ;
#3625 = STYLED_ITEM ( 'NONE', ( #6223 ), #5132 ) ;
#3626 = ORIENTED_EDGE ( 'NONE', *, *, #8809, .F. ) ;
#3627 = ORIENTED_EDGE ( 'NONE', *, *, #6664, .T. ) ;
#3628 = CARTESIAN_POINT ( 'NONE',  ( -3.903095123049503457, -0.008589285714287443751, 2.754999999999999893 ) ) ;
#3629 = CARTESIAN_POINT ( 'NONE',  ( -2.871931193598322718, -2.269792685268487542, 2.547916276704449867 ) ) ;
#3630 = VERTEX_POINT ( 'NONE', #5505 ) ;
#3631 = CARTESIAN_POINT ( 'NONE',  ( 1.635000000000000009, 2.897499999999999964, 1.527500000000000302 ) ) ;
#3632 = CARTESIAN_POINT ( 'NONE',  ( 4.908218880800482964, -0.2461110386525651450, -1.899619742328996885 ) ) ;
#3633 = STYLED_ITEM ( 'NONE', ( #1345 ), #4413 ) ;
#3634 = PRESENTATION_LAYER_ASSIGNMENT (  '', '', ( #4509 ) ) ;
#3635 = ORIENTED_EDGE ( 'NONE', *, *, #4621, .T. ) ;
#3636 = EDGE_CURVE ( 'NONE', #8284, #780, #7481, .T. ) ;
#3637 = EDGE_CURVE ( 'NONE', #8469, #1817, #6951, .T. ) ;
#3638 = ADVANCED_FACE ( 'NONE', ( #618 ), #8721, .T. ) ;
#3639 =( NAMED_UNIT ( * ) PLANE_ANGLE_UNIT ( ) SI_UNIT ( $, .RADIAN. ) );
#3640 = AXIS2_PLACEMENT_3D ( 'NONE', #2424, #1745, #5626 ) ;
#3641 = ORIENTED_EDGE ( 'NONE', *, *, #5392, .F. ) ;
#3642 = MECHANICAL_DESIGN_GEOMETRIC_PRESENTATION_REPRESENTATION (  '', ( #2658 ), #60 ) ;
#3643 = ORIENTED_EDGE ( 'NONE', *, *, #3307, .T. ) ;
#3644 = ORIENTED_EDGE ( 'NONE', *, *, #4726, .F. ) ;
#3645 = ORIENTED_EDGE ( 'NONE', *, *, #7598, .T. ) ;
#3646 = ORIENTED_EDGE ( 'NONE', *, *, #6324, .T. ) ;
#3647 =( NAMED_UNIT ( * ) SI_UNIT ( $, .STERADIAN. ) SOLID_ANGLE_UNIT ( ) );
#3648 = FILL_AREA_STYLE ('',( #7658 ) ) ;
#3649 = CIRCLE ( 'NONE', #1091, 0.9999999999999692468 ) ;
#3650 = FILL_AREA_STYLE ('',( #1025 ) ) ;
#3651 = CYLINDRICAL_SURFACE ( 'NONE', #2627, 0.2999999999999998224 ) ;
#3652 = CARTESIAN_POINT ( 'NONE',  ( -2.962554341017594073, -2.740054341017593487, 2.277914424562274220 ) ) ;
#3653 = DIRECTION ( 'NONE',  ( 0.1147640357803560024, 0.1721460536705340105, -0.9783634050275320515 ) ) ;
#3654 = CARTESIAN_POINT ( 'NONE',  ( -2.959737197023301736, 2.650969074868140485, 2.283371188774894645 ) ) ;
#3655 = DIRECTION ( 'NONE',  ( -0.000000000000000000, -0.000000000000000000, -1.000000000000000000 ) ) ;
#3656 = PRESENTATION_LAYER_ASSIGNMENT (  '', '', ( #2671 ) ) ;
#3657 = SURFACE_STYLE_FILL_AREA ( #7759 ) ;
#3658 = MECHANICAL_DESIGN_GEOMETRIC_PRESENTATION_REPRESENTATION (  '', ( #7977 ), #2536 ) ;
#3659 = UNCERTAINTY_MEASURE_WITH_UNIT (LENGTH_MEASURE( 1.000000000000000082E-05 ), #8845, 'distance_accuracy_value', 'NONE');
#3660 = CARTESIAN_POINT ( 'NONE',  ( -4.952499999999999680, -0.7672500000000009868, -1.899999999999999911 ) ) ;
#3661 = CARTESIAN_POINT ( 'NONE',  ( 3.269999999999999130, 2.749041206907615997, 0.6750000000000264677 ) ) ;
#3662 = PRESENTATION_STYLE_ASSIGNMENT (( #991 ) ) ;
#3663 = CARTESIAN_POINT ( 'NONE',  ( 0.4790155565739627752, -0.2074328170627939005, 2.330000000000000071 ) ) ;
#3664 = CARTESIAN_POINT ( 'NONE',  ( 4.894530276237606614, -0.2930589658626794880, 2.660466438303961123 ) ) ;
#3665 =( GEOMETRIC_REPRESENTATION_CONTEXT ( 3 ) GLOBAL_UNCERTAINTY_ASSIGNED_CONTEXT ( ( #4565 ) ) GLOBAL_UNIT_ASSIGNED_CONTEXT ( ( #6933, #739, #8148 ) ) REPRESENTATION_CONTEXT ( 'NONE', 'WORKASPACE' ) );
#3666 = CARTESIAN_POINT ( 'NONE',  ( 4.910235026918961410, -0.1580848536137571536, -2.583804907451682453 ) ) ;
#3667 = DIRECTION ( 'NONE',  ( 1.000000000000000000, 0.000000000000000000, 0.000000000000000000 ) ) ;
#3668 = VECTOR ( 'NONE', #7122, 1000.000000000000000 ) ;
#3669 = DIRECTION ( 'NONE',  ( -0.000000000000000000, 1.000000000000000000, 0.000000000000000000 ) ) ;
#3670 = CARTESIAN_POINT ( 'NONE',  ( -0.07701132768019712527, 0.6082897420963518931, 2.379999999999999449 ) ) ;
#3671 = EDGE_CURVE ( 'NONE', #6023, #6662, #7770, .T. ) ;
#3672 = CARTESIAN_POINT ( 'NONE',  ( 3.997405498140215396, -0.1591874171070368771, -2.593530663926139290 ) ) ;
#3673 = UNCERTAINTY_MEASURE_WITH_UNIT (LENGTH_MEASURE( 1.000000000000000082E-05 ), #320, 'distance_accuracy_value', 'NONE');
#3674 = ORIENTED_EDGE ( 'NONE', *, *, #3866, .T. ) ;
#3675 = ORIENTED_EDGE ( 'NONE', *, *, #293, .T. ) ;
#3676 = FILL_AREA_STYLE ('',( #8404 ) ) ;
#3677 = CARTESIAN_POINT ( 'NONE',  ( 4.910235026918964074, -0.1345149730810344668, 1.986544668104518463 ) ) ;
#3678 = ORIENTED_EDGE ( 'NONE', *, *, #5254, .F. ) ;
#3679 =( NAMED_UNIT ( * ) PLANE_ANGLE_UNIT ( ) SI_UNIT ( $, .RADIAN. ) );
#3680 = ORIENTED_EDGE ( 'NONE', *, *, #8756, .T. ) ;
#3681 = PRESENTATION_LAYER_ASSIGNMENT (  '', '', ( #3116 ) ) ;
#3682 = CARTESIAN_POINT ( 'NONE',  ( 4.852500000000000036, -0.4297499999999990217, -2.044279695023480059 ) ) ;
#3683 = CARTESIAN_POINT ( 'NONE',  ( -2.803133701591284055, 2.495677398353396192, 2.080000000000003624 ) ) ;
#3684 = UNCERTAINTY_MEASURE_WITH_UNIT (LENGTH_MEASURE( 1.000000000000000082E-05 ), #4108, 'distance_accuracy_value', 'NONE');
#3685 = AXIS2_PLACEMENT_3D ( 'NONE', #4314, #6334, #1502 ) ;
#3686 = ORIENTED_EDGE ( 'NONE', *, *, #5167, .T. ) ;
#3687 = ORIENTED_EDGE ( 'NONE', *, *, #3459, .T. ) ;
#3688 = ORIENTED_EDGE ( 'NONE', *, *, #8582, .T. ) ;
#3689 =( NAMED_UNIT ( * ) PLANE_ANGLE_UNIT ( ) SI_UNIT ( $, .RADIAN. ) );
#3690 = ADVANCED_FACE ( 'NONE', ( #2968 ), #3621, .T. ) ;
#3691 = CARTESIAN_POINT ( 'NONE',  ( 0.4238398292666566980, -0.09169822424026442820, -0.4226914235147804511 ) ) ;
#3692 = EDGE_LOOP ( 'NONE', ( #7006, #4671, #1540, #4161, #7748 ) ) ;
#3693 =( NAMED_UNIT ( * ) SI_UNIT ( $, .STERADIAN. ) SOLID_ANGLE_UNIT ( ) );
#3694 =( GEOMETRIC_REPRESENTATION_CONTEXT ( 3 ) GLOBAL_UNCERTAINTY_ASSIGNED_CONTEXT ( ( #2797 ) ) GLOBAL_UNIT_ASSIGNED_CONTEXT ( ( #3211, #3745, #7201 ) ) REPRESENTATION_CONTEXT ( 'NONE', 'WORKASPACE' ) );
#3695 = FACE_BOUND ( 'NONE', #6686, .T. ) ;
#3696 = SURFACE_STYLE_FILL_AREA ( #6574 ) ;
#3697 = MECHANICAL_DESIGN_GEOMETRIC_PRESENTATION_REPRESENTATION (  '', ( #7563 ), #257 ) ;
#3698 = DIRECTION ( 'NONE',  ( 0.000000000000000000, 1.000000000000000000, 0.000000000000000000 ) ) ;
#3699 = COLOUR_RGB ( '',0.2862745098039215508, 0.2862745098039215508, 0.2862745098039215508 ) ;
#3700 =( NAMED_UNIT ( * ) SI_UNIT ( $, .STERADIAN. ) SOLID_ANGLE_UNIT ( ) );
#3701 = DIRECTION ( 'NONE',  ( -1.000000000000000000, 0.000000000000000000, 0.000000000000000000 ) ) ;
#3702 = CARTESIAN_POINT ( 'NONE',  ( -3.414865336152356434, -0.3451191649770724568, 1.804999999999999938 ) ) ;
#3703 = EDGE_CURVE ( 'NONE', #5333, #5168, #954, .T. ) ;
#3704 = CARTESIAN_POINT ( 'NONE',  ( -2.962554341017594073, -2.740054341017594819, 2.277914424562275553 ) ) ;
#3705 = DIRECTION ( 'NONE',  ( -1.000000000000000000, 0.000000000000000000, -0.000000000000000000 ) ) ;
#3706 = SURFACE_STYLE_USAGE ( .BOTH. , #7031 ) ;
#3707 = PRESENTATION_LAYER_ASSIGNMENT (  '', '', ( #5558 ) ) ;
#3708 =( NAMED_UNIT ( * ) SI_UNIT ( $, .STERADIAN. ) SOLID_ANGLE_UNIT ( ) );
#3709 = STYLED_ITEM ( 'NONE', ( #7213 ), #6817 ) ;
#3710 = DIRECTION ( 'NONE',  ( 8.611386656002740130E-16, -1.000000000000000000, 0.000000000000000000 ) ) ;
#3711 = STYLED_ITEM ( 'NONE', ( #8858 ), #6030 ) ;
#3712 = FACE_OUTER_BOUND ( 'NONE', #5463, .T. ) ;
#3713 =( LENGTH_UNIT ( ) NAMED_UNIT ( * ) SI_UNIT ( .MILLI., .METRE. ) );
#3714 = DIRECTION ( 'NONE',  ( 0.000000000000000000, 0.000000000000000000, 1.000000000000000000 ) ) ;
#3715 = CARTESIAN_POINT ( 'NONE',  ( 4.910235026918962298, -0.1345149730810363820, 2.560235026918962653 ) ) ;
#3716 = CARTESIAN_POINT ( 'NONE',  ( 4.952499999999999680, -0.09224999999999869416, -2.044279695023480059 ) ) ;
#3717 = CARTESIAN_POINT ( 'NONE',  ( -0.6083569003329796221, -1.216713800665959910, 2.379999999999999893 ) ) ;
#3718 = CARTESIAN_POINT ( 'NONE',  ( -0.5897157965750736697, 0.1509159562655237596, 2.379999999999999449 ) ) ;
#3719 = SURFACE_STYLE_FILL_AREA ( #3054 ) ;
#3720 = ORIENTED_EDGE ( 'NONE', *, *, #2485, .T. ) ;
#3721 = EDGE_LOOP ( 'NONE', ( #3028, #5818, #2689, #1861 ) ) ;
#3722 = FILL_AREA_STYLE_COLOUR ( '', #7547 ) ;
#3723 = ORIENTED_EDGE ( 'NONE', *, *, #7766, .F. ) ;
#3724 = PRESENTATION_LAYER_ASSIGNMENT (  '', '', ( #6299 ) ) ;
#3725 = DIRECTION ( 'NONE',  ( -0.000000000000000000, -0.000000000000000000, -1.000000000000000000 ) ) ;
#3726 = CYLINDRICAL_SURFACE ( 'NONE', #6209, 0.1000000000000002554 ) ;
#3727 = DIRECTION ( 'NONE',  ( 8.223874256482640091E-16, -1.000000000000000000, 0.000000000000000000 ) ) ;
#3728 = COLOUR_RGB ( '',0.8313725490196077761, 0.8313725490196077761, 0.8313725490196077761 ) ;
#3729 = STYLED_ITEM ( 'NONE', ( #5996 ), #3389 ) ;
#3730 = ORIENTED_EDGE ( 'NONE', *, *, #6638, .F. ) ;
#3731 = DIRECTION ( 'NONE',  ( -0.1147640357803560024, 0.1721460536705340105, -0.9783634050275320515 ) ) ;
#3732 =( NAMED_UNIT ( * ) SI_UNIT ( $, .STERADIAN. ) SOLID_ANGLE_UNIT ( ) );
#3733 = CARTESIAN_POINT ( 'NONE',  ( 0.3819120798423590868, -0.1922500000000010867, -0.3637895569954249786 ) ) ;
#3734 = ORIENTED_EDGE ( 'NONE', *, *, #553, .T. ) ;
#3735 = COLOUR_RGB ( '',0.8313725490196077761, 0.8313725490196077761, 0.8313725490196077761 ) ;
#3736 = UNCERTAINTY_MEASURE_WITH_UNIT (LENGTH_MEASURE( 1.000000000000000082E-05 ), #934, 'distance_accuracy_value', 'NONE');
#3737 = FACE_OUTER_BOUND ( 'NONE', #2921, .T. ) ;
#3738 = PRESENTATION_LAYER_ASSIGNMENT (  '', '', ( #8772 ) ) ;
#3739 = FILL_AREA_STYLE ('',( #5708 ) ) ;
#3740 = EDGE_CURVE ( 'NONE', #1594, #1586, #5308, .T. ) ;
#3741 = CARTESIAN_POINT ( 'NONE',  ( 3.372500000000000053, -0.7672500000000000986, 2.160000000000000142 ) ) ;
#3742 = CARTESIAN_POINT ( 'NONE',  ( 3.372500000000000497, -0.09224999999999913824, 2.060000000000000053 ) ) ;
#3743 = DIRECTION ( 'NONE',  ( 0.000000000000000000, -0.9587981127083872179, -0.2840883296913742639 ) ) ;
#3744 = COLOUR_RGB ( '',0.8313725490196077761, 0.8313725490196077761, 0.8313725490196077761 ) ;
#3745 =( NAMED_UNIT ( * ) PLANE_ANGLE_UNIT ( ) SI_UNIT ( $, .RADIAN. ) );
#3746 = CARTESIAN_POINT ( 'NONE',  ( 0.4917015374391101035, 0.1753850008624280310, 2.330000000000000515 ) ) ;
#3747 = FILL_AREA_STYLE ('',( #4379 ) ) ;
#3748 = CARTESIAN_POINT ( 'NONE',  ( -3.242815959658425840, 0.04809771563645236919, 0.000000000000000000 ) ) ;
#3749 = CARTESIAN_POINT ( 'NONE',  ( 0.8591901991055320709, -0.1434107350525336555, -2.064368729000466196 ) ) ;
#3750 = ADVANCED_FACE ( 'NONE', ( #7129 ), #1712, .F. ) ;
#3751 =( GEOMETRIC_REPRESENTATION_CONTEXT ( 3 ) GLOBAL_UNCERTAINTY_ASSIGNED_CONTEXT ( ( #8277 ) ) GLOBAL_UNIT_ASSIGNED_CONTEXT ( ( #6864, #2747, #8410 ) ) REPRESENTATION_CONTEXT ( 'NONE', 'WORKASPACE' ) );
#3752 = EDGE_CURVE ( 'NONE', #6187, #1458, #8762, .T. ) ;
#3753 = UNCERTAINTY_MEASURE_WITH_UNIT (LENGTH_MEASURE( 1.000000000000000082E-05 ), #1764, 'distance_accuracy_value', 'NONE');
#3754 = ADVANCED_FACE ( 'NONE', ( #8733 ), #4685, .T. ) ;
#3755 = EDGE_CURVE ( 'NONE', #5332, #5425, #7411, .T. ) ;
#3756 = MECHANICAL_DESIGN_GEOMETRIC_PRESENTATION_REPRESENTATION (  '', ( #6642 ), #4475 ) ;
#3757 = DIRECTION ( 'NONE',  ( 5.482582837655000045E-16, -1.000000000000000000, -0.000000000000000000 ) ) ;
#3758 = CARTESIAN_POINT ( 'NONE',  ( 4.787102839788669684, -0.09224999999999887457, -2.044279695023480059 ) ) ;
#3759 = FACE_OUTER_BOUND ( 'NONE', #3904, .T. ) ;
#3760 = CIRCLE ( 'NONE', #7784, 0.5000000000000000000 ) ;
#3761 = LINE ( 'NONE', #6504, #6699 ) ;
#3762 = CARTESIAN_POINT ( 'NONE',  ( 4.852500000000000036, -0.09224999999999886069, -2.502499999999999947 ) ) ;
#3763 = CARTESIAN_POINT ( 'NONE',  ( 4.787102839788669684, -0.1922499999999990328, -2.044279695023480059 ) ) ;
#3764 = DIRECTION ( 'NONE',  ( -0.000000000000000000, -0.000000000000000000, 1.000000000000000000 ) ) ;
#3765 = LINE ( 'NONE', #3809, #7334 ) ;
#3766 = DIRECTION ( 'NONE',  ( 0.000000000000000000, 1.000000000000000000, 8.673617379884035472E-15 ) ) ;
#3767 = AXIS2_PLACEMENT_3D ( 'NONE', #7365, #7285, #388 ) ;
#3768 = CARTESIAN_POINT ( 'NONE',  ( 0.5742062652383692622, 7.031998647745249091E-17, 2.370849364905389667 ) ) ;
#3769 = CIRCLE ( 'NONE', #4183, 0.1000000000000000194 ) ;
#3770 = DIRECTION ( 'NONE',  ( 0.000000000000000000, -0.000000000000000000, 1.000000000000000000 ) ) ;
#3771 = UNCERTAINTY_MEASURE_WITH_UNIT (LENGTH_MEASURE( 1.000000000000000082E-05 ), #986, 'distance_accuracy_value', 'NONE');
#3772 = AXIS2_PLACEMENT_3D ( 'NONE', #4037, #6697, #1235 ) ;
#3773 = ORIENTED_EDGE ( 'NONE', *, *, #8377, .T. ) ;
#3774 = FACE_OUTER_BOUND ( 'NONE', #4988, .T. ) ;
#3775 =( NAMED_UNIT ( * ) SI_UNIT ( $, .STERADIAN. ) SOLID_ANGLE_UNIT ( ) );
#3776 = VERTEX_POINT ( 'NONE', #6155 ) ;
#3777 = DIRECTION ( 'NONE',  ( 1.000000000000000000, 8.131516293641262547E-16, 0.000000000000000000 ) ) ;
#3778 = PLANE ( 'NONE',  #5020 ) ;
#3779 = PRESENTATION_LAYER_ASSIGNMENT (  '', '', ( #2082 ) ) ;
#3780 = DIRECTION ( 'NONE',  ( -0.1147640357803560024, 0.1721460536705340105, -0.9783634050275320515 ) ) ;
#3781 = STYLED_ITEM ( 'NONE', ( #1966 ), #5070 ) ;
#3782 = EDGE_LOOP ( 'NONE', ( #3069, #2584, #5259, #4407 ) ) ;
#3783 = VERTEX_POINT ( 'NONE', #8866 ) ;
#3784 = CARTESIAN_POINT ( 'NONE',  ( 3.430235026918961871, -0.1345149730810377420, -2.117735026918963648 ) ) ;
#3785 = ORIENTED_EDGE ( 'NONE', *, *, #5770, .T. ) ;
#3786 =( LENGTH_UNIT ( ) NAMED_UNIT ( * ) SI_UNIT ( .MILLI., .METRE. ) );
#3787 = VERTEX_POINT ( 'NONE', #5304 ) ;
#3788 =( LENGTH_UNIT ( ) NAMED_UNIT ( * ) SI_UNIT ( .MILLI., .METRE. ) );
#3789 = PRESENTATION_STYLE_ASSIGNMENT (( #1931 ) ) ;
#3790 = CYLINDRICAL_SURFACE ( 'NONE', #6900, 0.1000000000000002554 ) ;
#3791 = EDGE_CURVE ( 'NONE', #2922, #5915, #4642, .T. ) ;
#3792 = CIRCLE ( 'NONE', #2936, 0.5000000000000000000 ) ;
#3793 = COLOUR_RGB ( '',0.8313725490196077761, 0.8313725490196077761, 0.8313725490196077761 ) ;
#3794 =( BOUNDED_SURFACE ( )  B_SPLINE_SURFACE ( 3, 3, ( 
 ( #6866, #1456, #2174, #3330 ),
 ( #7644, #3456, #8131, #8818 ),
 ( #6780, #7599, #6139, #4169 ),
 ( #46, #2798, #2841, #96 ) ),
 .UNSPECIFIED., .F., .F., .F. ) 
 B_SPLINE_SURFACE_WITH_KNOTS ( ( 4, 4 ),
 ( 4, 4 ),
 ( 0.000000000000000000, 1.000000000000000000 ),
 ( 0.000000000000000000, 1.000000000000000000 ),
 .UNSPECIFIED. ) 
 GEOMETRIC_REPRESENTATION_ITEM ( )  RATIONAL_B_SPLINE_SURFACE ( (
 ( 1.000000000000000000, 0.8184047277771974160, 0.8184047277771974160, 1.000000000000000000),
 ( 0.8047378541243644934, 0.6586012644366565638, 0.6586012644366565638, 0.8047378541243644934),
 ( 0.8047378541243644934, 0.6586012644366565638, 0.6586012644366565638, 0.8047378541243644934),
 ( 1.000000000000000000, 0.8184047277771974160, 0.8184047277771974160, 1.000000000000000000) ) ) 
 REPRESENTATION_ITEM ( '' )  SURFACE ( )  );
#3795 = SURFACE_STYLE_FILL_AREA ( #3278 ) ;
#3796 = B_SPLINE_CURVE_WITH_KNOTS ( 'NONE', 3,
 ( #947, #4287, #3612, #3090 ),
 .UNSPECIFIED., .F., .F.,
 ( 4, 4 ),
 ( 0.000000000000000000, 1.000000000000000000 ),
 .UNSPECIFIED. ) ;
#3797 = FACE_OUTER_BOUND ( 'NONE', #7743, .T. ) ;
#3798 = CARTESIAN_POINT ( 'NONE',  ( -2.959737197023300848, 2.650969074868140929, 2.283371188774892868 ) ) ;
#3799 = LINE ( 'NONE', #393, #5741 ) ;
#3800 = APPLICATION_CONTEXT ( 'automotive_design' ) ;
#3801 = VECTOR ( 'NONE', #2866, 1000.000000000000000 ) ;
#3802 = CARTESIAN_POINT ( 'NONE',  ( 3.972499999999999254, -0.09224999999999895783, 1.942842712474618816 ) ) ;
#3803 = DIRECTION ( 'NONE',  ( 1.000000000000000000, 2.546383084002650169E-16, 0.000000000000000000 ) ) ;
#3804 = DIRECTION ( 'NONE',  ( 0.8856505754816623721, -0.4643522996055907126, 0.000000000000000000 ) ) ;
#3805 = CARTESIAN_POINT ( 'NONE',  ( 4.952499999999999680, -0.09224999999999869416, 2.060000000000000053 ) ) ;
#3806 = FACE_OUTER_BOUND ( 'NONE', #3249, .T. ) ;
#3807 = CARTESIAN_POINT ( 'NONE',  ( 0.5438907049387577963, -0.09225000000000066480, -0.3674417217703671579 ) ) ;
#3808 = DIRECTION ( 'NONE',  ( 0.000000000000000000, 0.000000000000000000, -1.000000000000000000 ) ) ;
#3809 = CARTESIAN_POINT ( 'NONE',  ( -3.319999999999999840, 0.7672499999999990994, -2.660000000000000142 ) ) ;
#3810 = ADVANCED_FACE ( 'NONE', ( #7507 ), #747, .T. ) ;
#3811 = CARTESIAN_POINT ( 'NONE',  ( -0.6083569003329799552, 0.000000000000000000, 2.380000000000000338 ) ) ;
#3812 = ADVANCED_FACE ( 'NONE', ( #2807 ), #6207, .F. ) ;
#3813 = VECTOR ( 'NONE', #1801, 1000.000000000000000 ) ;
#3814 = DIRECTION ( 'NONE',  ( -5.482582837655000045E-16, 1.000000000000000000, 0.000000000000000000 ) ) ;
#3815 =( GEOMETRIC_REPRESENTATION_CONTEXT ( 3 ) GLOBAL_UNCERTAINTY_ASSIGNED_CONTEXT ( ( #4286 ) ) GLOBAL_UNIT_ASSIGNED_CONTEXT ( ( #1028, #982, #6450 ) ) REPRESENTATION_CONTEXT ( 'NONE', 'WORKASPACE' ) );
#3816 = VECTOR ( 'NONE', #6353, 1000.000000000000000 ) ;
#3817 = VERTEX_POINT ( 'NONE', #7659 ) ;
#3818 = SURFACE_STYLE_FILL_AREA ( #3231 ) ;
#3819 = CARTESIAN_POINT ( 'NONE',  ( 0.4828545436856734874, -0.09225444128910594010, 0.4223655991111920360 ) ) ;
#3820 = CARTESIAN_POINT ( 'NONE',  ( 4.952499999999999680, -0.7672499999999990994, 2.044279695023480059 ) ) ;
#3821 = ADVANCED_FACE ( 'NONE', ( #935 ), #882, .T. ) ;
#3822 = CARTESIAN_POINT ( 'NONE',  ( 4.827594501859785225, -0.1591874171070366273, -1.953249031097340715 ) ) ;
#3823 = CARTESIAN_POINT ( 'NONE',  ( 4.852500000000000036, -0.1922499999999990050, -2.502499999999999947 ) ) ;
#3824 = ORIENTED_EDGE ( 'NONE', *, *, #1183, .F. ) ;
#3825 = ORIENTED_EDGE ( 'NONE', *, *, #5782, .F. ) ;
#3826 = CARTESIAN_POINT ( 'NONE',  ( -4.120000000000000107, -0.7672500000000007647, -2.660000000000000142 ) ) ;
#3827 = CARTESIAN_POINT ( 'NONE',  ( 3.463530663926139397, -0.1591874171070377930, -2.035094501859784799 ) ) ;
#3828 = STYLED_ITEM ( 'NONE', ( #2742 ), #1631 ) ;
#3829 = ORIENTED_EDGE ( 'NONE', *, *, #8424, .F. ) ;
#3830 = ORIENTED_EDGE ( 'NONE', *, *, #3521, .F. ) ;
#3831 = B_SPLINE_CURVE_WITH_KNOTS ( 'NONE', 3,
 ( #6897, #807, #124, #8765, #1436, #2201, #2578, #1275, #2867, #3528, #4153, #8350, #4627, #6990, #852, #2623, #5335, #3989, #578, #3324, #8814, #2666, #5809, #7040, #311, #8570, #3663, #5147, #3615, #7086 ),
 .UNSPECIFIED., .F., .F.,
 ( 4, 1, 2, 2, 2, 1, 2, 2, 2, 1, 2, 2, 2, 1, 2, 2, 4 ),
 ( 0.5000000000000000000, 0.5312500000000000000, 0.5468750000000000000, 0.5625000000000000000, 0.6250000000000000000, 0.6562500000000000000, 0.6718750000000000000, 0.6875000000000000000, 0.7500000000000000000, 0.7812500000000000000, 0.7968750000000000000, 0.8125000000000000000, 0.8750000000000000000, 0.9062500000000000000, 0.9218750000000000000, 0.9375000000000000000, 1.000000000000000000 ),
 .UNSPECIFIED. ) ;
#3832 = FILL_AREA_STYLE_COLOUR ( '', #4529 ) ;
#3833 = DIRECTION ( 'NONE',  ( 1.000000000000000000, 0.000000000000000000, 0.000000000000000000 ) ) ;
#3834 = CYLINDRICAL_SURFACE ( 'NONE', #8065, 0.7999999999999999334 ) ;
#3835 =( GEOMETRIC_REPRESENTATION_CONTEXT ( 3 ) GLOBAL_UNCERTAINTY_ASSIGNED_CONTEXT ( ( #7728 ) ) GLOBAL_UNIT_ASSIGNED_CONTEXT ( ( #7973, #5838, #8773 ) ) REPRESENTATION_CONTEXT ( 'NONE', 'WORKASPACE' ) );
#3836 = ORIENTED_EDGE ( 'NONE', *, *, #6661, .F. ) ;
#3837 =( GEOMETRIC_REPRESENTATION_CONTEXT ( 3 ) GLOBAL_UNCERTAINTY_ASSIGNED_CONTEXT ( ( #8609 ) ) GLOBAL_UNIT_ASSIGNED_CONTEXT ( ( #7433, #7344, #4614 ) ) REPRESENTATION_CONTEXT ( 'NONE', 'WORKASPACE' ) );
#3838 = CARTESIAN_POINT ( 'NONE',  ( -0.08175576762295823363, 0.5172339252429388745, 2.329999999999999627 ) ) ;
#3839 = CARTESIAN_POINT ( 'NONE',  ( -3.414865336152359987, -0.3451191649770700143, -2.660000000000000142 ) ) ;
#3840 =( BOUNDED_CURVE ( )  B_SPLINE_CURVE ( 3, ( #1907, #1286, #547, #6203 ),
 .UNSPECIFIED., .F., .T. ) 
 B_SPLINE_CURVE_WITH_KNOTS ( ( 4, 4 ),
 ( 5.406940246353903134, 6.262994965682647575 ),
 .UNSPECIFIED. ) 
 CURVE ( )  GEOMETRIC_REPRESENTATION_ITEM ( )  RATIONAL_B_SPLINE_CURVE ( ( 1.000000000000000000, 0.9398575445120274097, 0.9398575445120274097, 1.000000000000000000 ) ) 
 REPRESENTATION_ITEM ( '' )  );
#3841 = VECTOR ( 'NONE', #3408, 1000.000000000000000 ) ;
#3842 =( NAMED_UNIT ( * ) PLANE_ANGLE_UNIT ( ) SI_UNIT ( $, .RADIAN. ) );
#3843 = UNCERTAINTY_MEASURE_WITH_UNIT (LENGTH_MEASURE( 1.000000000000000082E-05 ), #1339, 'distance_accuracy_value', 'NONE');
#3844 = DIRECTION ( 'NONE',  ( 0.000000000000000000, -1.000000000000000000, 0.000000000000000000 ) ) ;
#3845 =( NAMED_UNIT ( * ) SI_UNIT ( $, .STERADIAN. ) SOLID_ANGLE_UNIT ( ) );
#3846 = CARTESIAN_POINT ( 'NONE',  ( -2.919281728642197038, -2.408484185632479679, 2.514668992945497727 ) ) ;
#3847 = FILL_AREA_STYLE_COLOUR ( '', #5598 ) ;
#3848 = CARTESIAN_POINT ( 'NONE',  ( 4.687102839788670927, -0.1336713562373085529, 1.902858338786170611 ) ) ;
#3849 = DIRECTION ( 'NONE',  ( -1.000000000000000000, -5.139921410301649810E-16, -0.000000000000000000 ) ) ;
#3850 = AXIS2_PLACEMENT_3D ( 'NONE', #6668, #7375, #5356 ) ;
#3851 = CARTESIAN_POINT ( 'NONE',  ( 4.885562582892962524, -0.2171554981402135098, -2.593530663926139290 ) ) ;
#3852 = PLANE ( 'NONE',  #8900 ) ;
#3853 = SURFACE_STYLE_FILL_AREA ( #1877 ) ;
#3854 =( LENGTH_UNIT ( ) NAMED_UNIT ( * ) SI_UNIT ( .MILLI., .METRE. ) );
#3855 = UNCERTAINTY_MEASURE_WITH_UNIT (LENGTH_MEASURE( 1.000000000000000082E-05 ), #4057, 'distance_accuracy_value', 'NONE');
#3856 = COLOUR_RGB ( '',0.8313725490196077761, 0.8313725490196077761, 0.8313725490196077761 ) ;
#3857 = MECHANICAL_DESIGN_GEOMETRIC_PRESENTATION_REPRESENTATION (  '', ( #5414 ), #4274 ) ;
#3858 = ADVANCED_FACE ( 'NONE', ( #1826 ), #3790, .T. ) ;
#3859 = VERTEX_POINT ( 'NONE', #2371 ) ;
#3860 = DIRECTION ( 'NONE',  ( 0.000000000000000000, -0.000000000000000000, -1.000000000000000000 ) ) ;
#3861 = FILL_AREA_STYLE_COLOUR ( '', #2697 ) ;
#3862 = ORIENTED_EDGE ( 'NONE', *, *, #8696, .T. ) ;
#3863 = FACE_OUTER_BOUND ( 'NONE', #958, .T. ) ;
#3864 = COLOUR_RGB ( '',0.8313725490196077761, 0.8313725490196077761, 0.8313725490196077761 ) ;
#3865 = CIRCLE ( 'NONE', #2004, 0.05000000000000002359 ) ;
#3866 = EDGE_CURVE ( 'NONE', #74, #4167, #3043, .T. ) ;
#3867 = EDGE_CURVE ( 'NONE', #537, #8590, #5794, .T. ) ;
#3868 = ADVANCED_FACE ( 'NONE', ( #3078 ), #4421, .T. ) ;
#3869 = ORIENTED_EDGE ( 'NONE', *, *, #5254, .T. ) ;
#3870 = EDGE_LOOP ( 'NONE', ( #6846, #1306, #6387, #2214 ) ) ;
#3871 = SURFACE_STYLE_FILL_AREA ( #8764 ) ;
#3872 = ORIENTED_EDGE ( 'NONE', *, *, #1612, .T. ) ;
#3873 = SURFACE_STYLE_FILL_AREA ( #3951 ) ;
#3874 = ORIENTED_EDGE ( 'NONE', *, *, #674, .T. ) ;
#3875 = DIRECTION ( 'NONE',  ( 0.000000000000000000, -1.000000000000000000, -0.000000000000000000 ) ) ;
#3876 = MECHANICAL_DESIGN_GEOMETRIC_PRESENTATION_REPRESENTATION (  '', ( #1308 ), #1599 ) ;
#3877 = DIRECTION ( 'NONE',  ( -5.482582837655000045E-16, 1.000000000000000000, 0.000000000000000000 ) ) ;
#3878 =( NAMED_UNIT ( * ) SI_UNIT ( $, .STERADIAN. ) SOLID_ANGLE_UNIT ( ) );
#3879 = VERTEX_POINT ( 'NONE', #7446 ) ;
#3880 = FACE_OUTER_BOUND ( 'NONE', #8126, .T. ) ;
#3881 = LINE ( 'NONE', #2677, #6185 ) ;
#3882 = AXIS2_PLACEMENT_3D ( 'NONE', #5215, #7967, #7317 ) ;
#3883 = DIRECTION ( 'NONE',  ( 0.000000000000000000, 0.000000000000000000, -1.000000000000000000 ) ) ;
#3884 = CARTESIAN_POINT ( 'NONE',  ( -2.972040853876690480, -3.047497946582585548, 0.6750175053834688299 ) ) ;
#3885 = CIRCLE ( 'NONE', #7180, 0.09999999999999982514 ) ;
#3886 = CIRCLE ( 'NONE', #2175, 0.09999999999999999167 ) ;
#3887 = DIRECTION ( 'NONE',  ( 0.000000000000000000, 0.000000000000000000, 1.000000000000000000 ) ) ;
#3888 = CARTESIAN_POINT ( 'NONE',  ( 3.972500000000000142, -0.1922499999999990050, 0.000000000000000000 ) ) ;
#3889 =( NAMED_UNIT ( * ) PLANE_ANGLE_UNIT ( ) SI_UNIT ( $, .RADIAN. ) );
#3890 = FILL_AREA_STYLE_COLOUR ( '', #3030 ) ;
#3891 = MECHANICAL_DESIGN_GEOMETRIC_PRESENTATION_REPRESENTATION (  '', ( #8345 ), #581 ) ;
#3892 = SURFACE_STYLE_USAGE ( .BOTH. , #7993 ) ;
#3893 =( GEOMETRIC_REPRESENTATION_CONTEXT ( 3 ) GLOBAL_UNCERTAINTY_ASSIGNED_CONTEXT ( ( #8770 ) ) GLOBAL_UNIT_ASSIGNED_CONTEXT ( ( #3119, #4702, #1780 ) ) REPRESENTATION_CONTEXT ( 'NONE', 'WORKASPACE' ) );
#3894 = STYLED_ITEM ( 'NONE', ( #990 ), #2515 ) ;
#3895 = EDGE_LOOP ( 'NONE', ( #6339, #1995, #2084, #4682 ) ) ;
#3896 = DIRECTION ( 'NONE',  ( 0.000000000000000000, -0.000000000000000000, -1.000000000000000000 ) ) ;
#3897 = CARTESIAN_POINT ( 'NONE',  ( -3.798064039089806609, 0.2699408224499634801, -2.660000000000000142 ) ) ;
#3898 = DIRECTION ( 'NONE',  ( -0.5773502691896247319, 0.5773502691896247319, 0.5773502691896279515 ) ) ;
#3899 = LINE ( 'NONE', #8804, #1736 ) ;
#3900 = AXIS2_PLACEMENT_3D ( 'NONE', #692, #6214, #4689 ) ;
#3901 = CARTESIAN_POINT ( 'NONE',  ( -2.855207625734560217, -0.2677499999999999880, 0.000000000000000000 ) ) ;
#3902 = CARTESIAN_POINT ( 'NONE',  ( 3.913921356237309190, -0.09224999999999895783, -1.977157287525380225 ) ) ;
#3903 = AXIS2_PLACEMENT_3D ( 'NONE', #8095, #6784, #6872 ) ;
#3904 = EDGE_LOOP ( 'NONE', ( #826, #3210, #366, #6687 ) ) ;
#3905 = LINE ( 'NONE', #6688, #7012 ) ;
#3906 = CARTESIAN_POINT ( 'NONE',  ( 3.430235026918961871, -0.1345149730810372701, -2.117735026918962760 ) ) ;
#3907 = FILL_AREA_STYLE_COLOUR ( '', #1723 ) ;
#3908 = ORIENTED_EDGE ( 'NONE', *, *, #3583, .F. ) ;
#3909 = ADVANCED_FACE ( 'NONE', ( #3328 ), #1955, .T. ) ;
#3910 = AXIS2_PLACEMENT_3D ( 'NONE', #8289, #4184, #4870 ) ;
#3911 = EDGE_CURVE ( 'NONE', #8538, #4128, #1813, .T. ) ;
#3912 = COLOUR_RGB ( '',0.8313725490196077761, 0.8313725490196077761, 0.8313725490196077761 ) ;
#3913 = ADVANCED_FACE ( 'NONE', ( #1454 ), #1542, .T. ) ;
#3914 = EDGE_CURVE ( 'NONE', #5074, #759, #5559, .T. ) ;
#3915 = CARTESIAN_POINT ( 'NONE',  ( 2.951774992190691727, -2.577098235708562779, 2.417858833620016412 ) ) ;
#3916 = AXIS2_PLACEMENT_3D ( 'NONE', #6683, #1313, #2616 ) ;
#3917 = PRESENTATION_LAYER_ASSIGNMENT (  '', '', ( #3206 ) ) ;
#3918 =( NAMED_UNIT ( * ) SI_UNIT ( $, .STERADIAN. ) SOLID_ANGLE_UNIT ( ) );
#3919 = CARTESIAN_POINT ( 'NONE',  ( 3.772500000000000409, -0.7672499999999999876, 1.959999999999999964 ) ) ;
#3920 = FILL_AREA_STYLE ('',( #3250 ) ) ;
#3921 = EDGE_CURVE ( 'NONE', #1493, #6204, #1471, .T. ) ;
#3922 = CARTESIAN_POINT ( 'NONE',  ( -4.952499999999999680, -0.4997500000000010822, 2.660000000000000142 ) ) ;
#3923 = VERTEX_POINT ( 'NONE', #4168 ) ;
#3924 =( GEOMETRIC_REPRESENTATION_CONTEXT ( 3 ) GLOBAL_UNCERTAINTY_ASSIGNED_CONTEXT ( ( #3299 ) ) GLOBAL_UNIT_ASSIGNED_CONTEXT ( ( #7211, #7253, #3845 ) ) REPRESENTATION_CONTEXT ( 'NONE', 'WORKASPACE' ) );
#3925 = COLOUR_RGB ( '',0.8313725490196077761, 0.8313725490196077761, 0.8313725490196077761 ) ;
#3926 = COLOUR_RGB ( '',0.8313725490196077761, 0.8313725490196077761, 0.8313725490196077761 ) ;
#3927 = VECTOR ( 'NONE', #2762, 1000.000000000000000 ) ;
#3928 = LINE ( 'NONE', #4646, #1923 ) ;
#3929 = UNCERTAINTY_MEASURE_WITH_UNIT (LENGTH_MEASURE( 1.000000000000000082E-05 ), #1327, 'distance_accuracy_value', 'NONE');
#3930 = CYLINDRICAL_SURFACE ( 'NONE', #6404, 0.09999999999999999167 ) ;
#3931 = CARTESIAN_POINT ( 'NONE',  ( -4.120000000000000107, 0.03274999999999959888, 1.804999999999999938 ) ) ;
#3932 = DIRECTION ( 'NONE',  ( 0.000000000000000000, -0.000000000000000000, 1.000000000000000000 ) ) ;
#3933 = SURFACE_STYLE_USAGE ( .BOTH. , #7337 ) ;
#3934 = DIRECTION ( 'NONE',  ( 1.000000000000000000, 0.000000000000000000, 0.000000000000000000 ) ) ;
#3935 = DIRECTION ( 'NONE',  ( 0.000000000000000000, -1.000000000000000000, 0.000000000000000000 ) ) ;
#3936 = FACE_OUTER_BOUND ( 'NONE', #1225, .T. ) ;
#3937 = CARTESIAN_POINT ( 'NONE',  ( 2.959737197023301736, 2.650969074868140041, 2.283371188774895533 ) ) ;
#3938 = CARTESIAN_POINT ( 'NONE',  ( 3.914764973081037880, -0.1345149730810361599, 2.560235026918962209 ) ) ;
#3939 = DIRECTION ( 'NONE',  ( 0.8233548815373554763, -0.5675268619621517407, 0.000000000000000000 ) ) ;
#3940 = UNCERTAINTY_MEASURE_WITH_UNIT (LENGTH_MEASURE( 1.000000000000000082E-05 ), #3786, 'distance_accuracy_value', 'NONE');
#3941 = ORIENTED_EDGE ( 'NONE', *, *, #4847, .T. ) ;
#3942 =( NAMED_UNIT ( * ) PLANE_ANGLE_UNIT ( ) SI_UNIT ( $, .RADIAN. ) );
#3943 = PRESENTATION_STYLE_ASSIGNMENT (( #5365 ) ) ;
#3944 = CARTESIAN_POINT ( 'NONE',  ( 4.952500000000000568, -0.7672499999999993214, 2.502499999999999947 ) ) ;
#3945 = FILL_AREA_STYLE ('',( #8119 ) ) ;
#3946 = SURFACE_SIDE_STYLE ('',( #4620 ) ) ;
#3947 = FACE_OUTER_BOUND ( 'NONE', #973, .T. ) ;
#3948 = AXIS2_PLACEMENT_3D ( 'NONE', #6412, #1704, #3007 ) ;
#3949 = VERTEX_POINT ( 'NONE', #2261 ) ;
#3950 = ORIENTED_EDGE ( 'NONE', *, *, #8755, .T. ) ;
#3951 = FILL_AREA_STYLE ('',( #1228 ) ) ;
#3952 = ORIENTED_EDGE ( 'NONE', *, *, #4797, .F. ) ;
#3953 = MECHANICAL_DESIGN_GEOMETRIC_PRESENTATION_REPRESENTATION (  '', ( #4386 ), #1383 ) ;
#3954 = CARTESIAN_POINT ( 'NONE',  ( -2.959737197023302624, 2.650969074868140041, 2.283371188774894645 ) ) ;
#3955 = SURFACE_SIDE_STYLE ('',( #3121 ) ) ;
#3956 = EDGE_CURVE ( 'NONE', #2398, #5579, #4855, .T. ) ;
#3957 = CARTESIAN_POINT ( 'NONE',  ( -0.4989056601461581142, -0.3526862237599596162, 2.379999999999999893 ) ) ;
#3958 =( NAMED_UNIT ( * ) PLANE_ANGLE_UNIT ( ) SI_UNIT ( $, .RADIAN. ) );
#3959 = ORIENTED_EDGE ( 'NONE', *, *, #905, .T. ) ;
#3960 = PLANE ( 'NONE',  #1779 ) ;
#3961 = AXIS2_PLACEMENT_3D ( 'NONE', #2052, #2557, #4604 ) ;
#3962 = FILL_AREA_STYLE_COLOUR ( '', #4892 ) ;
#3963 = SURFACE_SIDE_STYLE ('',( #3216 ) ) ;
#3964 = EDGE_CURVE ( 'NONE', #5993, #7195, #4904, .T. ) ;
#3965 = B_SPLINE_CURVE_WITH_KNOTS ( 'NONE', 3,
 ( #8873, #6977, #4097, #1338 ),
 .UNSPECIFIED., .F., .F.,
 ( 4, 4 ),
 ( 0.000000000000000000, 1.000000000000000000 ),
 .UNSPECIFIED. ) ;
#3966 = CYLINDRICAL_SURFACE ( 'NONE', #6541, 0.09999999999999999167 ) ;
#3967 = FILL_AREA_STYLE_COLOUR ( '', #8146 ) ;
#3968 = PRESENTATION_STYLE_ASSIGNMENT (( #7255 ) ) ;
#3969 = MECHANICAL_DESIGN_GEOMETRIC_PRESENTATION_REPRESENTATION (  '', ( #6110 ), #3837 ) ;
#3970 = PRESENTATION_STYLE_ASSIGNMENT (( #6590 ) ) ;
#3971 = DIRECTION ( 'NONE',  ( 4.823386660693620032E-16, -1.000000000000000000, 0.000000000000000000 ) ) ;
#3972 = CARTESIAN_POINT ( 'NONE',  ( 4.852500000000000036, -0.1922499999999990050, -2.044279695023480059 ) ) ;
#3973 = CARTESIAN_POINT ( 'NONE',  ( 2.827358435020014937, 2.810052051419916985, 2.263834078789256132 ) ) ;
#3974 = CARTESIAN_POINT ( 'NONE',  ( 3.417221359549995618, -0.1922500000000000042, 2.149442719099991628 ) ) ;
#3975 = ORIENTED_EDGE ( 'NONE', *, *, #1193, .T. ) ;
#3976 = EDGE_LOOP ( 'NONE', ( #7175, #7842, #6285, #1328, #8403 ) ) ;
#3977 = CARTESIAN_POINT ( 'NONE',  ( 3.280658727481961634, -0.02531586835139332595, -2.084094889548318896 ) ) ;
#3978 = FACE_OUTER_BOUND ( 'NONE', #8466, .T. ) ;
#3979 = CARTESIAN_POINT ( 'NONE',  ( 0.8525000000000001465, -0.1336713562373103570, 0.8629237369103520683 ) ) ;
#3980 = DIRECTION ( 'NONE',  ( 1.000000000000000000, 2.546383084002650169E-16, 0.000000000000000000 ) ) ;
#3981 = SURFACE_SIDE_STYLE ('',( #7390 ) ) ;
#3982 = FILL_AREA_STYLE ('',( #8759 ) ) ;
#3983 = PRESENTATION_LAYER_ASSIGNMENT (  '', '', ( #1144 ) ) ;
#3984 = PRESENTATION_LAYER_ASSIGNMENT (  '', '', ( #8868 ) ) ;
#3985 = CARTESIAN_POINT ( 'NONE',  ( 3.249390871961309823, -0.7672500000000003206, 0.000000000000000000 ) ) ;
#3986 = ORIENTED_EDGE ( 'NONE', *, *, #6444, .T. ) ;
#3987 = PRESENTATION_LAYER_ASSIGNMENT (  '', '', ( #7883 ) ) ;
#3988 = EDGE_LOOP ( 'NONE', ( #3464, #3975, #7276, #4956 ) ) ;
#3989 = CARTESIAN_POINT ( 'NONE',  ( 0.1293981990646796143, -0.5057734480245428266, 2.329999999999999627 ) ) ;
#3990 = ORIENTED_EDGE ( 'NONE', *, *, #3752, .T. ) ;
#3991 = APPLICATION_PROTOCOL_DEFINITION ( 'draft international standard', 'automotive_design', 1998, #4428 ) ;
#3992 = UNCERTAINTY_MEASURE_WITH_UNIT (LENGTH_MEASURE( 1.000000000000000082E-05 ), #8052, 'distance_accuracy_value', 'NONE');
#3993 = SURFACE_STYLE_USAGE ( .BOTH. , #1322 ) ;
#3994 = STYLED_ITEM ( 'NONE', ( #4584 ), #7312 ) ;
#3995 = CARTESIAN_POINT ( 'NONE',  ( 4.684366832248793244, -0.09224999999999881906, -2.024753480435915964 ) ) ;
#3996 = CARTESIAN_POINT ( 'NONE',  ( 0.9525000000000010125, -0.7672500000000009868, -2.060000000000000053 ) ) ;
#3997 = PRESENTATION_STYLE_ASSIGNMENT (( #4717 ) ) ;
#3998 = ORIENTED_EDGE ( 'NONE', *, *, #3149, .F. ) ;
#3999 = DIRECTION ( 'NONE',  ( 0.000000000000000000, -1.000000000000000000, 0.000000000000000000 ) ) ;
#4000 = ORIENTED_EDGE ( 'NONE', *, *, #4414, .F. ) ;
#4001 = AXIS2_PLACEMENT_3D ( 'NONE', #6950, #2735, #4204 ) ;
#4002 = LINE ( 'NONE', #6739, #29 ) ;
#4003 = CARTESIAN_POINT ( 'NONE',  ( 3.872500000000000053, -0.1922499999999990050, -2.060000000000000053 ) ) ;
#4004 = CARTESIAN_POINT ( 'NONE',  ( 3.872500000000000053, -0.7672499999999999876, 2.602500000000000036 ) ) ;
#4005 = LINE ( 'NONE', #5435, #1206 ) ;
#4006 = SURFACE_SIDE_STYLE ('',( #4687 ) ) ;
#4007 =( LENGTH_UNIT ( ) NAMED_UNIT ( * ) SI_UNIT ( .MILLI., .METRE. ) );
#4008 = DIRECTION ( 'NONE',  ( -1.000000000000000000, -5.421010862427532031E-16, 0.000000000000000000 ) ) ;
#4009 =( NAMED_UNIT ( * ) PLANE_ANGLE_UNIT ( ) SI_UNIT ( $, .RADIAN. ) );
#4010 =( NAMED_UNIT ( * ) SI_UNIT ( $, .STERADIAN. ) SOLID_ANGLE_UNIT ( ) );
#4011 = AXIS2_PLACEMENT_3D ( 'NONE', #6308, #2906, #7120 ) ;
#4012 = EDGE_CURVE ( 'NONE', #5170, #3239, #4122, .T. ) ;
#4013 = ADVANCED_FACE ( 'NONE', ( #4951 ), #417, .T. ) ;
#4014 = EDGE_CURVE ( 'NONE', #6868, #2199, #2900, .T. ) ;
#4015 = DIRECTION ( 'NONE',  ( -0.000000000000000000, -0.000000000000000000, -1.000000000000000000 ) ) ;
#4016 = PRESENTATION_LAYER_ASSIGNMENT (  '', '', ( #4163 ) ) ;
#4017 = MECHANICAL_DESIGN_GEOMETRIC_PRESENTATION_REPRESENTATION (  '', ( #4736 ), #6008 ) ;
#4018 = ORIENTED_EDGE ( 'NONE', *, *, #7239, .F. ) ;
#4019 = CARTESIAN_POINT ( 'NONE',  ( 2.902500000000000302, -0.1922500000000000042, 2.060000000000000053 ) ) ;
#4020 = SURFACE_STYLE_USAGE ( .BOTH. , #8034 ) ;
#4021 = CARTESIAN_POINT ( 'NONE',  ( 4.587102839788670394, -0.09224999999999913824, -1.844279695023479659 ) ) ;
#4022 = CARTESIAN_POINT ( 'NONE',  ( 0.4760296638738870656, -0.1336713562373105513, 0.4636163929784103410 ) ) ;
#4023 = COLOUR_RGB ( '',0.8313725490196077761, 0.8313725490196077761, 0.8313725490196077761 ) ;
#4024 = SURFACE_STYLE_USAGE ( .BOTH. , #7960 ) ;
#4025 = DIRECTION ( 'NONE',  ( -0.5220116514400391372, 0.5176389217158351430, 0.6779039625829831328 ) ) ;
#4026 = DIRECTION ( 'NONE',  ( 0.3158179163250981469, 0.8555991741024929764, -0.4101330235462698481 ) ) ;
#4027 = ORIENTED_EDGE ( 'NONE', *, *, #3637, .T. ) ;
#4028 = AXIS2_PLACEMENT_3D ( 'NONE', #745, #2769, #2239 ) ;
#4029 = DIRECTION ( 'NONE',  ( -0.000000000000000000, 0.000000000000000000, 1.000000000000000000 ) ) ;
#4030 = EDGE_LOOP ( 'NONE', ( #2303, #1821, #3627, #832 ) ) ;
#4031 = CIRCLE ( 'NONE', #5460, 0.1000000000000002554 ) ;
#4032 = AXIS2_PLACEMENT_3D ( 'NONE', #1833, #151, #4774 ) ;
#4033 =( NAMED_UNIT ( * ) PLANE_ANGLE_UNIT ( ) SI_UNIT ( $, .RADIAN. ) );
#4034 = CARTESIAN_POINT ( 'NONE',  ( 0.8174999999999990052, 2.495677398353390863, 2.380000000000000338 ) ) ;
#4035 =( GEOMETRIC_REPRESENTATION_CONTEXT ( 3 ) GLOBAL_UNCERTAINTY_ASSIGNED_CONTEXT ( ( #95 ) ) GLOBAL_UNIT_ASSIGNED_CONTEXT ( ( #6393, #877, #5656 ) ) REPRESENTATION_CONTEXT ( 'NONE', 'WORKASPACE' ) );
#4036 = SURFACE_STYLE_USAGE ( .BOTH. , #3246 ) ;
#4037 = CARTESIAN_POINT ( 'NONE',  ( 3.169999999999999929, -1.523749999999999938, 1.527500000000000302 ) ) ;
#4038 =( GEOMETRIC_REPRESENTATION_CONTEXT ( 3 ) GLOBAL_UNCERTAINTY_ASSIGNED_CONTEXT ( ( #7262 ) ) GLOBAL_UNIT_ASSIGNED_CONTEXT ( ( #4361, #2404, #7917 ) ) REPRESENTATION_CONTEXT ( 'NONE', 'WORKASPACE' ) );
#4039 = ORIENTED_EDGE ( 'NONE', *, *, #6877, .T. ) ;
#4040 = LINE ( 'NONE', #5430, #7154 ) ;
#4041 = VERTEX_POINT ( 'NONE', #1097 ) ;
#4042 = CARTESIAN_POINT ( 'NONE',  ( 4.852500000000000036, -0.09224999999999887457, -2.044279695023480059 ) ) ;
#4043 = EDGE_CURVE ( 'NONE', #7921, #576, #4494, .T. ) ;
#4044 =( LENGTH_UNIT ( ) NAMED_UNIT ( * ) SI_UNIT ( .MILLI., .METRE. ) );
#4045 = CARTESIAN_POINT ( 'NONE',  ( -3.770634082987817770, 0.3248361564241377120, -1.899999999999999911 ) ) ;
#4046 = SURFACE_SIDE_STYLE ('',( #1514 ) ) ;
#4047 = STYLED_ITEM ( 'NONE', ( #3064 ), #4065 ) ;
#4048 = VECTOR ( 'NONE', #5535, 1000.000000000000000 ) ;
#4049 = SURFACE_STYLE_USAGE ( .BOTH. , #8336 ) ;
#4050 = DIRECTION ( 'NONE',  ( 1.000000000000000000, 0.000000000000000000, 0.000000000000000000 ) ) ;
#4051 =( NAMED_UNIT ( * ) SI_UNIT ( $, .STERADIAN. ) SOLID_ANGLE_UNIT ( ) );
#4052 = CARTESIAN_POINT ( 'NONE',  ( 3.524039568547496337, -0.2392314227995495091, 2.101959649094452764 ) ) ;
#4053 = AXIS2_PLACEMENT_3D ( 'NONE', #6783, #6543, #1037 ) ;
#4054 =( NAMED_UNIT ( * ) SI_UNIT ( $, .STERADIAN. ) SOLID_ANGLE_UNIT ( ) );
#4055 = CARTESIAN_POINT ( 'NONE',  ( 4.952499999999999680, -0.7672499999999994325, 0.000000000000000000 ) ) ;
#4056 = CARTESIAN_POINT ( 'NONE',  ( 3.930540350905547431, -0.04071043145250430317, 2.455518577200451968 ) ) ;
#4057 =( LENGTH_UNIT ( ) NAMED_UNIT ( * ) SI_UNIT ( .MILLI., .METRE. ) );
#4058 = AXIS2_PLACEMENT_3D ( 'NONE', #903, #812, #5506 ) ;
#4059 =( BOUNDED_SURFACE ( )  B_SPLINE_SURFACE ( 3, 3, ( 
 ( #4747, #6807, #8263, #28 ),
 ( #3354, #4203, #8118, #6172 ),
 ( #2733, #2072, #7478, #659 ),
 ( #1391, #1309, #2783, #4021 ) ),
 .UNSPECIFIED., .F., .F., .F. ) 
 B_SPLINE_SURFACE_WITH_KNOTS ( ( 4, 4 ),
 ( 4, 4 ),
 ( 0.000000000000000000, 1.000000000000000000 ),
 ( 0.000000000000000000, 1.000000000000000000 ),
 .UNSPECIFIED. ) 
 GEOMETRIC_REPRESENTATION_ITEM ( )  RATIONAL_B_SPLINE_SURFACE ( (
 ( 1.000000000000000000, 0.8047378541243649375, 0.8047378541243649375, 1.000000000000000000),
 ( 0.8047378541243652705, 0.6476030138606879705, 0.6476030138606879705, 0.8047378541243652705),
 ( 0.8047378541243652705, 0.6476030138606879705, 0.6476030138606879705, 0.8047378541243652705),
 ( 1.000000000000000000, 0.8047378541243649375, 0.8047378541243649375, 1.000000000000000000) ) ) 
 REPRESENTATION_ITEM ( '' )  SURFACE ( )  );
#4060 = VERTEX_POINT ( 'NONE', #227 ) ;
#4061 = DIRECTION ( 'NONE',  ( 0.000000000000000000, 0.000000000000000000, 1.000000000000000000 ) ) ;
#4062 = ADVANCED_FACE ( 'NONE', ( #7179 ), #3726, .T. ) ;
#4063 =( NAMED_UNIT ( * ) PLANE_ANGLE_UNIT ( ) SI_UNIT ( $, .RADIAN. ) );
#4064 = CARTESIAN_POINT ( 'NONE',  ( 4.901339264947464969, -0.09894019910553203401, 2.039910966023013472 ) ) ;
#4065 = ADVANCED_FACE ( 'NONE', ( #5786 ), #7869, .F. ) ;
#4066 =( NAMED_UNIT ( * ) PLANE_ANGLE_UNIT ( ) SI_UNIT ( $, .RADIAN. ) );
#4067 = CARTESIAN_POINT ( 'NONE',  ( 0.8525000000000000355, -0.1922500000000008369, 0.6394013687083450748 ) ) ;
#4068 = ORIENTED_EDGE ( 'NONE', *, *, #7713, .T. ) ;
#4069 = CYLINDRICAL_SURFACE ( 'NONE', #7231, 0.9999999999999692468 ) ;
#4070 = CIRCLE ( 'NONE', #4952, 0.1000000000000000194 ) ;
#4071 = SURFACE_STYLE_FILL_AREA ( #7487 ) ;
#4072 = EDGE_CURVE ( 'NONE', #576, #5832, #4349, .T. ) ;
#4073 = EDGE_CURVE ( 'NONE', #4945, #3787, #6035, .T. ) ;
#4074 = CARTESIAN_POINT ( 'NONE',  ( -2.222500000000000142, 0.2322500000000000120, 0.000000000000000000 ) ) ;
#4075 = VERTEX_POINT ( 'NONE', #1888 ) ;
#4076 = DIRECTION ( 'NONE',  ( 0.000000000000000000, 1.000000000000000000, 0.000000000000000000 ) ) ;
#4077 = CARTESIAN_POINT ( 'NONE',  ( 3.879190199105532422, -0.1434107350525330171, -2.506868729000466089 ) ) ;
#4078 = ORIENTED_EDGE ( 'NONE', *, *, #663, .F. ) ;
#4079 = UNCERTAINTY_MEASURE_WITH_UNIT (LENGTH_MEASURE( 1.000000000000000082E-05 ), #6319, 'distance_accuracy_value', 'NONE');
#4080 = CARTESIAN_POINT ( 'NONE',  ( 0.8386017010834396768, -0.09225000000000052602, 0.5433639958395747316 ) ) ;
#4081 = COLOUR_RGB ( '',0.8313725490196077761, 0.8313725490196077761, 0.8313725490196077761 ) ;
#4082 = B_SPLINE_CURVE_WITH_KNOTS ( 'NONE', 3,
 ( #6722, #3897, #2532, #1260 ),
 .UNSPECIFIED., .F., .F.,
 ( 4, 4 ),
 ( 0.000000000000000000, 1.000000000000000000 ),
 .UNSPECIFIED. ) ;
#4083 = ORIENTED_EDGE ( 'NONE', *, *, #3637, .F. ) ;
#4084 = ORIENTED_EDGE ( 'NONE', *, *, #4123, .F. ) ;
#4085 = VERTEX_POINT ( 'NONE', #1267 ) ;
#4086 = VECTOR ( 'NONE', #7911, 1000.000000000000000 ) ;
#4087 = CARTESIAN_POINT ( 'NONE',  ( 0.8614693360738604477, -0.1591874171070379596, 2.035094501859784799 ) ) ;
#4088 = ORIENTED_EDGE ( 'NONE', *, *, #8756, .F. ) ;
#4089 = CARTESIAN_POINT ( 'NONE',  ( 3.372500000000000053, -0.7672499999999999876, 2.060000000000000053 ) ) ;
#4090 = VERTEX_POINT ( 'NONE', #3236 ) ;
#4091 =( NAMED_UNIT ( * ) SI_UNIT ( $, .STERADIAN. ) SOLID_ANGLE_UNIT ( ) );
#4092 = CARTESIAN_POINT ( 'NONE',  ( 4.787102839788669684, -0.1922499999999989218, -1.844279695023480103 ) ) ;
#4093 = PRESENTATION_STYLE_ASSIGNMENT (( #3375 ) ) ;
#4094 = CARTESIAN_POINT ( 'NONE',  ( -3.770634082987819991, 0.3248361564241390442, 2.660000000000000142 ) ) ;
#4095 = CARTESIAN_POINT ( 'NONE',  ( 3.430235026918961871, -0.1345149730810381306, 2.117735026918962760 ) ) ;
#4096 = DIRECTION ( 'NONE',  ( 8.223874256482640091E-16, -1.000000000000000000, 0.000000000000000000 ) ) ;
#4097 = CARTESIAN_POINT ( 'NONE',  ( -3.819148566720100835, 0.2118780199885296200, 1.899999999999999911 ) ) ;
#4098 = SURFACE_STYLE_FILL_AREA ( #7017 ) ;
#4099 =( GEOMETRIC_REPRESENTATION_CONTEXT ( 3 ) GLOBAL_UNCERTAINTY_ASSIGNED_CONTEXT ( ( #1608 ) ) GLOBAL_UNIT_ASSIGNED_CONTEXT ( ( #3450, #2480, #369 ) ) REPRESENTATION_CONTEXT ( 'NONE', 'WORKASPACE' ) );
#4100 = PRESENTATION_STYLE_ASSIGNMENT (( #7566 ) ) ;
#4101 = CARTESIAN_POINT ( 'NONE',  ( 3.372499999999999609, -0.1922499999999990883, 2.060000000000000053 ) ) ;
#4102 = ORIENTED_EDGE ( 'NONE', *, *, #8206, .F. ) ;
#4103 = SURFACE_STYLE_USAGE ( .BOTH. , #4241 ) ;
#4104 = VECTOR ( 'NONE', #7847, 1000.000000000000114 ) ;
#4105 = CARTESIAN_POINT ( 'NONE',  ( 4.787102839788670572, -0.7672499999999993214, 1.944279695023480192 ) ) ;
#4106 = DIRECTION ( 'NONE',  ( 1.000000000000000000, 8.893845946170153560E-16, 0.000000000000000000 ) ) ;
#4107 = FACE_OUTER_BOUND ( 'NONE', #2079, .T. ) ;
#4108 =( LENGTH_UNIT ( ) NAMED_UNIT ( * ) SI_UNIT ( .MILLI., .METRE. ) );
#4109 = AXIS2_PLACEMENT_3D ( 'NONE', #6989, #5633, #4435 ) ;
#4110 = PRESENTATION_LAYER_ASSIGNMENT (  '', '', ( #8288 ) ) ;
#4111 = ADVANCED_FACE ( 'NONE', ( #6077 ), #7437, .F. ) ;
#4112 = SURFACE_STYLE_USAGE ( .BOTH. , #8222 ) ;
#4113 = UNCERTAINTY_MEASURE_WITH_UNIT (LENGTH_MEASURE( 1.000000000000000082E-05 ), #3569, 'distance_accuracy_value', 'NONE');
#4114 = PRESENTATION_LAYER_ASSIGNMENT (  '', '', ( #3402 ) ) ;
#4115 = ORIENTED_EDGE ( 'NONE', *, *, #7882, .F. ) ;
#4116 = DIRECTION ( 'NONE',  ( -1.000000000000000000, 0.000000000000000000, -0.000000000000000000 ) ) ;
#4117 = FILL_AREA_STYLE ('',( #8894 ) ) ;
#4118 = ORIENTED_EDGE ( 'NONE', *, *, #742, .T. ) ;
#4119 = LINE ( 'NONE', #3541, #5834 ) ;
#4120 = ORIENTED_EDGE ( 'NONE', *, *, #3791, .T. ) ;
#4121 = PRESENTATION_LAYER_ASSIGNMENT (  '', '', ( #5703 ) ) ;
#4122 = LINE ( 'NONE', #7738, #4898 ) ;
#4123 = EDGE_CURVE ( 'NONE', #4596, #1278, #4933, .T. ) ;
#4124 = UNCERTAINTY_MEASURE_WITH_UNIT (LENGTH_MEASURE( 1.000000000000000082E-05 ), #1072, 'distance_accuracy_value', 'NONE');
#4125 = STYLED_ITEM ( 'NONE', ( #6592 ), #6815 ) ;
#4126 = MECHANICAL_DESIGN_GEOMETRIC_PRESENTATION_REPRESENTATION (  '', ( #5981 ), #6128 ) ;
#4127 = EDGE_LOOP ( 'NONE', ( #4812, #6758, #2160, #4866, #2354, #1718, #4027, #230 ) ) ;
#4128 = VERTEX_POINT ( 'NONE', #533 ) ;
#4129 = FILL_AREA_STYLE ('',( #828 ) ) ;
#4130 = CARTESIAN_POINT ( 'NONE',  ( -0.6082897420963518931, -0.07701132768019701424, 2.379999999999999449 ) ) ;
#4131 = EDGE_LOOP ( 'NONE', ( #2937, #2803, #6041, #8412 ) ) ;
#4132 = VERTEX_POINT ( 'NONE', #8003 ) ;
#4133 = LINE ( 'NONE', #3466, #8066 ) ;
#4134 = CIRCLE ( 'NONE', #5849, 0.1000000000000000194 ) ;
#4135 = CARTESIAN_POINT ( 'NONE',  ( 3.872500000000000053, -0.7672500000000000986, -2.502499999999999947 ) ) ;
#4136 = SURFACE_STYLE_USAGE ( .BOTH. , #4725 ) ;
#4137 =( GEOMETRIC_REPRESENTATION_CONTEXT ( 3 ) GLOBAL_UNCERTAINTY_ASSIGNED_CONTEXT ( ( #4833 ) ) GLOBAL_UNIT_ASSIGNED_CONTEXT ( ( #8408, #2656, #8077 ) ) REPRESENTATION_CONTEXT ( 'NONE', 'WORKASPACE' ) );
#4138 = PRESENTATION_STYLE_ASSIGNMENT (( #4049 ) ) ;
#4139 = CARTESIAN_POINT ( 'NONE',  ( 3.772500000000000409, -0.1922499999999991993, 1.860000000000000098 ) ) ;
#4140 = CARTESIAN_POINT ( 'NONE',  ( 3.372500000000000053, -0.7672499999999999876, -2.160000000000000142 ) ) ;
#4141 =( NAMED_UNIT ( * ) PLANE_ANGLE_UNIT ( ) SI_UNIT ( $, .RADIAN. ) );
#4142 = SURFACE_STYLE_FILL_AREA ( #6015 ) ;
#4143 = CARTESIAN_POINT ( 'NONE',  ( -3.242815959658425840, 0.04809771563645236919, 0.000000000000000000 ) ) ;
#4144 = LINE ( 'NONE', #4055, #3164 ) ;
#4145 = ORIENTED_EDGE ( 'NONE', *, *, #5876, .T. ) ;
#4146 = FACE_OUTER_BOUND ( 'NONE', #3266, .T. ) ;
#4147 =( GEOMETRIC_REPRESENTATION_CONTEXT ( 3 ) GLOBAL_UNCERTAINTY_ASSIGNED_CONTEXT ( ( #3388 ) ) GLOBAL_UNIT_ASSIGNED_CONTEXT ( ( #3099, #8573, #5683 ) ) REPRESENTATION_CONTEXT ( 'NONE', 'WORKASPACE' ) );
#4148 = DIRECTION ( 'NONE',  ( 1.000000000000000000, 0.000000000000000000, 0.000000000000000000 ) ) ;
#4149 = CARTESIAN_POINT ( 'NONE',  ( 0.9525000000000000133, -0.1922500000000010034, -2.060000000000000053 ) ) ;
#4150 = SURFACE_SIDE_STYLE ('',( #1434 ) ) ;
#4151 = CARTESIAN_POINT ( 'NONE',  ( 3.972500000000000142, -0.09224999999999913824, 0.000000000000000000 ) ) ;
#4152 = PRESENTATION_LAYER_ASSIGNMENT (  '', '', ( #1308 ) ) ;
#4153 = CARTESIAN_POINT ( 'NONE',  ( -0.2567365100197300243, -0.4546530281914721305, 2.329999999999999627 ) ) ;
#4154 = SURFACE_STYLE_USAGE ( .BOTH. , #7529 ) ;
#4155 = DIRECTION ( 'NONE',  ( -0.000000000000000000, 1.000000000000000000, -0.000000000000000000 ) ) ;
#4156 = EDGE_LOOP ( 'NONE', ( #8272, #8718, #1683, #5963, #1186 ) ) ;
#4157 = CIRCLE ( 'NONE', #3303, 0.1000000000000000611 ) ;
#4158 = DIRECTION ( 'NONE',  ( -1.000000000000000000, -5.139921410301649810E-16, -0.000000000000000000 ) ) ;
#4159 = FILL_AREA_STYLE ('',( #4803 ) ) ;
#4160 =( GEOMETRIC_REPRESENTATION_CONTEXT ( 3 ) GLOBAL_UNCERTAINTY_ASSIGNED_CONTEXT ( ( #3287 ) ) GLOBAL_UNIT_ASSIGNED_CONTEXT ( ( #686, #4723, #5348 ) ) REPRESENTATION_CONTEXT ( 'NONE', 'WORKASPACE' ) );
#4161 = ORIENTED_EDGE ( 'NONE', *, *, #5230, .T. ) ;
#4162 = SURFACE_SIDE_STYLE ('',( #2080 ) ) ;
#4163 = STYLED_ITEM ( 'NONE', ( #8889 ), #3638 ) ;
#4164 = VERTEX_POINT ( 'NONE', #7391 ) ;
#4165 = DIRECTION ( 'NONE',  ( -0.8856505754816621501, 0.4643522996055909902, 0.000000000000000000 ) ) ;
#4166 =( NAMED_UNIT ( * ) SI_UNIT ( $, .STERADIAN. ) SOLID_ANGLE_UNIT ( ) );
#4167 = VERTEX_POINT ( 'NONE', #3274 ) ;
#4168 = CARTESIAN_POINT ( 'NONE',  ( -3.270000000000000018, 3.047499999999999876, 0.000000000000000000 ) ) ;
#4169 = CARTESIAN_POINT ( 'NONE',  ( 0.8939213562373093946, -0.09225000000000081746, -0.8629237369103520683 ) ) ;
#4170 =( GEOMETRIC_REPRESENTATION_CONTEXT ( 3 ) GLOBAL_UNCERTAINTY_ASSIGNED_CONTEXT ( ( #5338 ) ) GLOBAL_UNIT_ASSIGNED_CONTEXT ( ( #2116, #1488, #2204 ) ) REPRESENTATION_CONTEXT ( 'NONE', 'WORKASPACE' ) );
#4171 = AXIS2_PLACEMENT_3D ( 'NONE', #6364, #4932, #7674 ) ;
#4172 = ORIENTED_EDGE ( 'NONE', *, *, #1353, .T. ) ;
#4173 = ORIENTED_EDGE ( 'NONE', *, *, #4467, .T. ) ;
#4174 = CARTESIAN_POINT ( 'NONE',  ( 0.9183348536137586615, -0.1345149730810371591, 2.141304907451683892 ) ) ;
#4175 = DIRECTION ( 'NONE',  ( 4.823386660693620032E-16, -1.000000000000000000, 0.000000000000000000 ) ) ;
#4176 = ADVANCED_FACE ( 'NONE', ( #1181 ), #7308, .F. ) ;
#4177 = ADVANCED_FACE ( 'NONE', ( #6952, #2739 ), #3485, .T. ) ;
#4178 = ORIENTED_EDGE ( 'NONE', *, *, #8596, .F. ) ;
#4179 = SURFACE_STYLE_USAGE ( .BOTH. , #102 ) ;
#4180 = ADVANCED_FACE ( 'NONE', ( #6233 ), #8267, .T. ) ;
#4181 = EDGE_LOOP ( 'NONE', ( #5001, #4311, #4351, #3207, #8238 ) ) ;
#4182 = FILL_AREA_STYLE_COLOUR ( '', #2765 ) ;
#4183 = AXIS2_PLACEMENT_3D ( 'NONE', #8702, #7338, #2560 ) ;
#4184 = DIRECTION ( 'NONE',  ( 0.000000000000000000, 0.000000000000000000, 1.000000000000000000 ) ) ;
#4185 =( LENGTH_UNIT ( ) NAMED_UNIT ( * ) SI_UNIT ( .MILLI., .METRE. ) );
#4186 = PRESENTATION_LAYER_ASSIGNMENT (  '', '', ( #3055 ) ) ;
#4187 = AXIS2_PLACEMENT_3D ( 'NONE', #1689, #8552, #4323 ) ;
#4188 = DIRECTION ( 'NONE',  ( 8.611386656002740130E-16, -1.000000000000000000, -0.000000000000000000 ) ) ;
#4189 = LINE ( 'NONE', #6302, #2432 ) ;
#4190 = CARTESIAN_POINT ( 'NONE',  ( 4.952499999999998792, -0.1922499999999990605, 0.000000000000000000 ) ) ;
#4191 = ORIENTED_EDGE ( 'NONE', *, *, #1942, .T. ) ;
#4192 = EDGE_CURVE ( 'NONE', #1371, #5249, #8354, .T. ) ;
#4193 = SURFACE_SIDE_STYLE ('',( #8249 ) ) ;
#4194 = CYLINDRICAL_SURFACE ( 'NONE', #4526, 0.1000000000000002554 ) ;
#4195 = FILL_AREA_STYLE_COLOUR ( '', #5605 ) ;
#4196 = VECTOR ( 'NONE', #8436, 1000.000000000000000 ) ;
#4197 = CIRCLE ( 'NONE', #3479, 0.1000000000000000056 ) ;
#4198 = CARTESIAN_POINT ( 'NONE',  ( 4.885562582892963412, -0.2171554981402123718, -2.593530663926140178 ) ) ;
#4199 = CARTESIAN_POINT ( 'NONE',  ( 3.372499999999999609, -0.09224999999999908273, -2.060000000000000053 ) ) ;
#4200 = FACE_OUTER_BOUND ( 'NONE', #3419, .T. ) ;
#4201 = CARTESIAN_POINT ( 'NONE',  ( 3.972500000000000142, -0.1922499999999990050, 2.502499999999999947 ) ) ;
#4202 = CARTESIAN_POINT ( 'NONE',  ( 3.972500000000000142, -0.09224999999999901334, 2.060000000000000053 ) ) ;
#4203 = CARTESIAN_POINT ( 'NONE',  ( 4.728524196025978732, -0.1336713562373085251, -1.944279695023480192 ) ) ;
#4204 = DIRECTION ( 'NONE',  ( -1.000000000000000000, -1.084202172485501673E-15, 0.000000000000000000 ) ) ;
#4205 = DIRECTION ( 'NONE',  ( 1.000000000000000000, 4.517509052022936456E-16, 0.000000000000000000 ) ) ;
#4206 = SURFACE_STYLE_FILL_AREA ( #6996 ) ;
#4207 = VECTOR ( 'NONE', #7760, 1000.000000000000227 ) ;
#4208 =( GEOMETRIC_REPRESENTATION_CONTEXT ( 3 ) GLOBAL_UNCERTAINTY_ASSIGNED_CONTEXT ( ( #8621 ) ) GLOBAL_UNIT_ASSIGNED_CONTEXT ( ( #3622, #1757, #7089 ) ) REPRESENTATION_CONTEXT ( 'NONE', 'WORKASPACE' ) );
#4209 = VECTOR ( 'NONE', #2610, 1000.000000000000000 ) ;
#4210 = CYLINDRICAL_SURFACE ( 'NONE', #4790, 0.2999999999999999334 ) ;
#4211 = UNCERTAINTY_MEASURE_WITH_UNIT (LENGTH_MEASURE( 1.000000000000000082E-05 ), #6043, 'distance_accuracy_value', 'NONE');
#4212 = VECTOR ( 'NONE', #8556, 1000.000000000000000 ) ;
#4213 = ORIENTED_EDGE ( 'NONE', *, *, #2875, .F. ) ;
#4214 = SURFACE_STYLE_USAGE ( .BOTH. , #38 ) ;
#4215 = ORIENTED_EDGE ( 'NONE', *, *, #768, .F. ) ;
#4216 = EDGE_CURVE ( 'NONE', #7232, #4854, #7682, .T. ) ;
#4217 = CARTESIAN_POINT ( 'NONE',  ( -4.269999999999999574, -0.7672500000000009868, -2.660000000000000142 ) ) ;
#4218 =( LENGTH_UNIT ( ) NAMED_UNIT ( * ) SI_UNIT ( .MILLI., .METRE. ) );
#4219 = CIRCLE ( 'NONE', #3497, 0.09999999999999982514 ) ;
#4220 = ORIENTED_EDGE ( 'NONE', *, *, #420, .F. ) ;
#4221 = CARTESIAN_POINT ( 'NONE',  ( -4.952499999999999680, 0.2322500000000000397, -1.899999999999999911 ) ) ;
#4222 = UNCERTAINTY_MEASURE_WITH_UNIT (LENGTH_MEASURE( 1.000000000000000082E-05 ), #5102, 'distance_accuracy_value', 'NONE');
#4223 = ORIENTED_EDGE ( 'NONE', *, *, #5768, .T. ) ;
#4224 = ORIENTED_EDGE ( 'NONE', *, *, #8595, .T. ) ;
#4225 = SURFACE_STYLE_FILL_AREA ( #4129 ) ;
#4226 = DIRECTION ( 'NONE',  ( -1.000000000000000000, -8.131516293641262547E-16, 0.000000000000000000 ) ) ;
#4227 = ORIENTED_EDGE ( 'NONE', *, *, #106, .T. ) ;
#4228 = EDGE_LOOP ( 'NONE', ( #4955, #5276, #5568, #8752, #6957, #7324 ) ) ;
#4229 = EDGE_LOOP ( 'NONE', ( #4765, #4902, #2478, #6970 ) ) ;
#4230 = CARTESIAN_POINT ( 'NONE',  ( 3.545609128038690105, -0.7672499999999999876, -0.8062182560773819562 ) ) ;
#4231 = ADVANCED_BREP_SHAPE_REPRESENTATION ( '', ( #4985, #8059, #5070, #1998, #2356 ), #757 ) ;
#4232 = FILL_AREA_STYLE_COLOUR ( '', #7955 ) ;
#4233 = EDGE_CURVE ( 'NONE', #6662, #5332, #8080, .T. ) ;
#4234 = SURFACE_STYLE_FILL_AREA ( #245 ) ;
#4235 = DIRECTION ( 'NONE',  ( -1.000000000000000000, -2.546383084002650169E-16, -0.000000000000000000 ) ) ;
#4236 = FILL_AREA_STYLE_COLOUR ( '', #4081 ) ;
#4237 = PRESENTATION_STYLE_ASSIGNMENT (( #112 ) ) ;
#4238 = CARTESIAN_POINT ( 'NONE',  ( 0.8525000000000001465, -0.7672500000000007647, 0.8629237369103519573 ) ) ;
#4239 = CARTESIAN_POINT ( 'NONE',  ( -4.269999999999999574, -0.2322500000000010112, -2.660000000000000142 ) ) ;
#4240 = CARTESIAN_POINT ( 'NONE',  ( 3.914764973081038768, -0.1345149730810376587, 2.560235026918963985 ) ) ;
#4241 = SURFACE_SIDE_STYLE ('',( #2147 ) ) ;
#4242 = ADVANCED_FACE ( 'NONE', ( #5639 ), #4751, .F. ) ;
#4243 = EDGE_CURVE ( 'NONE', #5655, #8009, #3792, .T. ) ;
#4244 =( LENGTH_UNIT ( ) NAMED_UNIT ( * ) SI_UNIT ( .MILLI., .METRE. ) );
#4245 = SURFACE_SIDE_STYLE ('',( #1571 ) ) ;
#4246 =( LENGTH_UNIT ( ) NAMED_UNIT ( * ) SI_UNIT ( .MILLI., .METRE. ) );
#4247 = CARTESIAN_POINT ( 'NONE',  ( -4.852500000000000036, -0.6672500000000000098, 0.000000000000000000 ) ) ;
#4248 = SURFACE_SIDE_STYLE ('',( #1525 ) ) ;
#4249 = SURFACE_STYLE_FILL_AREA ( #2826 ) ;
#4250 = CARTESIAN_POINT ( 'NONE',  ( 4.852500000000000036, -0.1922499999999990050, -2.502499999999999947 ) ) ;
#4251 =( GEOMETRIC_REPRESENTATION_CONTEXT ( 3 ) GLOBAL_UNCERTAINTY_ASSIGNED_CONTEXT ( ( #2434 ) ) GLOBAL_UNIT_ASSIGNED_CONTEXT ( ( #5076, #2878, #1587 ) ) REPRESENTATION_CONTEXT ( 'NONE', 'WORKASPACE' ) );
#4252 = CARTESIAN_POINT ( 'NONE',  ( -4.852500000000000036, -0.7672499999999999876, 0.000000000000000000 ) ) ;
#4253 = CARTESIAN_POINT ( 'NONE',  ( 3.772500000000000409, -0.09224999999999911049, -1.860000000000000098 ) ) ;
#4254 = B_SPLINE_CURVE_WITH_KNOTS ( 'NONE', 3,
 ( #1707, #6461, #5063, #7816, #2388, #4436, #7169, #1040, #2430, #7900, #355, #3096, #4483, #7212, #2246, #3807, #166 ),
 .UNSPECIFIED., .F., .F.,
 ( 4, 2, 2, 2, 2, 1, 2, 2, 4 ),
 ( 0.000000000000000000, 0.1249999999999999722, 0.2499999999999999445, 0.3749999999999998890, 0.4999999999999998890, 0.6249999999999998890, 0.6875000000000000000, 0.7500000000000000000, 1.000000000000000000 ),
 .UNSPECIFIED. ) ;
#4255 = ORIENTED_EDGE ( 'NONE', *, *, #4072, .T. ) ;
#4256 =( LENGTH_UNIT ( ) NAMED_UNIT ( * ) SI_UNIT ( .MILLI., .METRE. ) );
#4257 = CYLINDRICAL_SURFACE ( 'NONE', #8001, 0.1000000000000002554 ) ;
#4258 = AXIS2_PLACEMENT_3D ( 'NONE', #2457, #6576, #1281 ) ;
#4259 = ORIENTED_EDGE ( 'NONE', *, *, #5381, .T. ) ;
#4260 = VECTOR ( 'NONE', #6505, 1000.000000000000114 ) ;
#4261 = AXIS2_PLACEMENT_3D ( 'NONE', #8668, #5278, #7304 ) ;
#4262 = DIRECTION ( 'NONE',  ( -1.000000000000000000, 0.000000000000000000, 0.000000000000000000 ) ) ;
#4263 = ORIENTED_EDGE ( 'NONE', *, *, #8207, .T. ) ;
#4264 = ORIENTED_EDGE ( 'NONE', *, *, #6709, .T. ) ;
#4265 = COLOUR_RGB ( '',0.8313725490196077761, 0.8313725490196077761, 0.8313725490196077761 ) ;
#4266 = DIRECTION ( 'NONE',  ( -0.9982683598298539573, -4.489643301426653091E-16, -0.05882415968471808171 ) ) ;
#4267 = VERTEX_POINT ( 'NONE', #5152 ) ;
#4268 = ORIENTED_EDGE ( 'NONE', *, *, #8464, .F. ) ;
#4269 = SURFACE_STYLE_USAGE ( .BOTH. , #1549 ) ;
#4270 = LINE ( 'NONE', #4321, #7158 ) ;
#4271 = ORIENTED_EDGE ( 'NONE', *, *, #72, .F. ) ;
#4272 = SURFACE_STYLE_FILL_AREA ( #3648 ) ;
#4273 = FILL_AREA_STYLE_COLOUR ( '', #3317 ) ;
#4274 =( GEOMETRIC_REPRESENTATION_CONTEXT ( 3 ) GLOBAL_UNCERTAINTY_ASSIGNED_CONTEXT ( ( #2789 ) ) GLOBAL_UNIT_ASSIGNED_CONTEXT ( ( #4816, #927, #6525 ) ) REPRESENTATION_CONTEXT ( 'NONE', 'WORKASPACE' ) );
#4275 =( NAMED_UNIT ( * ) PLANE_ANGLE_UNIT ( ) SI_UNIT ( $, .RADIAN. ) );
#4276 = CARTESIAN_POINT ( 'NONE',  ( 4.412499999999999645, -0.1922499999999990050, -2.602500000000000036 ) ) ;
#4277 = FACE_OUTER_BOUND ( 'NONE', #2092, .T. ) ;
#4278 = CARTESIAN_POINT ( 'NONE',  ( 3.968131270999535776, -0.1434107350525320179, 2.595809800894467667 ) ) ;
#4279 = CARTESIAN_POINT ( 'NONE',  ( -3.055000000000000604, 0.7672499999999990994, 0.000000000000000000 ) ) ;
#4280 = STYLED_ITEM ( 'NONE', ( #1896 ), #6325 ) ;
#4281 = LINE ( 'NONE', #4925, #2902 ) ;
#4282 =( NAMED_UNIT ( * ) PLANE_ANGLE_UNIT ( ) SI_UNIT ( $, .RADIAN. ) );
#4283 =( GEOMETRIC_REPRESENTATION_CONTEXT ( 3 ) GLOBAL_UNCERTAINTY_ASSIGNED_CONTEXT ( ( #5266 ) ) GLOBAL_UNIT_ASSIGNED_CONTEXT ( ( #2282, #6408, #6937 ) ) REPRESENTATION_CONTEXT ( 'NONE', 'WORKASPACE' ) );
#4284 = CARTESIAN_POINT ( 'NONE',  ( 4.910235026918963186, -0.1345149730810366595, -1.986544668104517131 ) ) ;
#4285 = DIRECTION ( 'NONE',  ( -0.8164965809277263675, 0.4082482904638621846, -0.4082482904638631838 ) ) ;
#4286 = UNCERTAINTY_MEASURE_WITH_UNIT (LENGTH_MEASURE( 1.000000000000000082E-05 ), #1028, 'distance_accuracy_value', 'NONE');
#4287 = CARTESIAN_POINT ( 'NONE',  ( -2.970680289872789537, -3.047501534150533153, 0.6750051777580434731 ) ) ;
#4288 = SURFACE_STYLE_USAGE ( .BOTH. , #7719 ) ;
#4289 = FILL_AREA_STYLE ('',( #6316 ) ) ;
#4290 = CARTESIAN_POINT ( 'NONE',  ( 0.8524999999999999245, -0.1922500000000010312, 2.060000000000000053 ) ) ;
#4291 = CARTESIAN_POINT ( 'NONE',  ( 4.910235026918962298, -0.1345149730810366040, 2.560235026918962653 ) ) ;
#4292 = CARTESIAN_POINT ( 'NONE',  ( 4.952499999999999680, -0.09224999999999869416, -2.060000000000000053 ) ) ;
#4293 = EDGE_CURVE ( 'NONE', #1817, #8228, #2969, .T. ) ;
#4294 = ADVANCED_FACE ( 'NONE', ( #3136 ), #4441, .T. ) ;
#4295 = LINE ( 'NONE', #5636, #8171 ) ;
#4296 = EDGE_CURVE ( 'NONE', #8768, #6222, #5256, .T. ) ;
#4297 = EDGE_CURVE ( 'NONE', #5346, #2256, #1301, .T. ) ;
#4298 = STYLED_ITEM ( 'NONE', ( #7859 ), #7540 ) ;
#4299 = SURFACE_STYLE_FILL_AREA ( #8399 ) ;
#4300 = CARTESIAN_POINT ( 'NONE',  ( -0.3526862237599582839, 0.4989056601461592244, 2.379999999999999893 ) ) ;
#4301 = UNCERTAINTY_MEASURE_WITH_UNIT (LENGTH_MEASURE( 1.000000000000000082E-05 ), #458, 'distance_accuracy_value', 'NONE');
#4302 = COLOUR_RGB ( '',0.8313725490196077761, 0.8313725490196077761, 0.8313725490196077761 ) ;
#4303 = ORIENTED_EDGE ( 'NONE', *, *, #4293, .T. ) ;
#4304 = VERTEX_POINT ( 'NONE', #3974 ) ;
#4305 =( NAMED_UNIT ( * ) PLANE_ANGLE_UNIT ( ) SI_UNIT ( $, .RADIAN. ) );
#4306 = CARTESIAN_POINT ( 'NONE',  ( -3.245662267318063954, -2.269792685268485766, 2.246874819632010745 ) ) ;
#4307 = ORIENTED_EDGE ( 'NONE', *, *, #1139, .F. ) ;
#4308 = DIRECTION ( 'NONE',  ( 0.000000000000000000, 0.000000000000000000, 1.000000000000000000 ) ) ;
#4309 = PRESENTATION_LAYER_ASSIGNMENT (  '', '', ( #8180 ) ) ;
#4310 = PRESENTATION_STYLE_ASSIGNMENT (( #5821 ) ) ;
#4311 = ORIENTED_EDGE ( 'NONE', *, *, #1939, .T. ) ;
#4312 = ORIENTED_EDGE ( 'NONE', *, *, #1515, .F. ) ;
#4313 = UNCERTAINTY_MEASURE_WITH_UNIT (LENGTH_MEASURE( 1.000000000000000082E-05 ), #8460, 'distance_accuracy_value', 'NONE');
#4314 = CARTESIAN_POINT ( 'NONE',  ( -4.120000000000000107, 0.03274999999999959888, 2.754999999999999893 ) ) ;
#4315 = VECTOR ( 'NONE', #6276, 1000.000000000000000 ) ;
#4316 = VERTEX_POINT ( 'NONE', #5979 ) ;
#4317 = ORIENTED_EDGE ( 'NONE', *, *, #8585, .F. ) ;
#4318 = PRESENTATION_LAYER_ASSIGNMENT (  '', '', ( #8193 ) ) ;
#4319 = LINE ( 'NONE', #2409, #1148 ) ;
#4320 = CARTESIAN_POINT ( 'NONE',  ( 3.372500000000000053, -0.1922499999999994769, -2.060000000000000053 ) ) ;
#4321 = CARTESIAN_POINT ( 'NONE',  ( 3.472500000000000142, -0.1922499999999989495, 1.959999999999999964 ) ) ;
#4322 = ORIENTED_EDGE ( 'NONE', *, *, #6188, .T. ) ;
#4323 = DIRECTION ( 'NONE',  ( 1.000000000000000000, 0.000000000000000000, 0.000000000000000000 ) ) ;
#4324 = STYLED_ITEM ( 'NONE', ( #1017 ), #3868 ) ;
#4325 =( LENGTH_UNIT ( ) NAMED_UNIT ( * ) SI_UNIT ( .MILLI., .METRE. ) );
#4326 = STYLED_ITEM ( 'NONE', ( #5244 ), #2346 ) ;
#4327 = CARTESIAN_POINT ( 'NONE',  ( -4.852500000000000036, -0.2322500000000002063, 1.899999999999999911 ) ) ;
#4328 = PRESENTATION_STYLE_ASSIGNMENT (( #6578 ) ) ;
#4329 = DIRECTION ( 'NONE',  ( 1.000000000000000000, 7.047314121155760677E-15, 0.000000000000000000 ) ) ;
#4330 = VECTOR ( 'NONE', #5139, 1000.000000000000000 ) ;
#4331 = DIRECTION ( 'NONE',  ( 1.224646799147353207E-16, -1.000000000000000000, 0.000000000000000000 ) ) ;
#4332 = EDGE_CURVE ( 'NONE', #4639, #576, #4609, .T. ) ;
#4333 = PRESENTATION_LAYER_ASSIGNMENT (  '', '', ( #2624 ) ) ;
#4334 = CARTESIAN_POINT ( 'NONE',  ( 0.2073901124599418777, 0.4790325118501685964, 2.329999999999999627 ) ) ;
#4335 = CARTESIAN_POINT ( 'NONE',  ( 4.906588753711015549, -0.08008266559970184106, -2.037330702377905034 ) ) ;
#4336 = CIRCLE ( 'NONE', #3767, 0.09999999999999982514 ) ;
#4337 = COLOUR_RGB ( '',0.8313725490196077761, 0.8313725490196077761, 0.8313725490196077761 ) ;
#4338 =( LENGTH_UNIT ( ) NAMED_UNIT ( * ) SI_UNIT ( .MILLI., .METRE. ) );
#4339 = CARTESIAN_POINT ( 'NONE',  ( 3.972500000000000142, -0.4297499999999990217, -2.602500000000000036 ) ) ;
#4340 = CARTESIAN_POINT ( 'NONE',  ( -4.319792374265440493, 0.2677499999999999880, 1.899999999999999911 ) ) ;
#4341 = FILL_AREA_STYLE ('',( #2339 ) ) ;
#4342 = DIRECTION ( 'NONE',  ( 0.000000000000000000, 0.000000000000000000, 1.000000000000000000 ) ) ;
#4343 =( NAMED_UNIT ( * ) SI_UNIT ( $, .STERADIAN. ) SOLID_ANGLE_UNIT ( ) );
#4344 = CARTESIAN_POINT ( 'NONE',  ( 0.8947649730810373070, -0.1345149730810372701, 2.117735026918962760 ) ) ;
#4345 = CIRCLE ( 'NONE', #34, 0.1000000000000000056 ) ;
#4346 = COLOUR_RGB ( '',0.8313725490196077761, 0.8313725490196077761, 0.8313725490196077761 ) ;
#4347 = SURFACE_STYLE_USAGE ( .BOTH. , #4439 ) ;
#4348 = CIRCLE ( 'NONE', #6352, 0.5000000000000000000 ) ;
#4349 = CIRCLE ( 'NONE', #2931, 0.1000000000000002554 ) ;
#4350 = ADVANCED_FACE ( 'NONE', ( #5900 ), #5240, .T. ) ;
#4351 = ORIENTED_EDGE ( 'NONE', *, *, #302, .F. ) ;
#4352 = ORIENTED_EDGE ( 'NONE', *, *, #71, .F. ) ;
#4353 =( NAMED_UNIT ( * ) PLANE_ANGLE_UNIT ( ) SI_UNIT ( $, .RADIAN. ) );
#4354 = CARTESIAN_POINT ( 'NONE',  ( 0.3819120798423590313, -0.1922500000000010312, 0.3637895569954250341 ) ) ;
#4355 = ORIENTED_EDGE ( 'NONE', *, *, #1399, .T. ) ;
#4356 = DIRECTION ( 'NONE',  ( 0.000000000000000000, 0.000000000000000000, -1.000000000000000000 ) ) ;
#4357 = CARTESIAN_POINT ( 'NONE',  ( -1.222499999999999920, 0.2322500000000000120, 0.3800000000000000044 ) ) ;
#4358 = ORIENTED_EDGE ( 'NONE', *, *, #1681, .F. ) ;
#4359 =( GEOMETRIC_REPRESENTATION_CONTEXT ( 3 ) GLOBAL_UNCERTAINTY_ASSIGNED_CONTEXT ( ( #712 ) ) GLOBAL_UNIT_ASSIGNED_CONTEXT ( ( #6059, #3842, #1836 ) ) REPRESENTATION_CONTEXT ( 'NONE', 'WORKASPACE' ) );
#4360 = CARTESIAN_POINT ( 'NONE',  ( 0.9774054981402146014, -0.1591874171070371546, -2.151030663926139841 ) ) ;
#4361 =( LENGTH_UNIT ( ) NAMED_UNIT ( * ) SI_UNIT ( .MILLI., .METRE. ) );
#4362 = ADVANCED_FACE ( 'NONE', ( #1172 ), #3434, .T. ) ;
#4363 = ADVANCED_FACE ( 'NONE', ( #6802 ), #1676, .T. ) ;
#4364 = ORIENTED_EDGE ( 'NONE', *, *, #974, .F. ) ;
#4365 = MECHANICAL_DESIGN_GEOMETRIC_PRESENTATION_REPRESENTATION (  '', ( #1362 ), #7363 ) ;
#4366 = ORIENTED_EDGE ( 'NONE', *, *, #8865, .T. ) ;
#4367 =( BOUNDED_SURFACE ( )  B_SPLINE_SURFACE ( 3, 3, ( 
 ( #7254, #5890, #7048, #1671 ),
 ( #7827, #7987, #5234, #1535 ),
 ( #4397, #3846, #6588, #5691 ),
 ( #7093, #3629, #4306, #274 ) ),
 .UNSPECIFIED., .F., .F., .F. ) 
 B_SPLINE_SURFACE_WITH_KNOTS ( ( 4, 4 ),
 ( 4, 4 ),
 ( 0.000000000000000000, 1.000000000000000000 ),
 ( 0.000000000000000000, 1.000000000000000000 ),
 .UNSPECIFIED. ) 
 GEOMETRIC_REPRESENTATION_ITEM ( )  RATIONAL_B_SPLINE_SURFACE ( (
 ( 1.000000000000000000, 0.3333333333333326487, 0.3333333333333326487, 1.000000000000000000),
 ( 0.9296608745176909716, 0.3098869581725630096, 0.3098869581725630096, 0.9296608745176909716),
 ( 0.9296608745176909716, 0.3098869581725630096, 0.3098869581725630096, 0.9296608745176909716),
 ( 1.000000000000000000, 0.3333333333333326487, 0.3333333333333326487, 1.000000000000000000) ) ) 
 REPRESENTATION_ITEM ( '' )  SURFACE ( )  );
#4368 = CARTESIAN_POINT ( 'NONE',  ( 0.9525000000000003464, -0.1922500000000000320, 2.160000000000000142 ) ) ;
#4369 = FACE_OUTER_BOUND ( 'NONE', #483, .T. ) ;
#4370 = CARTESIAN_POINT ( 'NONE',  ( 0.3819120798423590313, -0.1922500000000010034, -0.3637895569954249786 ) ) ;
#4371 = ORIENTED_EDGE ( 'NONE', *, *, #6931, .F. ) ;
#4372 = UNCERTAINTY_MEASURE_WITH_UNIT (LENGTH_MEASURE( 1.000000000000000082E-05 ), #994, 'distance_accuracy_value', 'NONE');
#4373 = FILL_AREA_STYLE_COLOUR ( '', #5749 ) ;
#4374 = SURFACE_STYLE_USAGE ( .BOTH. , #2948 ) ;
#4375 = CARTESIAN_POINT ( 'NONE',  ( 3.372500000000000497, -0.09224999999999913824, 1.942842712474619260 ) ) ;
#4376 = FACE_OUTER_BOUND ( 'NONE', #5880, .T. ) ;
#4377 = CARTESIAN_POINT ( 'NONE',  ( -1.635000000000000009, -2.878590794297180899, 2.114950978616529920 ) ) ;
#4378 = CARTESIAN_POINT ( 'NONE',  ( -2.967064712576866548, 2.932473286724403216, 2.003243397082225652 ) ) ;
#4379 = FILL_AREA_STYLE_COLOUR ( '', #2168 ) ;
#4380 = CARTESIAN_POINT ( 'NONE',  ( -3.414865336152356434, -0.3451191649770724568, 2.754999999999999893 ) ) ;
#4381 = VECTOR ( 'NONE', #6857, 1000.000000000000000 ) ;
#4382 = UNCERTAINTY_MEASURE_WITH_UNIT (LENGTH_MEASURE( 1.000000000000000082E-05 ), #7986, 'distance_accuracy_value', 'NONE');
#4383 = DIRECTION ( 'NONE',  ( -1.000000000000000000, -4.497431234013940009E-16, 0.000000000000000000 ) ) ;
#4384 = DIRECTION ( 'NONE',  ( 0.000000000000000000, 1.000000000000000000, 0.000000000000000000 ) ) ;
#4385 = DIRECTION ( 'NONE',  ( -1.000000000000000000, 0.000000000000000000, -0.000000000000000000 ) ) ;
#4386 = STYLED_ITEM ( 'NONE', ( #6906 ), #2208 ) ;
#4387 = CARTESIAN_POINT ( 'NONE',  ( 3.972500000000000142, -0.7672500000000000986, -2.502499999999999947 ) ) ;
#4388 = LINE ( 'NONE', #312, #7736 ) ;
#4389 = FACE_OUTER_BOUND ( 'NONE', #8852, .T. ) ;
#4390 =( LENGTH_UNIT ( ) NAMED_UNIT ( * ) SI_UNIT ( .MILLI., .METRE. ) );
#4391 = DIRECTION ( 'NONE',  ( 8.611386656002740130E-16, -1.000000000000000000, -0.000000000000000000 ) ) ;
#4392 = CARTESIAN_POINT ( 'NONE',  ( -4.319792374265440493, 0.2677499999999999880, -2.754999999999999893 ) ) ;
#4393 = PRESENTATION_STYLE_ASSIGNMENT (( #7821 ) ) ;
#4394 = UNCERTAINTY_MEASURE_WITH_UNIT (LENGTH_MEASURE( 1.000000000000000082E-05 ), #6113, 'distance_accuracy_value', 'NONE');
#4395 = VERTEX_POINT ( 'NONE', #8254 ) ;
#4396 = DIRECTION ( 'NONE',  ( 1.000000000000000000, 0.000000000000000000, 0.000000000000000000 ) ) ;
#4397 = CARTESIAN_POINT ( 'NONE',  ( -2.797797393223115492, -2.717203111341380595, 2.363850990807745855 ) ) ;
#4398 = VERTEX_POINT ( 'NONE', #3480 ) ;
#4399 = CARTESIAN_POINT ( 'NONE',  ( 4.910235026918963186, -0.1345149730810359379, 1.986544668104517131 ) ) ;
#4400 = ORIENTED_EDGE ( 'NONE', *, *, #249, .F. ) ;
#4401 =( NAMED_UNIT ( * ) PLANE_ANGLE_UNIT ( ) SI_UNIT ( $, .RADIAN. ) );
#4402 = LINE ( 'NONE', #277, #5992 ) ;
#4403 = EDGE_CURVE ( 'NONE', #4691, #98, #1650, .T. ) ;
#4404 = CARTESIAN_POINT ( 'NONE',  ( 0.9994814227995495459, -0.04071043145250135414, -2.101959649094451432 ) ) ;
#4405 = COLOUR_RGB ( '',0.8313725490196077761, 0.8313725490196077761, 0.8313725490196077761 ) ;
#4406 = MECHANICAL_DESIGN_GEOMETRIC_PRESENTATION_REPRESENTATION (  '', ( #8288 ), #6994 ) ;
#4407 = ORIENTED_EDGE ( 'NONE', *, *, #905, .F. ) ;
#4408 = VERTEX_POINT ( 'NONE', #5404 ) ;
#4409 = CARTESIAN_POINT ( 'NONE',  ( 3.433881300126909508, -0.1889472805623728935, -2.168521061192350441 ) ) ;
#4410 = FACE_OUTER_BOUND ( 'NONE', #5867, .T. ) ;
#4411 = ORIENTED_EDGE ( 'NONE', *, *, #3423, .F. ) ;
#4412 = CARTESIAN_POINT ( 'NONE',  ( 3.270000000000000018, 3.047499999999999876, 0.000000000000000000 ) ) ;
#4413 = ADVANCED_FACE ( 'NONE', ( #4146 ), #73, .F. ) ;
#4414 = EDGE_CURVE ( 'NONE', #2847, #5655, #301, .T. ) ;
#4415 = DIRECTION ( 'NONE',  ( 5.139921410301649810E-16, -1.000000000000000000, 0.000000000000000000 ) ) ;
#4416 = ADVANCED_FACE ( 'NONE', ( #3004 ), #2588, .T. ) ;
#4417 = EDGE_CURVE ( 'NONE', #4948, #5279, #7806, .T. ) ;
#4418 =( NAMED_UNIT ( * ) SI_UNIT ( $, .STERADIAN. ) SOLID_ANGLE_UNIT ( ) );
#4419 = COLOUR_RGB ( '',0.2862745098039215508, 0.2862745098039215508, 0.2862745098039215508 ) ;
#4420 = LINE ( 'NONE', #5664, #5218 ) ;
#4421 =( BOUNDED_SURFACE ( )  B_SPLINE_SURFACE ( 3, 3, ( 
 ( #4459, #7844, #6442, #7190 ),
 ( #1109, #1067, #3915, #6090 ),
 ( #1988, #542, #630, #4712 ),
 ( #6693, #8771, #4592, #2626 ) ),
 .UNSPECIFIED., .F., .F., .F. ) 
 B_SPLINE_SURFACE_WITH_KNOTS ( ( 4, 4 ),
 ( 4, 4 ),
 ( 0.000000000000000000, 1.000000000000000000 ),
 ( 0.000000000000000000, 1.000000000000000000 ),
 .UNSPECIFIED. ) 
 GEOMETRIC_REPRESENTATION_ITEM ( )  RATIONAL_B_SPLINE_SURFACE ( (
 ( 1.000000000000000000, 0.3333333333333317605, 0.3333333333333317605, 1.000000000000000000),
 ( 0.9296608745176909716, 0.3098869581725621769, 0.3098869581725621769, 0.9296608745176909716),
 ( 0.9296608745176909716, 0.3098869581725621769, 0.3098869581725621769, 0.9296608745176909716),
 ( 1.000000000000000000, 0.3333333333333317605, 0.3333333333333317605, 1.000000000000000000) ) ) 
 REPRESENTATION_ITEM ( '' )  SURFACE ( )  );
#4422 = LINE ( 'NONE', #2950, #382 ) ;
#4423 = CARTESIAN_POINT ( 'NONE',  ( 3.513921356237309279, -0.1922499999999994769, 1.959999999999999742 ) ) ;
#4424 = CARTESIAN_POINT ( 'NONE',  ( 3.911118699873091131, -0.1889472805623729490, 2.611021061192352555 ) ) ;
#4425 = FILL_AREA_STYLE ('',( #5798 ) ) ;
#4426 = SURFACE_STYLE_USAGE ( .BOTH. , #2583 ) ;
#4427 = DIRECTION ( 'NONE',  ( -5.482582837655000045E-16, 1.000000000000000000, 0.000000000000000000 ) ) ;
#4428 = APPLICATION_CONTEXT ( 'automotive_design' ) ;
#4429 = CARTESIAN_POINT ( 'NONE',  ( 3.772499999999999964, -0.1922499999999990050, 1.959999999999999076 ) ) ;
#4430 = CARTESIAN_POINT ( 'NONE',  ( 0.9525000000000006795, -0.1922500000000008924, -2.060000000000000053 ) ) ;
#4431 = DIRECTION ( 'NONE',  ( 0.000000000000000000, 1.000000000000000000, 0.000000000000000000 ) ) ;
#4432 = CARTESIAN_POINT ( 'NONE',  ( 4.876594889548317546, -0.02531586835139424882, 2.410658727481964636 ) ) ;
#4433 = AXIS2_PLACEMENT_3D ( 'NONE', #7184, #1012, #3026 ) ;
#4434 = CARTESIAN_POINT ( 'NONE',  ( -1.222499999999999698, 0.7672499999999990994, 0.000000000000000000 ) ) ;
#4435 = DIRECTION ( 'NONE',  ( 0.000000000000000000, 0.000000000000000000, -1.000000000000000000 ) ) ;
#4436 = CARTESIAN_POINT ( 'NONE',  ( 0.9083574686925466324, -0.09225000000000049827, -0.6546422774111571030 ) ) ;
#4437 = CARTESIAN_POINT ( 'NONE',  ( -0.5217543599545370059, -6.389648068594997516E-17, 2.329999999999999627 ) ) ;
#4438 = CARTESIAN_POINT ( 'NONE',  ( 4.910235026918961410, -0.1109450925483139311, -2.536665146386242409 ) ) ;
#4439 = SURFACE_SIDE_STYLE ('',( #5769 ) ) ;
#4440 = FILL_AREA_STYLE_COLOUR ( '', #6320 ) ;
#4441 = PLANE ( 'NONE',  #2787 ) ;
#4442 = PRESENTATION_LAYER_ASSIGNMENT (  '', '', ( #8880 ) ) ;
#4443 = EDGE_LOOP ( 'NONE', ( #65, #3153, #3869, #2265, #2010 ) ) ;
#4444 = ORIENTED_EDGE ( 'NONE', *, *, #179, .T. ) ;
#4445 = CARTESIAN_POINT ( 'NONE',  ( 4.910235026918962298, -0.1345149730810359656, 1.986544668104517353 ) ) ;
#4446 = ORIENTED_EDGE ( 'NONE', *, *, #6981, .F. ) ;
#4447 = CIRCLE ( 'NONE', #7890, 0.2999999999999999334 ) ;
#4448 =( NAMED_UNIT ( * ) SI_UNIT ( $, .STERADIAN. ) SOLID_ANGLE_UNIT ( ) );
#4449 = CARTESIAN_POINT ( 'NONE',  ( 4.910235026918963186, -0.1345149730810365762, -1.986544668104516909 ) ) ;
#4450 = CARTESIAN_POINT ( 'NONE',  ( 3.872500000000000053, -0.1922499999999990050, 0.000000000000000000 ) ) ;
#4451 = AXIS2_PLACEMENT_3D ( 'NONE', #8218, #8265, #4799 ) ;
#4452 = AXIS2_PLACEMENT_3D ( 'NONE', #4247, #6948, #753 ) ;
#4453 = ORIENTED_EDGE ( 'NONE', *, *, #4857, .T. ) ;
#4454 = CARTESIAN_POINT ( 'NONE',  ( 0.4828545436856734874, -0.09225444128910609276, -0.4223655991111920915 ) ) ;
#4455 = VERTEX_POINT ( 'NONE', #4380 ) ;
#4456 = VECTOR ( 'NONE', #6454, 1000.000000000000000 ) ;
#4457 = UNCERTAINTY_MEASURE_WITH_UNIT (LENGTH_MEASURE( 1.000000000000000082E-05 ), #8, 'distance_accuracy_value', 'NONE');
#4458 = DIRECTION ( 'NONE',  ( 4.823386660693620032E-16, -1.000000000000000000, 0.000000000000000000 ) ) ;
#4459 = CARTESIAN_POINT ( 'NONE',  ( 2.962554341017596737, -2.740054341017593931, 2.277914424562275553 ) ) ;
#4460 = VECTOR ( 'NONE', #6741, 1000.000000000000000 ) ;
#4461 = DIRECTION ( 'NONE',  ( 0.1157205707370560360, -0.1157205707370560360, -0.9865178655334023716 ) ) ;
#4462 = PRESENTATION_LAYER_ASSIGNMENT (  '', '', ( #6608 ) ) ;
#4463 = EDGE_CURVE ( 'NONE', #1366, #6829, #5801, .T. ) ;
#4464 = EDGE_CURVE ( 'NONE', #5156, #7996, #8672, .T. ) ;
#4465 = ORIENTED_EDGE ( 'NONE', *, *, #2713, .F. ) ;
#4466 = EDGE_CURVE ( 'NONE', #2551, #7319, #2254, .T. ) ;
#4467 = EDGE_CURVE ( 'NONE', #5993, #6124, #943, .T. ) ;
#4468 = SURFACE_STYLE_FILL_AREA ( #666 ) ;
#4469 = CARTESIAN_POINT ( 'NONE',  ( 3.572500000000000231, -0.1336713562373089970, 1.960000000000000187 ) ) ;
#4470 = AXIS2_PLACEMENT_3D ( 'NONE', #8322, #8276, #6961 ) ;
#4471 = DIRECTION ( 'NONE',  ( 0.000000000000000000, -0.000000000000000000, -1.000000000000000000 ) ) ;
#4472 = CARTESIAN_POINT ( 'NONE',  ( -2.974674858805615330, 2.810052051419916985, 2.150394869241713192 ) ) ;
#4473 = CARTESIAN_POINT ( 'NONE',  ( 3.772499999999999964, -0.1336713562373084974, 1.959999999999999742 ) ) ;
#4474 = UNCERTAINTY_MEASURE_WITH_UNIT (LENGTH_MEASURE( 1.000000000000000082E-05 ), #8652, 'distance_accuracy_value', 'NONE');
#4475 =( GEOMETRIC_REPRESENTATION_CONTEXT ( 3 ) GLOBAL_UNCERTAINTY_ASSIGNED_CONTEXT ( ( #4079 ) ) GLOBAL_UNIT_ASSIGNED_CONTEXT ( ( #6319, #1710, #8486 ) ) REPRESENTATION_CONTEXT ( 'NONE', 'WORKASPACE' ) );
#4476 = EDGE_CURVE ( 'NONE', #5081, #3409, #6374, .T. ) ;
#4477 = ADVANCED_FACE ( 'NONE', ( #3169 ), #7249, .T. ) ;
#4478 = CARTESIAN_POINT ( 'NONE',  ( -3.269704183480208304, -2.749247090774320057, 0.6775218358312277145 ) ) ;
#4479 = PRESENTATION_STYLE_ASSIGNMENT (( #2516 ) ) ;
#4480 = LINE ( 'NONE', #2594, #476 ) ;
#4481 = CIRCLE ( 'NONE', #1324, 0.5000000000000000000 ) ;
#4482 = PRESENTATION_STYLE_ASSIGNMENT (( #7899 ) ) ;
#4483 = CARTESIAN_POINT ( 'NONE',  ( 0.6879248309753638324, -0.09225000000000058153, -0.4215797007114419070 ) ) ;
#4484 =( NAMED_UNIT ( * ) SI_UNIT ( $, .STERADIAN. ) SOLID_ANGLE_UNIT ( ) );
#4485 = CARTESIAN_POINT ( 'NONE',  ( 0.3819120798423590868, -0.7672500000000014309, 0.3637895569954249786 ) ) ;
#4486 =( LENGTH_UNIT ( ) NAMED_UNIT ( * ) SI_UNIT ( .MILLI., .METRE. ) );
#4487 = UNCERTAINTY_MEASURE_WITH_UNIT (LENGTH_MEASURE( 1.000000000000000082E-05 ), #4486, 'distance_accuracy_value', 'NONE');
#4488 = AXIS2_PLACEMENT_3D ( 'NONE', #5611, #2224, #2986 ) ;
#4489 = ORIENTED_EDGE ( 'NONE', *, *, #1272, .F. ) ;
#4490 = VECTOR ( 'NONE', #6005, 1000.000000000000000 ) ;
#4491 = CARTESIAN_POINT ( 'NONE',  ( 0.4828545436856734874, -0.1336739578842337239, 0.4637851157063199725 ) ) ;
#4492 = ORIENTED_EDGE ( 'NONE', *, *, #7358, .T. ) ;
#4493 = LINE ( 'NONE', #8580, #5154 ) ;
#4494 = LINE ( 'NONE', #4450, #6753 ) ;
#4495 = DIRECTION ( 'NONE',  ( 0.5773502691896242878, 0.5773502691896242878, 0.5773502691896287287 ) ) ;
#4496 = COLOUR_RGB ( '',0.8313725490196077761, 0.8313725490196077761, 0.8313725490196077761 ) ;
#4497 = VERTEX_POINT ( 'NONE', #1119 ) ;
#4498 = ORIENTED_EDGE ( 'NONE', *, *, #8378, .F. ) ;
#4499 = CIRCLE ( 'NONE', #1648, 0.09999999999999982514 ) ;
#4500 = ORIENTED_EDGE ( 'NONE', *, *, #2005, .T. ) ;
#4501 = CARTESIAN_POINT ( 'NONE',  ( 0.6083569003329799552, 7.450223307319893830E-17, 2.380000000000000338 ) ) ;
#4502 = DIRECTION ( 'NONE',  ( 0.000000000000000000, -1.000000000000000000, 0.000000000000000000 ) ) ;
#4503 = PRESENTATION_LAYER_ASSIGNMENT (  '', '', ( #8383 ) ) ;
#4504 = COLOUR_RGB ( '',0.2862745098039215508, 0.2862745098039215508, 0.2862745098039215508 ) ;
#4505 = ORIENTED_EDGE ( 'NONE', *, *, #3956, .F. ) ;
#4506 = CARTESIAN_POINT ( 'NONE',  ( -3.414865336152356434, -0.3451191649770725123, 1.899999999999999911 ) ) ;
#4507 = SURFACE_STYLE_FILL_AREA ( #435 ) ;
#4508 = MECHANICAL_DESIGN_GEOMETRIC_PRESENTATION_REPRESENTATION (  '', ( #4942 ), #351 ) ;
#4509 = STYLED_ITEM ( 'NONE', ( #3033 ), #5427 ) ;
#4510 = FILL_AREA_STYLE ('',( #3832 ) ) ;
#4511 = CARTESIAN_POINT ( 'NONE',  ( 3.572500000000000231, -0.1922499999999995046, 1.959999999999999964 ) ) ;
#4512 = CARTESIAN_POINT ( 'NONE',  ( -3.085688195383684107, -2.676322658523812237, 2.048273330479076559 ) ) ;
#4513 = CARTESIAN_POINT ( 'NONE',  ( -0.4710134658122526741, 0.2251759213886163624, 2.329999999999999627 ) ) ;
#4514 = SURFACE_SIDE_STYLE ('',( #7328 ) ) ;
#4515 = EDGE_CURVE ( 'NONE', #4075, #1347, #1204, .T. ) ;
#4516 = VECTOR ( 'NONE', #7624, 1000.000000000000000 ) ;
#4517 = CARTESIAN_POINT ( 'NONE',  ( 3.572500000000000231, -0.7672499999999999876, 1.959999999999999964 ) ) ;
#4518 = SURFACE_STYLE_FILL_AREA ( #1122 ) ;
#4519 = CARTESIAN_POINT ( 'NONE',  ( 4.731507284327897800, -0.09224999999999879130, -2.044279695023480059 ) ) ;
#4520 = DIRECTION ( 'NONE',  ( 1.000000000000000000, 4.497431234013940009E-16, -0.000000000000000000 ) ) ;
#4521 =( NAMED_UNIT ( * ) PLANE_ANGLE_UNIT ( ) SI_UNIT ( $, .RADIAN. ) );
#4522 = CARTESIAN_POINT ( 'NONE',  ( 0.8524999999999999245, -0.1922500000000008646, 0.8629237369103519573 ) ) ;
#4523 = CARTESIAN_POINT ( 'NONE',  ( -0.6083569003329799552, 1.216713800665959688, 2.379999999999999893 ) ) ;
#4524 = EDGE_CURVE ( 'NONE', #8777, #3239, #1212, .T. ) ;
#4525 = ADVANCED_FACE ( 'NONE', ( #1911 ), #4645, .T. ) ;
#4526 = AXIS2_PLACEMENT_3D ( 'NONE', #3380, #6112, #558 ) ;
#4527 = CARTESIAN_POINT ( 'NONE',  ( 0.3017308323983046714, 0.5349199982454022617, 2.379999999999999893 ) ) ;
#4528 = CARTESIAN_POINT ( 'NONE',  ( 3.938334853613758568, -0.1345149730810363820, -2.583804907451683786 ) ) ;
#4529 = COLOUR_RGB ( '',0.8313725490196077761, 0.8313725490196077761, 0.8313725490196077761 ) ;
#4530 = ORIENTED_EDGE ( 'NONE', *, *, #8694, .T. ) ;
#4531 = CARTESIAN_POINT ( 'NONE',  ( 3.426588753711015123, -0.08008266559970136922, -2.066948992645572858 ) ) ;
#4532 = PRESENTATION_STYLE_ASSIGNMENT (( #2439 ) ) ;
#4533 = CIRCLE ( 'NONE', #2546, 0.1000000000000000472 ) ;
#4534 = SURFACE_STYLE_USAGE ( .BOTH. , #6598 ) ;
#4535 = PRESENTATION_STYLE_ASSIGNMENT (( #6646 ) ) ;
#4536 = VERTEX_POINT ( 'NONE', #6925 ) ;
#4537 = PRESENTATION_STYLE_ASSIGNMENT (( #281 ) ) ;
#4538 = ORIENTED_EDGE ( 'NONE', *, *, #4515, .F. ) ;
#4539 = EDGE_LOOP ( 'NONE', ( #1933, #4453, #1585, #864 ) ) ;
#4540 = DIRECTION ( 'NONE',  ( 1.000000000000000000, 0.000000000000000000, 0.000000000000000000 ) ) ;
#4541 = DIRECTION ( 'NONE',  ( 1.000000000000000000, 4.497431234013940009E-16, -0.000000000000000000 ) ) ;
#4542 = VECTOR ( 'NONE', #7051, 1000.000000000000000 ) ;
#4543 = ORIENTED_EDGE ( 'NONE', *, *, #3473, .F. ) ;
#4544 = SURFACE_STYLE_FILL_AREA ( #8176 ) ;
#4545 = ORIENTED_EDGE ( 'NONE', *, *, #7539, .T. ) ;
#4546 = SHAPE_DEFINITION_REPRESENTATION ( #6773, #7194 ) ;
#4547 = CARTESIAN_POINT ( 'NONE',  ( -3.587499999999999911, -0.2322500000000000120, 0.000000000000000000 ) ) ;
#4548 = CIRCLE ( 'NONE', #5957, 0.09999999999999997780 ) ;
#4549 = MECHANICAL_DESIGN_GEOMETRIC_PRESENTATION_REPRESENTATION (  '', ( #6081 ), #2248 ) ;
#4550 = PRESENTATION_STYLE_ASSIGNMENT (( #1945 ) ) ;
#4551 = ORIENTED_EDGE ( 'NONE', *, *, #6916, .T. ) ;
#4552 = FILL_AREA_STYLE_COLOUR ( '', #6854 ) ;
#4553 =( NAMED_UNIT ( * ) PLANE_ANGLE_UNIT ( ) SI_UNIT ( $, .RADIAN. ) );
#4554 = COLOUR_RGB ( '',0.8313725490196077761, 0.8313725490196077761, 0.8313725490196077761 ) ;
#4555 = AXIS2_PLACEMENT_3D ( 'NONE', #4634, #5255, #1829 ) ;
#4556 = CARTESIAN_POINT ( 'NONE',  ( 0.5217543599545370059, 3.611118645726067224E-32, 2.329999999999999627 ) ) ;
#4557 = COLOUR_RGB ( '',0.8313725490196077761, 0.8313725490196077761, 0.8313725490196077761 ) ;
#4558 =( GEOMETRIC_REPRESENTATION_CONTEXT ( 3 ) GLOBAL_UNCERTAINTY_ASSIGNED_CONTEXT ( ( #2958 ) ) GLOBAL_UNIT_ASSIGNED_CONTEXT ( ( #4246, #4063, #3614 ) ) REPRESENTATION_CONTEXT ( 'NONE', 'WORKASPACE' ) );
#4559 = LINE ( 'NONE', #7369, #2631 ) ;
#4560 = CARTESIAN_POINT ( 'NONE',  ( -4.319792374265440493, 0.2677499999999999880, 0.000000000000000000 ) ) ;
#4561 = ORIENTED_EDGE ( 'NONE', *, *, #5119, .F. ) ;
#4562 =( LENGTH_UNIT ( ) NAMED_UNIT ( * ) SI_UNIT ( .MILLI., .METRE. ) );
#4563 = AXIS2_PLACEMENT_3D ( 'NONE', #914, #1885, #8626 ) ;
#4564 = FACE_OUTER_BOUND ( 'NONE', #8763, .T. ) ;
#4565 = UNCERTAINTY_MEASURE_WITH_UNIT (LENGTH_MEASURE( 1.000000000000000082E-05 ), #6933, 'distance_accuracy_value', 'NONE');
#4566 =( NAMED_UNIT ( * ) SI_UNIT ( $, .STERADIAN. ) SOLID_ANGLE_UNIT ( ) );
#4567 = CARTESIAN_POINT ( 'NONE',  ( -4.319792374265440493, -0.2322500000000000397, 0.000000000000000000 ) ) ;
#4568 =( NAMED_UNIT ( * ) PLANE_ANGLE_UNIT ( ) SI_UNIT ( $, .RADIAN. ) );
#4569 = PRESENTATION_STYLE_ASSIGNMENT (( #3175 ) ) ;
#4570 = FILL_AREA_STYLE_COLOUR ( '', #6452 ) ;
#4571 = COLOUR_RGB ( '',0.8313725490196077761, 0.8313725490196077761, 0.8313725490196077761 ) ;
#4572 = CARTESIAN_POINT ( 'NONE',  ( 0.9994814227995492129, -0.04071043145250196477, 2.101959649094451432 ) ) ;
#4573 = CARTESIAN_POINT ( 'NONE',  ( 0.5742062652383692622, 7.031998647745249091E-17, 2.370849364905389667 ) ) ;
#4574 = CARTESIAN_POINT ( 'NONE',  ( 0.5492081243723110351, 0.2625295485153745778, 2.379999999999999893 ) ) ;
#4575 = VECTOR ( 'NONE', #328, 1000.000000000000000 ) ;
#4576 = ORIENTED_EDGE ( 'NONE', *, *, #5027, .F. ) ;
#4577 = DIRECTION ( 'NONE',  ( -8.223874256482640091E-16, 1.000000000000000000, 0.000000000000000000 ) ) ;
#4578 = EDGE_CURVE ( 'NONE', #537, #8676, #4005, .T. ) ;
#4579 = EDGE_CURVE ( 'NONE', #7319, #6097, #8867, .T. ) ;
#4580 = FILL_AREA_STYLE_COLOUR ( '', #532 ) ;
#4581 = ORIENTED_EDGE ( 'NONE', *, *, #4738, .T. ) ;
#4582 = EDGE_CURVE ( 'NONE', #1450, #4304, #5339, .T. ) ;
#4583 = LINE ( 'NONE', #1179, #7151 ) ;
#4584 = PRESENTATION_STYLE_ASSIGNMENT (( #4024 ) ) ;
#4585 =( GEOMETRIC_REPRESENTATION_CONTEXT ( 3 ) GLOBAL_UNCERTAINTY_ASSIGNED_CONTEXT ( ( #2148 ) ) GLOBAL_UNIT_ASSIGNED_CONTEXT ( ( #8468, #1730, #3074 ) ) REPRESENTATION_CONTEXT ( 'NONE', 'WORKASPACE' ) );
#4586 = SURFACE_STYLE_USAGE ( .BOTH. , #1855 ) ;
#4587 = CARTESIAN_POINT ( 'NONE',  ( 3.831078643762691360, -0.1336713562373084974, -1.959999999999999964 ) ) ;
#4588 = VERTEX_POINT ( 'NONE', #3338 ) ;
#4589 = PRESENTATION_STYLE_ASSIGNMENT (( #7234 ) ) ;
#4590 = ORIENTED_EDGE ( 'NONE', *, *, #4578, .T. ) ;
#4591 = CONTEXT_DEPENDENT_SHAPE_REPRESENTATION ( #1856, #8797 ) ;
#4592 = CARTESIAN_POINT ( 'NONE',  ( 2.871931193598327159, -2.269792685268487098, 2.547916276704450311 ) ) ;
#4593 = AXIS2_PLACEMENT_3D ( 'NONE', #2298, #167, #7768 ) ;
#4594 = AXIS2_PLACEMENT_3D ( 'NONE', #1382, #6220, #603 ) ;
#4595 = SURFACE_STYLE_USAGE ( .BOTH. , #8601 ) ;
#4596 = VERTEX_POINT ( 'NONE', #7454 ) ;
#4597 = DIRECTION ( 'NONE',  ( 1.000000000000000000, 0.000000000000000000, -0.000000000000000000 ) ) ;
#4598 = LINE ( 'NONE', #1073, #7618 ) ;
#4599 = STYLED_ITEM ( 'NONE', ( #8781 ), #7928 ) ;
#4600 = CARTESIAN_POINT ( 'NONE',  ( 3.037458732099337144, -2.740054341017593931, 2.217578721651790374 ) ) ;
#4601 = AXIS2_PLACEMENT_3D ( 'NONE', #6789, #5394, #687 ) ;
#4602 = EDGE_CURVE ( 'NONE', #6187, #5516, #1289, .T. ) ;
#4603 = FILL_AREA_STYLE_COLOUR ( '', #5100 ) ;
#4604 = DIRECTION ( 'NONE',  ( 0.000000000000000000, 1.000000000000000000, 1.011922027653137735E-14 ) ) ;
#4605 = PLANE ( 'NONE',  #1099 ) ;
#4606 = SURFACE_STYLE_FILL_AREA ( #4652 ) ;
#4607 = CARTESIAN_POINT ( 'NONE',  ( 3.972500000000000142, -0.09224999999999913824, 0.000000000000000000 ) ) ;
#4608 = CARTESIAN_POINT ( 'NONE',  ( -0.5650556301437582585, 0.000000000000000000, 2.355000000000000426 ) ) ;
#4609 = LINE ( 'NONE', #2563, #7811 ) ;
#4610 = CARTESIAN_POINT ( 'NONE',  ( 4.587102839788671282, -0.1922499999999990050, -0.9721398475117400961 ) ) ;
#4611 = COLOUR_RGB ( '',0.8313725490196077761, 0.8313725490196077761, 0.8313725490196077761 ) ;
#4612 = ORIENTED_EDGE ( 'NONE', *, *, #7539, .F. ) ;
#4613 = CARTESIAN_POINT ( 'NONE',  ( 3.465809800894468662, -0.1434107350525340718, -2.064368729000464864 ) ) ;
#4614 =( NAMED_UNIT ( * ) SI_UNIT ( $, .STERADIAN. ) SOLID_ANGLE_UNIT ( ) );
#4615 = LINE ( 'NONE', #3820, #6519 ) ;
#4616 = DIRECTION ( 'NONE',  ( 0.000000000000000000, 1.000000000000000000, 2.168404344971008868E-14 ) ) ;
#4617 = AXIS2_PLACEMENT_3D ( 'NONE', #8659, #5065, #2523 ) ;
#4618 = FILL_AREA_STYLE ('',( #3189 ) ) ;
#4619 = COLOUR_RGB ( '',0.8313725490196077761, 0.8313725490196077761, 0.8313725490196077761 ) ;
#4620 = SURFACE_STYLE_FILL_AREA ( #8122 ) ;
#4621 = EDGE_CURVE ( 'NONE', #3451, #7280, #1635, .T. ) ;
#4622 = VECTOR ( 'NONE', #2550, 1000.000000000000000 ) ;
#4623 = MECHANICAL_DESIGN_GEOMETRIC_PRESENTATION_REPRESENTATION (  '', ( #5198 ), #1335 ) ;
#4624 = ORIENTED_EDGE ( 'NONE', *, *, #2379, .F. ) ;
#4625 = ORIENTED_EDGE ( 'NONE', *, *, #2406, .T. ) ;
#4626 = DIRECTION ( 'NONE',  ( -0.000000000000000000, -0.000000000000000000, -1.000000000000000000 ) ) ;
#4627 = CARTESIAN_POINT ( 'NONE',  ( -0.2073901124599376311, -0.4790325118501686519, 2.330000000000000071 ) ) ;
#4628 = FILL_AREA_STYLE ('',( #3907 ) ) ;
#4629 =( GEOMETRIC_REPRESENTATION_CONTEXT ( 3 ) GLOBAL_UNCERTAINTY_ASSIGNED_CONTEXT ( ( #2158 ) ) GLOBAL_UNIT_ASSIGNED_CONTEXT ( ( #4562, #5886, #516 ) ) REPRESENTATION_CONTEXT ( 'NONE', 'WORKASPACE' ) );
#4630 = STYLED_ITEM ( 'NONE', ( #5155 ), #4985 ) ;
#4631 = VECTOR ( 'NONE', #2655, 1000.000000000000114 ) ;
#4632 = CARTESIAN_POINT ( 'NONE',  ( 0.5121521893705732742, -0.09225000000000063705, 0.3655714916969057260 ) ) ;
#4633 = EDGE_CURVE ( 'NONE', #3949, #1410, #2771, .T. ) ;
#4634 = CARTESIAN_POINT ( 'NONE',  ( -3.575690672268250658, 0.0008476403358656011550, -1.804999999999999938 ) ) ;
#4635 = AXIS2_PLACEMENT_3D ( 'NONE', #2571, #8079, #5286 ) ;
#4636 = DIRECTION ( 'NONE',  ( 0.000000000000000000, 0.2840883296913740419, -0.9587981127083872179 ) ) ;
#4637 = ORIENTED_EDGE ( 'NONE', *, *, #3041, .F. ) ;
#4638 = FILL_AREA_STYLE ('',( #4771 ) ) ;
#4639 = VERTEX_POINT ( 'NONE', #4135 ) ;
#4640 = DIRECTION ( 'NONE',  ( 4.823386660693620032E-16, -1.000000000000000000, -0.000000000000000000 ) ) ;
#4641 = DIRECTION ( 'NONE',  ( 4.823386660693620032E-16, -1.000000000000000000, 0.000000000000000000 ) ) ;
#4642 = LINE ( 'NONE', #1243, #8047 ) ;
#4643 = AXIS2_PLACEMENT_3D ( 'NONE', #8565, #5676, #2910 ) ;
#4644 = VECTOR ( 'NONE', #2653, 1000.000000000000000 ) ;
#4645 = PLANE ( 'NONE',  #761 ) ;
#4646 = CARTESIAN_POINT ( 'NONE',  ( -2.855207625734560217, 0.2322500000000000397, 0.000000000000000000 ) ) ;
#4647 = UNCERTAINTY_MEASURE_WITH_UNIT (LENGTH_MEASURE( 1.000000000000000082E-05 ), #8790, 'distance_accuracy_value', 'NONE');
#4648 = SURFACE_STYLE_USAGE ( .BOTH. , #6627 ) ;
#4649 = LINE ( 'NONE', #5397, #2416 ) ;
#4650 = SURFACE_SIDE_STYLE ('',( #5935 ) ) ;
#4651 = CARTESIAN_POINT ( 'NONE',  ( 4.587102839788670394, -0.09224999999999909661, 1.844279695023480992 ) ) ;
#4652 = FILL_AREA_STYLE ('',( #2431 ) ) ;
#4653 = FILL_AREA_STYLE_COLOUR ( '', #6494 ) ;
#4654 = CARTESIAN_POINT ( 'NONE',  ( 2.974674858805613109, 2.810052051419916985, 2.150394869241713636 ) ) ;
#4655 = LINE ( 'NONE', #6755, #1785 ) ;
#4656 = ORIENTED_EDGE ( 'NONE', *, *, #2814, .F. ) ;
#4657 = CARTESIAN_POINT ( 'NONE',  ( 0.8525000000000001465, -0.1922500000000010034, -2.060000000000000053 ) ) ;
#4658 = CARTESIAN_POINT ( 'NONE',  ( 0.9525000000000010125, -0.7672500000000008757, 2.060000000000000053 ) ) ;
#4659 = COLOUR_RGB ( '',0.8313725490196077761, 0.8313725490196077761, 0.8313725490196077761 ) ;
#4660 = CARTESIAN_POINT ( 'NONE',  ( -0.5650556301437590356, -1.383987137591490367E-16, 2.354999999999999982 ) ) ;
#4661 = CARTESIAN_POINT ( 'NONE',  ( 0.8525000000000001465, -0.1336713562373103570, 0.6394013687083450748 ) ) ;
#4662 = DIRECTION ( 'NONE',  ( 0.000000000000000000, 0.2840883296913740419, -0.9587981127083872179 ) ) ;
#4663 = FILL_AREA_STYLE_COLOUR ( '', #6658 ) ;
#4664 = AXIS2_PLACEMENT_3D ( 'NONE', #8522, #2384, #5888 ) ;
#4665 =( LENGTH_UNIT ( ) NAMED_UNIT ( * ) SI_UNIT ( .MILLI., .METRE. ) );
#4666 = ORIENTED_EDGE ( 'NONE', *, *, #178, .T. ) ;
#4667 = ORIENTED_EDGE ( 'NONE', *, *, #5721, .F. ) ;
#4668 = SURFACE_STYLE_FILL_AREA ( #8045 ) ;
#4669 = DIRECTION ( 'NONE',  ( 1.000000000000000000, 0.000000000000000000, 0.000000000000000000 ) ) ;
#4670 = EDGE_CURVE ( 'NONE', #1498, #913, #6880, .T. ) ;
#4671 = ORIENTED_EDGE ( 'NONE', *, *, #4740, .F. ) ;
#4672 = VERTEX_POINT ( 'NONE', #4045 ) ;
#4673 = CARTESIAN_POINT ( 'NONE',  ( -3.098140031919437654, 2.484646814368870693, 2.303797361121353582 ) ) ;
#4674 = COLOUR_RGB ( '',0.8313725490196077761, 0.8313725490196077761, 0.8313725490196077761 ) ;
#4675 = DIRECTION ( 'NONE',  ( 4.823386660693620032E-16, -1.000000000000000000, -0.000000000000000000 ) ) ;
#4676 = DIRECTION ( 'NONE',  ( 0.000000000000000000, 0.000000000000000000, 1.000000000000000000 ) ) ;
#4677 = EDGE_CURVE ( 'NONE', #6905, #1175, #3425, .T. ) ;
#4678 = EDGE_CURVE ( 'NONE', #36, #4588, #2721, .T. ) ;
#4679 = ORIENTED_EDGE ( 'NONE', *, *, #3257, .T. ) ;
#4680 = CARTESIAN_POINT ( 'NONE',  ( -3.770634082987815550, 0.3248361564241368793, -2.754999999999999893 ) ) ;
#4681 = ADVANCED_FACE ( 'NONE', ( #7509 ), #6156, .F. ) ;
#4682 = ORIENTED_EDGE ( 'NONE', *, *, #5317, .F. ) ;
#4683 = CARTESIAN_POINT ( 'NONE',  ( -3.414865336152356434, -0.3451191649770724568, 2.660000000000000142 ) ) ;
#4684 = CIRCLE ( 'NONE', #825, 0.1000000000000002554 ) ;
#4685 = PLANE ( 'NONE',  #4601 ) ;
#4686 =( NAMED_UNIT ( * ) SI_UNIT ( $, .STERADIAN. ) SOLID_ANGLE_UNIT ( ) );
#4687 = SURFACE_STYLE_FILL_AREA ( #1956 ) ;
#4688 = SURFACE_STYLE_USAGE ( .BOTH. , #8104 ) ;
#4689 = DIRECTION ( 'NONE',  ( 0.000000000000000000, 1.000000000000000000, 0.000000000000000000 ) ) ;
#4690 = PRESENTATION_LAYER_ASSIGNMENT (  '', '', ( #5123 ) ) ;
#4691 = VERTEX_POINT ( 'NONE', #7610 ) ;
#4692 = CARTESIAN_POINT ( 'NONE',  ( -1.222499999999999920, 0.7672499999999990994, 1.899999999999999911 ) ) ;
#4693 = DIRECTION ( 'NONE',  ( 0.5773502691896250649, 0.5773502691896269523, 0.5773502691896250649 ) ) ;
#4694 = PRESENTATION_LAYER_ASSIGNMENT (  '', '', ( #8133 ) ) ;
#4695 = PRESENTATION_LAYER_ASSIGNMENT (  '', '', ( #414 ) ) ;
#4696 =( BOUNDED_SURFACE ( )  B_SPLINE_SURFACE ( 3, 3, ( 
 ( #2100, #2855, #6213, #4095 ),
 ( #7561, #841, #5621, #5482 ),
 ( #5012, #8384, #2234, #3605 ),
 ( #4827, #2951, #1422, #7755 ) ),
 .UNSPECIFIED., .F., .F., .F. ) 
 B_SPLINE_SURFACE_WITH_KNOTS ( ( 4, 4 ),
 ( 4, 4 ),
 ( 0.000000000000000000, 1.000000000000000000 ),
 ( 0.000000000000000000, 1.000000000000000000 ),
 .UNSPECIFIED. ) 
 GEOMETRIC_REPRESENTATION_ITEM ( )  RATIONAL_B_SPLINE_SURFACE ( (
 ( 1.000000000000000000, 0.3333333333333298176, 0.3333333333333298176, 1.000000000000000000),
 ( 0.9245018060306376961, 0.3081672686768759939, 0.3081672686768759939, 0.9245018060306376961),
 ( 0.9245018060306376961, 0.3081672686768759939, 0.3081672686768759939, 0.9245018060306376961),
 ( 1.000000000000000000, 0.3333333333333298176, 0.3333333333333298176, 1.000000000000000000) ) ) 
 REPRESENTATION_ITEM ( '' )  SURFACE ( )  );
#4697 = EDGE_LOOP ( 'NONE', ( #7386, #2440, #6135, #1951 ) ) ;
#4698 = LINE ( 'NONE', #658, #2529 ) ;
#4699 =( NAMED_UNIT ( * ) SI_UNIT ( $, .STERADIAN. ) SOLID_ANGLE_UNIT ( ) );
#4700 = CARTESIAN_POINT ( 'NONE',  ( 0.7247079659309652033, -0.09225000000000092848, 0.4367768524649294215 ) ) ;
#4701 = DIRECTION ( 'NONE',  ( 0.000000000000000000, 1.000000000000000000, 0.000000000000000000 ) ) ;
#4702 =( NAMED_UNIT ( * ) PLANE_ANGLE_UNIT ( ) SI_UNIT ( $, .RADIAN. ) );
#4703 = AXIS2_PLACEMENT_3D ( 'NONE', #5367, #1765, #1437 ) ;
#4704 = CARTESIAN_POINT ( 'NONE',  ( 3.772500000000000409, -0.1922499999999990605, -1.959999999999999964 ) ) ;
#4705 = ORIENTED_EDGE ( 'NONE', *, *, #2997, .F. ) ;
#4706 = ORIENTED_EDGE ( 'NONE', *, *, #7991, .T. ) ;
#4707 = EDGE_CURVE ( 'NONE', #7825, #8325, #1469, .T. ) ;
#4708 = CARTESIAN_POINT ( 'NONE',  ( 3.516904444539215913, -0.09224999999999934641, 1.860000000000000098 ) ) ;
#4709 = CARTESIAN_POINT ( 'NONE',  ( -0.5650556301437591467, 1.130111260287518071, 2.354999999999999982 ) ) ;
#4710 = ORIENTED_EDGE ( 'NONE', *, *, #8535, .T. ) ;
#4711 = ORIENTED_EDGE ( 'NONE', *, *, #2824, .F. ) ;
#4712 = CARTESIAN_POINT ( 'NONE',  ( 2.797797393223118601, -2.717203111341381039, 2.363850990807748520 ) ) ;
#4713 = CARTESIAN_POINT ( 'NONE',  ( 4.910235026918962298, -0.1345149730810363542, -2.560235026918962209 ) ) ;
#4714 = LINE ( 'NONE', #3331, #5486 ) ;
#4715 =( GEOMETRIC_REPRESENTATION_CONTEXT ( 3 ) GLOBAL_UNCERTAINTY_ASSIGNED_CONTEXT ( ( #3753 ) ) GLOBAL_UNIT_ASSIGNED_CONTEXT ( ( #1764, #7266, #6760 ) ) REPRESENTATION_CONTEXT ( 'NONE', 'WORKASPACE' ) );
#4716 = PLANE ( 'NONE',  #3414 ) ;
#4717 = SURFACE_STYLE_USAGE ( .BOTH. , #4768 ) ;
#4718 = VERTEX_POINT ( 'NONE', #1056 ) ;
#4719 = SURFACE_STYLE_FILL_AREA ( #4638 ) ;
#4720 = EDGE_LOOP ( 'NONE', ( #1138, #8495, #412, #874, #3959 ) ) ;
#4721 = PRESENTATION_LAYER_ASSIGNMENT (  '', '', ( #8753 ) ) ;
#4722 = CARTESIAN_POINT ( 'NONE',  ( 3.872500000000000053, -0.1922499999999990050, 2.502499999999999947 ) ) ;
#4723 =( NAMED_UNIT ( * ) PLANE_ANGLE_UNIT ( ) SI_UNIT ( $, .RADIAN. ) );
#4724 = DIRECTION ( 'NONE',  ( -1.000000000000000000, -5.421010862427532031E-16, -4.336808689942025625E-15 ) ) ;
#4725 = SURFACE_SIDE_STYLE ('',( #5574 ) ) ;
#4726 = EDGE_CURVE ( 'NONE', #7996, #4408, #4345, .T. ) ;
#4727 = EDGE_CURVE ( 'NONE', #4536, #8284, #6201, .T. ) ;
#4728 = DIRECTION ( 'NONE',  ( 0.000000000000000000, 0.000000000000000000, 1.000000000000000000 ) ) ;
#4729 = DIRECTION ( 'NONE',  ( -1.000000000000000000, -0.000000000000000000, 0.000000000000000000 ) ) ;
#4730 = DIRECTION ( 'NONE',  ( 0.000000000000000000, 0.000000000000000000, -1.000000000000000000 ) ) ;
#4731 = MECHANICAL_DESIGN_GEOMETRIC_PRESENTATION_REPRESENTATION (  '', ( #7034 ), #2025 ) ;
#4732 = CARTESIAN_POINT ( 'NONE',  ( -3.270000000000000018, 2.821004187620893333, 0.6749999999999612976 ) ) ;
#4733 = FACE_OUTER_BOUND ( 'NONE', #764, .T. ) ;
#4734 = FILL_AREA_STYLE_COLOUR ( '', #4869 ) ;
#4735 = CARTESIAN_POINT ( 'NONE',  ( 3.372500000000000053, -0.1922500000000000042, 2.060000000000000053 ) ) ;
#4736 = STYLED_ITEM ( 'NONE', ( #2284 ), #7769 ) ;
#4737 = CARTESIAN_POINT ( 'NONE',  ( -2.855207625734560217, -0.2677499999999999880, 2.754999999999999893 ) ) ;
#4738 = EDGE_CURVE ( 'NONE', #5031, #4718, #6047, .T. ) ;
#4739 =( GEOMETRIC_REPRESENTATION_CONTEXT ( 3 ) GLOBAL_UNCERTAINTY_ASSIGNED_CONTEXT ( ( #282 ) ) GLOBAL_UNIT_ASSIGNED_CONTEXT ( ( #315, #8530, #7904 ) ) REPRESENTATION_CONTEXT ( 'NONE', 'WORKASPACE' ) );
#4740 = EDGE_CURVE ( 'NONE', #2551, #5780, #5086, .T. ) ;
#4741 = UNCERTAINTY_MEASURE_WITH_UNIT (LENGTH_MEASURE( 1.000000000000000082E-05 ), #2535, 'distance_accuracy_value', 'NONE');
#4742 = PRESENTATION_LAYER_ASSIGNMENT (  '', '', ( #3597 ) ) ;
#4743 = ORIENTED_EDGE ( 'NONE', *, *, #2775, .T. ) ;
#4744 = DIRECTION ( 'NONE',  ( -0.000000000000000000, -0.000000000000000000, -1.000000000000000000 ) ) ;
#4745 = CYLINDRICAL_SURFACE ( 'NONE', #8130, 0.2999999999999999334 ) ;
#4746 = DIRECTION ( 'NONE',  ( -0.000000000000000000, -0.000000000000000000, 1.000000000000000000 ) ) ;
#4747 = CARTESIAN_POINT ( 'NONE',  ( 4.787102839788669684, -0.1922499999999989495, -1.944279695023480192 ) ) ;
#4748 = CARTESIAN_POINT ( 'NONE',  ( 0.4760296638738870656, -0.1922500000000009757, 0.4636163929784104520 ) ) ;
#4749 = MECHANICAL_DESIGN_GEOMETRIC_PRESENTATION_REPRESENTATION (  '', ( #8049 ), #1607 ) ;
#4750 = SURFACE_SIDE_STYLE ('',( #2024 ) ) ;
#4751 = PLANE ( 'NONE',  #6653 ) ;
#4752 = CIRCLE ( 'NONE', #4171, 0.09999999999999995004 ) ;
#4753 = CARTESIAN_POINT ( 'NONE',  ( 3.772500000000000409, -0.1922499999999989773, 1.959999999999999964 ) ) ;
#4754 =( BOUNDED_SURFACE ( )  B_SPLINE_SURFACE ( 3, 3, ( 
 ( #4791, #8300, #8161, #6227 ),
 ( #3390, #6168, #6263, #6118 ),
 ( #3481, #8881, #5444, #849 ),
 ( #4199, #2109, #8209, #750 ) ),
 .UNSPECIFIED., .F., .F., .F. ) 
 B_SPLINE_SURFACE_WITH_KNOTS ( ( 4, 4 ),
 ( 4, 4 ),
 ( 0.000000000000000000, 1.000000000000000000 ),
 ( 0.000000000000000000, 1.000000000000000000 ),
 .UNSPECIFIED. ) 
 GEOMETRIC_REPRESENTATION_ITEM ( )  RATIONAL_B_SPLINE_SURFACE ( (
 ( 1.000000000000000000, 0.8047378541243649375, 0.8047378541243649375, 1.000000000000000000),
 ( 0.8047378541243649375, 0.6476030138606876374, 0.6476030138606876374, 0.8047378541243649375),
 ( 0.8047378541243649375, 0.6476030138606876374, 0.6476030138606876374, 0.8047378541243649375),
 ( 1.000000000000000000, 0.8047378541243649375, 0.8047378541243649375, 1.000000000000000000) ) ) 
 REPRESENTATION_ITEM ( '' )  SURFACE ( )  );
#4755 = PLANE ( 'NONE',  #87 ) ;
#4756 = MECHANICAL_DESIGN_GEOMETRIC_PRESENTATION_REPRESENTATION (  '', ( #8637 ), #2047 ) ;
#4757 = SURFACE_STYLE_USAGE ( .BOTH. , #625 ) ;
#4758 = ORIENTED_EDGE ( 'NONE', *, *, #1941, .F. ) ;
#4759 = CARTESIAN_POINT ( 'NONE',  ( 4.952499999999999680, -0.7672499999999990994, 0.000000000000000000 ) ) ;
#4760 = VECTOR ( 'NONE', #5357, 1000.000000000000000 ) ;
#4761 = EDGE_LOOP ( 'NONE', ( #5660, #7063, #93, #1850 ) ) ;
#4762 = CARTESIAN_POINT ( 'NONE',  ( 0.6872362234890728727, -0.09225000000000062317, 0.4201076311553981757 ) ) ;
#4763 = MECHANICAL_DESIGN_GEOMETRIC_PRESENTATION_REPRESENTATION (  '', ( #8640 ), #7196 ) ;
#4764 = AXIS2_PLACEMENT_3D ( 'NONE', #8330, #8376, #2230 ) ;
#4765 = ORIENTED_EDGE ( 'NONE', *, *, #8378, .T. ) ;
#4766 = ORIENTED_EDGE ( 'NONE', *, *, #3867, .F. ) ;
#4767 = CARTESIAN_POINT ( 'NONE',  ( -2.732499999999999929, 0.7672499999999990994, -0.3800000000000000044 ) ) ;
#4768 = SURFACE_SIDE_STYLE ('',( #726 ) ) ;
#4769 = MECHANICAL_DESIGN_GEOMETRIC_PRESENTATION_REPRESENTATION (  '', ( #2210 ), #4038 ) ;
#4770 = EDGE_LOOP ( 'NONE', ( #6909, #1980, #1132, #3537 ) ) ;
#4771 = FILL_AREA_STYLE_COLOUR ( '', #4554 ) ;
#4772 = ORIENTED_EDGE ( 'NONE', *, *, #419, .T. ) ;
#4773 = AXIS2_PLACEMENT_3D ( 'NONE', #683, #3420, #6148 ) ;
#4774 = DIRECTION ( 'NONE',  ( 0.5773502691896252870, 0.5773502691896268413, -0.5773502691896252870 ) ) ;
#4775 = FACE_OUTER_BOUND ( 'NONE', #378, .T. ) ;
#4776 = SURFACE_STYLE_USAGE ( .BOTH. , #8191 ) ;
#4777 = DIRECTION ( 'NONE',  ( -1.000000000000000000, -5.139921410301649810E-16, -0.000000000000000000 ) ) ;
#4778 = LINE ( 'NONE', #2140, #3927 ) ;
#4779 = CARTESIAN_POINT ( 'NONE',  ( 4.852500000000000036, -0.1922499999999990605, 2.602499999999999591 ) ) ;
#4780 = LINE ( 'NONE', #8149, #3533 ) ;
#4781 = CARTESIAN_POINT ( 'NONE',  ( 4.852500000000000036, -0.09224999999999886069, 2.502499999999999947 ) ) ;
#4782 = FACE_OUTER_BOUND ( 'NONE', #1400, .T. ) ;
#4783 = FILL_AREA_STYLE ('',( #600 ) ) ;
#4784 = COLOUR_RGB ( '',0.8313725490196077761, 0.8313725490196077761, 0.8313725490196077761 ) ;
#4785 = EDGE_CURVE ( 'NONE', #1347, #6282, #7940, .T. ) ;
#4786 =( GEOMETRIC_REPRESENTATION_CONTEXT ( 3 ) GLOBAL_UNCERTAINTY_ASSIGNED_CONTEXT ( ( #6551 ) ) GLOBAL_UNIT_ASSIGNED_CONTEXT ( ( #3217, #5931, #442 ) ) REPRESENTATION_CONTEXT ( 'NONE', 'WORKASPACE' ) );
#4787 =( NAMED_UNIT ( * ) SI_UNIT ( $, .STERADIAN. ) SOLID_ANGLE_UNIT ( ) );
#4788 =( NAMED_UNIT ( * ) PLANE_ANGLE_UNIT ( ) SI_UNIT ( $, .RADIAN. ) );
#4789 = COLOUR_RGB ( '',0.8313725490196077761, 0.8313725490196077761, 0.8313725490196077761 ) ;
#4790 = AXIS2_PLACEMENT_3D ( 'NONE', #6997, #5590, #6180 ) ;
#4791 = CARTESIAN_POINT ( 'NONE',  ( 3.472499999999999254, -0.1922499999999990605, -2.060000000000000053 ) ) ;
#4792 = ORIENTED_EDGE ( 'NONE', *, *, #2171, .T. ) ;
#4793 = CARTESIAN_POINT ( 'NONE',  ( 3.399390871961310623, -0.7672499999999999876, 0.8062182560773819562 ) ) ;
#4794 = DIRECTION ( 'NONE',  ( 1.000000000000000000, 0.000000000000000000, 0.000000000000000000 ) ) ;
#4795 = DIRECTION ( 'NONE',  ( -4.823386660693620032E-16, 1.000000000000000000, -0.000000000000000000 ) ) ;
#4796 = LINE ( 'NONE', #1222, #763 ) ;
#4797 = EDGE_CURVE ( 'NONE', #240, #4085, #7343, .T. ) ;
#4798 = ADVANCED_FACE ( 'NONE', ( #1636 ), #7273, .T. ) ;
#4799 = DIRECTION ( 'NONE',  ( 1.000000000000000000, -2.593979029498029835E-16, 0.000000000000000000 ) ) ;
#4800 = EDGE_CURVE ( 'NONE', #933, #7550, #8583, .T. ) ;
#4801 = SURFACE_STYLE_FILL_AREA ( #32 ) ;
#4802 = DIRECTION ( 'NONE',  ( 0.000000000000000000, 0.000000000000000000, 1.000000000000000000 ) ) ;
#4803 = FILL_AREA_STYLE_COLOUR ( '', #8246 ) ;
#4804 = EDGE_LOOP ( 'NONE', ( #579, #8188, #464, #8576 ) ) ;
#4805 = CARTESIAN_POINT ( 'NONE',  ( -3.575690672268250658, 0.0008476403358656011550, 1.804999999999999938 ) ) ;
#4806 = CARTESIAN_POINT ( 'NONE',  ( -4.952500000000000568, -0.6672500000000000098, 2.660000000000000142 ) ) ;
#4807 = VERTEX_POINT ( 'NONE', #7181 ) ;
#4808 = DIRECTION ( 'NONE',  ( 3.255289726899070453E-16, -0.9587981127083872179, -0.2840883296913740419 ) ) ;
#4809 = CYLINDRICAL_SURFACE ( 'NONE', #3152, 0.9999999999999692468 ) ;
#4810 = EDGE_LOOP ( 'NONE', ( #3548, #3720, #2266, #3056, #4145, #5007 ) ) ;
#4811 = MECHANICAL_DESIGN_GEOMETRIC_PRESENTATION_REPRESENTATION (  '', ( #6080 ), #2098 ) ;
#4812 = ORIENTED_EDGE ( 'NONE', *, *, #5771, .T. ) ;
#4813 = ORIENTED_EDGE ( 'NONE', *, *, #5877, .T. ) ;
#4814 = ORIENTED_EDGE ( 'NONE', *, *, #2514, .F. ) ;
#4815 =( GEOMETRIC_REPRESENTATION_CONTEXT ( 3 ) GLOBAL_UNCERTAINTY_ASSIGNED_CONTEXT ( ( #5720 ) ) GLOBAL_UNIT_ASSIGNED_CONTEXT ( ( #4989, #4305, #1133 ) ) REPRESENTATION_CONTEXT ( 'NONE', 'WORKASPACE' ) );
#4816 =( LENGTH_UNIT ( ) NAMED_UNIT ( * ) SI_UNIT ( .MILLI., .METRE. ) );
#4817 = VECTOR ( 'NONE', #4188, 1000.000000000000000 ) ;
#4818 = CARTESIAN_POINT ( 'NONE',  ( -0.3017308323983113882, -0.5349199982453916036, 2.380000000000000338 ) ) ;
#4819 = VERTEX_POINT ( 'NONE', #7871 ) ;
#4820 = CARTESIAN_POINT ( 'NONE',  ( 4.787102839788669684, -0.09224999999999887457, 2.044279695023480059 ) ) ;
#4821 = VERTEX_POINT ( 'NONE', #6522 ) ;
#4822 = DIRECTION ( 'NONE',  ( 0.000000000000000000, 0.000000000000000000, 1.000000000000000000 ) ) ;
#4823 = DIRECTION ( 'NONE',  ( -1.000000000000000000, 0.000000000000000000, -0.000000000000000000 ) ) ;
#4824 = DIRECTION ( 'NONE',  ( 0.000000000000000000, -1.000000000000000000, 0.000000000000000000 ) ) ;
#4825 =( LENGTH_UNIT ( ) NAMED_UNIT ( * ) SI_UNIT ( .MILLI., .METRE. ) );
#4826 = CARTESIAN_POINT ( 'NONE',  ( 3.399390871961310623, -0.09224999999999941580, -0.8062182560773819562 ) ) ;
#4827 = CARTESIAN_POINT ( 'NONE',  ( 3.405562582892962542, -0.1012193360738608133, 2.035094501859785243 ) ) ;
#4828 = CARTESIAN_POINT ( 'NONE',  ( -3.833333768778751427, 0.1521730769229936997, 2.754999999999999893 ) ) ;
#4829 = CARTESIAN_POINT ( 'NONE',  ( 4.852500000000000036, -0.1475286404500031345, 2.591942719099991521 ) ) ;
#4830 = CARTESIAN_POINT ( 'NONE',  ( 3.269704183480209192, -2.749247090774316504, 0.6775218358312399269 ) ) ;
#4831 = CARTESIAN_POINT ( 'NONE',  ( 1.647541093131910122E-16, -8.237705465659550362E-16, 0.000000000000000000 ) ) ;
#4832 = DIRECTION ( 'NONE',  ( -0.000000000000000000, -0.000000000000000000, -1.000000000000000000 ) ) ;
#4833 = UNCERTAINTY_MEASURE_WITH_UNIT (LENGTH_MEASURE( 1.000000000000000082E-05 ), #8408, 'distance_accuracy_value', 'NONE');
#4834 = SURFACE_STYLE_FILL_AREA ( #5406 ) ;
#4835 = SURFACE_SIDE_STYLE ('',( #8259 ) ) ;
#4836 = FACE_OUTER_BOUND ( 'NONE', #1533, .T. ) ;
#4837 = CARTESIAN_POINT ( 'NONE',  ( 3.372500000000000053, -0.7672499999999999876, -2.060000000000000053 ) ) ;
#4838 = DIRECTION ( 'NONE',  ( 0.000000000000000000, 0.000000000000000000, 1.000000000000000000 ) ) ;
#4839 = SURFACE_SIDE_STYLE ('',( #2823 ) ) ;
#4840 = MECHANICAL_DESIGN_GEOMETRIC_PRESENTATION_REPRESENTATION (  '', ( #1406 ), #8734 ) ;
#4841 =( NAMED_UNIT ( * ) SI_UNIT ( $, .STERADIAN. ) SOLID_ANGLE_UNIT ( ) );
#4842 = CARTESIAN_POINT ( 'NONE',  ( 3.695609128038689573, -0.09224999999999934641, -0.8062182560773819562 ) ) ;
#4843 = AXIS2_PLACEMENT_3D ( 'NONE', #2781, #6170, #2070 ) ;
#4844 = DIRECTION ( 'NONE',  ( 0.000000000000000000, 0.000000000000000000, 1.000000000000000000 ) ) ;
#4845 = UNCERTAINTY_MEASURE_WITH_UNIT (LENGTH_MEASURE( 1.000000000000000082E-05 ), #8663, 'distance_accuracy_value', 'NONE');
#4846 = EDGE_CURVE ( 'NONE', #4164, #7956, #2497, .T. ) ;
#4847 = EDGE_CURVE ( 'NONE', #5630, #3323, #8513, .T. ) ;
#4848 = ADVANCED_FACE ( 'NONE', ( #8674 ), #3491, .T. ) ;
#4849 = EDGE_CURVE ( 'NONE', #7587, #2757, #6725, .T. ) ;
#4850 = VERTEX_POINT ( 'NONE', #573 ) ;
#4851 = FILL_AREA_STYLE_COLOUR ( '', #5104 ) ;
#4852 =( NAMED_UNIT ( * ) SI_UNIT ( $, .STERADIAN. ) SOLID_ANGLE_UNIT ( ) );
#4853 = ORIENTED_EDGE ( 'NONE', *, *, #7836, .F. ) ;
#4854 = VERTEX_POINT ( 'NONE', #7483 ) ;
#4855 = LINE ( 'NONE', #7057, #8776 ) ;
#4856 = UNCERTAINTY_MEASURE_WITH_UNIT (LENGTH_MEASURE( 1.000000000000000082E-05 ), #1675, 'distance_accuracy_value', 'NONE');
#4857 = EDGE_CURVE ( 'NONE', #4497, #4041, #6792, .T. ) ;
#4858 = PRESENTATION_LAYER_ASSIGNMENT (  '', '', ( #3709 ) ) ;
#4859 =( GEOMETRIC_REPRESENTATION_CONTEXT ( 3 ) GLOBAL_UNCERTAINTY_ASSIGNED_CONTEXT ( ( #7091 ) ) GLOBAL_UNIT_ASSIGNED_CONTEXT ( ( #1283, #8819, #3367 ) ) REPRESENTATION_CONTEXT ( 'NONE', 'WORKASPACE' ) );
#4860 = ORIENTED_EDGE ( 'NONE', *, *, #6039, .F. ) ;
#4861 = PRESENTATION_LAYER_ASSIGNMENT (  '', '', ( #1406 ) ) ;
#4862 = ORIENTED_EDGE ( 'NONE', *, *, #8697, .F. ) ;
#4863 = CARTESIAN_POINT ( 'NONE',  ( 0.8439789388076482934, -0.1889472805623730878, 2.121381300126909508 ) ) ;
#4864 = PLANE ( 'NONE',  #3772 ) ;
#4865 = ORIENTED_EDGE ( 'NONE', *, *, #69, .F. ) ;
#4866 = ORIENTED_EDGE ( 'NONE', *, *, #924, .T. ) ;
#4867 = DIRECTION ( 'NONE',  ( -0.000000000000000000, -0.000000000000000000, -1.000000000000000000 ) ) ;
#4868 = SURFACE_SIDE_STYLE ('',( #8099 ) ) ;
#4869 = COLOUR_RGB ( '',0.8313725490196077761, 0.8313725490196077761, 0.8313725490196077761 ) ;
#4870 = DIRECTION ( 'NONE',  ( 1.000000000000000000, 0.000000000000000000, 0.000000000000000000 ) ) ;
#4871 = AXIS2_PLACEMENT_3D ( 'NONE', #1189, #7443, #6088 ) ;
#4872 = PLANE ( 'NONE',  #6403 ) ;
#4873 = DIRECTION ( 'NONE',  ( 0.000000000000000000, -1.000000000000000000, 0.000000000000000000 ) ) ;
#4874 = CARTESIAN_POINT ( 'NONE',  ( 4.852500000000000036, -0.7672499999999992104, 2.044279695023480059 ) ) ;
#4875 = VERTEX_POINT ( 'NONE', #6129 ) ;
#4876 = DIRECTION ( 'NONE',  ( -1.000000000000000000, -8.131516293641262547E-16, 0.000000000000000000 ) ) ;
#4877 = CARTESIAN_POINT ( 'NONE',  ( 3.405562582892961654, -0.2171554981402138707, 2.151030663926139397 ) ) ;
#4878 = DIRECTION ( 'NONE',  ( 1.000000000000000000, 0.000000000000000000, -0.000000000000000000 ) ) ;
#4879 = CARTESIAN_POINT ( 'NONE',  ( 5.004039568547502981, -0.2392314227995488984, -2.544459649094449993 ) ) ;
#4880 = CARTESIAN_POINT ( 'NONE',  ( 4.412499999999999645, -0.1922499999999990050, -1.860000000000000098 ) ) ;
#4881 = ADVANCED_FACE ( 'NONE', ( #2661 ), #4069, .T. ) ;
#4882 = MECHANICAL_DESIGN_GEOMETRIC_PRESENTATION_REPRESENTATION (  '', ( #3729 ), #1457 ) ;
#4883 = DIRECTION ( 'NONE',  ( 0.000000000000000000, -1.000000000000000000, -0.000000000000000000 ) ) ;
#4884 =( NAMED_UNIT ( * ) SI_UNIT ( $, .STERADIAN. ) SOLID_ANGLE_UNIT ( ) );
#4885 = CARTESIAN_POINT ( 'NONE',  ( 0.8174999999999990052, 2.495677398353389975, 2.080000000000000071 ) ) ;
#4886 = CARTESIAN_POINT ( 'NONE',  ( 4.751691034137317082, -0.03428356169603700987, 2.002249418785873036 ) ) ;
#4887 = AXIS2_PLACEMENT_3D ( 'NONE', #4735, #8342, #4693 ) ;
#4888 = CARTESIAN_POINT ( 'NONE',  ( 3.270000000000000462, -2.534608270214919745, -1.355252715606880543E-17 ) ) ;
#4889 = SURFACE_SIDE_STYLE ('',( #79 ) ) ;
#4890 = VERTEX_POINT ( 'NONE', #4753 ) ;
#4891 = DIRECTION ( 'NONE',  ( 0.000000000000000000, 0.000000000000000000, -1.000000000000000000 ) ) ;
#4892 = COLOUR_RGB ( '',0.2862745098039215508, 0.2862745098039215508, 0.2862745098039215508 ) ;
#4893 = DIRECTION ( 'NONE',  ( -2.593979029498029835E-16, -1.000000000000000000, 0.000000000000000000 ) ) ;
#4894 = SURFACE_STYLE_FILL_AREA ( #4159 ) ;
#4895 = MECHANICAL_DESIGN_GEOMETRIC_PRESENTATION_REPRESENTATION (  '', ( #6608 ), #1753 ) ;
#4896 = ORIENTED_EDGE ( 'NONE', *, *, #5824, .F. ) ;
#4897 = CARTESIAN_POINT ( 'NONE',  ( 0.8524999999999997025, -0.1922500000000010034, -2.160000000000000142 ) ) ;
#4898 = VECTOR ( 'NONE', #141, 1000.000000000000114 ) ;
#4899 = CARTESIAN_POINT ( 'NONE',  ( -3.270000000000000018, -2.717896001968642672, 0.000000000000000000 ) ) ;
#4900 = ORIENTED_EDGE ( 'NONE', *, *, #1679, .F. ) ;
#4901 = PLANE ( 'NONE',  #7406 ) ;
#4902 = ORIENTED_EDGE ( 'NONE', *, *, #502, .T. ) ;
#4903 = ADVANCED_FACE ( 'NONE', ( #3947 ), #1889, .T. ) ;
#4904 = CIRCLE ( 'NONE', #1049, 0.09999999999999982514 ) ;
#4905 = FILL_AREA_STYLE_COLOUR ( '', #6694 ) ;
#4906 = ORIENTED_EDGE ( 'NONE', *, *, #8311, .F. ) ;
#4907 = VERTEX_POINT ( 'NONE', #1583 ) ;
#4908 = CARTESIAN_POINT ( 'NONE',  ( 0.9104697237623936568, -0.2930589658626824301, 2.217966438303963006 ) ) ;
#4909 = LINE ( 'NONE', #6294, #3616 ) ;
#4910 = ORIENTED_EDGE ( 'NONE', *, *, #361, .T. ) ;
#4911 = ORIENTED_EDGE ( 'NONE', *, *, #1681, .T. ) ;
#4912 = PRESENTATION_LAYER_ASSIGNMENT (  '', '', ( #8785 ) ) ;
#4913 = CARTESIAN_POINT ( 'NONE',  ( -3.414865336152359987, -0.3451191649770700143, -2.660000000000000142 ) ) ;
#4914 = STYLED_ITEM ( 'NONE', ( #8109 ), #8425 ) ;
#4915 = EDGE_CURVE ( 'NONE', #6987, #5780, #5547, .T. ) ;
#4916 = EDGE_CURVE ( 'NONE', #567, #7779, #3478, .T. ) ;
#4917 = CARTESIAN_POINT ( 'NONE',  ( 3.087392691391184218, 2.587757373546592188, 2.053202520895375027 ) ) ;
#4918 = LINE ( 'NONE', #3376, #3082 ) ;
#4919 = CIRCLE ( 'NONE', #2058, 0.2999999999999999334 ) ;
#4920 = AXIS2_PLACEMENT_3D ( 'NONE', #7878, #2319, #1732 ) ;
#4921 = FACE_OUTER_BOUND ( 'NONE', #7264, .T. ) ;
#4922 = SURFACE_STYLE_USAGE ( .BOTH. , #6934 ) ;
#4923 = SURFACE_SIDE_STYLE ('',( #7027 ) ) ;
#4924 = ORIENTED_EDGE ( 'NONE', *, *, #6324, .F. ) ;
#4925 = CARTESIAN_POINT ( 'NONE',  ( -3.903095123049503457, -0.008589285714287551304, 0.000000000000000000 ) ) ;
#4926 = LINE ( 'NONE', #4239, #449 ) ;
#4927 = VECTOR ( 'NONE', #7559, 1000.000000000000000 ) ;
#4928 = VECTOR ( 'NONE', #8879, 1000.000000000000114 ) ;
#4929 = CARTESIAN_POINT ( 'NONE',  ( 4.910235026918961410, -0.1345149730810336619, -2.560235026918963985 ) ) ;
#4930 = SURFACE_SIDE_STYLE ('',( #22 ) ) ;
#4931 = DIRECTION ( 'NONE',  ( -0.8856505754816621501, 0.4643522996055910457, -0.000000000000000000 ) ) ;
#4932 = DIRECTION ( 'NONE',  ( -0.4082482904638620180, -0.8164965809277260345, 0.4082482904638640164 ) ) ;
#4933 = CIRCLE ( 'NONE', #3916, 0.09999999999999982514 ) ;
#4934 = STYLED_ITEM ( 'NONE', ( #2512 ), #5231 ) ;
#4935 = CYLINDRICAL_SURFACE ( 'NONE', #988, 0.1499999999999999667 ) ;
#4936 = SURFACE_STYLE_USAGE ( .BOTH. , #950 ) ;
#4937 =( NAMED_UNIT ( * ) SI_UNIT ( $, .STERADIAN. ) SOLID_ANGLE_UNIT ( ) );
#4938 = FILL_AREA_STYLE_COLOUR ( '', #5275 ) ;
#4939 = SURFACE_STYLE_USAGE ( .BOTH. , #854 ) ;
#4940 = DIRECTION ( 'NONE',  ( 0.000000000000000000, 0.000000000000000000, 1.000000000000000000 ) ) ;
#4941 = SURFACE_STYLE_USAGE ( .BOTH. , #811 ) ;
#4942 = STYLED_ITEM ( 'NONE', ( #5361 ), #4350 ) ;
#4943 = UNCERTAINTY_MEASURE_WITH_UNIT (LENGTH_MEASURE( 1.000000000000000082E-05 ), #6860, 'distance_accuracy_value', 'NONE');
#4944 = MECHANICAL_DESIGN_GEOMETRIC_PRESENTATION_REPRESENTATION (  '', ( #4509 ), #2420 ) ;
#4945 = VERTEX_POINT ( 'NONE', #6234 ) ;
#4946 = CARTESIAN_POINT ( 'NONE',  ( -4.952499999999999680, 0.7672499999999990994, -1.899999999999999911 ) ) ;
#4947 = CARTESIAN_POINT ( 'NONE',  ( -3.414865336152359987, -0.3451191649770700143, 2.660000000000000142 ) ) ;
#4948 = VERTEX_POINT ( 'NONE', #2252 ) ;
#4949 = SURFACE_STYLE_USAGE ( .BOTH. , #2164 ) ;
#4950 = ORIENTED_EDGE ( 'NONE', *, *, #8634, .F. ) ;
#4951 = FACE_OUTER_BOUND ( 'NONE', #879, .T. ) ;
#4952 = AXIS2_PLACEMENT_3D ( 'NONE', #6230, #752, #2151 ) ;
#4953 = UNCERTAINTY_MEASURE_WITH_UNIT (LENGTH_MEASURE( 1.000000000000000082E-05 ), #1774, 'distance_accuracy_value', 'NONE');
#4954 = PRESENTATION_STYLE_ASSIGNMENT (( #6289 ) ) ;
#4955 = ORIENTED_EDGE ( 'NONE', *, *, #2562, .T. ) ;
#4956 = ORIENTED_EDGE ( 'NONE', *, *, #6733, .T. ) ;
#4957 = CARTESIAN_POINT ( 'NONE',  ( 3.270000000000000018, -8.237705465659550362E-16, 0.000000000000000000 ) ) ;
#4958 = DIRECTION ( 'NONE',  ( -0.000000000000000000, 0.000000000000000000, -1.000000000000000000 ) ) ;
#4959 = PRESENTATION_STYLE_ASSIGNMENT (( #647 ) ) ;
#4960 = VERTEX_POINT ( 'NONE', #4253 ) ;
#4961 = VECTOR ( 'NONE', #8569, 1000.000000000000000 ) ;
#4962 = DIRECTION ( 'NONE',  ( 0.000000000000000000, 1.000000000000000000, 0.000000000000000000 ) ) ;
#4963 =( LENGTH_UNIT ( ) NAMED_UNIT ( * ) SI_UNIT ( .MILLI., .METRE. ) );
#4964 = STYLED_ITEM ( 'NONE', ( #3037 ), #2112 ) ;
#4965 = PRESENTATION_LAYER_ASSIGNMENT (  '', '', ( #6835 ) ) ;
#4966 = ADVANCED_FACE ( 'NONE', ( #6855 ), #4210, .T. ) ;
#4967 = EDGE_CURVE ( 'NONE', #5425, #4395, #4219, .T. ) ;
#4968 = EDGE_CURVE ( 'NONE', #3416, #3879, #7672, .T. ) ;
#4969 = ADVANCED_FACE ( 'NONE', ( #1396 ), #5002, .T. ) ;
#4970 = VECTOR ( 'NONE', #6501, 1000.000000000000000 ) ;
#4971 = CARTESIAN_POINT ( 'NONE',  ( -3.414865336152358211, -0.3451191649770712355, -2.660000000000000142 ) ) ;
#4972 = CARTESIAN_POINT ( 'NONE',  ( 2.803133701591289384, 2.495677398353390419, 2.080000000000000071 ) ) ;
#4973 = FACE_OUTER_BOUND ( 'NONE', #6603, .T. ) ;
#4974 = DIRECTION ( 'NONE',  ( -0.000000000000000000, 1.000000000000000000, 0.000000000000000000 ) ) ;
#4975 = LINE ( 'NONE', #4143, #2759 ) ;
#4976 = FILL_AREA_STYLE ('',( #890 ) ) ;
#4977 =( BOUNDED_SURFACE ( )  B_SPLINE_SURFACE ( 3, 3, ( 
 ( #8230, #3588, #6959, #2838 ),
 ( #7490, #819, #5461, #139 ),
 ( #4077, #7005, #8897, #41 ),
 ( #5596, #3453, #2166, #2216 ) ),
 .UNSPECIFIED., .F., .F., .F. ) 
 B_SPLINE_SURFACE_WITH_KNOTS ( ( 4, 4 ),
 ( 4, 4 ),
 ( 0.000000000000000000, 1.000000000000000000 ),
 ( 0.000000000000000000, 1.000000000000000000 ),
 .UNSPECIFIED. ) 
 GEOMETRIC_REPRESENTATION_ITEM ( )  RATIONAL_B_SPLINE_SURFACE ( (
 ( 1.000000000000000000, 0.3333333333333273196, 0.3333333333333273196, 1.000000000000000000),
 ( 0.9245018060306359198, 0.3081672686768731073, 0.3081672686768731073, 0.9245018060306359198),
 ( 0.9245018060306359198, 0.3081672686768731073, 0.3081672686768731073, 0.9245018060306359198),
 ( 1.000000000000000000, 0.3333333333333273196, 0.3333333333333273196, 1.000000000000000000) ) ) 
 REPRESENTATION_ITEM ( '' )  SURFACE ( )  );
#4978 = CARTESIAN_POINT ( 'NONE',  ( -2.855207625734560217, -0.2677499999999999880, 2.660000000000000142 ) ) ;
#4979 = DIRECTION ( 'NONE',  ( 1.000000000000000000, 0.000000000000000000, 0.000000000000000000 ) ) ;
#4980 = MECHANICAL_DESIGN_GEOMETRIC_PRESENTATION_REPRESENTATION (  '', ( #8123 ), #1541 ) ;
#4981 = SURFACE_SIDE_STYLE ('',( #5725 ) ) ;
#4982 = FILL_AREA_STYLE_COLOUR ( '', #35 ) ;
#4983 = CARTESIAN_POINT ( 'NONE',  ( 4.852500000000000036, -0.1922499999999991160, -2.044279695023480059 ) ) ;
#4984 = FILL_AREA_STYLE_COLOUR ( '', #2468 ) ;
#4985 = MANIFOLD_SOLID_BREP ( 'Imported1', #5351 ) ;
#4986 =( NAMED_UNIT ( * ) SI_UNIT ( $, .STERADIAN. ) SOLID_ANGLE_UNIT ( ) );
#4987 = VERTEX_POINT ( 'NONE', #406 ) ;
#4988 = EDGE_LOOP ( 'NONE', ( #7147, #5553, #6867, #8035 ) ) ;
#4989 =( LENGTH_UNIT ( ) NAMED_UNIT ( * ) SI_UNIT ( .MILLI., .METRE. ) );
#4990 = AXIS2_PLACEMENT_3D ( 'NONE', #8011, #7362, #6530 ) ;
#4991 = CARTESIAN_POINT ( 'NONE',  ( 4.412499999999999645, -0.4297499999999990217, 2.602500000000000036 ) ) ;
#4992 = ORIENTED_EDGE ( 'NONE', *, *, #7468, .T. ) ;
#4993 = CARTESIAN_POINT ( 'NONE',  ( 3.392026214587562372, -0.09224999999999936029, -1.957263992460124724 ) ) ;
#4994 = ORIENTED_EDGE ( 'NONE', *, *, #6150, .T. ) ;
#4995 = DIRECTION ( 'NONE',  ( 1.000000000000000000, 0.000000000000000000, -0.000000000000000000 ) ) ;
#4996 = COLOUR_RGB ( '',0.2862745098039215508, 0.2862745098039215508, 0.2862745098039215508 ) ;
#4997 = ORIENTED_EDGE ( 'NONE', *, *, #2343, .F. ) ;
#4998 = COLOUR_RGB ( '',0.8313725490196077761, 0.8313725490196077761, 0.8313725490196077761 ) ;
#4999 = EDGE_CURVE ( 'NONE', #5919, #2398, #1714, .T. ) ;
#5000 = ORIENTED_EDGE ( 'NONE', *, *, #5771, .F. ) ;
#5001 = ORIENTED_EDGE ( 'NONE', *, *, #180, .T. ) ;
#5002 =( BOUNDED_SURFACE ( )  B_SPLINE_SURFACE ( 3, 3, ( 
 ( #217, #7863, #5200, #1088 ),
 ( #4528, #7906, #956, #5813 ),
 ( #3015, #1047, #2433, #7261 ),
 ( #3672, #1667, #997, #1758 ) ),
 .UNSPECIFIED., .F., .F., .F. ) 
 B_SPLINE_SURFACE_WITH_KNOTS ( ( 4, 4 ),
 ( 4, 4 ),
 ( 0.000000000000000000, 1.000000000000000000 ),
 ( 0.000000000000000000, 1.000000000000000000 ),
 .UNSPECIFIED. ) 
 GEOMETRIC_REPRESENTATION_ITEM ( )  RATIONAL_B_SPLINE_SURFACE ( (
 ( 1.000000000000000000, 0.3333333333333369786, 0.3333333333333369786, 1.000000000000000000),
 ( 0.9245018060306364749, 0.3081672686768822111, 0.3081672686768822111, 0.9245018060306364749),
 ( 0.9245018060306364749, 0.3081672686768822111, 0.3081672686768822111, 0.9245018060306364749),
 ( 1.000000000000000000, 0.3333333333333369786, 0.3333333333333369786, 1.000000000000000000) ) ) 
 REPRESENTATION_ITEM ( '' )  SURFACE ( )  );
#5003 = SURFACE_STYLE_USAGE ( .BOTH. , #2448 ) ;
#5004 = FILL_AREA_STYLE ('',( #7648 ) ) ;
#5005 = MECHANICAL_DESIGN_GEOMETRIC_PRESENTATION_REPRESENTATION (  '', ( #7729 ), #7145 ) ;
#5006 = SURFACE_SIDE_STYLE ('',( #2893 ) ) ;
#5007 = ORIENTED_EDGE ( 'NONE', *, *, #8810, .F. ) ;
#5008 = CARTESIAN_POINT ( 'NONE',  ( 0.000000000000000000, 0.000000000000000000, 0.000000000000000000 ) ) ;
#5009 = SURFACE_STYLE_USAGE ( .BOTH. , #3509 ) ;
#5010 = ORIENTED_EDGE ( 'NONE', *, *, #6877, .F. ) ;
#5011 = PRESENTATION_LAYER_ASSIGNMENT (  '', '', ( #6286 ) ) ;
#5012 = CARTESIAN_POINT ( 'NONE',  ( 3.421339264947466319, -0.09894019910553297770, 2.064368729000465752 ) ) ;
#5013 = CARTESIAN_POINT ( 'NONE',  ( -3.055000000000000604, 0.7672499999999990994, -1.899999999999999911 ) ) ;
#5014 = CARTESIAN_POINT ( 'NONE',  ( -3.078684323592195682, 2.630078640753620967, 2.148196821781702681 ) ) ;
#5015 = PRESENTATION_LAYER_ASSIGNMENT (  '', '', ( #3148 ) ) ;
#5016 = ADVANCED_FACE ( 'NONE', ( #3137 ), #8447, .T. ) ;
#5017 = SURFACE_STYLE_USAGE ( .BOTH. , #8392 ) ;
#5018 = CARTESIAN_POINT ( 'NONE',  ( 0.8967811191995186393, -0.2461110386525657834, -2.204659952694484559 ) ) ;
#5019 = UNCERTAINTY_MEASURE_WITH_UNIT (LENGTH_MEASURE( 1.000000000000000082E-05 ), #2912, 'distance_accuracy_value', 'NONE');
#5020 = AXIS2_PLACEMENT_3D ( 'NONE', #1930, #4701, #1974 ) ;
#5021 = DIRECTION ( 'NONE',  ( 1.000000000000000000, 1.734723475976807094E-15, 0.000000000000000000 ) ) ;
#5022 = SURFACE_STYLE_USAGE ( .BOTH. , #8441 ) ;
#5023 = CARTESIAN_POINT ( 'NONE',  ( -3.903095123049499904, -0.008589285714289612156, -1.899999999999999911 ) ) ;
#5024 = FILL_AREA_STYLE ('',( #6368 ) ) ;
#5025 = SURFACE_STYLE_USAGE ( .BOTH. , #4248 ) ;
#5026 = CARTESIAN_POINT ( 'NONE',  ( -0.5900556301437581697, -1.445219477548855673E-16, 2.380000000000000338 ) ) ;
#5027 = EDGE_CURVE ( 'NONE', #780, #8009, #1070, .T. ) ;
#5028 = EDGE_CURVE ( 'NONE', #6423, #6175, #4655, .T. ) ;
#5029 = SURFACE_SIDE_STYLE ('',( #7819 ) ) ;
#5030 = UNCERTAINTY_MEASURE_WITH_UNIT (LENGTH_MEASURE( 1.000000000000000082E-05 ), #6021, 'distance_accuracy_value', 'NONE');
#5031 = VERTEX_POINT ( 'NONE', #6069 ) ;
#5032 = VERTEX_POINT ( 'NONE', #3310 ) ;
#5033 = SURFACE_STYLE_FILL_AREA ( #5112 ) ;
#5034 = CARTESIAN_POINT ( 'NONE',  ( 4.901339264947466745, -0.1878812709995324737, 1.950969894129011895 ) ) ;
#5035 = VERTEX_POINT ( 'NONE', #7382 ) ;
#5036 = CARTESIAN_POINT ( 'NONE',  ( 4.852499999999999147, -0.1922499999999979781, -2.502499999999999947 ) ) ;
#5037 =( GEOMETRIC_REPRESENTATION_CONTEXT ( 3 ) GLOBAL_UNCERTAINTY_ASSIGNED_CONTEXT ( ( #1543 ) ) GLOBAL_UNIT_ASSIGNED_CONTEXT ( ( #1147, #3242, #466 ) ) REPRESENTATION_CONTEXT ( 'NONE', 'WORKASPACE' ) );
#5038 = CARTESIAN_POINT ( 'NONE',  ( 5.010466438303963876, -0.2930589658626808758, -2.002249418785871704 ) ) ;
#5039 = VERTEX_POINT ( 'NONE', #7994 ) ;
#5040 =( NAMED_UNIT ( * ) PLANE_ANGLE_UNIT ( ) SI_UNIT ( $, .RADIAN. ) );
#5041 = AXIS2_PLACEMENT_3D ( 'NONE', #6582, #2508, #2423 ) ;
#5042 = UNCERTAINTY_MEASURE_WITH_UNIT (LENGTH_MEASURE( 1.000000000000000082E-05 ), #1355, 'distance_accuracy_value', 'NONE');
#5043 = ORIENTED_EDGE ( 'NONE', *, *, #5330, .F. ) ;
#5044 = ORIENTED_EDGE ( 'NONE', *, *, #8811, .F. ) ;
#5045 =( GEOMETRIC_REPRESENTATION_CONTEXT ( 3 ) GLOBAL_UNCERTAINTY_ASSIGNED_CONTEXT ( ( #5090 ) ) GLOBAL_UNIT_ASSIGNED_CONTEXT ( ( #290, #5750, #5570 ) ) REPRESENTATION_CONTEXT ( 'NONE', 'WORKASPACE' ) );
#5046 = ORIENTED_EDGE ( 'NONE', *, *, #1939, .F. ) ;
#5047 = DIRECTION ( 'NONE',  ( -0.5773502691896249539, 0.5773502691896273964, 0.5773502691896249539 ) ) ;
#5048 = MECHANICAL_DESIGN_GEOMETRIC_PRESENTATION_REPRESENTATION (  '', ( #7799 ), #3457 ) ;
#5049 = DIRECTION ( 'NONE',  ( 1.000000000000000000, 4.497431234013940009E-16, 0.000000000000000000 ) ) ;
#5050 = SURFACE_SIDE_STYLE ('',( #337 ) ) ;
#5051 = STYLED_ITEM ( 'NONE', ( #6016 ), #8479 ) ;
#5052 = DIRECTION ( 'NONE',  ( -0.000000000000000000, -1.000000000000000000, -0.000000000000000000 ) ) ;
#5053 = DIRECTION ( 'NONE',  ( -0.1147640357803560024, 0.1721460536705340105, -0.9783634050275320515 ) ) ;
#5054 = VECTOR ( 'NONE', #3378, 1000.000000000000000 ) ;
#5055 = CARTESIAN_POINT ( 'NONE',  ( -0.3943076977342179212, 0.3436167100760137982, 2.330000000000000515 ) ) ;
#5056 = PRESENTATION_STYLE_ASSIGNMENT (( #2330 ) ) ;
#5057 = VECTOR ( 'NONE', #5223, 1000.000000000000000 ) ;
#5058 = DIRECTION ( 'NONE',  ( 0.000000000000000000, -1.000000000000000000, 0.000000000000000000 ) ) ;
#5059 = DIRECTION ( 'NONE',  ( 0.5314021314210202185, -0.5314021314210114477, 0.6597147485409151635 ) ) ;
#5060 = CARTESIAN_POINT ( 'NONE',  ( 4.910235026918960521, -0.1345149730810362709, 2.560235026918964429 ) ) ;
#5061 = ADVANCED_FACE ( 'NONE', ( #2688 ), #2526, .T. ) ;
#5062 = CARTESIAN_POINT ( 'NONE',  ( 3.972500000000000142, -0.1922499999999990050, 2.502499999999999947 ) ) ;
#5063 = CARTESIAN_POINT ( 'NONE',  ( 0.9497701770995169435, -0.09225000000000049827, -0.8026513691178059906 ) ) ;
#5064 = DIRECTION ( 'NONE',  ( 0.000000000000000000, 0.000000000000000000, 1.000000000000000000 ) ) ;
#5065 = DIRECTION ( 'NONE',  ( 5.482582837655000045E-16, -1.000000000000000000, -0.000000000000000000 ) ) ;
#5066 = MECHANICAL_DESIGN_GEOMETRIC_PRESENTATION_REPRESENTATION (  '', ( #2082 ), #4629 ) ;
#5067 = PRESENTATION_LAYER_ASSIGNMENT (  '', '', ( #321 ) ) ;
#5068 =( NAMED_UNIT ( * ) PLANE_ANGLE_UNIT ( ) SI_UNIT ( $, .RADIAN. ) );
#5069 = CARTESIAN_POINT ( 'NONE',  ( -0.5900556301437578366, -1.180111260287516339, 2.380000000000001226 ) ) ;
#5070 = MANIFOLD_SOLID_BREP ( 'Imported3', #8525 ) ;
#5071 = CARTESIAN_POINT ( 'NONE',  ( -0.2625295485153629760, 0.5492081243723243578, 2.380000000000000338 ) ) ;
#5072 = SURFACE_STYLE_FILL_AREA ( #5109 ) ;
#5073 = MECHANICAL_DESIGN_GEOMETRIC_PRESENTATION_REPRESENTATION (  '', ( #3625 ), #8072 ) ;
#5074 = VERTEX_POINT ( 'NONE', #1303 ) ;
#5075 = CARTESIAN_POINT ( 'NONE',  ( 2.834327549608199881, -2.611827549608200183, 1.814072445655880106 ) ) ;
#5076 =( LENGTH_UNIT ( ) NAMED_UNIT ( * ) SI_UNIT ( .MILLI., .METRE. ) );
#5077 = EDGE_CURVE ( 'NONE', #8887, #1048, #1643, .T. ) ;
#5078 = EDGE_CURVE ( 'NONE', #3409, #3068, #5627, .T. ) ;
#5079 = CARTESIAN_POINT ( 'NONE',  ( -3.903095123049499904, -0.008589285714289650320, 1.804999999999999938 ) ) ;
#5080 = EDGE_CURVE ( 'NONE', #6119, #5032, #5494, .T. ) ;
#5081 = VERTEX_POINT ( 'NONE', #2108 ) ;
#5082 = CARTESIAN_POINT ( 'NONE',  ( 0.9525000000000000133, -0.1922500000000010034, -2.060000000000000053 ) ) ;
#5083 = DIRECTION ( 'NONE',  ( 1.000000000000000000, 5.139921410301649810E-16, 0.000000000000000000 ) ) ;
#5084 =( GEOMETRIC_REPRESENTATION_CONTEXT ( 3 ) GLOBAL_UNCERTAINTY_ASSIGNED_CONTEXT ( ( #1871 ) ) GLOBAL_UNIT_ASSIGNED_CONTEXT ( ( #4244, #7473, #7165 ) ) REPRESENTATION_CONTEXT ( 'NONE', 'WORKASPACE' ) );
#5085 = STYLED_ITEM ( 'NONE', ( #2899 ), #5380 ) ;
#5086 = LINE ( 'NONE', #7833, #2060 ) ;
#5087 = ORIENTED_EDGE ( 'NONE', *, *, #8539, .F. ) ;
#5088 = CARTESIAN_POINT ( 'NONE',  ( 0.3819120798423590868, -0.1922500000000010312, -0.3637895569954249786 ) ) ;
#5089 = EDGE_LOOP ( 'NONE', ( #8679, #7502, #7523, #2259 ) ) ;
#5090 = UNCERTAINTY_MEASURE_WITH_UNIT (LENGTH_MEASURE( 1.000000000000000082E-05 ), #290, 'distance_accuracy_value', 'NONE');
#5091 = LINE ( 'NONE', #5663, #6743 ) ;
#5092 = SURFACE_SIDE_STYLE ('',( #4234 ) ) ;
#5093 = CARTESIAN_POINT ( 'NONE',  ( 3.472500000000000586, -0.1336713562373090247, 2.060000000000000053 ) ) ;
#5094 = FILL_AREA_STYLE_COLOUR ( '', #3192 ) ;
#5095 = CARTESIAN_POINT ( 'NONE',  ( 3.695609128038690017, -0.7672500000000000986, -0.6562182560773820450 ) ) ;
#5096 = LINE ( 'NONE', #7849, #962 ) ;
#5097 = CARTESIAN_POINT ( 'NONE',  ( 0.5171752024494754574, 0.08190452825825636496, 2.329999999999999627 ) ) ;
#5098 = DIRECTION ( 'NONE',  ( 1.000000000000000000, -0.000000000000000000, 0.000000000000000000 ) ) ;
#5099 = CARTESIAN_POINT ( 'NONE',  ( 3.872500000000000497, -0.1922499999999989773, 2.059999999999999609 ) ) ;
#5100 = COLOUR_RGB ( '',0.8313725490196077761, 0.8313725490196077761, 0.8313725490196077761 ) ;
#5101 = DIRECTION ( 'NONE',  ( -0.9931903090196375627, 0.000000000000000000, 0.1165032620550898596 ) ) ;
#5102 =( LENGTH_UNIT ( ) NAMED_UNIT ( * ) SI_UNIT ( .MILLI., .METRE. ) );
#5103 =( NAMED_UNIT ( * ) PLANE_ANGLE_UNIT ( ) SI_UNIT ( $, .RADIAN. ) );
#5104 = COLOUR_RGB ( '',0.8313725490196077761, 0.8313725490196077761, 0.8313725490196077761 ) ;
#5105 =( LENGTH_UNIT ( ) NAMED_UNIT ( * ) SI_UNIT ( .MILLI., .METRE. ) );
#5106 = CARTESIAN_POINT ( 'NONE',  ( 4.855802719437629200, -0.1308686998730906603, -2.611021061192349890 ) ) ;
#5107 = DIRECTION ( 'NONE',  ( -1.000000000000000000, -4.497431234013940009E-16, -0.000000000000000000 ) ) ;
#5108 = CARTESIAN_POINT ( 'NONE',  ( 4.952499999999999680, -0.7672499999999994325, 0.000000000000000000 ) ) ;
#5109 = FILL_AREA_STYLE ('',( #2300 ) ) ;
#5110 = UNCERTAINTY_MEASURE_WITH_UNIT (LENGTH_MEASURE( 1.000000000000000082E-05 ), #4338, 'distance_accuracy_value', 'NONE');
#5111 = VERTEX_POINT ( 'NONE', #6261 ) ;
#5112 = FILL_AREA_STYLE ('',( #5646 ) ) ;
#5113 = CARTESIAN_POINT ( 'NONE',  ( 4.964667334400298060, -0.1381612462889822979, 2.037330702377905478 ) ) ;
#5114 = EDGE_LOOP ( 'NONE', ( #1241, #5388, #2718, #8154 ) ) ;
#5115 = CARTESIAN_POINT ( 'NONE',  ( -3.270000000000000018, 3.047499999999998987, 0.07846988903112331326 ) ) ;
#5116 = VECTOR ( 'NONE', #8739, 1000.000000000000000 ) ;
#5117 = CARTESIAN_POINT ( 'NONE',  ( 4.945809800894467756, -0.1434107350525314906, -2.039910966023013028 ) ) ;
#5118 = CARTESIAN_POINT ( 'NONE',  ( 0.9455510073544246552, -0.08008266559970263210, -2.114088753711015567 ) ) ;
#5119 = EDGE_CURVE ( 'NONE', #7739, #6204, #1429, .T. ) ;
#5120 = ADVANCED_FACE ( 'NONE', ( #117 ), #799, .T. ) ;
#5121 = DIRECTION ( 'NONE',  ( 0.000000000000000000, 0.000000000000000000, 1.000000000000000000 ) ) ;
#5122 = EDGE_CURVE ( 'NONE', #3879, #2804, #2780, .T. ) ;
#5123 = STYLED_ITEM ( 'NONE', ( #6266 ), #1879 ) ;
#5124 = ORIENTED_EDGE ( 'NONE', *, *, #1891, .T. ) ;
#5125 = CARTESIAN_POINT ( 'NONE',  ( 3.392393295065269321, -0.09224999999999937417, 1.957631072937817240 ) ) ;
#5126 = LINE ( 'NONE', #7841, #5714 ) ;
#5127 = EDGE_LOOP ( 'NONE', ( #5515, #2890, #1760, #5591 ) ) ;
#5128 = DIRECTION ( 'NONE',  ( 0.000000000000000000, 0.000000000000000000, 1.000000000000000000 ) ) ;
#5129 = FACE_OUTER_BOUND ( 'NONE', #8839, .T. ) ;
#5130 = SURFACE_STYLE_USAGE ( .BOTH. , #1153 ) ;
#5131 = MECHANICAL_DESIGN_GEOMETRIC_PRESENTATION_REPRESENTATION (  '', ( #5837 ), #6277 ) ;
#5132 = ADVANCED_FACE ( 'NONE', ( #3523 ), #5318, .T. ) ;
#5133 = EDGE_CURVE ( 'NONE', #2018, #8895, #7077, .T. ) ;
#5134 =( NAMED_UNIT ( * ) PLANE_ANGLE_UNIT ( ) SI_UNIT ( $, .RADIAN. ) );
#5135 = DIRECTION ( 'NONE',  ( 0.000000000000000000, 0.000000000000000000, -1.000000000000000000 ) ) ;
#5136 = SURFACE_STYLE_FILL_AREA ( #5841 ) ;
#5137 = SURFACE_SIDE_STYLE ('',( #8475 ) ) ;
#5138 = FILL_AREA_STYLE_COLOUR ( '', #6837 ) ;
#5139 = DIRECTION ( 'NONE',  ( -1.000000000000000000, -0.000000000000000000, 0.000000000000000000 ) ) ;
#5140 = AXIS2_PLACEMENT_3D ( 'NONE', #1262, #5862, #6724 ) ;
#5141 = FILL_AREA_STYLE_COLOUR ( '', #7226 ) ;
#5142 = CARTESIAN_POINT ( 'NONE',  ( 3.831078643762690916, -0.1336713562373084696, 1.959999999999999520 ) ) ;
#5143 = CARTESIAN_POINT ( 'NONE',  ( 3.972500000000000142, -0.09224999999999901334, 2.060000000000000053 ) ) ;
#5144 = LINE ( 'NONE', #7166, #6781 ) ;
#5145 = PLANE ( 'NONE',  #2351 ) ;
#5146 = DIRECTION ( 'NONE',  ( -0.000000000000000000, -0.000000000000000000, -1.000000000000000000 ) ) ;
#5147 = CARTESIAN_POINT ( 'NONE',  ( 0.5095432732743729876, -0.1305438296993553515, 2.330000000000000071 ) ) ;
#5148 = LINE ( 'NONE', #6714, #433 ) ;
#5149 = CARTESIAN_POINT ( 'NONE',  ( 4.910235026918961410, -0.1345149730810355215, -2.560235026918963985 ) ) ;
#5150 = FILL_AREA_STYLE_COLOUR ( '', #5158 ) ;
#5151 = CARTESIAN_POINT ( 'NONE',  ( -0.5650556301437578144, -1.130111260287516295, 2.355000000000000426 ) ) ;
#5152 = CARTESIAN_POINT ( 'NONE',  ( 3.461942719099991628, -0.1475286404500041337, -2.060000000000000053 ) ) ;
#5153 = EDGE_CURVE ( 'NONE', #2413, #3451, #6048, .T. ) ;
#5154 = VECTOR ( 'NONE', #3725, 1000.000000000000000 ) ;
#5155 = PRESENTATION_STYLE_ASSIGNMENT (( #1131 ) ) ;
#5156 = VERTEX_POINT ( 'NONE', #3005 ) ;
#5157 = ORIENTED_EDGE ( 'NONE', *, *, #6149, .F. ) ;
#5158 = COLOUR_RGB ( '',0.8313725490196077761, 0.8313725490196077761, 0.8313725490196077761 ) ;
#5159 = FILL_AREA_STYLE ('',( #2441 ) ) ;
#5160 =( NAMED_UNIT ( * ) SI_UNIT ( $, .STERADIAN. ) SOLID_ANGLE_UNIT ( ) );
#5161 = SURFACE_SIDE_STYLE ('',( #460 ) ) ;
#5162 = VECTOR ( 'NONE', #746, 1000.000000000000000 ) ;
#5163 = VERTEX_POINT ( 'NONE', #2383 ) ;
#5164 = EDGE_LOOP ( 'NONE', ( #2839, #1551 ) ) ;
#5165 =( LENGTH_UNIT ( ) NAMED_UNIT ( * ) SI_UNIT ( .MILLI., .METRE. ) );
#5166 = CARTESIAN_POINT ( 'NONE',  ( 3.545609128038690105, -0.7672500000000000986, -0.8062182560773819562 ) ) ;
#5167 = EDGE_CURVE ( 'NONE', #3335, #5039, #346, .T. ) ;
#5168 = VERTEX_POINT ( 'NONE', #3089 ) ;
#5169 = SURFACE_STYLE_FILL_AREA ( #7969 ) ;
#5170 = VERTEX_POINT ( 'NONE', #8481 ) ;
#5171 = AXIS2_PLACEMENT_3D ( 'NONE', #736, #5393, #4823 ) ;
#5172 =( NAMED_UNIT ( * ) SI_UNIT ( $, .STERADIAN. ) SOLID_ANGLE_UNIT ( ) );
#5173 = AXIS2_PLACEMENT_3D ( 'NONE', #6372, #8445, #6993 ) ;
#5174 = FACE_OUTER_BOUND ( 'NONE', #4228, .T. ) ;
#5175 = VECTOR ( 'NONE', #5706, 1000.000000000000000 ) ;
#5176 = DIRECTION ( 'NONE',  ( -0.1157205707370560360, -0.1157205707370560360, -0.9865178655334023716 ) ) ;
#5177 = CARTESIAN_POINT ( 'NONE',  ( 4.952499999999999680, -0.7672499999999993214, 2.044279695023480059 ) ) ;
#5178 =( NAMED_UNIT ( * ) PLANE_ANGLE_UNIT ( ) SI_UNIT ( $, .RADIAN. ) );
#5179 = ADVANCED_FACE ( 'NONE', ( #8563 ), #688, .T. ) ;
#5180 = PRESENTATION_LAYER_ASSIGNMENT (  '', '', ( #163 ) ) ;
#5181 = EDGE_CURVE ( 'NONE', #5550, #6282, #8082, .T. ) ;
#5182 = ORIENTED_EDGE ( 'NONE', *, *, #4968, .F. ) ;
#5183 = CARTESIAN_POINT ( 'NONE',  ( -2.551983049729559028, -3.082852631779141817, 2.150713298398578388 ) ) ;
#5184 = CARTESIAN_POINT ( 'NONE',  ( -0.3181927426440643858, 0.4195747179604719101, 2.330000000000000071 ) ) ;
#5185 = CARTESIAN_POINT ( 'NONE',  ( 3.545609128038690105, -0.7672499999999999876, 0.6562182560773820450 ) ) ;
#5186 = CIRCLE ( 'NONE', #6489, 0.1000000000000000472 ) ;
#5187 = SURFACE_SIDE_STYLE ('',( #7938 ) ) ;
#5188 = UNCERTAINTY_MEASURE_WITH_UNIT (LENGTH_MEASURE( 1.000000000000000082E-05 ), #3713, 'distance_accuracy_value', 'NONE');
#5189 = AXIS2_PLACEMENT_3D ( 'NONE', #4692, #8743, #6633 ) ;
#5190 = CARTESIAN_POINT ( 'NONE',  ( 4.787102839788669684, -0.1922499999999990328, 2.044279695023480059 ) ) ;
#5191 =( NAMED_UNIT ( * ) PLANE_ANGLE_UNIT ( ) SI_UNIT ( $, .RADIAN. ) );
#5192 = DIRECTION ( 'NONE',  ( -0.000000000000000000, -0.000000000000000000, -1.000000000000000000 ) ) ;
#5193 = FILL_AREA_STYLE_COLOUR ( '', #405 ) ;
#5194 = SURFACE_STYLE_USAGE ( .BOTH. , #5853 ) ;
#5195 = DIRECTION ( 'NONE',  ( 0.000000000000000000, 0.000000000000000000, 1.000000000000000000 ) ) ;
#5196 = FILL_AREA_STYLE ('',( #5237 ) ) ;
#5197 = CARTESIAN_POINT ( 'NONE',  ( 3.078684323592195682, 2.630078640753621855, 2.148196821781704458 ) ) ;
#5198 = STYLED_ITEM ( 'NONE', ( #6296 ), #8838 ) ;
#5199 = CARTESIAN_POINT ( 'NONE',  ( 0.4989056601461320795, 0.3526862237599819871, 2.379999999999999449 ) ) ;
#5200 = CARTESIAN_POINT ( 'NONE',  ( 3.914764973081036992, -0.1345149730810358546, -2.560235026918963541 ) ) ;
#5201 = UNCERTAINTY_MEASURE_WITH_UNIT (LENGTH_MEASURE( 1.000000000000000082E-05 ), #8746, 'distance_accuracy_value', 'NONE');
#5202 = VERTEX_POINT ( 'NONE', #7712 ) ;
#5203 = SURFACE_STYLE_USAGE ( .BOTH. , #6024 ) ;
#5204 = VECTOR ( 'NONE', #324, 1000.000000000000114 ) ;
#5205 = CARTESIAN_POINT ( 'NONE',  ( 0.3819120798423590313, -0.1332326644504903956, 0.3637895569954249231 ) ) ;
#5206 = CARTESIAN_POINT ( 'NONE',  ( 0.4760296638738871211, -0.1922500000000009757, 0.4636163929784103410 ) ) ;
#5207 = FILL_AREA_STYLE ('',( #3143 ) ) ;
#5208 = FILL_AREA_STYLE ('',( #2484 ) ) ;
#5209 = DIRECTION ( 'NONE',  ( -0.3158179163250988131, 0.8555991741024927544, -0.4101330235462701257 ) ) ;
#5210 = PRESENTATION_LAYER_ASSIGNMENT (  '', '', ( #7216 ) ) ;
#5211 = ORIENTED_EDGE ( 'NONE', *, *, #5603, .T. ) ;
#5212 =( GEOMETRIC_REPRESENTATION_CONTEXT ( 3 ) GLOBAL_UNCERTAINTY_ASSIGNED_CONTEXT ( ( #5354 ) ) GLOBAL_UNIT_ASSIGNED_CONTEXT ( ( #2017, #3435, #2864 ) ) REPRESENTATION_CONTEXT ( 'NONE', 'WORKASPACE' ) );
#5213 = VERTEX_POINT ( 'NONE', #1569 ) ;
#5214 = SURFACE_STYLE_USAGE ( .BOTH. , #7442 ) ;
#5215 = CARTESIAN_POINT ( 'NONE',  ( -4.852500000000000036, -0.6672500000000000098, 0.000000000000000000 ) ) ;
#5216 = COLOUR_RGB ( '',0.8313725490196077761, 0.8313725490196077761, 0.8313725490196077761 ) ;
#5217 = CARTESIAN_POINT ( 'NONE',  ( 0.4828545436856734874, -0.1922500000000011144, -0.4637851157063199170 ) ) ;
#5218 = VECTOR ( 'NONE', #6401, 1000.000000000000000 ) ;
#5219 = EDGE_LOOP ( 'NONE', ( #1001, #3184 ) ) ;
#5220 = MECHANICAL_DESIGN_GEOMETRIC_PRESENTATION_REPRESENTATION (  '', ( #8389 ), #7090 ) ;
#5221 = AXIS2_PLACEMENT_3D ( 'NONE', #1444, #4844, #760 ) ;
#5222 =( LENGTH_UNIT ( ) NAMED_UNIT ( * ) SI_UNIT ( .MILLI., .METRE. ) );
#5223 = DIRECTION ( 'NONE',  ( -0.000000000000000000, 0.000000000000000000, 1.000000000000000000 ) ) ;
#5224 = DIRECTION ( 'NONE',  ( -4.823386660693620032E-16, 1.000000000000000000, 0.000000000000000000 ) ) ;
#5225 = CARTESIAN_POINT ( 'NONE',  ( 3.872500000000000053, -0.09224999999999930478, 2.502499999999999947 ) ) ;
#5226 = DIRECTION ( 'NONE',  ( -0.000000000000000000, -0.000000000000000000, -1.000000000000000000 ) ) ;
#5227 = CARTESIAN_POINT ( 'NONE',  ( -3.260555603374171163, -2.826142069155539893, 0.6895267077566212821 ) ) ;
#5228 = STYLED_ITEM ( 'NONE', ( #3662 ), #358 ) ;
#5229 = PRESENTATION_STYLE_ASSIGNMENT (( #6744 ) ) ;
#5230 = EDGE_CURVE ( 'NONE', #5694, #6862, #7939, .T. ) ;
#5231 = ADVANCED_FACE ( 'NONE', ( #554 ), #114, .T. ) ;
#5232 = EDGE_CURVE ( 'NONE', #759, #1367, #3928, .T. ) ;
#5233 = SURFACE_STYLE_USAGE ( .BOTH. , #520 ) ;
#5234 = CARTESIAN_POINT ( 'NONE',  ( -3.101583774354162326, -2.577098235708562779, 2.297187427799049608 ) ) ;
#5235 = SURFACE_STYLE_FILL_AREA ( #1874 ) ;
#5236 = CYLINDRICAL_SURFACE ( 'NONE', #283, 0.09999999999999982514 ) ;
#5237 = FILL_AREA_STYLE_COLOUR ( '', #7926 ) ;
#5238 = CARTESIAN_POINT ( 'NONE',  ( -2.855207625734560217, 0.2322500000000000120, 0.000000000000000000 ) ) ;
#5239 = COLOUR_RGB ( '',0.8313725490196077761, 0.8313725490196077761, 0.8313725490196077761 ) ;
#5240 = PLANE ( 'NONE',  #1921 ) ;
#5241 = DIRECTION ( 'NONE',  ( -0.000000000000000000, -0.000000000000000000, 1.000000000000000000 ) ) ;
#5242 = STYLED_ITEM ( 'NONE', ( #2278 ), #1546 ) ;
#5243 = ORIENTED_EDGE ( 'NONE', *, *, #5976, .F. ) ;
#5244 = PRESENTATION_STYLE_ASSIGNMENT (( #5203 ) ) ;
#5245 = DIRECTION ( 'NONE',  ( 1.000000000000000000, 0.000000000000000000, -0.000000000000000000 ) ) ;
#5246 = CARTESIAN_POINT ( 'NONE',  ( 0.9525000000000002354, -0.1922499999999998099, 2.060000000000000053 ) ) ;
#5247 = DIRECTION ( 'NONE',  ( 1.000000000000000000, 0.000000000000000000, 0.000000000000000000 ) ) ;
#5248 = DIRECTION ( 'NONE',  ( -0.000000000000000000, -1.000000000000000000, -0.000000000000000000 ) ) ;
#5249 = VERTEX_POINT ( 'NONE', #4517 ) ;
#5250 = PRESENTATION_LAYER_ASSIGNMENT (  '', '', ( #8705 ) ) ;
#5251 =( NAMED_UNIT ( * ) SI_UNIT ( $, .STERADIAN. ) SOLID_ANGLE_UNIT ( ) );
#5252 = ORIENTED_EDGE ( 'NONE', *, *, #888, .T. ) ;
#5253 = CARTESIAN_POINT ( 'NONE',  ( -2.857175940933501579, 2.174379589732558848, 2.546128178236478412 ) ) ;
#5254 = EDGE_CURVE ( 'NONE', #240, #1326, #3298, .T. ) ;
#5255 = DIRECTION ( 'NONE',  ( 0.000000000000000000, 0.000000000000000000, 1.000000000000000000 ) ) ;
#5256 = B_SPLINE_CURVE_WITH_KNOTS ( 'NONE', 3,
 ( #955, #1087, #7905, #3718, #8491, #6550, #1581, #316, #2350, #4300, #6373, #5071, #216, #996, #3670, #6421, #3053, #8531, #2392, #8112, #4527, #1847, #8067, #5199, #1920, #4574, #3181, #8703, #1254, #7951 ),
 .UNSPECIFIED., .F., .F.,
 ( 4, 1, 2, 2, 2, 1, 2, 2, 2, 1, 2, 2, 2, 1, 2, 2, 4 ),
 ( 0.5000000000000000000, 0.5312499999999998890, 0.5468749999999998890, 0.5624999999999998890, 0.6249999999999997780, 0.6562499999999996669, 0.6718749999999996669, 0.6874999999999997780, 0.7499999999999997780, 0.7812499999999997780, 0.7968749999999997780, 0.8124999999999997780, 0.8749999999999997780, 0.9062499999999997780, 0.9218749999999997780, 0.9374999999999997780, 1.000000000000000000 ),
 .UNSPECIFIED. ) ;
#5257 = VERTEX_POINT ( 'NONE', #6009 ) ;
#5258 = AXIS2_PLACEMENT_3D ( 'NONE', #3086, #7246, #438 ) ;
#5259 = ORIENTED_EDGE ( 'NONE', *, *, #1353, .F. ) ;
#5260 = CARTESIAN_POINT ( 'NONE',  ( -3.819148566720100835, 0.2118780199885296200, 2.660000000000000142 ) ) ;
#5261 = SURFACE_STYLE_USAGE ( .BOTH. , #7288 ) ;
#5262 = LINE ( 'NONE', #3922, #1315 ) ;
#5263 = EDGE_LOOP ( 'NONE', ( #1414, #2576, #2791, #5788, #6893, #1105, #7356, #4924 ) ) ;
#5264 = PRODUCT ( 'SQD50P08-25L_GE3', 'SQD50P08-25L_GE3', '', ( #580 ) ) ;
#5265 = CARTESIAN_POINT ( 'NONE',  ( 2.962554341017597181, -2.740054341017593487, 2.277914424562275109 ) ) ;
#5266 = UNCERTAINTY_MEASURE_WITH_UNIT (LENGTH_MEASURE( 1.000000000000000082E-05 ), #2282, 'distance_accuracy_value', 'NONE');
#5267 = FACE_OUTER_BOUND ( 'NONE', #3540, .T. ) ;
#5268 = LINE ( 'NONE', #4567, #322 ) ;
#5269 = CARTESIAN_POINT ( 'NONE',  ( 4.852500000000000036, -0.1922499999999990050, 0.000000000000000000 ) ) ;
#5270 = AXIS2_PLACEMENT_3D ( 'NONE', #3996, #3877, #5343 ) ;
#5271 = FILL_AREA_STYLE ('',( #8063 ) ) ;
#5272 = ADVANCED_FACE ( 'NONE', ( #4564 ), #8783, .T. ) ;
#5273 =( NAMED_UNIT ( * ) PLANE_ANGLE_UNIT ( ) SI_UNIT ( $, .RADIAN. ) );
#5274 =( NAMED_UNIT ( * ) SI_UNIT ( $, .STERADIAN. ) SOLID_ANGLE_UNIT ( ) );
#5275 = COLOUR_RGB ( '',0.8313725490196077761, 0.8313725490196077761, 0.8313725490196077761 ) ;
#5276 = ORIENTED_EDGE ( 'NONE', *, *, #7357, .T. ) ;
#5277 =( LENGTH_UNIT ( ) NAMED_UNIT ( * ) SI_UNIT ( .MILLI., .METRE. ) );
#5278 = DIRECTION ( 'NONE',  ( -0.000000000000000000, -1.000000000000000000, -0.000000000000000000 ) ) ;
#5279 = VERTEX_POINT ( 'NONE', #6973 ) ;
#5280 = DIRECTION ( 'NONE',  ( -1.000000000000000000, -4.497431234013940009E-16, -0.000000000000000000 ) ) ;
#5281 = SURFACE_STYLE_USAGE ( .BOTH. , #6122 ) ;
#5282 = EDGE_CURVE ( 'NONE', #4672, #2976, #6058, .T. ) ;
#5283 = EDGE_CURVE ( 'NONE', #427, #4128, #2078, .T. ) ;
#5284 = CARTESIAN_POINT ( 'NONE',  ( 3.399390871961310179, -0.09224999999999940192, 0.8062182560773819562 ) ) ;
#5285 = PRESENTATION_LAYER_ASSIGNMENT (  '', '', ( #5989 ) ) ;
#5286 = DIRECTION ( 'NONE',  ( -0.8233548815373554763, 0.5675268619621517407, 0.000000000000000000 ) ) ;
#5287 = CARTESIAN_POINT ( 'NONE',  ( -2.803133701591290272, 2.495677398353389975, 2.079999999999999183 ) ) ;
#5288 = VECTOR ( 'NONE', #7097, 1000.000000000000000 ) ;
#5289 = EDGE_LOOP ( 'NONE', ( #3154, #7133, #2530, #3462 ) ) ;
#5290 = SURFACE_SIDE_STYLE ('',( #3871 ) ) ;
#5291 = SURFACE_STYLE_FILL_AREA ( #6044 ) ;
#5292 = CARTESIAN_POINT ( 'NONE',  ( 0.5217543599545370059, 6.389648068594997516E-17, 2.329999999999999627 ) ) ;
#5293 = ORIENTED_EDGE ( 'NONE', *, *, #3914, .F. ) ;
#5294 = CARTESIAN_POINT ( 'NONE',  ( 0.9525000000000004574, -0.09225000000000051215, 0.8008376009669346818 ) ) ;
#5295 = MECHANICAL_DESIGN_GEOMETRIC_PRESENTATION_REPRESENTATION (  '', ( #3160 ), #7439 ) ;
#5296 =( BOUNDED_SURFACE ( )  B_SPLINE_SURFACE ( 3, 3, ( 
 ( #4449, #5739, #2258, #8456 ),
 ( #8541, #1634, #7782, #964 ),
 ( #6430, #3632, #2360, #5117 ),
 ( #3822, #7734, #5038, #7054 ) ),
 .UNSPECIFIED., .F., .F., .F. ) 
 B_SPLINE_SURFACE_WITH_KNOTS ( ( 4, 4 ),
 ( 4, 4 ),
 ( 0.000000000000000000, 1.000000000000000000 ),
 ( 0.000000000000000000, 1.000000000000000000 ),
 .UNSPECIFIED. ) 
 GEOMETRIC_REPRESENTATION_ITEM ( )  RATIONAL_B_SPLINE_SURFACE ( (
 ( 1.000000000000000000, 0.3333333333333289294, 0.3333333333333289294, 1.000000000000000000),
 ( 0.9245018060306382512, 0.3081672686768753278, 0.3081672686768753278, 0.9245018060306382512),
 ( 0.9245018060306382512, 0.3081672686768753278, 0.3081672686768753278, 0.9245018060306382512),
 ( 1.000000000000000000, 0.3333333333333289294, 0.3333333333333289294, 1.000000000000000000) ) ) 
 REPRESENTATION_ITEM ( '' )  SURFACE ( )  );
#5297 = CIRCLE ( 'NONE', #5865, 0.1000000000000002554 ) ;
#5298 = DIRECTION ( 'NONE',  ( -0.000000000000000000, 0.000000000000000000, -1.000000000000000000 ) ) ;
#5299 = LINE ( 'NONE', #1071, #4622 ) ;
#5300 = CARTESIAN_POINT ( 'NONE',  ( -3.833333768778730111, 0.1521730769230759395, 2.660000000000000142 ) ) ;
#5301 = VERTEX_POINT ( 'NONE', #3427 ) ;
#5302 = CARTESIAN_POINT ( 'NONE',  ( 3.372500000000000053, -0.7672499999999999876, 2.060000000000000053 ) ) ;
#5303 = COLOUR_RGB ( '',0.8313725490196077761, 0.8313725490196077761, 0.8313725490196077761 ) ;
#5304 = CARTESIAN_POINT ( 'NONE',  ( -2.732499999999999929, 0.2322500000000000397, 0.3800000000000000044 ) ) ;
#5305 = FILL_AREA_STYLE_COLOUR ( '', #4789 ) ;
#5306 = COLOUR_RGB ( '',0.8313725490196077761, 0.8313725490196077761, 0.8313725490196077761 ) ;
#5307 = CARTESIAN_POINT ( 'NONE',  ( 2.960124494040563103, -3.025922037050288615, 1.984422058762307817 ) ) ;
#5308 = CIRCLE ( 'NONE', #1886, 0.1000000000000002554 ) ;
#5309 = CARTESIAN_POINT ( 'NONE',  ( 4.852500000000000036, -0.5984999999999991438, 2.502499999999999947 ) ) ;
#5310 = CARTESIAN_POINT ( 'NONE',  ( 4.704260127314050521, -0.09224999999999906886, 1.985701051260789107 ) ) ;
#5311 = FACE_OUTER_BOUND ( 'NONE', #7744, .T. ) ;
#5312 = CARTESIAN_POINT ( 'NONE',  ( -0.5742062652383692622, 1.148412530476738524, 2.370849364905390555 ) ) ;
#5313 = VECTOR ( 'NONE', #5599, 1000.000000000000000 ) ;
#5314 =( GEOMETRIC_REPRESENTATION_CONTEXT ( 3 ) GLOBAL_UNCERTAINTY_ASSIGNED_CONTEXT ( ( #2033 ) ) GLOBAL_UNIT_ASSIGNED_CONTEXT ( ( #3484, #5682, #6232 ) ) REPRESENTATION_CONTEXT ( 'NONE', 'WORKASPACE' ) );
#5315 = SURFACE_SIDE_STYLE ('',( #7341 ) ) ;
#5316 = VECTOR ( 'NONE', #5192, 1000.000000000000000 ) ;
#5317 = EDGE_CURVE ( 'NONE', #1509, #2317, #6157, .T. ) ;
#5318 =( BOUNDED_SURFACE ( )  B_SPLINE_SURFACE ( 3, 3, ( 
 ( #8298, #653, #5584, #3387 ),
 ( #8205, #2065, #255, #2287 ),
 ( #1660, #5018, #945, #3749 ),
 ( #5675, #6500, #6411, #8520 ) ),
 .UNSPECIFIED., .F., .F., .F. ) 
 B_SPLINE_SURFACE_WITH_KNOTS ( ( 4, 4 ),
 ( 4, 4 ),
 ( 0.000000000000000000, 1.000000000000000000 ),
 ( 0.000000000000000000, 1.000000000000000000 ),
 .UNSPECIFIED. ) 
 GEOMETRIC_REPRESENTATION_ITEM ( )  RATIONAL_B_SPLINE_SURFACE ( (
 ( 1.000000000000000000, 0.3333333333333334259, 0.3333333333333334259, 1.000000000000000000),
 ( 0.9245018060306360308, 0.3081672686768787695, 0.3081672686768787695, 0.9245018060306360308),
 ( 0.9245018060306360308, 0.3081672686768787695, 0.3081672686768787695, 0.9245018060306360308),
 ( 1.000000000000000000, 0.3333333333333334259, 0.3333333333333334259, 1.000000000000000000) ) ) 
 REPRESENTATION_ITEM ( '' )  SURFACE ( )  );
#5319 = ORIENTED_EDGE ( 'NONE', *, *, #6706, .F. ) ;
#5320 = CARTESIAN_POINT ( 'NONE',  ( 3.772500000000000409, -0.09224999999999911049, -1.860000000000000098 ) ) ;
#5321 = LINE ( 'NONE', #8669, #7812 ) ;
#5322 = CARTESIAN_POINT ( 'NONE',  ( 0.5559049950491480319, 6.807872728169644721E-17, 2.339150635094611186 ) ) ;
#5323 = CARTESIAN_POINT ( 'NONE',  ( 0.4819120798423587870, -0.09225000000000097011, 0.3637895569954250341 ) ) ;
#5324 =( GEOMETRIC_REPRESENTATION_CONTEXT ( 3 ) GLOBAL_UNCERTAINTY_ASSIGNED_CONTEXT ( ( #4372 ) ) GLOBAL_UNIT_ASSIGNED_CONTEXT ( ( #994, #8572, #5811 ) ) REPRESENTATION_CONTEXT ( 'NONE', 'WORKASPACE' ) );
#5325 = SURFACE_SIDE_STYLE ('',( #5793 ) ) ;
#5326 = CARTESIAN_POINT ( 'NONE',  ( 3.972500000000000142, -0.09224999999999890232, -2.059999999999999609 ) ) ;
#5327 = EDGE_CURVE ( 'NONE', #8275, #5919, #4918, .T. ) ;
#5328 = EDGE_CURVE ( 'NONE', #5579, #8275, #4778, .T. ) ;
#5329 = ADVANCED_FACE ( 'NONE', ( #7660 ), #2852, .F. ) ;
#5330 = EDGE_CURVE ( 'NONE', #8730, #2040, #6221, .T. ) ;
#5331 = CARTESIAN_POINT ( 'NONE',  ( 4.787102839788669684, -0.1922499999999990050, 1.944279695023480192 ) ) ;
#5332 = VERTEX_POINT ( 'NONE', #5395 ) ;
#5333 = VERTEX_POINT ( 'NONE', #6881 ) ;
#5334 = CARTESIAN_POINT ( 'NONE',  ( 3.572500000000000231, -0.09224999999999917988, 1.860000000000000098 ) ) ;
#5335 = CARTESIAN_POINT ( 'NONE',  ( 0.08175576762295527766, -0.5172339252429390966, 2.330000000000000959 ) ) ;
#5336 = CARTESIAN_POINT ( 'NONE',  ( 0.5217543599545368949, 1.043508719909073790, 2.329999999999999627 ) ) ;
#5337 = ORIENTED_EDGE ( 'NONE', *, *, #7595, .F. ) ;
#5338 = UNCERTAINTY_MEASURE_WITH_UNIT (LENGTH_MEASURE( 1.000000000000000082E-05 ), #2116, 'distance_accuracy_value', 'NONE');
#5339 = CIRCLE ( 'NONE', #8650, 0.09999999999999982514 ) ;
#5340 = AXIS2_PLACEMENT_3D ( 'NONE', #565, #5241, #1256 ) ;
#5341 = SURFACE_SIDE_STYLE ('',( #511 ) ) ;
#5342 = PRESENTATION_LAYER_ASSIGNMENT (  '', '', ( #4934 ) ) ;
#5343 = DIRECTION ( 'NONE',  ( -1.000000000000000000, -1.084202172485503842E-15, 0.000000000000000000 ) ) ;
#5344 = CARTESIAN_POINT ( 'NONE',  ( -0.1509159562655364717, -0.5897157965750735586, 2.379999999999999893 ) ) ;
#5345 = CARTESIAN_POINT ( 'NONE',  ( 3.972500000000000142, -0.1475286404500024962, 2.591942719099991077 ) ) ;
#5346 = VERTEX_POINT ( 'NONE', #6836 ) ;
#5347 = CARTESIAN_POINT ( 'NONE',  ( 3.695609128038690017, -0.7672499999999999876, 0.8062182560773819562 ) ) ;
#5348 =( NAMED_UNIT ( * ) SI_UNIT ( $, .STERADIAN. ) SOLID_ANGLE_UNIT ( ) );
#5349 = SURFACE_STYLE_USAGE ( .BOTH. , #6549 ) ;
#5350 = VECTOR ( 'NONE', #1036, 1000.000000000000000 ) ;
#5351 = CLOSED_SHELL ( 'NONE', ( #8423, #471, #4362, #2515, #1682, #4416, #4363, #7146, #2288, #4013, #8041, #2405, #6030, #5329, #4065, #7868, #8724, #1890, #3255, #1879, #8312, #3750, #1453, #407, #1796, #732, #3812, #4242, #6930, #3106, #6817, #1628, #5671, #6400, #7714, #5875, #2059, #1058, #3265, #3518, #4062, #3690, #4798, #372, #1798, #3913, #358, #1022, #373, #2112, #5427, #6025, #1430, #4413, #1304, #7767, #1305, #1713, #8174, #7652, #6078, #2452, #5932, #5977, #6273, #5179, #5670, #2943, #7100, #6718, #7942, #135, #1342, #1975, #5061, #6717, #5362, #7258, #6815, #8313, #5380, #4969, #3858, #4848, #5120, #1020, #3318, #7417, #5132, #6964, #5492, #7036 ) ) ;
#5352 =( GEOMETRIC_REPRESENTATION_CONTEXT ( 3 ) GLOBAL_UNCERTAINTY_ASSIGNED_CONTEXT ( ( #5548 ) ) GLOBAL_UNIT_ASSIGNED_CONTEXT ( ( #4185, #1332, #3559 ) ) REPRESENTATION_CONTEXT ( 'NONE', 'WORKASPACE' ) );
#5353 = SHAPE_REPRESENTATION ( 'SQD50P08-25L_GE3', ( #7649, #333, #4920 ), #7205 ) ;
#5354 = UNCERTAINTY_MEASURE_WITH_UNIT (LENGTH_MEASURE( 1.000000000000000082E-05 ), #2017, 'distance_accuracy_value', 'NONE');
#5355 = SURFACE_STYLE_FILL_AREA ( #3300 ) ;
#5356 = DIRECTION ( 'NONE',  ( 1.000000000000000000, 0.000000000000000000, 0.000000000000000000 ) ) ;
#5357 = DIRECTION ( 'NONE',  ( -4.823386660693620032E-16, 1.000000000000000000, -0.000000000000000000 ) ) ;
#5358 = FILL_AREA_STYLE ('',( #8700 ) ) ;
#5359 = COLOUR_RGB ( '',0.8313725490196077761, 0.8313725490196077761, 0.8313725490196077761 ) ;
#5360 = DIRECTION ( 'NONE',  ( 0.000000000000000000, -0.000000000000000000, -1.000000000000000000 ) ) ;
#5361 = PRESENTATION_STYLE_ASSIGNMENT (( #5940 ) ) ;
#5362 = ADVANCED_FACE ( 'NONE', ( #738 ), #8194, .T. ) ;
#5363 = EDGE_LOOP ( 'NONE', ( #2537, #2167, #3829, #5379, #7916 ) ) ;
#5364 = CARTESIAN_POINT ( 'NONE',  ( 3.430235026918962316, -0.1345149730810376310, -2.117735026918962760 ) ) ;
#5365 = SURFACE_STYLE_USAGE ( .BOTH. , #5945 ) ;
#5366 =( GEOMETRIC_REPRESENTATION_CONTEXT ( 3 ) GLOBAL_UNCERTAINTY_ASSIGNED_CONTEXT ( ( #443 ) ) GLOBAL_UNIT_ASSIGNED_CONTEXT ( ( #2521, #7256, #7989 ) ) REPRESENTATION_CONTEXT ( 'NONE', 'WORKASPACE' ) );
#5367 = CARTESIAN_POINT ( 'NONE',  ( 2.803133701591289828, 2.495677398353389975, 2.080000000000000071 ) ) ;
#5368 = CARTESIAN_POINT ( 'NONE',  ( 3.695609128038690017, -0.7672499999999999876, 0.6562182560773820450 ) ) ;
#5369 = DIRECTION ( 'NONE',  ( -3.050063254464720219E-16, 1.000000000000000000, 0.000000000000000000 ) ) ;
#5370 = CARTESIAN_POINT ( 'NONE',  ( -4.120000000000000107, 0.03274999999999959888, -1.804999999999999938 ) ) ;
#5371 =( NAMED_UNIT ( * ) SI_UNIT ( $, .STERADIAN. ) SOLID_ANGLE_UNIT ( ) );
#5372 =( NAMED_UNIT ( * ) SI_UNIT ( $, .STERADIAN. ) SOLID_ANGLE_UNIT ( ) );
#5373 = MECHANICAL_DESIGN_GEOMETRIC_PRESENTATION_REPRESENTATION (  '', ( #5661 ), #7974 ) ;
#5374 =( LENGTH_UNIT ( ) NAMED_UNIT ( * ) SI_UNIT ( .MILLI., .METRE. ) );
#5375 = ORIENTED_EDGE ( 'NONE', *, *, #2716, .F. ) ;
#5376 = ORIENTED_EDGE ( 'NONE', *, *, #6661, .T. ) ;
#5377 =( NAMED_UNIT ( * ) SI_UNIT ( $, .STERADIAN. ) SOLID_ANGLE_UNIT ( ) );
#5378 = CARTESIAN_POINT ( 'NONE',  ( 2.970000000000000639, -2.847500000000001918, -1.490777987167568597E-16 ) ) ;
#5379 = ORIENTED_EDGE ( 'NONE', *, *, #1227, .F. ) ;
#5380 = ADVANCED_FACE ( 'NONE', ( #196 ), #2323, .T. ) ;
#5381 = EDGE_CURVE ( 'NONE', #173, #1594, #7884, .T. ) ;
#5382 = EDGE_CURVE ( 'NONE', #2018, #74, #4420, .T. ) ;
#5383 = CARTESIAN_POINT ( 'NONE',  ( -3.239978287884054176, 2.174379589732557960, 2.251355915001153729 ) ) ;
#5384 = CARTESIAN_POINT ( 'NONE',  ( 4.687102839788670927, -0.7672499999999994325, -1.844279695023480103 ) ) ;
#5385 = STYLED_ITEM ( 'NONE', ( #7885 ), #1579 ) ;
#5386 = CARTESIAN_POINT ( 'NONE',  ( 4.587102839788671282, -0.09224999999999894396, -1.844279695023480103 ) ) ;
#5387 = CARTESIAN_POINT ( 'NONE',  ( 0.3526862237599636685, -0.4989056601461618334, 2.379999999999999449 ) ) ;
#5388 = ORIENTED_EDGE ( 'NONE', *, *, #5328, .T. ) ;
#5389 = ORIENTED_EDGE ( 'NONE', *, *, #562, .T. ) ;
#5390 = DIRECTION ( 'NONE',  ( 0.000000000000000000, 1.000000000000000000, -0.000000000000000000 ) ) ;
#5391 = COLOUR_RGB ( '',0.8313725490196077761, 0.8313725490196077761, 0.8313725490196077761 ) ;
#5392 = EDGE_CURVE ( 'NONE', #6862, #3859, #2650, .T. ) ;
#5393 = DIRECTION ( 'NONE',  ( 0.000000000000000000, 0.000000000000000000, -1.000000000000000000 ) ) ;
#5394 = DIRECTION ( 'NONE',  ( -1.000000000000000000, 0.000000000000000000, 0.000000000000000000 ) ) ;
#5395 = CARTESIAN_POINT ( 'NONE',  ( 4.852500000000000036, -0.7672499999999993214, 2.602500000000000036 ) ) ;
#5396 = COLOUR_RGB ( '',0.2862745098039215508, 0.2862745098039215508, 0.2862745098039215508 ) ;
#5397 = CARTESIAN_POINT ( 'NONE',  ( 3.270000000000000018, 3.047499999999999876, 0.6750000000000000444 ) ) ;
#5398 = CARTESIAN_POINT ( 'NONE',  ( 3.972500000000000142, -0.1922499999999990050, -2.502499999999999947 ) ) ;
#5399 = COLOUR_RGB ( '',0.8313725490196077761, 0.8313725490196077761, 0.8313725490196077761 ) ;
#5400 = AXIS2_PLACEMENT_3D ( 'NONE', #3573, #6895, #8395 ) ;
#5401 =( NAMED_UNIT ( * ) SI_UNIT ( $, .STERADIAN. ) SOLID_ANGLE_UNIT ( ) );
#5402 = ORIENTED_EDGE ( 'NONE', *, *, #4216, .T. ) ;
#5403 = CARTESIAN_POINT ( 'NONE',  ( 0.8711950925483166186, -0.1345149730810376865, 2.094165146386242071 ) ) ;
#5404 = CARTESIAN_POINT ( 'NONE',  ( 3.972500000000000142, -0.09224999999999915212, -2.502499999999999947 ) ) ;
#5405 = PRESENTATION_LAYER_ASSIGNMENT (  '', '', ( #8579 ) ) ;
#5406 = FILL_AREA_STYLE ('',( #5497 ) ) ;
#5407 = ORIENTED_EDGE ( 'NONE', *, *, #6224, .F. ) ;
#5408 =( GEOMETRIC_REPRESENTATION_CONTEXT ( 3 ) GLOBAL_UNCERTAINTY_ASSIGNED_CONTEXT ( ( #7908 ) ) GLOBAL_UNIT_ASSIGNED_CONTEXT ( ( #6659, #6615, #5959 ) ) REPRESENTATION_CONTEXT ( 'NONE', 'WORKASPACE' ) );
#5409 = LINE ( 'NONE', #8165, #4516 ) ;
#5410 = CARTESIAN_POINT ( 'NONE',  ( 0.8939213562373095057, -0.09225000000000085909, 0.6162548696075892396 ) ) ;
#5411 = CARTESIAN_POINT ( 'NONE',  ( -3.770634082987815550, 0.3248361564241369348, -2.660000000000000142 ) ) ;
#5412 = SURFACE_STYLE_FILL_AREA ( #3982 ) ;
#5413 = MECHANICAL_DESIGN_GEOMETRIC_PRESENTATION_REPRESENTATION (  '', ( #1144 ), #3413 ) ;
#5414 = STYLED_ITEM ( 'NONE', ( #876 ), #6146 ) ;
#5415 = CARTESIAN_POINT ( 'NONE',  ( 3.889657287525380980, -0.09224999999999894396, -1.860000000000000320 ) ) ;
#5416 = LINE ( 'NONE', #7001, #8835 ) ;
#5417 = LINE ( 'NONE', #3985, #7263 ) ;
#5418 = VERTEX_POINT ( 'NONE', #4327 ) ;
#5419 = COLOUR_RGB ( '',0.8313725490196077761, 0.8313725490196077761, 0.8313725490196077761 ) ;
#5420 = FACE_OUTER_BOUND ( 'NONE', #8402, .T. ) ;
#5421 = COLOUR_RGB ( '',0.8313725490196077761, 0.8313725490196077761, 0.8313725490196077761 ) ;
#5422 = FILL_AREA_STYLE_COLOUR ( '', #7022 ) ;
#5423 = VERTEX_POINT ( 'NONE', #6490 ) ;
#5424 = VECTOR ( 'NONE', #3167, 1000.000000000000114 ) ;
#5425 = VERTEX_POINT ( 'NONE', #1603 ) ;
#5426 = CARTESIAN_POINT ( 'NONE',  ( 0.5419194980434656195, -0.09225000000000067868, 0.3700601242125208246 ) ) ;
#5427 = ADVANCED_FACE ( 'NONE', ( #7068 ), #883, .T. ) ;
#5428 = VERTEX_POINT ( 'NONE', #1232 ) ;
#5429 = ORIENTED_EDGE ( 'NONE', *, *, #3256, .T. ) ;
#5430 = CARTESIAN_POINT ( 'NONE',  ( 3.545609128038690550, -0.7672499999999999876, 0.8062182560773819562 ) ) ;
#5431 = ORIENTED_EDGE ( 'NONE', *, *, #7506, .T. ) ;
#5432 = CARTESIAN_POINT ( 'NONE',  ( 3.399390871961310623, -0.7672500000000000986, -0.8062182560773819562 ) ) ;
#5433 = FILL_AREA_STYLE_COLOUR ( '', #1174 ) ;
#5434 = SURFACE_STYLE_FILL_AREA ( #8827 ) ;
#5435 = CARTESIAN_POINT ( 'NONE',  ( -4.952500000000000568, -0.3322500000000009890, 0.000000000000000000 ) ) ;
#5436 = PRESENTATION_LAYER_ASSIGNMENT (  '', '', ( #1876 ) ) ;
#5437 = ADVANCED_FACE ( 'NONE', ( #8639 ), #2547, .T. ) ;
#5438 = CARTESIAN_POINT ( 'NONE',  ( -2.803133701591290272, 2.495677398353389531, 2.380000000000000338 ) ) ;
#5439 = SURFACE_SIDE_STYLE ('',( #4098 ) ) ;
#5440 =( NAMED_UNIT ( * ) PLANE_ANGLE_UNIT ( ) SI_UNIT ( $, .RADIAN. ) );
#5441 = ORIENTED_EDGE ( 'NONE', *, *, #4800, .T. ) ;
#5442 = SURFACE_SIDE_STYLE ('',( #2107 ) ) ;
#5443 =( NAMED_UNIT ( * ) SI_UNIT ( $, .STERADIAN. ) SOLID_ANGLE_UNIT ( ) );
#5444 = CARTESIAN_POINT ( 'NONE',  ( 3.489657287525379736, -0.09224999999999905498, -1.918578643762690161 ) ) ;
#5445 = DIRECTION ( 'NONE',  ( 4.823386660693620032E-16, -1.000000000000000000, 0.000000000000000000 ) ) ;
#5446 = SURFACE_STYLE_FILL_AREA ( #1487 ) ;
#5447 = CARTESIAN_POINT ( 'NONE',  ( 0.8939213562373095057, -0.09225000000000085909, 0.8629237369103520683 ) ) ;
#5448 = ORIENTED_EDGE ( 'NONE', *, *, #8595, .F. ) ;
#5449 =( NAMED_UNIT ( * ) SI_UNIT ( $, .STERADIAN. ) SOLID_ANGLE_UNIT ( ) );
#5450 = AXIS2_PLACEMENT_3D ( 'NONE', #529, #5987, #8076 ) ;
#5451 = FILL_AREA_STYLE_COLOUR ( '', #5479 ) ;
#5452 = AXIS2_PLACEMENT_3D ( 'NONE', #1093, #8882, #2019 ) ;
#5453 = SURFACE_STYLE_FILL_AREA ( #2740 ) ;
#5454 = UNCERTAINTY_MEASURE_WITH_UNIT (LENGTH_MEASURE( 1.000000000000000082E-05 ), #477, 'distance_accuracy_value', 'NONE');
#5455 = ORIENTED_EDGE ( 'NONE', *, *, #6752, .F. ) ;
#5456 = SURFACE_SIDE_STYLE ('',( #4071 ) ) ;
#5457 =( GEOMETRIC_REPRESENTATION_CONTEXT ( 3 ) GLOBAL_UNCERTAINTY_ASSIGNED_CONTEXT ( ( #7399 ) ) GLOBAL_UNIT_ASSIGNED_CONTEXT ( ( #2011, #1299, #4010 ) ) REPRESENTATION_CONTEXT ( 'NONE', 'WORKASPACE' ) );
#5458 = VERTEX_POINT ( 'NONE', #6695 ) ;
#5459 = SURFACE_STYLE_USAGE ( .BOTH. , #5555 ) ;
#5460 = AXIS2_PLACEMENT_3D ( 'NONE', #1423, #793, #6160 ) ;
#5461 = CARTESIAN_POINT ( 'NONE',  ( 3.965551007354428226, -0.08008266559969756671, -2.556588753711016793 ) ) ;
#5462 = ORIENTED_EDGE ( 'NONE', *, *, #4738, .F. ) ;
#5463 = EDGE_LOOP ( 'NONE', ( #238, #1464, #1537, #6858, #702, #6569 ) ) ;
#5464 = AXIS2_PLACEMENT_3D ( 'NONE', #3212, #3336, #5930 ) ;
#5465 = CARTESIAN_POINT ( 'NONE',  ( 3.101090794297181041, -2.580633701591290130, 2.114950978616529920 ) ) ;
#5466 = ORIENTED_EDGE ( 'NONE', *, *, #1237, .F. ) ;
#5467 = EDGE_LOOP ( 'NONE', ( #2926, #4039, #3596, #7384, #4545 ) ) ;
#5468 = ORIENTED_EDGE ( 'NONE', *, *, #4123, .T. ) ;
#5469 = FILL_AREA_STYLE_COLOUR ( '', #7737 ) ;
#5470 = CARTESIAN_POINT ( 'NONE',  ( -0.1876463634799899194, -0.5790205641327237363, 2.380000000000000782 ) ) ;
#5471 = VECTOR ( 'NONE', #3511, 1000.000000000000000 ) ;
#5472 = ORIENTED_EDGE ( 'NONE', *, *, #674, .F. ) ;
#5473 = DIRECTION ( 'NONE',  ( -1.000000000000000000, -4.497431234013940009E-16, -0.000000000000000000 ) ) ;
#5474 = ORIENTED_EDGE ( 'NONE', *, *, #6706, .T. ) ;
#5475 = STYLED_ITEM ( 'NONE', ( #7605 ), #856 ) ;
#5476 =( NAMED_UNIT ( * ) SI_UNIT ( $, .STERADIAN. ) SOLID_ANGLE_UNIT ( ) );
#5477 =( NAMED_UNIT ( * ) SI_UNIT ( $, .STERADIAN. ) SOLID_ANGLE_UNIT ( ) );
#5478 = PRESENTATION_STYLE_ASSIGNMENT (( #4136 ) ) ;
#5479 = COLOUR_RGB ( '',0.2862745098039215508, 0.2862745098039215508, 0.2862745098039215508 ) ;
#5480 = AXIS2_PLACEMENT_3D ( 'NONE', #5941, #2565, #3939 ) ;
#5481 = FILL_AREA_STYLE ('',( #1421 ) ) ;
#5482 = CARTESIAN_POINT ( 'NONE',  ( 3.430235026918962316, -0.1580848536137588745, 2.141304907451683448 ) ) ;
#5483 = CARTESIAN_POINT ( 'NONE',  ( -3.903095123049503457, -0.008589285714287415996, -2.660000000000000142 ) ) ;
#5484 = CARTESIAN_POINT ( 'NONE',  ( -3.270000000000000018, 2.924613882647860041, 0.4679151216102154232 ) ) ;
#5485 = CARTESIAN_POINT ( 'NONE',  ( 3.430235026918961427, -0.1345149730810376865, 2.117735026918963204 ) ) ;
#5486 = VECTOR ( 'NONE', #7404, 1000.000000000000000 ) ;
#5487 = MECHANICAL_DESIGN_GEOMETRIC_PRESENTATION_REPRESENTATION (  '', ( #2510 ), #7495 ) ;
#5488 = COLOUR_RGB ( '',0.8313725490196077761, 0.8313725490196077761, 0.8313725490196077761 ) ;
#5489 = ADVANCED_FACE ( 'NONE', ( #385 ), #1901, .T. ) ;
#5490 = EDGE_CURVE ( 'NONE', #2447, #3370, #6983, .T. ) ;
#5491 = ADVANCED_FACE ( 'NONE', ( #5174 ), #7927, .T. ) ;
#5492 = ADVANCED_FACE ( 'NONE', ( #6734 ), #3794, .T. ) ;
#5493 = CARTESIAN_POINT ( 'NONE',  ( 5.019434131648610631, -0.2840912725180358978, -2.526594889548317013 ) ) ;
#5494 = LINE ( 'NONE', #6943, #4928 ) ;
#5495 = PRESENTATION_LAYER_ASSIGNMENT (  '', '', ( #2658 ) ) ;
#5496 = APPLICATION_CONTEXT ( 'automotive_design' ) ;
#5497 = FILL_AREA_STYLE_COLOUR ( '', #5628 ) ;
#5498 = ORIENTED_EDGE ( 'NONE', *, *, #7584, .F. ) ;
#5499 = CARTESIAN_POINT ( 'NONE',  ( 2.803133701591289828, 2.791138596892521306, 2.131987307660839992 ) ) ;
#5500 = LINE ( 'NONE', #6946, #3542 ) ;
#5501 = CARTESIAN_POINT ( 'NONE',  ( -3.101090794297178377, 2.495677398353389975, 2.114950978616529920 ) ) ;
#5502 = CARTESIAN_POINT ( 'NONE',  ( 0.9525000000000002354, -0.09225000000000049827, 0.000000000000000000 ) ) ;
#5503 = DIRECTION ( 'NONE',  ( 0.1165032620550899567, 0.000000000000000000, 0.9931903090196375627 ) ) ;
#5504 = ORIENTED_EDGE ( 'NONE', *, *, #8134, .F. ) ;
#5505 = CARTESIAN_POINT ( 'NONE',  ( -1.222499999999999698, 0.2322499999999996789, 2.660000000000000586 ) ) ;
#5506 = DIRECTION ( 'NONE',  ( 1.000000000000000000, 0.000000000000000000, 0.000000000000000000 ) ) ;
#5507 = ORIENTED_EDGE ( 'NONE', *, *, #6709, .F. ) ;
#5508 = PRESENTATION_STYLE_ASSIGNMENT (( #2700 ) ) ;
#5509 = SURFACE_STYLE_FILL_AREA ( #4117 ) ;
#5510 = ORIENTED_EDGE ( 'NONE', *, *, #7467, .T. ) ;
#5511 =( NAMED_UNIT ( * ) SI_UNIT ( $, .STERADIAN. ) SOLID_ANGLE_UNIT ( ) );
#5512 = ORIENTED_EDGE ( 'NONE', *, *, #1193, .F. ) ;
#5513 = STYLED_ITEM ( 'NONE', ( #7460 ), #2062 ) ;
#5514 = DIRECTION ( 'NONE',  ( 0.1157205707370568826, -0.1157205707370583536, -0.9865178655334018165 ) ) ;
#5515 = ORIENTED_EDGE ( 'NONE', *, *, #181, .T. ) ;
#5516 = VERTEX_POINT ( 'NONE', #5384 ) ;
#5517 = AXIS2_PLACEMENT_3D ( 'NONE', #5075, #7865, #7176 ) ;
#5518 = CARTESIAN_POINT ( 'NONE',  ( 0.8947649730810373070, -0.1345149730810373812, 2.117735026918962760 ) ) ;
#5519 = CARTESIAN_POINT ( 'NONE',  ( 0.07701132768021547170, -0.6082897420963522261, 2.380000000000000338 ) ) ;
#5520 = ORIENTED_EDGE ( 'NONE', *, *, #1291, .F. ) ;
#5521 = DIRECTION ( 'NONE',  ( -1.000000000000000000, 0.000000000000000000, -0.000000000000000000 ) ) ;
#5522 = EDGE_LOOP ( 'NONE', ( #285, #6197, #8767, #2533, #667 ) ) ;
#5523 = SURFACE_STYLE_FILL_AREA ( #3337 ) ;
#5524 = EDGE_CURVE ( 'NONE', #6862, #7789, #7546, .T. ) ;
#5525 = FILL_AREA_STYLE ('',( #4232 ) ) ;
#5526 = LINE ( 'NONE', #7560, #1841 ) ;
#5527 = DIRECTION ( 'NONE',  ( -4.823386660693620032E-16, 1.000000000000000000, 0.000000000000000000 ) ) ;
#5528 = DIRECTION ( 'NONE',  ( 1.821530803322650078E-16, -1.000000000000000000, 0.000000000000000000 ) ) ;
#5529 = CIRCLE ( 'NONE', #3961, 0.2999999999999999334 ) ;
#5530 = CARTESIAN_POINT ( 'NONE',  ( -4.952499999999999680, -0.3322500000000009335, -1.899999999999999911 ) ) ;
#5531 = CARTESIAN_POINT ( 'NONE',  ( 3.421339264947465875, -0.1878812709995337782, 2.153309800894467774 ) ) ;
#5532 = SURFACE_STYLE_FILL_AREA ( #2813 ) ;
#5533 =( LENGTH_UNIT ( ) NAMED_UNIT ( * ) SI_UNIT ( .MILLI., .METRE. ) );
#5534 = CARTESIAN_POINT ( 'NONE',  ( 4.910235026918964074, -0.1580848536137562377, -2.583804907451683341 ) ) ;
#5535 = DIRECTION ( 'NONE',  ( -0.000000000000000000, -0.000000000000000000, -1.000000000000000000 ) ) ;
#5536 = UNCERTAINTY_MEASURE_WITH_UNIT (LENGTH_MEASURE( 1.000000000000000082E-05 ), #5898, 'distance_accuracy_value', 'NONE');
#5537 = CIRCLE ( 'NONE', #6429, 0.9999999999999692468 ) ;
#5538 = EDGE_CURVE ( 'NONE', #4907, #3879, #3386, .T. ) ;
#5539 =( NAMED_UNIT ( * ) SI_UNIT ( $, .STERADIAN. ) SOLID_ANGLE_UNIT ( ) );
#5540 = DIRECTION ( 'NONE',  ( 0.9982683598298541794, 4.489643301426653091E-16, -0.05882415968471741557 ) ) ;
#5541 = PRESENTATION_STYLE_ASSIGNMENT (( #7578 ) ) ;
#5542 = SURFACE_SIDE_STYLE ('',( #7627 ) ) ;
#5543 = SURFACE_STYLE_USAGE ( .BOTH. , #2023 ) ;
#5544 = ORIENTED_EDGE ( 'NONE', *, *, #3093, .T. ) ;
#5545 = VECTOR ( 'NONE', #1039, 1000.000000000000000 ) ;
#5546 = FILL_AREA_STYLE_COLOUR ( '', #3346 ) ;
#5547 = LINE ( 'NONE', #1531, #204 ) ;
#5548 = UNCERTAINTY_MEASURE_WITH_UNIT (LENGTH_MEASURE( 1.000000000000000082E-05 ), #4185, 'distance_accuracy_value', 'NONE');
#5549 = PRESENTATION_LAYER_ASSIGNMENT (  '', '', ( #541 ) ) ;
#5550 = VERTEX_POINT ( 'NONE', #4713 ) ;
#5551 = EDGE_CURVE ( 'NONE', #4588, #4672, #1601, .T. ) ;
#5552 =( NAMED_UNIT ( * ) PLANE_ANGLE_UNIT ( ) SI_UNIT ( $, .RADIAN. ) );
#5553 = ORIENTED_EDGE ( 'NONE', *, *, #6210, .T. ) ;
#5554 = EDGE_LOOP ( 'NONE', ( #1190, #7656, #930, #670 ) ) ;
#5555 = SURFACE_SIDE_STYLE ('',( #2703 ) ) ;
#5556 = LINE ( 'NONE', #8319, #8168 ) ;
#5557 = ORIENTED_EDGE ( 'NONE', *, *, #6929, .F. ) ;
#5558 = STYLED_ITEM ( 'NONE', ( #1947 ), #6028 ) ;
#5559 = LINE ( 'NONE', #4221, #5313 ) ;
#5560 = UNCERTAINTY_MEASURE_WITH_UNIT (LENGTH_MEASURE( 1.000000000000000082E-05 ), #236, 'distance_accuracy_value', 'NONE');
#5561 = DIRECTION ( 'NONE',  ( 1.000000000000000000, 0.000000000000000000, 0.000000000000000000 ) ) ;
#5562 =( GEOMETRIC_REPRESENTATION_CONTEXT ( 3 ) GLOBAL_UNCERTAINTY_ASSIGNED_CONTEXT ( ( #3940 ) ) GLOBAL_UNIT_ASSIGNED_CONTEXT ( ( #3786, #1103, #379 ) ) REPRESENTATION_CONTEXT ( 'NONE', 'WORKASPACE' ) );
#5563 =( GEOMETRIC_REPRESENTATION_CONTEXT ( 3 ) GLOBAL_UNCERTAINTY_ASSIGNED_CONTEXT ( ( #6278 ) ) GLOBAL_UNIT_ASSIGNED_CONTEXT ( ( #5165, #7790, #1685 ) ) REPRESENTATION_CONTEXT ( 'NONE', 'WORKASPACE' ) );
#5564 = ORIENTED_EDGE ( 'NONE', *, *, #83, .T. ) ;
#5565 = EDGE_LOOP ( 'NONE', ( #6965, #7000, #7829, #8666 ) ) ;
#5566 = SURFACE_STYLE_FILL_AREA ( #2845 ) ;
#5567 = EDGE_LOOP ( 'NONE', ( #1145, #7131, #7776, #4492 ) ) ;
#5568 = ORIENTED_EDGE ( 'NONE', *, *, #5640, .T. ) ;
#5569 = CARTESIAN_POINT ( 'NONE',  ( 0.9525000000000000133, -0.1922500000000010034, 2.060000000000000053 ) ) ;
#5570 =( NAMED_UNIT ( * ) SI_UNIT ( $, .STERADIAN. ) SOLID_ANGLE_UNIT ( ) );
#5571 = B_SPLINE_CURVE_WITH_KNOTS ( 'NONE', 3,
 ( #3140, #455, #6721, #6641, #497, #5320 ),
 .UNSPECIFIED., .F., .F.,
 ( 4, 2, 4 ),
 ( 0.000000000000000000, 0.5000000000000006661, 1.000000000000000000 ),
 .UNSPECIFIED. ) ;
#5572 = CARTESIAN_POINT ( 'NONE',  ( 2.959737197023301736, 2.650969074868140929, 2.283371188774895089 ) ) ;
#5573 = CARTESIAN_POINT ( 'NONE',  ( -1.222499999999999698, -0.4997500000000010822, -2.660000000000000142 ) ) ;
#5574 = SURFACE_STYLE_FILL_AREA ( #2051 ) ;
#5575 = PRESENTATION_LAYER_ASSIGNMENT (  '', '', ( #3021 ) ) ;
#5576 = DIRECTION ( 'NONE',  ( 1.000000000000000000, 0.000000000000000000, 0.000000000000000000 ) ) ;
#5577 = CARTESIAN_POINT ( 'NONE',  ( 4.687102839788670039, -0.09224999999999881906, 1.944279695023480192 ) ) ;
#5578 = CARTESIAN_POINT ( 'NONE',  ( 3.914764973081037880, -0.1345149730810382138, 2.560235026918963097 ) ) ;
#5579 = VERTEX_POINT ( 'NONE', #8323 ) ;
#5580 = CARTESIAN_POINT ( 'NONE',  ( -3.055000000000000604, -0.03275000000000140299, 0.000000000000000000 ) ) ;
#5581 = DIRECTION ( 'NONE',  ( 4.823386660693620032E-16, -1.000000000000000000, 0.000000000000000000 ) ) ;
#5582 = SURFACE_STYLE_FILL_AREA ( #6068 ) ;
#5583 = MECHANICAL_DESIGN_GEOMETRIC_PRESENTATION_REPRESENTATION (  '', ( #1446 ), #8892 ) ;
#5584 = CARTESIAN_POINT ( 'NONE',  ( 0.8947649730810378621, -0.1345149730810374644, -2.117735026918963648 ) ) ;
#5585 = VECTOR ( 'NONE', #5765, 1000.000000000000000 ) ;
#5586 = DIRECTION ( 'NONE',  ( 0.000000000000000000, 0.000000000000000000, 1.000000000000000000 ) ) ;
#5587 = CARTESIAN_POINT ( 'NONE',  ( -3.270000000000000462, -2.739240710176467086, 0.6750000000000012657 ) ) ;
#5588 = CARTESIAN_POINT ( 'NONE',  ( -4.952499999999999680, 0.7672499999999990994, -1.899999999999999911 ) ) ;
#5589 = CARTESIAN_POINT ( 'NONE',  ( -3.854999999999999982, -0.7672500000000009868, 0.000000000000000000 ) ) ;
#5590 = DIRECTION ( 'NONE',  ( 1.821530803322650078E-16, -1.000000000000000000, 0.000000000000000000 ) ) ;
#5591 = ORIENTED_EDGE ( 'NONE', *, *, #4677, .T. ) ;
#5592 =( LENGTH_UNIT ( ) NAMED_UNIT ( * ) SI_UNIT ( .MILLI., .METRE. ) );
#5593 = VECTOR ( 'NONE', #3875, 1000.000000000000000 ) ;
#5594 = EDGE_LOOP ( 'NONE', ( #25, #6470, #2394, #8374, #608, #7965, #6918, #814, #4000, #2621 ) ) ;
#5595 = DIRECTION ( 'NONE',  ( 0.000000000000000000, 0.2840883296913740419, -0.9587981127083872179 ) ) ;
#5596 = CARTESIAN_POINT ( 'NONE',  ( 3.881469336073860354, -0.1591874171070377375, -2.477594501859785137 ) ) ;
#5597 = ORIENTED_EDGE ( 'NONE', *, *, #179, .F. ) ;
#5598 = COLOUR_RGB ( '',0.8313725490196077761, 0.8313725490196077761, 0.8313725490196077761 ) ;
#5599 = DIRECTION ( 'NONE',  ( -1.000000000000000000, 0.000000000000000000, -0.000000000000000000 ) ) ;
#5600 = ORIENTED_EDGE ( 'NONE', *, *, #4621, .F. ) ;
#5601 = ADVANCED_FACE ( 'NONE', ( #824 ), #6389, .F. ) ;
#5602 =( GEOMETRIC_REPRESENTATION_CONTEXT ( 3 ) GLOBAL_UNCERTAINTY_ASSIGNED_CONTEXT ( ( #2980 ) ) GLOBAL_UNIT_ASSIGNED_CONTEXT ( ( #1501, #7545, #3455 ) ) REPRESENTATION_CONTEXT ( 'NONE', 'WORKASPACE' ) );
#5603 = EDGE_CURVE ( 'NONE', #42, #8538, #4548, .T. ) ;
#5604 = EDGE_CURVE ( 'NONE', #8730, #2676, #5653, .T. ) ;
#5605 = COLOUR_RGB ( '',0.8313725490196077761, 0.8313725490196077761, 0.8313725490196077761 ) ;
#5606 = COLOUR_RGB ( '',0.8313725490196077761, 0.8313725490196077761, 0.8313725490196077761 ) ;
#5607 = ORIENTED_EDGE ( 'NONE', *, *, #7650, .T. ) ;
#5608 = ORIENTED_EDGE ( 'NONE', *, *, #6601, .T. ) ;
#5609 =( BOUNDED_CURVE ( )  B_SPLINE_CURVE ( 3, ( #7564, #5484, #4732, #6797 ),
 .UNSPECIFIED., .F., .T. ) 
 B_SPLINE_CURVE_WITH_KNOTS ( ( 4, 4 ),
 ( 2.426851046123669864, 3.121402312092849574 ),
 .UNSPECIFIED. ) 
 CURVE ( )  GEOMETRIC_REPRESENTATION_ITEM ( )  RATIONAL_B_SPLINE_CURVE ( ( 1.000000000000000000, 0.9602022700503903829, 0.9602022700503903829, 1.000000000000000000 ) ) 
 REPRESENTATION_ITEM ( '' )  );
#5610 = CARTESIAN_POINT ( 'NONE',  ( 0.4760296638738872876, -0.7672500000000019860, -0.4636163929784103410 ) ) ;
#5611 = CARTESIAN_POINT ( 'NONE',  ( 3.249390871961309823, -0.7672499999999999876, 0.8062182560773819562 ) ) ;
#5612 = ORIENTED_EDGE ( 'NONE', *, *, #1629, .T. ) ;
#5613 = ORIENTED_EDGE ( 'NONE', *, *, #8464, .T. ) ;
#5614 =( GEOMETRIC_REPRESENTATION_CONTEXT ( 3 ) GLOBAL_UNCERTAINTY_ASSIGNED_CONTEXT ( ( #6288 ) ) GLOBAL_UNIT_ASSIGNED_CONTEXT ( ( #6303, #247, #2235 ) ) REPRESENTATION_CONTEXT ( 'NONE', 'WORKASPACE' ) );
#5615 = AXIS2_PLACEMENT_3D ( 'NONE', #696, #845, #201 ) ;
#5616 =( NAMED_UNIT ( * ) PLANE_ANGLE_UNIT ( ) SI_UNIT ( $, .RADIAN. ) );
#5617 = STYLED_ITEM ( 'NONE', ( #2268 ), #3265 ) ;
#5618 = MECHANICAL_DESIGN_GEOMETRIC_PRESENTATION_REPRESENTATION (  '', ( #7067 ), #3334 ) ;
#5619 = MECHANICAL_DESIGN_GEOMETRIC_PRESENTATION_REPRESENTATION (  '', ( #5475 ), #2919 ) ;
#5620 = LINE ( 'NONE', #2376, #4104 ) ;
#5621 = CARTESIAN_POINT ( 'NONE',  ( 3.375802719437626109, -0.1308686998730908269, 2.168521061192350441 ) ) ;
#5622 = PRESENTATION_STYLE_ASSIGNMENT (( #2279 ) ) ;
#5623 =( NAMED_UNIT ( * ) PLANE_ANGLE_UNIT ( ) SI_UNIT ( $, .RADIAN. ) );
#5624 = LINE ( 'NONE', #4279, #8687 ) ;
#5625 = DIRECTION ( 'NONE',  ( -0.000000000000000000, -0.000000000000000000, -1.000000000000000000 ) ) ;
#5626 = DIRECTION ( 'NONE',  ( 0.000000000000000000, 1.000000000000000000, 0.000000000000000000 ) ) ;
#5627 = LINE ( 'NONE', #1481, #6211 ) ;
#5628 = COLOUR_RGB ( '',0.8313725490196077761, 0.8313725490196077761, 0.8313725490196077761 ) ;
#5629 = DIRECTION ( 'NONE',  ( -1.000000000000000000, -8.611386656002740130E-16, 0.000000000000000000 ) ) ;
#5630 = VERTEX_POINT ( 'NONE', #3594 ) ;
#5631 = DIRECTION ( 'NONE',  ( 1.000000000000000000, 0.000000000000000000, 0.000000000000000000 ) ) ;
#5632 = VECTOR ( 'NONE', #5248, 1000.000000000000000 ) ;
#5633 = DIRECTION ( 'NONE',  ( 0.000000000000000000, -1.000000000000000000, 0.000000000000000000 ) ) ;
#5634 = FILL_AREA_STYLE_COLOUR ( '', #981 ) ;
#5635 = CARTESIAN_POINT ( 'NONE',  ( -3.269704183480208304, -2.749247090774318281, 0.6775218358312311562 ) ) ;
#5636 = CARTESIAN_POINT ( 'NONE',  ( 4.952499999999999680, -0.09224999999999869416, -2.502499999999999947 ) ) ;
#5637 = ORIENTED_EDGE ( 'NONE', *, *, #2289, .F. ) ;
#5638 = CARTESIAN_POINT ( 'NONE',  ( 0.5742062652383693733, -1.148412530476738524, 2.370849364905390555 ) ) ;
#5639 = FACE_OUTER_BOUND ( 'NONE', #7445, .T. ) ;
#5640 = EDGE_CURVE ( 'NONE', #4455, #4691, #7557, .T. ) ;
#5641 = PRESENTATION_STYLE_ASSIGNMENT (( #7727 ) ) ;
#5642 = UNCERTAINTY_MEASURE_WITH_UNIT (LENGTH_MEASURE( 1.000000000000000082E-05 ), #6405, 'distance_accuracy_value', 'NONE');
#5643 = AXIS2_PLACEMENT_3D ( 'NONE', #375, #5209, #3112 ) ;
#5644 = ORIENTED_EDGE ( 'NONE', *, *, #3534, .T. ) ;
#5645 = ORIENTED_EDGE ( 'NONE', *, *, #1678, .F. ) ;
#5646 = FILL_AREA_STYLE_COLOUR ( '', #5665 ) ;
#5647 = SURFACE_SIDE_STYLE ('',( #2924 ) ) ;
#5648 = EDGE_LOOP ( 'NONE', ( #5252, #8097, #3311, #3252, #7398, #5869 ) ) ;
#5649 = CARTESIAN_POINT ( 'NONE',  ( 3.517642088675755563, -0.09224999999999931866, -1.859999999999999876 ) ) ;
#5650 = ORIENTED_EDGE ( 'NONE', *, *, #2763, .T. ) ;
#5651 = CIRCLE ( 'NONE', #8397, 0.09999999999999997780 ) ;
#5652 = UNCERTAINTY_MEASURE_WITH_UNIT (LENGTH_MEASURE( 1.000000000000000082E-05 ), #1169, 'distance_accuracy_value', 'NONE');
#5653 = LINE ( 'NONE', #6963, #7392 ) ;
#5654 = ORIENTED_EDGE ( 'NONE', *, *, #6092, .T. ) ;
#5655 = VERTEX_POINT ( 'NONE', #183 ) ;
#5656 =( NAMED_UNIT ( * ) SI_UNIT ( $, .STERADIAN. ) SOLID_ANGLE_UNIT ( ) );
#5657 = EDGE_CURVE ( 'NONE', #42, #5346, #2830, .T. ) ;
#5658 = ADVANCED_FACE ( 'NONE', ( #5699 ), #4367, .T. ) ;
#5659 = LINE ( 'NONE', #6842, #6719 ) ;
#5660 = ORIENTED_EDGE ( 'NONE', *, *, #728, .F. ) ;
#5661 = STYLED_ITEM ( 'NONE', ( #743 ), #2059 ) ;
#5662 = PRESENTATION_LAYER_ASSIGNMENT (  '', '', ( #7977 ) ) ;
#5663 = CARTESIAN_POINT ( 'NONE',  ( 4.952499999999999680, -0.09224999999999869416, 2.044279695023480059 ) ) ;
#5664 = CARTESIAN_POINT ( 'NONE',  ( 3.249390871961310268, -0.7672500000000000986, 0.6562182560773820450 ) ) ;
#5665 = COLOUR_RGB ( '',0.2862745098039215508, 0.2862745098039215508, 0.2862745098039215508 ) ;
#5666 =( GEOMETRIC_REPRESENTATION_CONTEXT ( 3 ) GLOBAL_UNCERTAINTY_ASSIGNED_CONTEXT ( ( #1164 ) ) GLOBAL_UNIT_ASSIGNED_CONTEXT ( ( #7754, #7071, #3700 ) ) REPRESENTATION_CONTEXT ( 'NONE', 'WORKASPACE' ) );
#5667 = CIRCLE ( 'NONE', #6082, 0.1000000000000000194 ) ;
#5668 = DIRECTION ( 'NONE',  ( -5.174756433973191232E-17, 0.2840883296913740419, -0.9587981127083872179 ) ) ;
#5669 = CARTESIAN_POINT ( 'NONE',  ( 3.938334853613759456, -0.1345149730810360766, 2.583804907451683341 ) ) ;
#5670 = ADVANCED_FACE ( 'NONE', ( #222 ), #1168, .T. ) ;
#5671 = ADVANCED_FACE ( 'NONE', ( #134 ), #4257, .T. ) ;
#5672 = PRESENTATION_STYLE_ASSIGNMENT (( #200 ) ) ;
#5673 = CARTESIAN_POINT ( 'NONE',  ( -0.5216872481905787673, 0.06599873162765129697, 2.330000000000000515 ) ) ;
#5674 =( LENGTH_UNIT ( ) NAMED_UNIT ( * ) SI_UNIT ( .MILLI., .METRE. ) );
#5675 = CARTESIAN_POINT ( 'NONE',  ( 0.9774054981402154896, -0.1591874171070378763, -2.151030663926139841 ) ) ;
#5676 = DIRECTION ( 'NONE',  ( -1.836970198721029688E-16, -9.860761315262647568E-32, 1.000000000000000000 ) ) ;
#5677 = DIRECTION ( 'NONE',  ( -0.000000000000000000, -0.000000000000000000, -1.000000000000000000 ) ) ;
#5678 = COLOUR_RGB ( '',0.8313725490196077761, 0.8313725490196077761, 0.8313725490196077761 ) ;
#5679 = SURFACE_STYLE_FILL_AREA ( #2962 ) ;
#5680 = FACE_OUTER_BOUND ( 'NONE', #4804, .T. ) ;
#5681 = CARTESIAN_POINT ( 'NONE',  ( -3.269901378283664783, -2.744121119187154623, 0.6758407501317648114 ) ) ;
#5682 =( NAMED_UNIT ( * ) PLANE_ANGLE_UNIT ( ) SI_UNIT ( $, .RADIAN. ) );
#5683 =( NAMED_UNIT ( * ) SI_UNIT ( $, .STERADIAN. ) SOLID_ANGLE_UNIT ( ) );
#5684 =( NAMED_UNIT ( * ) PLANE_ANGLE_UNIT ( ) SI_UNIT ( $, .RADIAN. ) );
#5685 = AXIS2_PLACEMENT_3D ( 'NONE', #3888, #3174, #2517 ) ;
#5686 = CARTESIAN_POINT ( 'NONE',  ( 3.695609128038690017, -0.7672499999999999876, 0.6562182560773820450 ) ) ;
#5687 = COLOUR_RGB ( '',0.8313725490196077761, 0.8313725490196077761, 0.8313725490196077761 ) ;
#5688 = CARTESIAN_POINT ( 'NONE',  ( -3.055000000000000604, 0.7672499999999990994, 0.000000000000000000 ) ) ;
#5689 = ORIENTED_EDGE ( 'NONE', *, *, #1293, .F. ) ;
#5690 = ORIENTED_EDGE ( 'NONE', *, *, #2945, .T. ) ;
#5691 = CARTESIAN_POINT ( 'NONE',  ( -3.081608829459643761, -2.717203111341380151, 2.135240060900064574 ) ) ;
#5692 = STYLED_ITEM ( 'NONE', ( #8778 ), #732 ) ;
#5693 = CARTESIAN_POINT ( 'NONE',  ( 0.3819120798423590313, -0.1922500000000010034, 0.3637895569954249786 ) ) ;
#5694 = VERTEX_POINT ( 'NONE', #1959 ) ;
#5695 = MECHANICAL_DESIGN_GEOMETRIC_PRESENTATION_REPRESENTATION (  '', ( #8854 ), #2275 ) ;
#5696 = VECTOR ( 'NONE', #2295, 1000.000000000000000 ) ;
#5697 = CARTESIAN_POINT ( 'NONE',  ( 0.9481312709995340926, -0.1434107350525331559, -2.153309800894467774 ) ) ;
#5698 = CIRCLE ( 'NONE', #8859, 0.1000000000000000611 ) ;
#5699 = FACE_OUTER_BOUND ( 'NONE', #7688, .T. ) ;
#5700 = EDGE_LOOP ( 'NONE', ( #626, #3326, #7065, #3506 ) ) ;
#5701 = ORIENTED_EDGE ( 'NONE', *, *, #4012, .T. ) ;
#5702 = CARTESIAN_POINT ( 'NONE',  ( 0.3819120798423590313, -0.7672500000000019860, -0.3637895569954249786 ) ) ;
#5703 = STYLED_ITEM ( 'NONE', ( #4328 ), #6025 ) ;
#5704 = CARTESIAN_POINT ( 'NONE',  ( 0.3819120798423590313, -0.1922500000000010589, -0.3637895569954250341 ) ) ;
#5705 = ORIENTED_EDGE ( 'NONE', *, *, #8536, .T. ) ;
#5706 = DIRECTION ( 'NONE',  ( -0.000000000000000000, -1.000000000000000000, -0.000000000000000000 ) ) ;
#5707 = CIRCLE ( 'NONE', #4433, 0.1000000000000000194 ) ;
#5708 = FILL_AREA_STYLE_COLOUR ( '', #8390 ) ;
#5709 = EDGE_CURVE ( 'NONE', #1586, #5202, #6101, .T. ) ;
#5710 = CARTESIAN_POINT ( 'NONE',  ( 0.8525000000000003686, -0.7672500000000010978, -2.060000000000000053 ) ) ;
#5711 = CARTESIAN_POINT ( 'NONE',  ( 3.772500000000000409, -0.1922499999999990050, -1.860000000000000098 ) ) ;
#5712 =( NAMED_UNIT ( * ) SI_UNIT ( $, .STERADIAN. ) SOLID_ANGLE_UNIT ( ) );
#5713 = CARTESIAN_POINT ( 'NONE',  ( -2.676313057804030837, -3.025922037050284175, 2.213032988669992207 ) ) ;
#5714 = VECTOR ( 'NONE', #1776, 1000.000000000000000 ) ;
#5715 = CARTESIAN_POINT ( 'NONE',  ( -4.952500000000000568, -0.6672500000000001208, 1.899999999999999911 ) ) ;
#5716 = DIRECTION ( 'NONE',  ( -8.223874256482640091E-16, 1.000000000000000000, 0.000000000000000000 ) ) ;
#5717 = CARTESIAN_POINT ( 'NONE',  ( 4.859448992645575061, -0.08008266559970225740, -1.990190941312462103 ) ) ;
#5718 = DIRECTION ( 'NONE',  ( -1.000000000000000000, -3.395177445336870178E-16, 0.000000000000000000 ) ) ;
#5719 = EDGE_CURVE ( 'NONE', #2971, #6071, #525, .T. ) ;
#5720 = UNCERTAINTY_MEASURE_WITH_UNIT (LENGTH_MEASURE( 1.000000000000000082E-05 ), #4989, 'distance_accuracy_value', 'NONE');
#5721 = EDGE_CURVE ( 'NONE', #1271, #4807, #5529, .T. ) ;
#5722 = AXIS2_PLACEMENT_3D ( 'NONE', #770, #3496, #2928 ) ;
#5723 = CARTESIAN_POINT ( 'NONE',  ( 3.772500000000000409, -0.09224999999999916600, 1.860000000000000098 ) ) ;
#5724 = DIRECTION ( 'NONE',  ( 0.000000000000000000, 0.000000000000000000, 1.000000000000000000 ) ) ;
#5725 = SURFACE_STYLE_FILL_AREA ( #5024 ) ;
#5726 = CARTESIAN_POINT ( 'NONE',  ( 4.943530663926139823, -0.1591874171070362665, 2.477594501859786025 ) ) ;
#5727 = DIRECTION ( 'NONE',  ( 0.000000000000000000, 0.000000000000000000, 1.000000000000000000 ) ) ;
#5728 = DIRECTION ( 'NONE',  ( -1.000000000000000000, -4.497431234013940009E-16, 0.000000000000000000 ) ) ;
#5729 = MECHANICAL_DESIGN_GEOMETRIC_PRESENTATION_REPRESENTATION (  '', ( #4298 ), #4147 ) ;
#5730 = DIRECTION ( 'NONE',  ( 0.000000000000000000, 0.000000000000000000, -1.000000000000000000 ) ) ;
#5731 = FILL_AREA_STYLE_COLOUR ( '', #1090 ) ;
#5732 = UNCERTAINTY_MEASURE_WITH_UNIT (LENGTH_MEASURE( 1.000000000000000082E-05 ), #8026, 'distance_accuracy_value', 'NONE');
#5733 = AXIS2_PLACEMENT_3D ( 'NONE', #2861, #5581, #2012 ) ;
#5734 = ORIENTED_EDGE ( 'NONE', *, *, #2609, .F. ) ;
#5735 = CARTESIAN_POINT ( 'NONE',  ( 2.803133701591295157, 2.495677398353392640, 2.079999999999996962 ) ) ;
#5736 = ORIENTED_EDGE ( 'NONE', *, *, #8853, .F. ) ;
#5737 = SURFACE_SIDE_STYLE ('',( #7780 ) ) ;
#5738 = MECHANICAL_DESIGN_GEOMETRIC_PRESENTATION_REPRESENTATION (  '', ( #8180 ), #1878 ) ;
#5739 = CARTESIAN_POINT ( 'NONE',  ( 4.910235026918964074, -0.1345149730810355770, -1.986544668104518241 ) ) ;
#5740 = FILL_AREA_STYLE ('',( #280 ) ) ;
#5741 = VECTOR ( 'NONE', #5226, 1000.000000000000000 ) ;
#5742 = DIRECTION ( 'NONE',  ( -0.4082482904638598531, 0.8164965809277272557, -0.4082482904638641275 ) ) ;
#5743 = UNCERTAINTY_MEASURE_WITH_UNIT (LENGTH_MEASURE( 1.000000000000000082E-05 ), #4044, 'distance_accuracy_value', 'NONE');
#5744 = ORIENTED_EDGE ( 'NONE', *, *, #1136, .F. ) ;
#5745 = SURFACE_STYLE_FILL_AREA ( #235 ) ;
#5746 = CARTESIAN_POINT ( 'NONE',  ( 4.787102839788669684, -0.09224999999999890232, -1.844279695023480103 ) ) ;
#5747 = CARTESIAN_POINT ( 'NONE',  ( 0.3819120798423589758, -0.1332326644504904789, -0.3983611117452044437 ) ) ;
#5748 = EDGE_LOOP ( 'NONE', ( #4446, #6579, #7105, #3248 ) ) ;
#5749 = COLOUR_RGB ( '',0.8313725490196077761, 0.8313725490196077761, 0.8313725490196077761 ) ;
#5750 =( NAMED_UNIT ( * ) PLANE_ANGLE_UNIT ( ) SI_UNIT ( $, .RADIAN. ) );
#5751 = PRESENTATION_LAYER_ASSIGNMENT (  '', '', ( #7191 ) ) ;
#5752 =( LENGTH_UNIT ( ) NAMED_UNIT ( * ) SI_UNIT ( .MILLI., .METRE. ) );
#5753 = CARTESIAN_POINT ( 'NONE',  ( -2.866011742435759846, -0.1013778989213650061, 2.660000000000000142 ) ) ;
#5754 = AXIS2_PLACEMENT_3D ( 'NONE', #8617, #5727, #7818 ) ;
#5755 =( NAMED_UNIT ( * ) SI_UNIT ( $, .STERADIAN. ) SOLID_ANGLE_UNIT ( ) );
#5756 = FILL_AREA_STYLE_COLOUR ( '', #7015 ) ;
#5757 = CARTESIAN_POINT ( 'NONE',  ( 0.5217543599545370059, 3.611118645726067224E-32, 2.329999999999999627 ) ) ;
#5758 =( LENGTH_UNIT ( ) NAMED_UNIT ( * ) SI_UNIT ( .MILLI., .METRE. ) );
#5759 = PRESENTATION_LAYER_ASSIGNMENT (  '', '', ( #7067 ) ) ;
#5760 = CARTESIAN_POINT ( 'NONE',  ( 3.249390871961309379, -0.09224999999999955458, 0.8062182560773819562 ) ) ;
#5761 = CARTESIAN_POINT ( 'NONE',  ( 4.687102839788670039, -0.09224999999999881906, -1.944279695023480192 ) ) ;
#5762 = CARTESIAN_POINT ( 'NONE',  ( 4.945809800894466868, -0.1434107350525326008, 2.506868729000466089 ) ) ;
#5763 = FILL_AREA_STYLE_COLOUR ( '', #4419 ) ;
#5764 = SURFACE_SIDE_STYLE ('',( #309 ) ) ;
#5765 = DIRECTION ( 'NONE',  ( 0.000000000000000000, 0.000000000000000000, 1.000000000000000000 ) ) ;
#5766 = FILL_AREA_STYLE ('',( #6991 ) ) ;
#5767 = EDGE_CURVE ( 'NONE', #6119, #1591, #4649, .T. ) ;
#5768 = EDGE_CURVE ( 'NONE', #3351, #8816, #4780, .T. ) ;
#5769 = SURFACE_STYLE_FILL_AREA ( #1711 ) ;
#5770 = EDGE_CURVE ( 'NONE', #8709, #2447, #556, .T. ) ;
#5771 = EDGE_CURVE ( 'NONE', #4090, #7305, #7512, .T. ) ;
#5772 = CARTESIAN_POINT ( 'NONE',  ( -1.222499999999999920, 0.7672499999999990994, -0.3800000000000000044 ) ) ;
#5773 = DIRECTION ( 'NONE',  ( -0.8856505754816621501, 0.4643522996055910457, 0.000000000000000000 ) ) ;
#5774 =( LENGTH_UNIT ( ) NAMED_UNIT ( * ) SI_UNIT ( .MILLI., .METRE. ) );
#5775 = VECTOR ( 'NONE', #84, 1000.000000000000000 ) ;
#5776 = MECHANICAL_DESIGN_GEOMETRIC_PRESENTATION_REPRESENTATION (  '', ( #612 ), #5912 ) ;
#5777 = VERTEX_POINT ( 'NONE', #1248 ) ;
#5778 = CARTESIAN_POINT ( 'NONE',  ( 3.372499999999999609, -0.1922500000000002540, -2.160000000000000142 ) ) ;
#5779 = CARTESIAN_POINT ( 'NONE',  ( 4.910235026918961410, -0.1109450925483150552, 2.010114548637238041 ) ) ;
#5780 = VERTEX_POINT ( 'NONE', #2593 ) ;
#5781 = SURFACE_STYLE_USAGE ( .BOTH. , #7913 ) ;
#5782 = EDGE_CURVE ( 'NONE', #8706, #8676, #4684, .T. ) ;
#5783 = AXIS2_PLACEMENT_3D ( 'NONE', #8393, #7717, #5101 ) ;
#5784 = CLOSED_SHELL ( 'NONE', ( #856, #561, #473, #2208, #7928, #8252, #7370, #4881, #4681, #1579, #4294, #624, #5437, #8490, #7312, #2157, #5016, #5601, #4477, #2996, #4525, #3389, #4180, #4903 ) ) ;
#5785 = MECHANICAL_DESIGN_GEOMETRIC_PRESENTATION_REPRESENTATION (  '', ( #622 ), #4359 ) ;
#5786 = FACE_OUTER_BOUND ( 'NONE', #6604, .T. ) ;
#5787 = CARTESIAN_POINT ( 'NONE',  ( 0.9525000000000000133, -0.1922500000000010034, 2.060000000000000053 ) ) ;
#5788 = ORIENTED_EDGE ( 'NONE', *, *, #6274, .F. ) ;
#5789 = VERTEX_POINT ( 'NONE', #6795 ) ;
#5790 = CARTESIAN_POINT ( 'NONE',  ( 3.530466438303960786, -0.2930589658626810978, -2.102030276237606632 ) ) ;
#5791 = FILL_AREA_STYLE_COLOUR ( '', #3864 ) ;
#5792 = ORIENTED_EDGE ( 'NONE', *, *, #2873, .T. ) ;
#5793 = SURFACE_STYLE_FILL_AREA ( #8078 ) ;
#5794 = LINE ( 'NONE', #7972, #5593 ) ;
#5795 = DIRECTION ( 'NONE',  ( 1.000000000000000000, -0.000000000000000000, 0.000000000000000000 ) ) ;
#5796 = FILL_AREA_STYLE_COLOUR ( '', #1279 ) ;
#5797 = CARTESIAN_POINT ( 'NONE',  ( -4.120000000000000107, 0.03274999999999959888, 0.000000000000000000 ) ) ;
#5798 = FILL_AREA_STYLE_COLOUR ( '', #1523 ) ;
#5799 = EDGE_CURVE ( 'NONE', #1367, #4948, #6848, .T. ) ;
#5800 = CARTESIAN_POINT ( 'NONE',  ( -2.687036649348940376, 2.932473286724403216, 2.218875580700375494 ) ) ;
#5801 = LINE ( 'NONE', #8433, #3220 ) ;
#5802 = STYLED_ITEM ( 'NONE', ( #389 ), #2124 ) ;
#5803 = PRESENTATION_LAYER_ASSIGNMENT (  '', '', ( #8113 ) ) ;
#5804 = CARTESIAN_POINT ( 'NONE',  ( 3.874868927062184110, -0.09224999999999915212, 1.879893295065281800 ) ) ;
#5805 = CARTESIAN_POINT ( 'NONE',  ( -2.970000000000000639, -2.847500000000001030, -1.355252715606880543E-17 ) ) ;
#5806 = DIRECTION ( 'NONE',  ( 1.000000000000000000, 0.000000000000000000, 0.000000000000000000 ) ) ;
#5807 = CARTESIAN_POINT ( 'NONE',  ( 3.372499999999999609, -0.1922500000000000320, 2.060000000000000053 ) ) ;
#5808 = CARTESIAN_POINT ( 'NONE',  ( 3.399390871961310623, -0.7672499999999999876, -0.8062182560773819562 ) ) ;
#5809 = CARTESIAN_POINT ( 'NONE',  ( 0.3943076977342097611, -0.3436167100760241788, 2.330000000000000071 ) ) ;
#5810 = SURFACE_STYLE_USAGE ( .BOTH. , #7298 ) ;
#5811 =( NAMED_UNIT ( * ) SI_UNIT ( $, .STERADIAN. ) SOLID_ANGLE_UNIT ( ) );
#5812 =( NAMED_UNIT ( * ) PLANE_ANGLE_UNIT ( ) SI_UNIT ( $, .RADIAN. ) );
#5813 = CARTESIAN_POINT ( 'NONE',  ( 3.891195092548315859, -0.1345149730810362709, -2.536665146386242853 ) ) ;
#5814 = UNCERTAINTY_MEASURE_WITH_UNIT (LENGTH_MEASURE( 1.000000000000000082E-05 ), #3474, 'distance_accuracy_value', 'NONE');
#5815 = VECTOR ( 'NONE', #1402, 1000.000000000000000 ) ;
#5816 = SURFACE_STYLE_FILL_AREA ( #3104 ) ;
#5817 = VERTEX_POINT ( 'NONE', #3259 ) ;
#5818 = ORIENTED_EDGE ( 'NONE', *, *, #7835, .F. ) ;
#5819 = DIRECTION ( 'NONE',  ( 0.5773502691896241767, 0.5773502691896247319, -0.5773502691896285066 ) ) ;
#5820 = PRESENTATION_LAYER_ASSIGNMENT (  '', '', ( #7854 ) ) ;
#5821 = SURFACE_STYLE_USAGE ( .BOTH. , #6563 ) ;
#5822 = FILL_AREA_STYLE_COLOUR ( '', #7923 ) ;
#5823 = SURFACE_STYLE_FILL_AREA ( #7963 ) ;
#5824 = EDGE_CURVE ( 'NONE', #2086, #3351, #2704, .T. ) ;
#5825 = AXIS2_PLACEMENT_3D ( 'NONE', #8708, #3313, #456 ) ;
#5826 = ORIENTED_EDGE ( 'NONE', *, *, #4014, .F. ) ;
#5827 = ADVANCED_BREP_SHAPE_REPRESENTATION ( '', ( #7959, #2356 ), #1065 ) ;
#5828 = ORIENTED_EDGE ( 'NONE', *, *, #6558, .T. ) ;
#5829 = CARTESIAN_POINT ( 'NONE',  ( -3.587499999999999911, -0.2322500000000000120, 2.660000000000000142 ) ) ;
#5830 = CARTESIAN_POINT ( 'NONE',  ( 3.481021061192351329, -0.1889472805623725327, -2.121381300126909064 ) ) ;
#5831 = PRODUCT ( '1', '1', '', ( #5923 ) ) ;
#5832 = VERTEX_POINT ( 'NONE', #3301 ) ;
#5833 = VERTEX_POINT ( 'NONE', #8699 ) ;
#5834 = VECTOR ( 'NONE', #4076, 1000.000000000000000 ) ;
#5835 = SURFACE_STYLE_USAGE ( .BOTH. , #3981 ) ;
#5836 = PRESENTATION_STYLE_ASSIGNMENT (( #8511 ) ) ;
#5837 = STYLED_ITEM ( 'NONE', ( #3970 ), #1991 ) ;
#5838 =( NAMED_UNIT ( * ) PLANE_ANGLE_UNIT ( ) SI_UNIT ( $, .RADIAN. ) );
#5839 = CARTESIAN_POINT ( 'NONE',  ( -2.835817326225400059, -2.613317326225399917, 1.801372099994229981 ) ) ;
#5840 = CARTESIAN_POINT ( 'NONE',  ( 3.572500000000000231, -0.09224999999999931866, 1.918578643762690605 ) ) ;
#5841 = FILL_AREA_STYLE ('',( #3122 ) ) ;
#5842 = FILL_AREA_STYLE_COLOUR ( '', #8684 ) ;
#5843 = PRESENTATION_STYLE_ASSIGNMENT (( #6663 ) ) ;
#5844 = CARTESIAN_POINT ( 'NONE',  ( 0.06599873162765128309, 0.5216872481905786563, 2.329999999999999627 ) ) ;
#5845 = VECTOR ( 'NONE', #8571, 1000.000000000000000 ) ;
#5846 = CIRCLE ( 'NONE', #2444, 0.4000000000000000777 ) ;
#5847 = FILL_AREA_STYLE ('',( #5305 ) ) ;
#5848 = CARTESIAN_POINT ( 'NONE',  ( 3.913921356237309634, -0.09224999999999897171, 2.060000000000000053 ) ) ;
#5849 = AXIS2_PLACEMENT_3D ( 'NONE', #3972, #2559, #7378 ) ;
#5850 = CARTESIAN_POINT ( 'NONE',  ( 5.217897160211330210, -0.1922499999999990050, -1.944279695023480192 ) ) ;
#5851 = DIRECTION ( 'NONE',  ( -5.482582837655000045E-16, 1.000000000000000000, 0.000000000000000000 ) ) ;
#5852 = AXIS2_PLACEMENT_3D ( 'NONE', #340, #8560, #5929 ) ;
#5853 = SURFACE_SIDE_STYLE ('',( #1125 ) ) ;
#5854 = CARTESIAN_POINT ( 'NONE',  ( 4.910235026918962298, -0.1345149730810362987, -2.560235026918962209 ) ) ;
#5855 = DIRECTION ( 'NONE',  ( 8.611386656002740130E-16, -1.000000000000000000, -0.000000000000000000 ) ) ;
#5856 = PRESENTATION_LAYER_ASSIGNMENT (  '', '', ( #1294 ) ) ;
#5857 = ORIENTED_EDGE ( 'NONE', *, *, #3209, .F. ) ;
#5858 = CARTESIAN_POINT ( 'NONE',  ( 3.414459649094451432, -0.04071043145250068107, -2.013018577200447634 ) ) ;
#5859 = CARTESIAN_POINT ( 'NONE',  ( 0.4238398292666566980, -0.1922500000000010589, 0.4643413327551617620 ) ) ;
#5860 = LINE ( 'NONE', #8801, #4644 ) ;
#5861 = AXIS2_PLACEMENT_3D ( 'NONE', #1617, #7088, #3667 ) ;
#5862 = DIRECTION ( 'NONE',  ( 0.000000000000000000, 0.000000000000000000, 1.000000000000000000 ) ) ;
#5863 = DIRECTION ( 'NONE',  ( -1.000000000000000000, -5.421010862427519212E-16, 0.000000000000000000 ) ) ;
#5864 = PRESENTATION_STYLE_ASSIGNMENT (( #1724 ) ) ;
#5865 = AXIS2_PLACEMENT_3D ( 'NONE', #403, #524, #3179 ) ;
#5866 = AXIS2_PLACEMENT_3D ( 'NONE', #3763, #211, #2913 ) ;
#5867 = EDGE_LOOP ( 'NONE', ( #4317, #8015, #1403, #1185, #8326, #2800 ) ) ;
#5868 =( BOUNDED_SURFACE ( )  B_SPLINE_SURFACE ( 3, 3, ( 
 ( #1350, #4067, #6033, #4748 ),
 ( #3979, #4661, #616, #4022 ),
 ( #5447, #5410, #4700, #7479 ),
 ( #8885, #8803, #2570, #5323 ) ),
 .UNSPECIFIED., .F., .F., .F. ) 
 B_SPLINE_SURFACE_WITH_KNOTS ( ( 4, 4 ),
 ( 4, 4 ),
 ( 0.000000000000000000, 1.000000000000000000 ),
 ( 0.000000000000000000, 1.000000000000000000 ),
 .UNSPECIFIED. ) 
 GEOMETRIC_REPRESENTATION_ITEM ( )  RATIONAL_B_SPLINE_SURFACE ( (
 ( 1.000000000000000000, 0.8184047277771976381, 0.8184047277771976381, 1.000000000000000000),
 ( 0.8047378541243652705, 0.6586012644366573410, 0.6586012644366573410, 0.8047378541243652705),
 ( 0.8047378541243652705, 0.6586012644366573410, 0.6586012644366573410, 0.8047378541243652705),
 ( 1.000000000000000000, 0.8184047277771976381, 0.8184047277771976381, 1.000000000000000000) ) ) 
 REPRESENTATION_ITEM ( '' )  SURFACE ( )  );
#5869 = ORIENTED_EDGE ( 'NONE', *, *, #2006, .T. ) ;
#5870 = DIRECTION ( 'NONE',  ( 0.000000000000000000, 1.000000000000000000, 0.000000000000000000 ) ) ;
#5871 = ORIENTED_EDGE ( 'NONE', *, *, #5167, .F. ) ;
#5872 = ORIENTED_EDGE ( 'NONE', *, *, #6705, .T. ) ;
#5873 = COLOUR_RGB ( '',0.8313725490196077761, 0.8313725490196077761, 0.8313725490196077761 ) ;
#5874 = UNCERTAINTY_MEASURE_WITH_UNIT (LENGTH_MEASURE( 1.000000000000000082E-05 ), #6681, 'distance_accuracy_value', 'NONE');
#5875 = ADVANCED_FACE ( 'NONE', ( #3377 ), #6107, .F. ) ;
#5876 = EDGE_CURVE ( 'NONE', #4807, #6333, #7413, .T. ) ;
#5877 = EDGE_CURVE ( 'NONE', #2447, #3477, #4189, .T. ) ;
#5878 = DIRECTION ( 'NONE',  ( 0.000000000000000000, 0.000000000000000000, 1.000000000000000000 ) ) ;
#5879 = PRESENTATION_LAYER_ASSIGNMENT (  '', '', ( #3036 ) ) ;
#5880 = EDGE_LOOP ( 'NONE', ( #1200, #1908, #7014, #6142, #1949, #8231 ) ) ;
#5881 = PLANE ( 'NONE',  #2764 ) ;
#5882 = MECHANICAL_DESIGN_GEOMETRIC_PRESENTATION_REPRESENTATION (  '', ( #8772 ), #3180 ) ;
#5883 = CARTESIAN_POINT ( 'NONE',  ( 3.249390871961310268, -0.7672500000000000986, -0.6562182560773820450 ) ) ;
#5884 = CARTESIAN_POINT ( 'NONE',  ( 4.897221359549996045, -0.1028072809000073889, 2.044279695023480059 ) ) ;
#5885 = CIRCLE ( 'NONE', #5452, 0.09999999999999995004 ) ;
#5886 =( NAMED_UNIT ( * ) PLANE_ANGLE_UNIT ( ) SI_UNIT ( $, .RADIAN. ) );
#5887 = UNCERTAINTY_MEASURE_WITH_UNIT (LENGTH_MEASURE( 1.000000000000000082E-05 ), #2143, 'distance_accuracy_value', 'NONE');
#5888 = DIRECTION ( 'NONE',  ( 1.000000000000000000, 1.224646799147353207E-16, 0.000000000000000000 ) ) ;
#5889 = DIRECTION ( 'NONE',  ( 0.9931903090196375627, 0.000000000000000000, 0.1165032620550898596 ) ) ;
#5890 = CARTESIAN_POINT ( 'NONE',  ( -2.962554341017594073, -2.740054341017593487, 2.277914424562274665 ) ) ;
#5891 = PLANE ( 'NONE',  #2761 ) ;
#5892 = CIRCLE ( 'NONE', #2049, 0.1000000000000002554 ) ;
#5893 = CARTESIAN_POINT ( 'NONE',  ( 4.787102839788669684, -0.09224999999999901334, 2.044279695023480059 ) ) ;
#5894 = FILL_AREA_STYLE ('',( #5193 ) ) ;
#5895 =( BOUNDED_SURFACE ( )  B_SPLINE_SURFACE ( 3, 3, ( 
 ( #4291, #7722, #6369, #3715 ),
 ( #6462, #2297, #7127, #952 ),
 ( #897, #3012, #262, #2247 ),
 ( #1664, #3664, #7041, #5726 ) ),
 .UNSPECIFIED., .F., .F., .F. ) 
 B_SPLINE_SURFACE_WITH_KNOTS ( ( 4, 4 ),
 ( 4, 4 ),
 ( 0.000000000000000000, 1.000000000000000000 ),
 ( 0.000000000000000000, 1.000000000000000000 ),
 .UNSPECIFIED. ) 
 GEOMETRIC_REPRESENTATION_ITEM ( )  RATIONAL_B_SPLINE_SURFACE ( (
 ( 1.000000000000000000, 0.3333333333333320381, 0.3333333333333320381, 1.000000000000000000),
 ( 0.9245018060306385843, 0.3081672686768783254, 0.3081672686768783254, 0.9245018060306385843),
 ( 0.9245018060306385843, 0.3081672686768783254, 0.3081672686768783254, 0.9245018060306385843),
 ( 1.000000000000000000, 0.3333333333333320381, 0.3333333333333320381, 1.000000000000000000) ) ) 
 REPRESENTATION_ITEM ( '' )  SURFACE ( )  );
#5896 = CARTESIAN_POINT ( 'NONE',  ( 0.4760296638738870101, -0.7672500000000009868, 0.4636163929784103410 ) ) ;
#5897 = CARTESIAN_POINT ( 'NONE',  ( 4.901339264947465857, -0.09894019910552942498, -2.506868729000467422 ) ) ;
#5898 =( LENGTH_UNIT ( ) NAMED_UNIT ( * ) SI_UNIT ( .MILLI., .METRE. ) );
#5899 = STYLED_ITEM ( 'NONE', ( #8642 ), #3106 ) ;
#5900 = FACE_OUTER_BOUND ( 'NONE', #5219, .T. ) ;
#5901 = PRODUCT_DEFINITION_SHAPE ( 'NONE', 'NONE',  #8461 ) ;
#5902 = CIRCLE ( 'NONE', #7204, 0.1000000000000000194 ) ;
#5903 = EDGE_LOOP ( 'NONE', ( #4772, #49, #8173, #8728 ) ) ;
#5904 = STYLED_ITEM ( 'NONE', ( #4093 ), #4681 ) ;
#5905 = DIRECTION ( 'NONE',  ( 0.000000000000000000, -0.000000000000000000, 1.000000000000000000 ) ) ;
#5906 = CARTESIAN_POINT ( 'NONE',  ( 4.952499999999999680, -0.09224999999999869416, -1.860000000000000098 ) ) ;
#5907 = MECHANICAL_DESIGN_GEOMETRIC_PRESENTATION_REPRESENTATION (  '', ( #5692 ), #1346 ) ;
#5908 = DIRECTION ( 'NONE',  ( 0.000000000000000000, -1.000000000000000000, 0.000000000000000000 ) ) ;
#5909 = SURFACE_SIDE_STYLE ('',( #6599 ) ) ;
#5910 =( GEOMETRIC_REPRESENTATION_CONTEXT ( 3 ) GLOBAL_UNCERTAINTY_ASSIGNED_CONTEXT ( ( #6388 ) ) GLOBAL_UNIT_ASSIGNED_CONTEXT ( ( #6765, #1140, #3190 ) ) REPRESENTATION_CONTEXT ( 'NONE', 'WORKASPACE' ) );
#5911 = SURFACE_STYLE_USAGE ( .BOTH. , #5161 ) ;
#5912 =( GEOMETRIC_REPRESENTATION_CONTEXT ( 3 ) GLOBAL_UNCERTAINTY_ASSIGNED_CONTEXT ( ( #998 ) ) GLOBAL_UNIT_ASSIGNED_CONTEXT ( ( #5774, #606, #3229 ) ) REPRESENTATION_CONTEXT ( 'NONE', 'WORKASPACE' ) );
#5913 = ORIENTED_EDGE ( 'NONE', *, *, #3636, .F. ) ;
#5914 = PRESENTATION_LAYER_ASSIGNMENT (  '', '', ( #6938 ) ) ;
#5915 = VERTEX_POINT ( 'NONE', #7613 ) ;
#5916 = CARTESIAN_POINT ( 'NONE',  ( 4.952499999999999680, -0.1922499999999990050, -2.044279695023480059 ) ) ;
#5917 = CARTESIAN_POINT ( 'NONE',  ( -4.852500000000000036, -0.7672500000000003206, 1.899999999999999911 ) ) ;
#5918 = PRESENTATION_LAYER_ASSIGNMENT (  '', '', ( #4942 ) ) ;
#5919 = VERTEX_POINT ( 'NONE', #1473 ) ;
#5920 = FACE_OUTER_BOUND ( 'NONE', #8211, .T. ) ;
#5921 = VECTOR ( 'NONE', #1246, 1000.000000000000114 ) ;
#5922 = VERTEX_POINT ( 'NONE', #8427 ) ;
#5923 = PRODUCT_CONTEXT ( 'NONE', #6254, 'mechanical' ) ;
#5924 = CARTESIAN_POINT ( 'NONE',  ( 0.9142824793932302629, -0.09225000000000051215, 0.6707759941766211487 ) ) ;
#5925 = EDGE_CURVE ( 'NONE', #5249, #6572, #8725, .T. ) ;
#5926 = DIRECTION ( 'NONE',  ( -1.000000000000000000, -3.395177445336870178E-16, 0.000000000000000000 ) ) ;
#5927 = FILL_AREA_STYLE ('',( #8727 ) ) ;
#5928 = VERTEX_POINT ( 'NONE', #6159 ) ;
#5929 = DIRECTION ( 'NONE',  ( 0.000000000000000000, 1.000000000000000000, -8.673617379884035472E-15 ) ) ;
#5930 = DIRECTION ( 'NONE',  ( 1.000000000000000000, 5.421010862427532031E-16, 0.000000000000000000 ) ) ;
#5931 =( NAMED_UNIT ( * ) PLANE_ANGLE_UNIT ( ) SI_UNIT ( $, .RADIAN. ) );
#5932 = ADVANCED_FACE ( 'NONE', ( #4277 ), #4696, .T. ) ;
#5933 = EDGE_CURVE ( 'NONE', #4890, #3068, #3551, .T. ) ;
#5934 = DIRECTION ( 'NONE',  ( 1.000000000000000000, 0.000000000000000000, 0.000000000000000000 ) ) ;
#5935 = SURFACE_STYLE_FILL_AREA ( #445 ) ;
#5936 = CARTESIAN_POINT ( 'NONE',  ( 4.787102839788669684, -0.1336713562373085529, 1.944279695023479748 ) ) ;
#5937 =( LENGTH_UNIT ( ) NAMED_UNIT ( * ) SI_UNIT ( .MILLI., .METRE. ) );
#5938 = CARTESIAN_POINT ( 'NONE',  ( 0.9183348536137583284, -0.1345149730810370758, 2.141304907451683004 ) ) ;
#5939 = CIRCLE ( 'NONE', #7297, 0.05000000000000002359 ) ;
#5940 = SURFACE_STYLE_USAGE ( .BOTH. , #7300 ) ;
#5941 = CARTESIAN_POINT ( 'NONE',  ( -3.414865336152359987, -0.3451191649770700143, -2.660000000000000142 ) ) ;
#5942 = VECTOR ( 'NONE', #3896, 1000.000000000000000 ) ;
#5943 = STYLED_ITEM ( 'NONE', ( #4138 ), #1430 ) ;
#5944 = ORIENTED_EDGE ( 'NONE', *, *, #7882, .T. ) ;
#5945 = SURFACE_SIDE_STYLE ('',( #3314 ) ) ;
#5946 = DIRECTION ( 'NONE',  ( -0.000000000000000000, -0.000000000000000000, -1.000000000000000000 ) ) ;
#5947 = CARTESIAN_POINT ( 'NONE',  ( -3.101090794297181930, -2.580633701591291018, 2.114950978616530364 ) ) ;
#5948 = FACE_OUTER_BOUND ( 'NONE', #8182, .T. ) ;
#5949 =( LENGTH_UNIT ( ) NAMED_UNIT ( * ) SI_UNIT ( .MILLI., .METRE. ) );
#5950 = CARTESIAN_POINT ( 'NONE',  ( 3.872500000000000497, -0.1922499999999990328, -2.001421356237308657 ) ) ;
#5951 = ORIENTED_EDGE ( 'NONE', *, *, #1516, .F. ) ;
#5952 = ORIENTED_EDGE ( 'NONE', *, *, #623, .T. ) ;
#5953 =( GEOMETRIC_REPRESENTATION_CONTEXT ( 3 ) GLOBAL_UNCERTAINTY_ASSIGNED_CONTEXT ( ( #2590 ) ) GLOBAL_UNIT_ASSIGNED_CONTEXT ( ( #2397, #3141, #3775 ) ) REPRESENTATION_CONTEXT ( 'NONE', 'WORKASPACE' ) );
#5954 = CARTESIAN_POINT ( 'NONE',  ( 0.5559049950491480319, 6.807872728169643488E-17, 2.339150635094611186 ) ) ;
#5955 = EDGE_LOOP ( 'NONE', ( #6328, #6314, #1595, #2221 ) ) ;
#5956 = CARTESIAN_POINT ( 'NONE',  ( -3.198768517885747897, 2.313513886755173221, 2.292301372015140615 ) ) ;
#5957 = AXIS2_PLACEMENT_3D ( 'NONE', #1544, #4266, #7011 ) ;
#5958 =( NAMED_UNIT ( * ) PLANE_ANGLE_UNIT ( ) SI_UNIT ( $, .RADIAN. ) );
#5959 =( NAMED_UNIT ( * ) SI_UNIT ( $, .STERADIAN. ) SOLID_ANGLE_UNIT ( ) );
#5960 = FACE_OUTER_BOUND ( 'NONE', #8220, .T. ) ;
#5961 = ORIENTED_EDGE ( 'NONE', *, *, #8582, .F. ) ;
#5962 = FILL_AREA_STYLE_COLOUR ( '', #1155 ) ;
#5963 = ORIENTED_EDGE ( 'NONE', *, *, #563, .T. ) ;
#5964 =( GEOMETRIC_REPRESENTATION_CONTEXT ( 3 ) GLOBAL_UNCERTAINTY_ASSIGNED_CONTEXT ( ( #7078 ) ) GLOBAL_UNIT_ASSIGNED_CONTEXT ( ( #2020, #3942, #569 ) ) REPRESENTATION_CONTEXT ( 'NONE', 'WORKASPACE' ) );
#5965 = SURFACE_STYLE_FILL_AREA ( #3920 ) ;
#5966 = CYLINDRICAL_SURFACE ( 'NONE', #8905, 0.1499999999999999667 ) ;
#5967 = EDGE_CURVE ( 'NONE', #7956, #8686, #1419, .T. ) ;
#5968 = CARTESIAN_POINT ( 'NONE',  ( 3.572500000000000231, -0.1922499999999990328, 1.860000000000000542 ) ) ;
#5969 = MECHANICAL_DESIGN_GEOMETRIC_PRESENTATION_REPRESENTATION (  '', ( #8133 ), #6116 ) ;
#5970 = UNCERTAINTY_MEASURE_WITH_UNIT (LENGTH_MEASURE( 1.000000000000000082E-05 ), #1472, 'distance_accuracy_value', 'NONE');
#5971 = SURFACE_STYLE_USAGE ( .BOTH. , #6628 ) ;
#5972 = DIRECTION ( 'NONE',  ( 0.000000000000000000, 1.000000000000000000, 0.000000000000000000 ) ) ;
#5973 = MECHANICAL_DESIGN_GEOMETRIC_PRESENTATION_REPRESENTATION (  '', ( #1717 ), #6999 ) ;
#5974 = CARTESIAN_POINT ( 'NONE',  ( 0.5742062652383692622, 1.148412530476738524, 2.370849364905390555 ) ) ;
#5975 = EDGE_CURVE ( 'NONE', #6002, #3362, #3410, .T. ) ;
#5976 = EDGE_CURVE ( 'NONE', #2199, #6868, #1000, .T. ) ;
#5977 = ADVANCED_FACE ( 'NONE', ( #1737 ), #3163, .T. ) ;
#5978 = EDGE_CURVE ( 'NONE', #5922, #4960, #2139, .T. ) ;
#5979 = CARTESIAN_POINT ( 'NONE',  ( -3.270000000000000462, -2.534608270214919301, 0.000000000000000000 ) ) ;
#5980 = CIRCLE ( 'NONE', #4703, 0.3000000000000000444 ) ;
#5981 = STYLED_ITEM ( 'NONE', ( #6871 ), #6078 ) ;
#5982 = PRESENTATION_LAYER_ASSIGNMENT (  '', '', ( #2989 ) ) ;
#5983 = EDGE_LOOP ( 'NONE', ( #1101, #6873, #7537, #8850 ) ) ;
#5984 = CARTESIAN_POINT ( 'NONE',  ( 3.325518577200448522, -0.04071043145250147210, -2.101959649094452320 ) ) ;
#5985 = CARTESIAN_POINT ( 'NONE',  ( 3.972500000000000142, -0.2609999999999990106, -2.502499999999999947 ) ) ;
#5986 = CARTESIAN_POINT ( 'NONE',  ( -3.414865336152359987, -0.3451191649770700698, 1.899999999999999911 ) ) ;
#5987 = DIRECTION ( 'NONE',  ( 0.000000000000000000, 0.000000000000000000, -1.000000000000000000 ) ) ;
#5988 = CARTESIAN_POINT ( 'NONE',  ( 0.9525000000000006795, -0.1922500000000010034, 2.060000000000000053 ) ) ;
#5989 = STYLED_ITEM ( 'NONE', ( #2642 ), #6964 ) ;
#5990 = CARTESIAN_POINT ( 'NONE',  ( 3.472499999999999698, -0.7672499999999999876, -2.060000000000000053 ) ) ;
#5991 = DIRECTION ( 'NONE',  ( 1.000000000000000000, 0.000000000000000000, 0.000000000000000000 ) ) ;
#5992 = VECTOR ( 'NONE', #5083, 1000.000000000000000 ) ;
#5993 = VERTEX_POINT ( 'NONE', #3084 ) ;
#5994 = EDGE_LOOP ( 'NONE', ( #4400, #7698, #3950, #7572 ) ) ;
#5995 = DIRECTION ( 'NONE',  ( -0.000000000000000000, -0.000000000000000000, -1.000000000000000000 ) ) ;
#5996 = PRESENTATION_STYLE_ASSIGNMENT (( #1485 ) ) ;
#5997 = PRESENTATION_STYLE_ASSIGNMENT (( #3285 ) ) ;
#5998 =( LENGTH_UNIT ( ) NAMED_UNIT ( * ) SI_UNIT ( .MILLI., .METRE. ) );
#5999 = COLOUR_RGB ( '',0.8313725490196077761, 0.8313725490196077761, 0.8313725490196077761 ) ;
#6000 = SURFACE_STYLE_USAGE ( .BOTH. , #3955 ) ;
#6001 = CARTESIAN_POINT ( 'NONE',  ( -0.09537653128744262576, -0.6030764423484327175, 2.379999999999999449 ) ) ;
#6002 = VERTEX_POINT ( 'NONE', #2459 ) ;
#6003 = CYLINDRICAL_SURFACE ( 'NONE', #3620, 0.09999999999999982514 ) ;
#6004 = ORIENTED_EDGE ( 'NONE', *, *, #6560, .T. ) ;
#6005 = DIRECTION ( 'NONE',  ( 0.000000000000000000, -0.000000000000000000, -1.000000000000000000 ) ) ;
#6006 = VECTOR ( 'NONE', #8353, 1000.000000000000000 ) ;
#6007 = DIRECTION ( 'NONE',  ( 0.8233548815373554763, -0.5675268619621517407, 0.000000000000000000 ) ) ;
#6008 =( GEOMETRIC_REPRESENTATION_CONTEXT ( 3 ) GLOBAL_UNCERTAINTY_ASSIGNED_CONTEXT ( ( #431 ) ) GLOBAL_UNIT_ASSIGNED_CONTEXT ( ( #550, #6536, #1793 ) ) REPRESENTATION_CONTEXT ( 'NONE', 'WORKASPACE' ) );
#6009 = CARTESIAN_POINT ( 'NONE',  ( 4.852500000000000036, -0.1922499999999990605, -1.944279695023480192 ) ) ;
#6010 = MECHANICAL_DESIGN_GEOMETRIC_PRESENTATION_REPRESENTATION (  '', ( #6616 ), #3751 ) ;
#6011 = DIRECTION ( 'NONE',  ( 0.000000000000000000, -1.000000000000000000, 0.000000000000000000 ) ) ;
#6012 = FILL_AREA_STYLE ('',( #3967 ) ) ;
#6013 = SURFACE_STYLE_USAGE ( .BOTH. , #6544 ) ;
#6014 =( NAMED_UNIT ( * ) SI_UNIT ( $, .STERADIAN. ) SOLID_ANGLE_UNIT ( ) );
#6015 = FILL_AREA_STYLE ('',( #7515 ) ) ;
#6016 = PRESENTATION_STYLE_ASSIGNMENT (( #3306 ) ) ;
#6017 = CARTESIAN_POINT ( 'NONE',  ( 0.6083569003329799552, 7.450223307319892598E-17, 2.380000000000000338 ) ) ;
#6018 = STYLED_ITEM ( 'NONE', ( #5864 ), #4062 ) ;
#6019 =( NAMED_UNIT ( * ) SI_UNIT ( $, .STERADIAN. ) SOLID_ANGLE_UNIT ( ) );
#6020 = MECHANICAL_DESIGN_GEOMETRIC_PRESENTATION_REPRESENTATION (  '', ( #1609 ), #4170 ) ;
#6021 =( LENGTH_UNIT ( ) NAMED_UNIT ( * ) SI_UNIT ( .MILLI., .METRE. ) );
#6022 = AXIS2_PLACEMENT_3D ( 'NONE', #8031, #1882, #3312 ) ;
#6023 = VERTEX_POINT ( 'NONE', #5177 ) ;
#6024 = SURFACE_SIDE_STYLE ('',( #3818 ) ) ;
#6025 = ADVANCED_FACE ( 'NONE', ( #7115 ), #1787, .T. ) ;
#6026 = EDGE_CURVE ( 'NONE', #8680, #3949, #3208, .T. ) ;
#6027 = DIRECTION ( 'NONE',  ( 0.000000000000000000, 0.000000000000000000, 1.000000000000000000 ) ) ;
#6028 = ADVANCED_FACE ( 'NONE', ( #1197 ), #633, .F. ) ;
#6029 = CARTESIAN_POINT ( 'NONE',  ( 0.9525000000000001243, -0.09225000000000069256, -0.8629237369103519573 ) ) ;
#6030 = ADVANCED_FACE ( 'NONE', ( #1234 ), #4716, .F. ) ;
#6031 = COLOUR_RGB ( '',0.8313725490196077761, 0.8313725490196077761, 0.8313725490196077761 ) ;
#6032 = CARTESIAN_POINT ( 'NONE',  ( -0.5400556301437587914, -1.080111260287518027, 2.329999999999999627 ) ) ;
#6033 = CARTESIAN_POINT ( 'NONE',  ( 0.6991649717641893469, -0.1922500000000008924, 0.4767649084586315644 ) ) ;
#6034 = CARTESIAN_POINT ( 'NONE',  ( 3.269999999999999574, 3.047499999999999876, 0.07846988903114746061 ) ) ;
#6035 = LINE ( 'NONE', #504, #5632 ) ;
#6036 = CARTESIAN_POINT ( 'NONE',  ( 3.913921356237309634, -0.09224999999999894396, -2.060000000000000053 ) ) ;
#6037 = VECTOR ( 'NONE', #4175, 1000.000000000000000 ) ;
#6038 = EDGE_CURVE ( 'NONE', #7280, #8730, #7975, .T. ) ;
#6039 = EDGE_CURVE ( 'NONE', #2370, #7996, #1007, .T. ) ;
#6040 = FILL_AREA_STYLE_COLOUR ( '', #1825 ) ;
#6041 = ORIENTED_EDGE ( 'NONE', *, *, #3520, .F. ) ;
#6042 = VERTEX_POINT ( 'NONE', #52 ) ;
#6043 =( LENGTH_UNIT ( ) NAMED_UNIT ( * ) SI_UNIT ( .MILLI., .METRE. ) );
#6044 = FILL_AREA_STYLE ('',( #7395 ) ) ;
#6045 = CARTESIAN_POINT ( 'NONE',  ( -0.5400556301437590134, 0.000000000000000000, 2.329999999999999627 ) ) ;
#6046 = UNCERTAINTY_MEASURE_WITH_UNIT (LENGTH_MEASURE( 1.000000000000000082E-05 ), #8863, 'distance_accuracy_value', 'NONE');
#6047 = CIRCLE ( 'NONE', #3065, 0.1000000000000000472 ) ;
#6048 = CIRCLE ( 'NONE', #1492, 0.2999999999999999334 ) ;
#6049 =( NAMED_UNIT ( * ) PLANE_ANGLE_UNIT ( ) SI_UNIT ( $, .RADIAN. ) );
#6050 = CARTESIAN_POINT ( 'NONE',  ( -3.798064039089806609, 0.2699408224499634801, -1.899999999999999911 ) ) ;
#6051 = MECHANICAL_DESIGN_GEOMETRIC_PRESENTATION_REPRESENTATION (  '', ( #7074 ), #5910 ) ;
#6052 = DIRECTION ( 'NONE',  ( -1.000000000000000000, -4.517509052022936456E-16, 0.000000000000000000 ) ) ;
#6053 = FACE_OUTER_BOUND ( 'NONE', #380, .T. ) ;
#6054 = ORIENTED_EDGE ( 'NONE', *, *, #663, .T. ) ;
#6055 = LINE ( 'NONE', #5225, #604 ) ;
#6056 =( LENGTH_UNIT ( ) NAMED_UNIT ( * ) SI_UNIT ( .MILLI., .METRE. ) );
#6057 = DIRECTION ( 'NONE',  ( -1.000000000000000000, -3.395177445336870178E-16, 0.000000000000000000 ) ) ;
#6058 = CIRCLE ( 'NONE', #938, 0.7999999999999999334 ) ;
#6059 =( LENGTH_UNIT ( ) NAMED_UNIT ( * ) SI_UNIT ( .MILLI., .METRE. ) );
#6060 = FACE_OUTER_BOUND ( 'NONE', #3895, .T. ) ;
#6061 = DIRECTION ( 'NONE',  ( -1.000000000000000000, -5.421010862427508365E-16, 0.000000000000000000 ) ) ;
#6062 = CARTESIAN_POINT ( 'NONE',  ( 4.787102839788669684, -0.09224999999999887457, 2.044279695023480059 ) ) ;
#6063 = CARTESIAN_POINT ( 'NONE',  ( 4.645681483551360458, -0.09224999999999908273, 1.927122407498099044 ) ) ;
#6064 = FILL_AREA_STYLE_COLOUR ( '', #1816 ) ;
#6065 = APPLICATION_CONTEXT ( 'automotive_design' ) ;
#6066 = SURFACE_STYLE_FILL_AREA ( #1253 ) ;
#6067 = COLOUR_RGB ( '',0.8313725490196077761, 0.8313725490196077761, 0.8313725490196077761 ) ;
#6068 = FILL_AREA_STYLE ('',( #2862 ) ) ;
#6069 = CARTESIAN_POINT ( 'NONE',  ( 0.8630572809000085499, -0.1475286404500044113, 2.060000000000000053 ) ) ;
#6070 = SURFACE_STYLE_USAGE ( .BOTH. , #7522 ) ;
#6071 = VERTEX_POINT ( 'NONE', #100 ) ;
#6072 = ORIENTED_EDGE ( 'NONE', *, *, #1035, .F. ) ;
#6073 = CARTESIAN_POINT ( 'NONE',  ( 4.855802719437628312, -0.1308686998730897721, 1.935758633831129893 ) ) ;
#6074 = STYLED_ITEM ( 'NONE', ( #4482 ), #407 ) ;
#6075 = SURFACE_STYLE_FILL_AREA ( #758 ) ;
#6076 = DIRECTION ( 'NONE',  ( 0.000000000000000000, 0.000000000000000000, 1.000000000000000000 ) ) ;
#6077 = FACE_OUTER_BOUND ( 'NONE', #2882, .T. ) ;
#6078 = ADVANCED_FACE ( 'NONE', ( #782 ), #6546, .T. ) ;
#6079 =( NAMED_UNIT ( * ) PLANE_ANGLE_UNIT ( ) SI_UNIT ( $, .RADIAN. ) );
#6080 = STYLED_ITEM ( 'NONE', ( #5508 ), #2157 ) ;
#6081 = STYLED_ITEM ( 'NONE', ( #1932 ), #1567 ) ;
#6082 = AXIS2_PLACEMENT_3D ( 'NONE', #989, #4383, #6457 ) ;
#6083 = ORIENTED_EDGE ( 'NONE', *, *, #7269, .F. ) ;
#6084 = FACE_OUTER_BOUND ( 'NONE', #1938, .T. ) ;
#6085 = DIRECTION ( 'NONE',  ( -0.9931903090196375627, 0.000000000000000000, 0.1165032620550891379 ) ) ;
#6086 = EDGE_LOOP ( 'NONE', ( #4992, #5612, #748, #5613, #7838, #7108, #6280, #6481, #2745, #2690, #6435, #716, #6516, #2182, #8186, #2274, #2836, #3544, #3279, #3688, #655, #408, #5944, #6131 ) ) ;
#6087 = LINE ( 'NONE', #4217, #2994 ) ;
#6088 = DIRECTION ( 'NONE',  ( 3.614007241618348771E-16, -1.000000000000000000, 0.000000000000000000 ) ) ;
#6089 = ORIENTED_EDGE ( 'NONE', *, *, #7207, .T. ) ;
#6090 = CARTESIAN_POINT ( 'NONE',  ( 2.887649949935859439, -2.740054341017593931, 2.338250127472760287 ) ) ;
#6091 = EDGE_CURVE ( 'NONE', #42, #427, #5846, .T. ) ;
#6092 = EDGE_CURVE ( 'NONE', #5516, #4875, #7016, .T. ) ;
#6093 = DIRECTION ( 'NONE',  ( 0.000000000000000000, 0.000000000000000000, 1.000000000000000000 ) ) ;
#6094 = CARTESIAN_POINT ( 'NONE',  ( 4.606996134853925007, -0.09224999999999886069, -1.946648622085662694 ) ) ;
#6095 = DIRECTION ( 'NONE',  ( 0.000000000000000000, 0.000000000000000000, -1.000000000000000000 ) ) ;
#6096 =( NAMED_UNIT ( * ) PLANE_ANGLE_UNIT ( ) SI_UNIT ( $, .RADIAN. ) );
#6097 = VERTEX_POINT ( 'NONE', #2041 ) ;
#6098 = DIRECTION ( 'NONE',  ( -0.000000000000000000, -0.000000000000000000, -1.000000000000000000 ) ) ;
#6099 = EDGE_LOOP ( 'NONE', ( #5431, #1867, #1333, #3498, #140 ) ) ;
#6100 = SURFACE_STYLE_USAGE ( .BOTH. , #2805 ) ;
#6101 = CIRCLE ( 'NONE', #1837, 0.1000000000000002554 ) ;
#6102 = SURFACE_SIDE_STYLE ('',( #5523 ) ) ;
#6103 = CARTESIAN_POINT ( 'NONE',  ( -4.952499999999999680, -0.2322500000000010112, 0.000000000000000000 ) ) ;
#6104 = DIRECTION ( 'NONE',  ( 0.000000000000000000, -1.000000000000000000, -2.891205793294679017E-15 ) ) ;
#6105 = ORIENTED_EDGE ( 'NONE', *, *, #6560, .F. ) ;
#6106 = DIRECTION ( 'NONE',  ( 0.4082482904638630727, -0.8164965809277261455, -0.4082482904638630727 ) ) ;
#6107 = PLANE ( 'NONE',  #6120 ) ;
#6108 = CARTESIAN_POINT ( 'NONE',  ( 3.883057280900008568, -0.1475286404500030513, 2.502499999999999947 ) ) ;
#6109 = AXIS2_PLACEMENT_3D ( 'NONE', #6545, #3971, #3934 ) ;
#6110 = STYLED_ITEM ( 'NONE', ( #8164 ), #1796 ) ;
#6111 = CARTESIAN_POINT ( 'NONE',  ( -2.803133701591289384, -2.712318337075287022, 2.349553625049722871 ) ) ;
#6112 = DIRECTION ( 'NONE',  ( 0.000000000000000000, 0.000000000000000000, 1.000000000000000000 ) ) ;
#6113 =( LENGTH_UNIT ( ) NAMED_UNIT ( * ) SI_UNIT ( .MILLI., .METRE. ) );
#6114 = DIRECTION ( 'NONE',  ( 0.000000000000000000, 0.000000000000000000, 1.000000000000000000 ) ) ;
#6115 = DIRECTION ( 'NONE',  ( 1.000000000000000000, 0.000000000000000000, 0.000000000000000000 ) ) ;
#6116 =( GEOMETRIC_REPRESENTATION_CONTEXT ( 3 ) GLOBAL_UNCERTAINTY_ASSIGNED_CONTEXT ( ( #2253 ) ) GLOBAL_UNIT_ASSIGNED_CONTEXT ( ( #1721, #4401, #4448 ) ) REPRESENTATION_CONTEXT ( 'NONE', 'WORKASPACE' ) );
#6117 = CARTESIAN_POINT ( 'NONE',  ( 3.891195092548317636, -0.1345149730810359656, 2.536665146386241965 ) ) ;
#6118 = CARTESIAN_POINT ( 'NONE',  ( 3.572499999999999343, -0.1336713562373085529, -1.959999999999999742 ) ) ;
#6119 = VERTEX_POINT ( 'NONE', #147 ) ;
#6120 = AXIS2_PLACEMENT_3D ( 'NONE', #5577, #198, #7705 ) ;
#6121 = DIRECTION ( 'NONE',  ( 1.000000000000000000, 0.000000000000000000, -0.000000000000000000 ) ) ;
#6122 = SURFACE_SIDE_STYLE ('',( #1972 ) ) ;
#6123 = PLANE ( 'NONE',  #1165 ) ;
#6124 = VERTEX_POINT ( 'NONE', #8239 ) ;
#6125 = ORIENTED_EDGE ( 'NONE', *, *, #553, .F. ) ;
#6126 = SURFACE_STYLE_USAGE ( .BOTH. , #4750 ) ;
#6127 = CIRCLE ( 'NONE', #5140, 0.7999999999999999334 ) ;
#6128 =( GEOMETRIC_REPRESENTATION_CONTEXT ( 3 ) GLOBAL_UNCERTAINTY_ASSIGNED_CONTEXT ( ( #7534 ) ) GLOBAL_UNIT_ASSIGNED_CONTEXT ( ( #6199, #1461, #1 ) ) REPRESENTATION_CONTEXT ( 'NONE', 'WORKASPACE' ) );
#6129 = CARTESIAN_POINT ( 'NONE',  ( 4.687102839788670039, -0.7672499999999993214, 1.844279695023480103 ) ) ;
#6130 = SURFACE_STYLE_USAGE ( .BOTH. , #3406 ) ;
#6131 = ORIENTED_EDGE ( 'NONE', *, *, #975, .T. ) ;
#6132 =( GEOMETRIC_REPRESENTATION_CONTEXT ( 3 ) GLOBAL_UNCERTAINTY_ASSIGNED_CONTEXT ( ( #7822 ) ) GLOBAL_UNIT_ASSIGNED_CONTEXT ( ( #3225, #8701, #4484 ) ) REPRESENTATION_CONTEXT ( 'NONE', 'WORKASPACE' ) );
#6133 = FILL_AREA_STYLE ('',( #6283 ) ) ;
#6134 = ORIENTED_EDGE ( 'NONE', *, *, #1739, .T. ) ;
#6135 = ORIENTED_EDGE ( 'NONE', *, *, #7389, .T. ) ;
#6136 = CIRCLE ( 'NONE', #2722, 0.2999999999999999889 ) ;
#6137 = FILL_AREA_STYLE_COLOUR ( '', #7182 ) ;
#6138 = AXIS2_PLACEMENT_3D ( 'NONE', #7388, #501, #1265 ) ;
#6139 = CARTESIAN_POINT ( 'NONE',  ( 0.8939213562373093946, -0.09225000000000080358, -0.6162548696075891286 ) ) ;
#6140 = VERTEX_POINT ( 'NONE', #4767 ) ;
#6141 = VERTEX_POINT ( 'NONE', #5610 ) ;
#6142 = ORIENTED_EDGE ( 'NONE', *, *, #4915, .T. ) ;
#6143 = FACE_OUTER_BOUND ( 'NONE', #7003, .T. ) ;
#6144 = CARTESIAN_POINT ( 'NONE',  ( 3.472499999999999698, -0.7672499999999999876, 2.060000000000000053 ) ) ;
#6145 = EDGE_CURVE ( 'NONE', #6987, #6097, #2223, .T. ) ;
#6146 = ADVANCED_FACE ( 'NONE', ( #6143 ), #186, .T. ) ;
#6147 = ORIENTED_EDGE ( 'NONE', *, *, #623, .F. ) ;
#6148 = DIRECTION ( 'NONE',  ( 0.000000000000000000, -1.000000000000000000, 0.000000000000000000 ) ) ;
#6149 = EDGE_CURVE ( 'NONE', #8706, #1410, #7233, .T. ) ;
#6150 = EDGE_CURVE ( 'NONE', #5418, #8706, #286, .T. ) ;
#6151 = ORIENTED_EDGE ( 'NONE', *, *, #8424, .T. ) ;
#6152 = CIRCLE ( 'NONE', #4001, 0.1000000000000002554 ) ;
#6153 = CARTESIAN_POINT ( 'NONE',  ( 3.270000000000000462, -2.734608270214920367, 0.6750000000000014877 ) ) ;
#6154 = SURFACE_STYLE_FILL_AREA ( #6834 ) ;
#6155 = CARTESIAN_POINT ( 'NONE',  ( 4.952499999999999680, -0.1922499999999990050, -2.502499999999999947 ) ) ;
#6156 = CYLINDRICAL_SURFACE ( 'NONE', #3910, 0.5000000000000000000 ) ;
#6157 = LINE ( 'NONE', #110, #3350 ) ;
#6158 = FACE_OUTER_BOUND ( 'NONE', #6382, .T. ) ;
#6159 = CARTESIAN_POINT ( 'NONE',  ( -3.903095123049503457, -0.008589285714287443751, 1.804999999999999938 ) ) ;
#6160 = DIRECTION ( 'NONE',  ( 1.000000000000000000, 0.000000000000000000, 0.000000000000000000 ) ) ;
#6161 = AXIS2_PLACEMENT_3D ( 'NONE', #992, #1081, #3714 ) ;
#6162 =( LENGTH_UNIT ( ) NAMED_UNIT ( * ) SI_UNIT ( .MILLI., .METRE. ) );
#6163 =( NAMED_UNIT ( * ) PLANE_ANGLE_UNIT ( ) SI_UNIT ( $, .RADIAN. ) );
#6164 = CARTESIAN_POINT ( 'NONE',  ( 3.127464182996880560, -3.014559639323757256, 0.6812228666394632981 ) ) ;
#6165 = PRESENTATION_LAYER_ASSIGNMENT (  '', '', ( #2602 ) ) ;
#6166 = CARTESIAN_POINT ( 'NONE',  ( 4.901339264947463192, -0.09894019910552986907, -2.506868729000466978 ) ) ;
#6167 = DIRECTION ( 'NONE',  ( -1.000000000000000000, -4.497431234013940009E-16, 0.000000000000000000 ) ) ;
#6168 = CARTESIAN_POINT ( 'NONE',  ( 3.472499999999999254, -0.1336713562373085251, -2.001421356237308657 ) ) ;
#6169 = CYLINDRICAL_SURFACE ( 'NONE', #593, 0.1000000000000000056 ) ;
#6170 = DIRECTION ( 'NONE',  ( -1.000000000000000000, -5.482582837655000045E-16, 0.000000000000000000 ) ) ;
#6171 = CARTESIAN_POINT ( 'NONE',  ( 0.4819120798423587315, -0.1922500000000009757, -0.3637895569954250341 ) ) ;
#6172 = CARTESIAN_POINT ( 'NONE',  ( 4.687102839788670039, -0.1336713562373085251, -1.844279695023479659 ) ) ;
#6173 = LINE ( 'NONE', #4292, #6620 ) ;
#6174 = PRESENTATION_LAYER_ASSIGNMENT (  '', '', ( #8345 ) ) ;
#6175 = VERTEX_POINT ( 'NONE', #2314 ) ;
#6176 = CARTESIAN_POINT ( 'NONE',  ( -3.903095123049499904, -0.008589285714289612156, -2.660000000000000142 ) ) ;
#6177 = PRESENTATION_LAYER_ASSIGNMENT (  '', '', ( #6642 ) ) ;
#6178 =( LENGTH_UNIT ( ) NAMED_UNIT ( * ) SI_UNIT ( .MILLI., .METRE. ) );
#6179 = VECTOR ( 'NONE', #7336, 1000.000000000000000 ) ;
#6180 = DIRECTION ( 'NONE',  ( 1.000000000000000000, 3.614007241618348771E-16, 0.000000000000000000 ) ) ;
#6181 = B_SPLINE_CURVE_WITH_KNOTS ( 'NONE', 3,
 ( #1497, #5649, #2030, #4993, #1054, #6384 ),
 .UNSPECIFIED., .F., .F.,
 ( 4, 2, 4 ),
 ( 0.000000000000000000, 0.5000000000000000000, 1.000000000000000000 ),
 .UNSPECIFIED. ) ;
#6182 = UNCERTAINTY_MEASURE_WITH_UNIT (LENGTH_MEASURE( 1.000000000000000082E-05 ), #8278, 'distance_accuracy_value', 'NONE');
#6183 = ORIENTED_EDGE ( 'NONE', *, *, #6039, .T. ) ;
#6184 = LINE ( 'NONE', #37, #1668 ) ;
#6185 = VECTOR ( 'NONE', #6619, 1000.000000000000000 ) ;
#6186 = CARTESIAN_POINT ( 'NONE',  ( -3.270000000000000462, -2.534608270214919301, 0.000000000000000000 ) ) ;
#6187 = VERTEX_POINT ( 'NONE', #8588 ) ;
#6188 = EDGE_CURVE ( 'NONE', #1983, #682, #426, .T. ) ;
#6189 = VERTEX_POINT ( 'NONE', #7920 ) ;
#6190 = SURFACE_STYLE_FILL_AREA ( #3452 ) ;
#6191 = EDGE_LOOP ( 'NONE', ( #4088, #4853, #3730, #225 ) ) ;
#6192 = FILL_AREA_STYLE ('',( #774 ) ) ;
#6193 = MECHANICAL_DESIGN_GEOMETRIC_PRESENTATION_REPRESENTATION (  '', ( #7931 ), #2908 ) ;
#6194 = VECTOR ( 'NONE', #7699, 1000.000000000000000 ) ;
#6195 = UNCERTAINTY_MEASURE_WITH_UNIT (LENGTH_MEASURE( 1.000000000000000082E-05 ), #2558, 'distance_accuracy_value', 'NONE');
#6196 = EDGE_LOOP ( 'NONE', ( #376, #5211, #1967 ) ) ;
#6197 = ORIENTED_EDGE ( 'NONE', *, *, #1892, .F. ) ;
#6198 = VERTEX_POINT ( 'NONE', #7143 ) ;
#6199 =( LENGTH_UNIT ( ) NAMED_UNIT ( * ) SI_UNIT ( .MILLI., .METRE. ) );
#6200 = CARTESIAN_POINT ( 'NONE',  ( 0.5733239114389054869, -0.2044834875729675261, 2.379999999999999893 ) ) ;
#6201 = CIRCLE ( 'NONE', #2636, 0.7999999999999999334 ) ;
#6202 = ORIENTED_EDGE ( 'NONE', *, *, #2763, .F. ) ;
#6203 = CARTESIAN_POINT ( 'NONE',  ( 2.974041303662944280, 3.047499999999999876, 0.6749999999999980460 ) ) ;
#6204 = VERTEX_POINT ( 'NONE', #3826 ) ;
#6205 = CARTESIAN_POINT ( 'NONE',  ( -3.341666231221267491, -0.1521730769230774660, -1.804999999999999938 ) ) ;
#6206 = LINE ( 'NONE', #1416, #2178 ) ;
#6207 = CYLINDRICAL_SURFACE ( 'NONE', #7050, 0.09999999999999982514 ) ;
#6208 = CARTESIAN_POINT ( 'NONE',  ( -3.055000000000000604, -0.03275000000000140299, -1.899999999999999911 ) ) ;
#6209 = AXIS2_PLACEMENT_3D ( 'NONE', #3682, #323, #6432 ) ;
#6210 = EDGE_CURVE ( 'NONE', #4398, #8546, #2294, .T. ) ;
#6211 = VECTOR ( 'NONE', #699, 1000.000000000000000 ) ;
#6212 = CARTESIAN_POINT ( 'NONE',  ( 3.472499999999999254, -0.1922499999999995601, 2.060000000000000053 ) ) ;
#6213 = CARTESIAN_POINT ( 'NONE',  ( 3.430235026918961871, -0.1345149730810376310, 2.117735026918962760 ) ) ;
#6214 = DIRECTION ( 'NONE',  ( 1.000000000000000000, 4.497431234013940009E-16, 0.000000000000000000 ) ) ;
#6215 = CARTESIAN_POINT ( 'NONE',  ( 3.484667334400296745, -0.1381612462889856840, 2.066948992645574634 ) ) ;
#6216 = AXIS2_PLACEMENT_3D ( 'NONE', #5761, #5629, #3710 ) ;
#6217 = DIRECTION ( 'NONE',  ( 5.482582837655000045E-16, -1.000000000000000000, -0.000000000000000000 ) ) ;
#6218 = AXIS2_PLACEMENT_3D ( 'NONE', #4737, #4832, #1428 ) ;
#6219 = AXIS2_PLACEMENT_3D ( 'NONE', #6559, #3142, #1810 ) ;
#6220 = DIRECTION ( 'NONE',  ( 8.223874256482640091E-16, -1.000000000000000000, 0.000000000000000000 ) ) ;
#6221 = CIRCLE ( 'NONE', #495, 0.2999999999999999334 ) ;
#6222 = VERTEX_POINT ( 'NONE', #4501 ) ;
#6223 = PRESENTATION_STYLE_ASSIGNMENT (( #2774 ) ) ;
#6224 = EDGE_CURVE ( 'NONE', #173, #8508, #5707, .T. ) ;
#6225 = ADVANCED_FACE ( 'NONE', ( #6482 ), #2985, .T. ) ;
#6226 = PRESENTATION_LAYER_ASSIGNMENT (  '', '', ( #1362 ) ) ;
#6227 = CARTESIAN_POINT ( 'NONE',  ( 3.572499999999999787, -0.1922499999999990328, -1.959999999999999520 ) ) ;
#6228 = EDGE_LOOP ( 'NONE', ( #2889, #5645, #6291, #8533, #2894, #51 ) ) ;
#6229 = PRESENTATION_STYLE_ASSIGNMENT (( #7675 ) ) ;
#6230 = CARTESIAN_POINT ( 'NONE',  ( 4.852500000000000036, -0.1922499999999989218, 2.502499999999999947 ) ) ;
#6231 = DIRECTION ( 'NONE',  ( -0.000000000000000000, -0.000000000000000000, -1.000000000000000000 ) ) ;
#6232 =( NAMED_UNIT ( * ) SI_UNIT ( $, .STERADIAN. ) SOLID_ANGLE_UNIT ( ) );
#6233 = FACE_OUTER_BOUND ( 'NONE', #1777, .T. ) ;
#6234 = CARTESIAN_POINT ( 'NONE',  ( -2.732499999999999929, 0.7672499999999990994, 0.3800000000000000044 ) ) ;
#6235 = EDGE_LOOP ( 'NONE', ( #1986, #2491, #2494, #142 ) ) ;
#6236 = LINE ( 'NONE', #4897, #4381 ) ;
#6237 = VERTEX_POINT ( 'NONE', #4368 ) ;
#6238 = CARTESIAN_POINT ( 'NONE',  ( 0.4819120798423590646, -0.09225000000000091460, -0.3637895569954249786 ) ) ;
#6239 = SURFACE_SIDE_STYLE ('',( #4544 ) ) ;
#6240 = ORIENTED_EDGE ( 'NONE', *, *, #2236, .F. ) ;
#6241 = PRODUCT_DEFINITION_CONTEXT ( 'detailed design', #118, 'design' ) ;
#6242 = DIRECTION ( 'NONE',  ( 1.000000000000000000, 5.421010862427532031E-16, 0.000000000000000000 ) ) ;
#6243 =( GEOMETRIC_REPRESENTATION_CONTEXT ( 3 ) GLOBAL_UNCERTAINTY_ASSIGNED_CONTEXT ( ( #7415 ) ) GLOBAL_UNIT_ASSIGNED_CONTEXT ( ( #6885, #2054, #6936 ) ) REPRESENTATION_CONTEXT ( 'NONE', 'WORKASPACE' ) );
#6244 = COLOUR_RGB ( '',0.8313725490196077761, 0.8313725490196077761, 0.8313725490196077761 ) ;
#6245 = SURFACE_STYLE_USAGE ( .BOTH. , #8179 ) ;
#6246 = VERTEX_POINT ( 'NONE', #5702 ) ;
#6247 = ORIENTED_EDGE ( 'NONE', *, *, #12, .F. ) ;
#6248 = PRESENTATION_LAYER_ASSIGNMENT (  '', '', ( #4386 ) ) ;
#6249 = ORIENTED_EDGE ( 'NONE', *, *, #4464, .T. ) ;
#6250 = FILL_AREA_STYLE_COLOUR ( '', #921 ) ;
#6251 = ORIENTED_EDGE ( 'NONE', *, *, #6762, .F. ) ;
#6252 = CARTESIAN_POINT ( 'NONE',  ( 3.249390871961309823, -0.09224999999999952682, -0.6562182560773820450 ) ) ;
#6253 = DIRECTION ( 'NONE',  ( 1.000000000000000000, 0.000000000000000000, 0.000000000000000000 ) ) ;
#6254 = APPLICATION_CONTEXT ( 'automotive_design' ) ;
#6255 = SURFACE_STYLE_USAGE ( .BOTH. , #4046 ) ;
#6256 = CARTESIAN_POINT ( 'NONE',  ( 0.8947649730810374180, -0.1345149730810373812, 2.117735026918962760 ) ) ;
#6257 = AXIS2_PLACEMENT_3D ( 'NONE', #3931, #8197, #8831 ) ;
#6258 = EDGE_CURVE ( 'NONE', #8237, #240, #4319, .T. ) ;
#6259 = LINE ( 'NONE', #6888, #5162 ) ;
#6260 = CARTESIAN_POINT ( 'NONE',  ( 3.879190199105533310, -0.1434107350525326008, 2.506868729000466534 ) ) ;
#6261 = CARTESIAN_POINT ( 'NONE',  ( 2.972040853877295774, -3.047497946582581996, 0.6750175053834743810 ) ) ;
#6262 = AXIS2_PLACEMENT_3D ( 'NONE', #5985, #1926, #6027 ) ;
#6263 = CARTESIAN_POINT ( 'NONE',  ( 3.513921356237307947, -0.1336713562373085251, -1.959999999999999742 ) ) ;
#6264 = ORIENTED_EDGE ( 'NONE', *, *, #2874, .F. ) ;
#6265 =( LENGTH_UNIT ( ) NAMED_UNIT ( * ) SI_UNIT ( .MILLI., .METRE. ) );
#6266 = PRESENTATION_STYLE_ASSIGNMENT (( #8260 ) ) ;
#6267 = CARTESIAN_POINT ( 'NONE',  ( 4.855802719437628312, -0.08372893880764829821, 1.982898394896571048 ) ) ;
#6268 = CARTESIAN_POINT ( 'NONE',  ( 3.572500000000000231, -0.09224999999999917988, 1.860000000000000098 ) ) ;
#6269 = PRESENTATION_STYLE_ASSIGNMENT (( #4154 ) ) ;
#6270 = CIRCLE ( 'NONE', #1851, 0.09999999999999982514 ) ;
#6271 = DIRECTION ( 'NONE',  ( 0.000000000000000000, 1.000000000000000000, 0.000000000000000000 ) ) ;
#6272 = EDGE_CURVE ( 'NONE', #1062, #3409, #7820, .T. ) ;
#6273 = ADVANCED_FACE ( 'NONE', ( #507 ), #6652, .T. ) ;
#6274 = EDGE_CURVE ( 'NONE', #548, #7739, #7430, .T. ) ;
#6275 = EDGE_CURVE ( 'NONE', #1772, #1509, #3905, .T. ) ;
#6276 = DIRECTION ( 'NONE',  ( 0.000000000000000000, 0.000000000000000000, 1.000000000000000000 ) ) ;
#6277 =( GEOMETRIC_REPRESENTATION_CONTEXT ( 3 ) GLOBAL_UNCERTAINTY_ASSIGNED_CONTEXT ( ( #6195 ) ) GLOBAL_UNIT_ASSIGNED_CONTEXT ( ( #2558, #4521, #1297 ) ) REPRESENTATION_CONTEXT ( 'NONE', 'WORKASPACE' ) );
#6278 = UNCERTAINTY_MEASURE_WITH_UNIT (LENGTH_MEASURE( 1.000000000000000082E-05 ), #5165, 'distance_accuracy_value', 'NONE');
#6279 = AXIS2_PLACEMENT_3D ( 'NONE', #8105, #8062, #644 ) ;
#6280 = ORIENTED_EDGE ( 'NONE', *, *, #7209, .T. ) ;
#6281 = LINE ( 'NONE', #766, #1395 ) ;
#6282 = VERTEX_POINT ( 'NONE', #8007 ) ;
#6283 = FILL_AREA_STYLE_COLOUR ( '', #3699 ) ;
#6284 = SURFACE_STYLE_USAGE ( .BOTH. , #6239 ) ;
#6285 = ORIENTED_EDGE ( 'NONE', *, *, #4466, .F. ) ;
#6286 = STYLED_ITEM ( 'NONE', ( #1615 ), #6764 ) ;
#6287 = AXIS2_PLACEMENT_3D ( 'NONE', #5711, #8600, #2326 ) ;
#6288 = UNCERTAINTY_MEASURE_WITH_UNIT (LENGTH_MEASURE( 1.000000000000000082E-05 ), #6303, 'distance_accuracy_value', 'NONE');
#6289 = SURFACE_STYLE_USAGE ( .BOTH. , #8463 ) ;
#6290 = VECTOR ( 'NONE', #8658, 1000.000000000000000 ) ;
#6291 = ORIENTED_EDGE ( 'NONE', *, *, #7824, .F. ) ;
#6292 = ORIENTED_EDGE ( 'NONE', *, *, #2290, .T. ) ;
#6293 = CARTESIAN_POINT ( 'NONE',  ( 0.8947649730810374180, -0.1345149730810373812, 2.117735026918962760 ) ) ;
#6294 = CARTESIAN_POINT ( 'NONE',  ( -1.222499999999999698, 0.7672499999999990994, 0.000000000000000000 ) ) ;
#6295 = ORIENTED_EDGE ( 'NONE', *, *, #5768, .F. ) ;
#6296 = PRESENTATION_STYLE_ASSIGNMENT (( #6923 ) ) ;
#6297 = FACE_OUTER_BOUND ( 'NONE', #7177, .T. ) ;
#6298 = CARTESIAN_POINT ( 'NONE',  ( 2.791109379220054976, 2.628271126541561031, 2.365869642370424852 ) ) ;
#6299 = STYLED_ITEM ( 'NONE', ( #92 ), #7146 ) ;
#6300 = CIRCLE ( 'NONE', #2015, 0.1000000000000000056 ) ;
#6301 = DIRECTION ( 'NONE',  ( -1.000000000000000000, 0.000000000000000000, 0.000000000000000000 ) ) ;
#6302 = CARTESIAN_POINT ( 'NONE',  ( 3.872500000000000053, -0.4297500000000000209, 2.060000000000000053 ) ) ;
#6303 =( LENGTH_UNIT ( ) NAMED_UNIT ( * ) SI_UNIT ( .MILLI., .METRE. ) );
#6304 = SURFACE_STYLE_USAGE ( .BOTH. , #4193 ) ;
#6305 =( NAMED_UNIT ( * ) PLANE_ANGLE_UNIT ( ) SI_UNIT ( $, .RADIAN. ) );
#6306 = EDGE_CURVE ( 'NONE', #5163, #1326, #8086, .T. ) ;
#6307 = LINE ( 'NONE', #2104, #168 ) ;
#6308 = CARTESIAN_POINT ( 'NONE',  ( 4.952499999999999680, -0.09224999999999869416, 0.000000000000000000 ) ) ;
#6309 = CARTESIAN_POINT ( 'NONE',  ( 4.805518577200450281, -0.04071043145250131251, -2.002320045929026460 ) ) ;
#6310 =( GEOMETRIC_REPRESENTATION_CONTEXT ( 3 ) GLOBAL_UNCERTAINTY_ASSIGNED_CONTEXT ( ( #801 ) ) GLOBAL_UNIT_ASSIGNED_CONTEXT ( ( #5533, #1478, #3517 ) ) REPRESENTATION_CONTEXT ( 'NONE', 'WORKASPACE' ) );
#6311 =( NAMED_UNIT ( * ) PLANE_ANGLE_UNIT ( ) SI_UNIT ( $, .RADIAN. ) );
#6312 = CIRCLE ( 'NONE', #305, 0.1000000000000002554 ) ;
#6313 = LINE ( 'NONE', #3660, #5350 ) ;
#6314 = ORIENTED_EDGE ( 'NONE', *, *, #1942, .F. ) ;
#6315 = DIRECTION ( 'NONE',  ( -0.000000000000000000, -0.000000000000000000, -1.000000000000000000 ) ) ;
#6316 = FILL_AREA_STYLE_COLOUR ( '', #5399 ) ;
#6317 =( GEOMETRIC_REPRESENTATION_CONTEXT ( 3 ) GLOBAL_UNCERTAINTY_ASSIGNED_CONTEXT ( ( #1064 ) ) GLOBAL_UNIT_ASSIGNED_CONTEXT ( ( #441, #8018, #6701 ) ) REPRESENTATION_CONTEXT ( 'NONE', 'WORKASPACE' ) );
#6318 = SURFACE_STYLE_FILL_AREA ( #7677 ) ;
#6319 =( LENGTH_UNIT ( ) NAMED_UNIT ( * ) SI_UNIT ( .MILLI., .METRE. ) );
#6320 = COLOUR_RGB ( '',0.8313725490196077761, 0.8313725490196077761, 0.8313725490196077761 ) ;
#6321 = CARTESIAN_POINT ( 'NONE',  ( 0.000000000000000000, -5.551115123125779744E-16, 2.379999999999999893 ) ) ;
#6322 = DIRECTION ( 'NONE',  ( 0.5773502691896242878, 0.5773502691896242878, 0.5773502691896287287 ) ) ;
#6323 = PRESENTATION_LAYER_ASSIGNMENT (  '', '', ( #2746 ) ) ;
#6324 = EDGE_CURVE ( 'NONE', #2043, #6423, #8160, .T. ) ;
#6325 = ADVANCED_FACE ( 'NONE', ( #3155 ), #7966, .T. ) ;
#6326 = ORIENTED_EDGE ( 'NONE', *, *, #4849, .F. ) ;
#6327 = PRESENTATION_STYLE_ASSIGNMENT (( #1761 ) ) ;
#6328 = ORIENTED_EDGE ( 'NONE', *, *, #4073, .F. ) ;
#6329 = DIRECTION ( 'NONE',  ( 1.000000000000000000, -3.523657060577887833E-15, 0.000000000000000000 ) ) ;
#6330 = FILL_AREA_STYLE ('',( #1451 ) ) ;
#6331 = VERTEX_POINT ( 'NONE', #5916 ) ;
#6332 = CIRCLE ( 'NONE', #6750, 0.5000000000000000000 ) ;
#6333 = VERTEX_POINT ( 'NONE', #8677 ) ;
#6334 = DIRECTION ( 'NONE',  ( 0.000000000000000000, 0.000000000000000000, 1.000000000000000000 ) ) ;
#6335 = COLOUR_RGB ( '',0.2862745098039215508, 0.2862745098039215508, 0.2862745098039215508 ) ;
#6336 = EDGE_CURVE ( 'NONE', #6204, #7232, #6087, .T. ) ;
#6337 = ADVANCED_FACE ( 'NONE', ( #138 ), #769, .T. ) ;
#6338 = PRESENTATION_LAYER_ASSIGNMENT (  '', '', ( #3608 ) ) ;
#6339 = ORIENTED_EDGE ( 'NONE', *, *, #6275, .F. ) ;
#6340 = VERTEX_POINT ( 'NONE', #1496 ) ;
#6341 = DIRECTION ( 'NONE',  ( -0.000000000000000000, 1.000000000000000000, 0.000000000000000000 ) ) ;
#6342 = ORIENTED_EDGE ( 'NONE', *, *, #1292, .F. ) ;
#6343 = DIRECTION ( 'NONE',  ( 0.5773502691896248429, 0.5773502691896276184, -0.5773502691896248429 ) ) ;
#6344 = ORIENTED_EDGE ( 'NONE', *, *, #4297, .F. ) ;
#6345 = MECHANICAL_DESIGN_GEOMETRIC_PRESENTATION_REPRESENTATION (  '', ( #8785 ), #5614 ) ;
#6346 =( LENGTH_UNIT ( ) NAMED_UNIT ( * ) SI_UNIT ( .MILLI., .METRE. ) );
#6347 = PRESENTATION_LAYER_ASSIGNMENT (  '', '', ( #1489 ) ) ;
#6348 = CARTESIAN_POINT ( 'NONE',  ( 3.872500000000000053, -0.7672499999999999876, 0.000000000000000000 ) ) ;
#6349 = CARTESIAN_POINT ( 'NONE',  ( 2.959737197023301736, 2.650969074868140929, 2.283371188774894645 ) ) ;
#6350 = PRESENTATION_LAYER_ASSIGNMENT (  '', '', ( #7484 ) ) ;
#6351 = AXIS2_PLACEMENT_3D ( 'NONE', #3683, #3780, #6602 ) ;
#6352 = AXIS2_PLACEMENT_3D ( 'NONE', #4, #2756, #8242 ) ;
#6353 = DIRECTION ( 'NONE',  ( -8.223874256482640091E-16, 1.000000000000000000, 0.000000000000000000 ) ) ;
#6354 = PRESENTATION_STYLE_ASSIGNMENT (( #4922 ) ) ;
#6355 =( NAMED_UNIT ( * ) PLANE_ANGLE_UNIT ( ) SI_UNIT ( $, .RADIAN. ) );
#6356 = DIRECTION ( 'NONE',  ( 1.000000000000000000, 0.000000000000000000, 0.000000000000000000 ) ) ;
#6357 = FILL_AREA_STYLE ('',( #5756 ) ) ;
#6358 = PLANE ( 'NONE',  #5615 ) ;
#6359 = MECHANICAL_DESIGN_GEOMETRIC_PRESENTATION_REPRESENTATION (  '', ( #3205 ), #1642 ) ;
#6360 = PRESENTATION_LAYER_ASSIGNMENT (  '', '', ( #3781 ) ) ;
#6361 = SURFACE_STYLE_USAGE ( .BOTH. , #7807 ) ;
#6362 = STYLED_ITEM ( 'NONE', ( #4479 ), #1020 ) ;
#6363 = DIRECTION ( 'NONE',  ( 0.000000000000000000, 1.000000000000000000, 0.000000000000000000 ) ) ;
#6364 = CARTESIAN_POINT ( 'NONE',  ( 0.9525000000000000133, -0.1922500000000000042, 2.060000000000000053 ) ) ;
#6365 = DIRECTION ( 'NONE',  ( 1.000000000000000000, 7.228014483236697541E-16, 0.000000000000000000 ) ) ;
#6366 =( NAMED_UNIT ( * ) PLANE_ANGLE_UNIT ( ) SI_UNIT ( $, .RADIAN. ) );
#6367 = AXIS2_PLACEMENT_3D ( 'NONE', #2373, #4461, #1068 ) ;
#6368 = FILL_AREA_STYLE_COLOUR ( '', #2738 ) ;
#6369 = CARTESIAN_POINT ( 'NONE',  ( 4.910235026918962298, -0.1345149730810364097, 2.560235026918962209 ) ) ;
#6370 = DIRECTION ( 'NONE',  ( -0.9931903090196375627, 0.000000000000000000, 0.1165032620550899567 ) ) ;
#6371 = CARTESIAN_POINT ( 'NONE',  ( 4.952499999999998792, -0.1922499999999990605, 0.000000000000000000 ) ) ;
#6372 = CARTESIAN_POINT ( 'NONE',  ( 4.952499999999999680, -0.7672499999999990994, 0.000000000000000000 ) ) ;
#6373 = CARTESIAN_POINT ( 'NONE',  ( -0.2993161962930568354, 0.5301402761854537848, 2.380000000000000338 ) ) ;
#6374 = CIRCLE ( 'NONE', #7508, 0.1000000000000000472 ) ;
#6375 = UNCERTAINTY_MEASURE_WITH_UNIT (LENGTH_MEASURE( 1.000000000000000082E-05 ), #8101, 'distance_accuracy_value', 'NONE');
#6376 = PRESENTATION_LAYER_ASSIGNMENT (  '', '', ( #1513 ) ) ;
#6377 = ORIENTED_EDGE ( 'NONE', *, *, #6708, .F. ) ;
#6378 = ORIENTED_EDGE ( 'NONE', *, *, #6980, .T. ) ;
#6379 = DIRECTION ( 'NONE',  ( -1.445602896647339311E-15, -0.9848706617970867105, -0.1732910255361442831 ) ) ;
#6380 = FILL_AREA_STYLE ('',( #5634 ) ) ;
#6381 = CARTESIAN_POINT ( 'NONE',  ( 0.3819120798423589758, -0.1332326644504903124, 0.3983611117452044437 ) ) ;
#6382 = EDGE_LOOP ( 'NONE', ( #6326, #4263, #506, #5705 ) ) ;
#6383 = PLANE ( 'NONE',  #2846 ) ;
#6384 = CARTESIAN_POINT ( 'NONE',  ( 3.372500000000000053, -0.09224999999999944356, -2.059999999999999609 ) ) ;
#6385 = EDGE_CURVE ( 'NONE', #1645, #6140, #4119, .T. ) ;
#6386 = CIRCLE ( 'NONE', #2949, 0.1000000000000002554 ) ;
#6387 = ORIENTED_EDGE ( 'NONE', *, *, #2379, .T. ) ;
#6388 = UNCERTAINTY_MEASURE_WITH_UNIT (LENGTH_MEASURE( 1.000000000000000082E-05 ), #6765, 'distance_accuracy_value', 'NONE');
#6389 = PLANE ( 'NONE',  #7268 ) ;
#6390 = ORIENTED_EDGE ( 'NONE', *, *, #2095, .T. ) ;
#6391 = VERTEX_POINT ( 'NONE', #6238 ) ;
#6392 = CARTESIAN_POINT ( 'NONE',  ( 0.9525000000000002354, -0.1922500000000005593, -2.060000000000000053 ) ) ;
#6393 =( LENGTH_UNIT ( ) NAMED_UNIT ( * ) SI_UNIT ( .MILLI., .METRE. ) );
#6394 = ORIENTED_EDGE ( 'NONE', *, *, #8139, .T. ) ;
#6395 = CARTESIAN_POINT ( 'NONE',  ( 0.4828545436856734874, -0.1336739578842338350, -0.4637851157063199725 ) ) ;
#6396 = ORIENTED_EDGE ( 'NONE', *, *, #855, .F. ) ;
#6397 = EDGE_CURVE ( 'NONE', #6955, #4672, #717, .T. ) ;
#6398 =( GEOMETRIC_REPRESENTATION_CONTEXT ( 3 ) GLOBAL_UNCERTAINTY_ASSIGNED_CONTEXT ( ( #3843 ) ) GLOBAL_UNIT_ASSIGNED_CONTEXT ( ( #1339, #3430, #8151 ) ) REPRESENTATION_CONTEXT ( 'NONE', 'WORKASPACE' ) );
#6399 =( NAMED_UNIT ( * ) PLANE_ANGLE_UNIT ( ) SI_UNIT ( $, .RADIAN. ) );
#6400 = ADVANCED_FACE ( 'NONE', ( #5420 ), #4901, .T. ) ;
#6401 = DIRECTION ( 'NONE',  ( 4.823386660693620032E-16, -1.000000000000000000, 0.000000000000000000 ) ) ;
#6402 =( GEOMETRIC_REPRESENTATION_CONTEXT ( 3 ) GLOBAL_UNCERTAINTY_ASSIGNED_CONTEXT ( ( #256 ) ) GLOBAL_UNIT_ASSIGNED_CONTEXT ( ( #3581, #960, #6424 ) ) REPRESENTATION_CONTEXT ( 'NONE', 'WORKASPACE' ) );
#6403 = AXIS2_PLACEMENT_3D ( 'NONE', #7612, #690, #792 ) ;
#6404 = AXIS2_PLACEMENT_3D ( 'NONE', #62, #3340, #3428 ) ;
#6405 =( LENGTH_UNIT ( ) NAMED_UNIT ( * ) SI_UNIT ( .MILLI., .METRE. ) );
#6406 = CARTESIAN_POINT ( 'NONE',  ( 3.814533561696037633, -0.2930589658626817640, 2.544530276237607858 ) ) ;
#6407 = CARTESIAN_POINT ( 'NONE',  ( -2.962554341017593629, -2.740054341017593931, 2.277914424562274220 ) ) ;
#6408 =( NAMED_UNIT ( * ) PLANE_ANGLE_UNIT ( ) SI_UNIT ( $, .RADIAN. ) );
#6409 = CARTESIAN_POINT ( 'NONE',  ( -2.959737197023301292, 2.650969074868140041, 2.283371188774895089 ) ) ;
#6410 = FILL_AREA_STYLE_COLOUR ( '', #3735 ) ;
#6411 = CARTESIAN_POINT ( 'NONE',  ( 0.7945335616960381708, -0.2930589658626826521, -2.102030276237607520 ) ) ;
#6412 = CARTESIAN_POINT ( 'NONE',  ( 3.972499999999999254, -0.1922499999999987275, -2.502500000000000835 ) ) ;
#6413 = LINE ( 'NONE', #5850, #6179 ) ;
#6414 =( GEOMETRIC_REPRESENTATION_CONTEXT ( 3 ) GLOBAL_UNCERTAINTY_ASSIGNED_CONTEXT ( ( #7163 ) ) GLOBAL_UNIT_ASSIGNED_CONTEXT ( ( #2162, #6908, #4852 ) ) REPRESENTATION_CONTEXT ( 'NONE', 'WORKASPACE' ) );
#6415 = CARTESIAN_POINT ( 'NONE',  ( 3.399390871961310623, -0.7672499999999999876, 0.6562182560773820450 ) ) ;
#6416 = DIRECTION ( 'NONE',  ( -0.000000000000000000, -1.000000000000000000, -0.000000000000000000 ) ) ;
#6417 = FACE_OUTER_BOUND ( 'NONE', #5648, .T. ) ;
#6418 = DIRECTION ( 'NONE',  ( 1.000000000000000000, 5.139921410301649810E-16, 0.000000000000000000 ) ) ;
#6419 = PRESENTATION_STYLE_ASSIGNMENT (( #4347 ) ) ;
#6420 = MECHANICAL_DESIGN_GEOMETRIC_PRESENTATION_REPRESENTATION (  '', ( #7854 ), #248 ) ;
#6421 = CARTESIAN_POINT ( 'NONE',  ( 0.03850566384009881937, 0.6083904794512939862, 2.380000000000000782 ) ) ;
#6422 = ORIENTED_EDGE ( 'NONE', *, *, #6638, .T. ) ;
#6423 = VERTEX_POINT ( 'NONE', #818 ) ;
#6424 =( NAMED_UNIT ( * ) SI_UNIT ( $, .STERADIAN. ) SOLID_ANGLE_UNIT ( ) );
#6425 = SURFACE_STYLE_FILL_AREA ( #6380 ) ;
#6426 = MECHANICAL_DESIGN_GEOMETRIC_PRESENTATION_REPRESENTATION (  '', ( #2989 ), #3694 ) ;
#6427 = CARTESIAN_POINT ( 'NONE',  ( 5.019434131648606190, -0.1681551104516805228, 2.136120967541516258 ) ) ;
#6428 = ORIENTED_EDGE ( 'NONE', *, *, #731, .T. ) ;
#6429 = AXIS2_PLACEMENT_3D ( 'NONE', #7385, #2691, #2568 ) ;
#6430 = CARTESIAN_POINT ( 'NONE',  ( 4.856868729000465734, -0.1434107350525326008, -1.950969894129012783 ) ) ;
#6431 = ORIENTED_EDGE ( 'NONE', *, *, #7465, .T. ) ;
#6432 = DIRECTION ( 'NONE',  ( 1.000000000000000000, 1.084202172485501673E-15, 0.000000000000000000 ) ) ;
#6433 = PRESENTATION_LAYER_ASSIGNMENT (  '', '', ( #410 ) ) ;
#6434 = ORIENTED_EDGE ( 'NONE', *, *, #1398, .T. ) ;
#6435 = ORIENTED_EDGE ( 'NONE', *, *, #1240, .T. ) ;
#6436 = DIRECTION ( 'NONE',  ( 1.000000000000000000, 3.050063254464720219E-16, -0.000000000000000000 ) ) ;
#6437 = SURFACE_STYLE_FILL_AREA ( #1550 ) ;
#6438 = VECTOR ( 'NONE', #1993, 1000.000000000000114 ) ;
#6439 = CARTESIAN_POINT ( 'NONE',  ( 0.4760296638738870656, -0.7672500000000009868, 0.4636163929784103410 ) ) ;
#6440 = ORIENTED_EDGE ( 'NONE', *, *, #2063, .F. ) ;
#6441 = SURFACE_SIDE_STYLE ('',( #4272 ) ) ;
#6442 = CARTESIAN_POINT ( 'NONE',  ( 2.962554341017597181, -2.740054341017595263, 2.277914424562275109 ) ) ;
#6443 = PRESENTATION_LAYER_ASSIGNMENT (  '', '', ( #131 ) ) ;
#6444 = EDGE_CURVE ( 'NONE', #4907, #1364, #6703, .T. ) ;
#6445 = EDGE_CURVE ( 'NONE', #4167, #7018, #627, .T. ) ;
#6446 = ADVANCED_FACE ( 'NONE', ( #1052 ), #6383, .T. ) ;
#6447 = EDGE_CURVE ( 'NONE', #5550, #4987, #5698, .T. ) ;
#6448 = SURFACE_STYLE_USAGE ( .BOTH. , #7704 ) ;
#6449 = DIRECTION ( 'NONE',  ( -0.000000000000000000, -0.000000000000000000, -1.000000000000000000 ) ) ;
#6450 =( NAMED_UNIT ( * ) SI_UNIT ( $, .STERADIAN. ) SOLID_ANGLE_UNIT ( ) );
#6451 = DIRECTION ( 'NONE',  ( 0.000000000000000000, -0.000000000000000000, 1.000000000000000000 ) ) ;
#6452 = COLOUR_RGB ( '',0.8313725490196077761, 0.8313725490196077761, 0.8313725490196077761 ) ;
#6453 = CARTESIAN_POINT ( 'NONE',  ( -2.566594527606283371, 2.993959373992127304, 2.157409964242918754 ) ) ;
#6454 = DIRECTION ( 'NONE',  ( -0.000000000000000000, -0.000000000000000000, -1.000000000000000000 ) ) ;
#6455 = UNCERTAINTY_MEASURE_WITH_UNIT (LENGTH_MEASURE( 1.000000000000000082E-05 ), #6265, 'distance_accuracy_value', 'NONE');
#6456 = EDGE_CURVE ( 'NONE', #6119, #6198, #7444, .T. ) ;
#6457 = DIRECTION ( 'NONE',  ( 0.000000000000000000, -1.000000000000000000, 0.000000000000000000 ) ) ;
#6458 = CARTESIAN_POINT ( 'NONE',  ( 4.910235026918962298, -0.1345149730810372701, 2.560235026918963541 ) ) ;
#6459 = CARTESIAN_POINT ( 'NONE',  ( -2.732499999999999929, 0.7672499999999990994, 0.000000000000000000 ) ) ;
#6460 = FACE_OUTER_BOUND ( 'NONE', #1363, .T. ) ;
#6461 = CARTESIAN_POINT ( 'NONE',  ( 0.9525000000000003464, -0.09225000000000051215, -0.8326311715591112605 ) ) ;
#6462 = CARTESIAN_POINT ( 'NONE',  ( 4.886665146386241609, -0.1345149730810365485, 2.583804907451683341 ) ) ;
#6463 = CARTESIAN_POINT ( 'NONE',  ( 4.910235026918963186, -0.1345149730810362987, -2.560235026918961765 ) ) ;
#6464 = FILL_AREA_STYLE_COLOUR ( '', #8472 ) ;
#6465 = AXIS2_PLACEMENT_3D ( 'NONE', #7629, #4940, #80 ) ;
#6466 =( NAMED_UNIT ( * ) SI_UNIT ( $, .STERADIAN. ) SOLID_ANGLE_UNIT ( ) );
#6467 =( NAMED_UNIT ( * ) SI_UNIT ( $, .STERADIAN. ) SOLID_ANGLE_UNIT ( ) );
#6468 = UNCERTAINTY_MEASURE_WITH_UNIT (LENGTH_MEASURE( 1.000000000000000082E-05 ), #1557, 'distance_accuracy_value', 'NONE');
#6469 = STYLED_ITEM ( 'NONE', ( #2561 ), #7596 ) ;
#6470 = ORIENTED_EDGE ( 'NONE', *, *, #8851, .F. ) ;
#6471 = SURFACE_STYLE_FILL_AREA ( #8624 ) ;
#6472 = ORIENTED_EDGE ( 'NONE', *, *, #6038, .F. ) ;
#6473 = CARTESIAN_POINT ( 'NONE',  ( -1.222499999999999920, 0.7672499999999990994, -0.3800000000000000044 ) ) ;
#6474 = PRESENTATION_LAYER_ASSIGNMENT (  '', '', ( #8620 ) ) ;
#6475 = FILL_AREA_STYLE ('',( #1590 ) ) ;
#6476 = DIRECTION ( 'NONE',  ( 0.000000000000000000, 0.000000000000000000, -1.000000000000000000 ) ) ;
#6477 = COLOUR_RGB ( '',0.2862745098039215508, 0.2862745098039215508, 0.2862745098039215508 ) ;
#6478 = DIRECTION ( 'NONE',  ( 1.000000000000000000, 4.497431234013940009E-16, 0.000000000000000000 ) ) ;
#6479 = STYLED_ITEM ( 'NONE', ( #9 ), #3810 ) ;
#6480 = EDGE_CURVE ( 'NONE', #2317, #1273, #3546, .T. ) ;
#6481 = ORIENTED_EDGE ( 'NONE', *, *, #8310, .T. ) ;
#6482 = FACE_OUTER_BOUND ( 'NONE', #7383, .T. ) ;
#6483 = CARTESIAN_POINT ( 'NONE',  ( 3.517159952694483671, -0.2461110386525646454, -2.115718880800480317 ) ) ;
#6484 = SURFACE_SIDE_STYLE ('',( #5169 ) ) ;
#6485 = EDGE_LOOP ( 'NONE', ( #191, #5441, #1360, #145, #8898, #2176 ) ) ;
#6486 =( NAMED_UNIT ( * ) PLANE_ANGLE_UNIT ( ) SI_UNIT ( $, .RADIAN. ) );
#6487 = FILL_AREA_STYLE_COLOUR ( '', #17 ) ;
#6488 = AXIS2_PLACEMENT_3D ( 'NONE', #3530, #6271, #1616 ) ;
#6489 = AXIS2_PLACEMENT_3D ( 'NONE', #7167, #5677, #4979 ) ;
#6490 = CARTESIAN_POINT ( 'NONE',  ( 0.8947649730810374180, -0.1345149730810373812, -2.117735026918962760 ) ) ;
#6491 =( GEOMETRIC_REPRESENTATION_CONTEXT ( 3 ) GLOBAL_UNCERTAINTY_ASSIGNED_CONTEXT ( ( #2262 ) ) GLOBAL_UNIT_ASSIGNED_CONTEXT ( ( #2042, #6096, #8282 ) ) REPRESENTATION_CONTEXT ( 'NONE', 'WORKASPACE' ) );
#6492 =( NAMED_UNIT ( * ) SI_UNIT ( $, .STERADIAN. ) SOLID_ANGLE_UNIT ( ) );
#6493 = CARTESIAN_POINT ( 'NONE',  ( 3.431078643762690561, -0.09224999999999938805, 1.977157287525382001 ) ) ;
#6494 = COLOUR_RGB ( '',0.8313725490196077761, 0.8313725490196077761, 0.8313725490196077761 ) ;
#6495 = CARTESIAN_POINT ( 'NONE',  ( -2.973333689844501748, -2.903010446326626859, 2.137970015504532029 ) ) ;
#6496 = CARTESIAN_POINT ( 'NONE',  ( 0.4587993498137820092, 0.2587350945008194958, 2.330000000000000071 ) ) ;
#6497 =( NAMED_UNIT ( * ) PLANE_ANGLE_UNIT ( ) SI_UNIT ( $, .RADIAN. ) );
#6498 = EDGE_CURVE ( 'NONE', #7921, #5922, #6270, .T. ) ;
#6499 = CARTESIAN_POINT ( 'NONE',  ( 4.933804907451683874, -0.1345149730810364930, -2.010114548637238485 ) ) ;
#6500 = CARTESIAN_POINT ( 'NONE',  ( 0.9104697237623935457, -0.2930589658626819860, -2.217966438303961674 ) ) ;
#6501 = DIRECTION ( 'NONE',  ( 1.000000000000000000, 0.000000000000000000, -0.000000000000000000 ) ) ;
#6502 = DIRECTION ( 'NONE',  ( 0.000000000000000000, 1.000000000000000000, 0.000000000000000000 ) ) ;
#6503 = FILL_AREA_STYLE_COLOUR ( '', #5606 ) ;
#6504 = CARTESIAN_POINT ( 'NONE',  ( -4.852500000000000036, -0.7672500000000007647, 0.000000000000000000 ) ) ;
#6505 = DIRECTION ( 'NONE',  ( -0.8856505754816621501, 0.4643522996055910457, 0.000000000000000000 ) ) ;
#6506 = DIRECTION ( 'NONE',  ( -1.000000000000000000, 0.000000000000000000, 0.000000000000000000 ) ) ;
#6507 = SURFACE_STYLE_USAGE ( .BOTH. , #7948 ) ;
#6508 = PRODUCT_DEFINITION_FORMATION_WITH_SPECIFIED_SOURCE ( 'ANY', '', #5831, .NOT_KNOWN. ) ;
#6509 =( GEOMETRIC_REPRESENTATION_CONTEXT ( 3 ) GLOBAL_UNCERTAINTY_ASSIGNED_CONTEXT ( ( #1806 ) ) GLOBAL_UNIT_ASSIGNED_CONTEXT ( ( #1418, #737, #2808 ) ) REPRESENTATION_CONTEXT ( 'NONE', 'WORKASPACE' ) );
#6510 =( GEOMETRIC_REPRESENTATION_CONTEXT ( 3 ) GLOBAL_UNCERTAINTY_ASSIGNED_CONTEXT ( ( #4487 ) ) GLOBAL_UNIT_ASSIGNED_CONTEXT ( ( #4486, #7219, #6467 ) ) REPRESENTATION_CONTEXT ( 'NONE', 'WORKASPACE' ) );
#6511 = CARTESIAN_POINT ( 'NONE',  ( 4.852500000000000036, -0.1922499999999990050, -2.044279695023480059 ) ) ;
#6512 = SURFACE_STYLE_FILL_AREA ( #7173 ) ;
#6513 = FILL_AREA_STYLE ('',( #267 ) ) ;
#6514 = AXIS2_PLACEMENT_3D ( 'NONE', #3901, #6647, #5991 ) ;
#6515 = ORIENTED_EDGE ( 'NONE', *, *, #1292, .T. ) ;
#6516 = ORIENTED_EDGE ( 'NONE', *, *, #6708, .T. ) ;
#6517 = LINE ( 'NONE', #4357, #5288 ) ;
#6518 =( GEOMETRIC_REPRESENTATION_CONTEXT ( 3 ) GLOBAL_UNCERTAINTY_ASSIGNED_CONTEXT ( ( #5201 ) ) GLOBAL_UNIT_ASSIGNED_CONTEXT ( ( #8746, #450, #6019 ) ) REPRESENTATION_CONTEXT ( 'NONE', 'WORKASPACE' ) );
#6519 = VECTOR ( 'NONE', #457, 1000.000000000000000 ) ;
#6520 = MECHANICAL_DESIGN_GEOMETRIC_PRESENTATION_REPRESENTATION (  '', ( #8815 ), #5352 ) ;
#6521 =( NAMED_UNIT ( * ) PLANE_ANGLE_UNIT ( ) SI_UNIT ( $, .RADIAN. ) );
#6522 = CARTESIAN_POINT ( 'NONE',  ( 3.972500000000000142, -0.1922499999999991716, 2.602499999999999591 ) ) ;
#6523 =( GEOMETRIC_REPRESENTATION_CONTEXT ( 3 ) GLOBAL_UNCERTAINTY_ASSIGNED_CONTEXT ( ( #86 ) ) GLOBAL_UNIT_ASSIGNED_CONTEXT ( ( #3401, #1978, #8124 ) ) REPRESENTATION_CONTEXT ( 'NONE', 'WORKASPACE' ) );
#6524 = ORIENTED_EDGE ( 'NONE', *, *, #4582, .F. ) ;
#6525 =( NAMED_UNIT ( * ) SI_UNIT ( $, .STERADIAN. ) SOLID_ANGLE_UNIT ( ) );
#6526 = CARTESIAN_POINT ( 'NONE',  ( -3.770634082987818214, 0.3248361564241379895, 2.754999999999999893 ) ) ;
#6527 = ORIENTED_EDGE ( 'NONE', *, *, #4916, .T. ) ;
#6528 = EDGE_LOOP ( 'NONE', ( #8115, #7635, #7351, #3824 ) ) ;
#6529 = UNCERTAINTY_MEASURE_WITH_UNIT (LENGTH_MEASURE( 1.000000000000000082E-05 ), #6056, 'distance_accuracy_value', 'NONE');
#6530 = DIRECTION ( 'NONE',  ( 1.000000000000000000, 5.421010862427508365E-16, 0.000000000000000000 ) ) ;
#6531 =( LENGTH_UNIT ( ) NAMED_UNIT ( * ) SI_UNIT ( .MILLI., .METRE. ) );
#6532 = CARTESIAN_POINT ( 'NONE',  ( -1.222499999999999920, 0.2322500000000000120, 0.000000000000000000 ) ) ;
#6533 = FACE_OUTER_BOUND ( 'NONE', #1059, .T. ) ;
#6534 = DIRECTION ( 'NONE',  ( -1.000000000000000000, -5.421010862427532031E-16, 0.000000000000000000 ) ) ;
#6535 = CARTESIAN_POINT ( 'NONE',  ( -3.086624157060253282, 2.592439880746323588, 2.063562735654717262 ) ) ;
#6536 =( NAMED_UNIT ( * ) PLANE_ANGLE_UNIT ( ) SI_UNIT ( $, .RADIAN. ) );
#6537 = DIRECTION ( 'NONE',  ( -1.000000000000000000, -4.497431234013940009E-16, -1.224646799147353207E-16 ) ) ;
#6538 = PRESENTATION_LAYER_ASSIGNMENT (  '', '', ( #5943 ) ) ;
#6539 = CARTESIAN_POINT ( 'NONE',  ( 3.889657287525380092, -0.09224999999999895783, 1.859999999999999654 ) ) ;
#6540 = UNCERTAINTY_MEASURE_WITH_UNIT (LENGTH_MEASURE( 1.000000000000000082E-05 ), #5374, 'distance_accuracy_value', 'NONE');
#6541 = AXIS2_PLACEMENT_3D ( 'NONE', #6710, #3844, #8738 ) ;
#6542 = PRESENTATION_STYLE_ASSIGNMENT (( #4648 ) ) ;
#6543 = DIRECTION ( 'NONE',  ( -0.3333510335353617182, 0.8471196932672517832, 0.4138421362303550399 ) ) ;
#6544 = SURFACE_SIDE_STYLE ('',( #5235 ) ) ;
#6545 = CARTESIAN_POINT ( 'NONE',  ( 3.572499999999999787, -0.7672499999999999876, -2.060000000000000053 ) ) ;
#6546 =( BOUNDED_SURFACE ( )  B_SPLINE_SURFACE ( 3, 3, ( 
 ( #6293, #3418, #2844, #5518 ),
 ( #2132, #4863, #7602, #4174 ),
 ( #2892, #2179, #6919, #8184 ),
 ( #4087, #3504, #4908, #7500 ) ),
 .UNSPECIFIED., .F., .F., .F. ) 
 B_SPLINE_SURFACE_WITH_KNOTS ( ( 4, 4 ),
 ( 4, 4 ),
 ( 0.000000000000000000, 1.000000000000000000 ),
 ( 0.000000000000000000, 1.000000000000000000 ),
 .UNSPECIFIED. ) 
 GEOMETRIC_REPRESENTATION_ITEM ( )  RATIONAL_B_SPLINE_SURFACE ( (
 ( 1.000000000000000000, 0.3333333333333314275, 0.3333333333333314275, 1.000000000000000000),
 ( 0.9245018060306364749, 0.3081672686768770486, 0.3081672686768770486, 0.9245018060306364749),
 ( 0.9245018060306364749, 0.3081672686768770486, 0.3081672686768770486, 0.9245018060306364749),
 ( 1.000000000000000000, 0.3333333333333314275, 0.3333333333333314275, 1.000000000000000000) ) ) 
 REPRESENTATION_ITEM ( '' )  SURFACE ( )  );
#6547 = DIRECTION ( 'NONE',  ( 1.000000000000000000, 0.000000000000000000, 0.000000000000000000 ) ) ;
#6548 = CARTESIAN_POINT ( 'NONE',  ( 0.5650556301437581475, 1.130111260287516295, 2.355000000000000426 ) ) ;
#6549 = SURFACE_SIDE_STYLE ('',( #1910 ) ) ;
#6550 = CARTESIAN_POINT ( 'NONE',  ( -0.5733239114389083735, 0.2044834875729626689, 2.380000000000000338 ) ) ;
#6551 = UNCERTAINTY_MEASURE_WITH_UNIT (LENGTH_MEASURE( 1.000000000000000082E-05 ), #3217, 'distance_accuracy_value', 'NONE');
#6552 = PRESENTATION_LAYER_ASSIGNMENT (  '', '', ( #5385 ) ) ;
#6553 = ORIENTED_EDGE ( 'NONE', *, *, #7766, .T. ) ;
#6554 = CARTESIAN_POINT ( 'NONE',  ( 3.406665146386242071, -0.1345149730810377420, -2.141304907451683448 ) ) ;
#6555 = ADVANCED_FACE ( 'NONE', ( #2400 ), #226, .F. ) ;
#6556 = EDGE_CURVE ( 'NONE', #6331, #5257, #1558, .T. ) ;
#6557 = CARTESIAN_POINT ( 'NONE',  ( 0.4238398292666566980, -0.09169822424026434493, 0.3637895569954248676 ) ) ;
#6558 = EDGE_CURVE ( 'NONE', #103, #8237, #2277, .T. ) ;
#6559 = CARTESIAN_POINT ( 'NONE',  ( 3.545609128038689661, -0.09224999999999944356, 0.6562182560773820450 ) ) ;
#6560 = EDGE_CURVE ( 'NONE', #4455, #8680, #8710, .T. ) ;
#6561 = CARTESIAN_POINT ( 'NONE',  ( -0.5217543599545370059, -1.277929613718999503E-16, 2.329999999999999627 ) ) ;
#6562 = PRESENTATION_LAYER_ASSIGNMENT (  '', '', ( #1545 ) ) ;
#6563 = SURFACE_SIDE_STYLE ('',( #2401 ) ) ;
#6564 = EDGE_LOOP ( 'NONE', ( #5010, #7314, #54, #7910 ) ) ;
#6565 = CARTESIAN_POINT ( 'NONE',  ( 0.8591901991055324039, -0.1434107350525335445, -2.064368729000466196 ) ) ;
#6566 = DIRECTION ( 'NONE',  ( 1.000000000000000000, 0.000000000000000000, 0.000000000000000000 ) ) ;
#6567 = MECHANICAL_DESIGN_GEOMETRIC_PRESENTATION_REPRESENTATION (  '', ( #2834 ), #3835 ) ;
#6568 = VECTOR ( 'NONE', #210, 1000.000000000000000 ) ;
#6569 = ORIENTED_EDGE ( 'NONE', *, *, #4524, .F. ) ;
#6570 = DIRECTION ( 'NONE',  ( 0.8164965809277265896, -0.4082482904638622956, -0.4082482904638629062 ) ) ;
#6571 = EDGE_LOOP ( 'NONE', ( #6151, #4322, #926, #8236, #8074, #6917 ) ) ;
#6572 = VERTEX_POINT ( 'NONE', #1096 ) ;
#6573 = FILL_AREA_STYLE ('',( #8553 ) ) ;
#6574 = FILL_AREA_STYLE ('',( #8636 ) ) ;
#6575 =( GEOMETRIC_REPRESENTATION_CONTEXT ( 3 ) GLOBAL_UNCERTAINTY_ASSIGNED_CONTEXT ( ( #4647 ) ) GLOBAL_UNIT_ASSIGNED_CONTEXT ( ( #8790, #4009, #6014 ) ) REPRESENTATION_CONTEXT ( 'NONE', 'WORKASPACE' ) );
#6576 = DIRECTION ( 'NONE',  ( 0.000000000000000000, 1.000000000000000000, 0.000000000000000000 ) ) ;
#6577 = COLOUR_RGB ( '',0.8313725490196077761, 0.8313725490196077761, 0.8313725490196077761 ) ;
#6578 = SURFACE_STYLE_USAGE ( .BOTH. , #980 ) ;
#6579 = ORIENTED_EDGE ( 'NONE', *, *, #8809, .T. ) ;
#6580 =( NAMED_UNIT ( * ) SI_UNIT ( $, .STERADIAN. ) SOLID_ANGLE_UNIT ( ) );
#6581 = CARTESIAN_POINT ( 'NONE',  ( -0.4790325118501685409, 0.2073901124599374646, 2.329999999999999627 ) ) ;
#6582 = CARTESIAN_POINT ( 'NONE',  ( -2.803133701591289828, 2.495677398353389975, 2.080000000000000071 ) ) ;
#6583 = PRESENTATION_LAYER_ASSIGNMENT (  '', '', ( #1716 ) ) ;
#6584 = CARTESIAN_POINT ( 'NONE',  ( -3.208994713321154713, -2.931551321120278164, 0.6872790746909862580 ) ) ;
#6585 = SURFACE_SIDE_STYLE ('',( #8021 ) ) ;
#6586 = MECHANICAL_DESIGN_GEOMETRIC_PRESENTATION_REPRESENTATION (  '', ( #1582 ), #4585 ) ;
#6587 = FILL_AREA_STYLE_COLOUR ( '', #6674 ) ;
#6588 = CARTESIAN_POINT ( 'NONE',  ( -3.203093164878725752, -2.408484185632478791, 2.286058063037816002 ) ) ;
#6589 =( LENGTH_UNIT ( ) NAMED_UNIT ( * ) SI_UNIT ( .MILLI., .METRE. ) );
#6590 = SURFACE_STYLE_USAGE ( .BOTH. , #446 ) ;
#6591 = CIRCLE ( 'NONE', #7431, 0.3000000000000000444 ) ;
#6592 = PRESENTATION_STYLE_ASSIGNMENT (( #5810 ) ) ;
#6593 = FILL_AREA_STYLE_COLOUR ( '', #880 ) ;
#6594 = FILL_AREA_STYLE ('',( #8068 ) ) ;
#6595 = ORIENTED_EDGE ( 'NONE', *, *, #6026, .T. ) ;
#6596 = LINE ( 'NONE', #8667, #967 ) ;
#6597 = DIRECTION ( 'NONE',  ( 0.4082482904638620735, 0.8164965809277260345, -0.4082482904638639054 ) ) ;
#6598 = SURFACE_SIDE_STYLE ('',( #7958 ) ) ;
#6599 = SURFACE_STYLE_FILL_AREA ( #5208 ) ;
#6600 = PRESENTATION_STYLE_ASSIGNMENT (( #4586 ) ) ;
#6601 = EDGE_CURVE ( 'NONE', #5346, #8538, #7139, .T. ) ;
#6602 = DIRECTION ( 'NONE',  ( 0.000000000000000000, 0.9848706617970867105, 0.1732910255361442831 ) ) ;
#6603 = EDGE_LOOP ( 'NONE', ( #7594, #416, #2126, #2137, #468 ) ) ;
#6604 = EDGE_LOOP ( 'NONE', ( #5637, #1015, #4083, #8361 ) ) ;
#6605 = CARTESIAN_POINT ( 'NONE',  ( 4.212500000000000355, -0.1922499999999990050, 1.860000000000000098 ) ) ;
#6606 =( NAMED_UNIT ( * ) SI_UNIT ( $, .STERADIAN. ) SOLID_ANGLE_UNIT ( ) );
#6607 = ORIENTED_EDGE ( 'NONE', *, *, #3703, .F. ) ;
#6608 = STYLED_ITEM ( 'NONE', ( #2138 ), #7959 ) ;
#6609 = SHAPE_DEFINITION_REPRESENTATION ( #1276, #5353 ) ;
#6610 =( LENGTH_UNIT ( ) NAMED_UNIT ( * ) SI_UNIT ( .MILLI., .METRE. ) );
#6611 = ADVANCED_FACE ( 'NONE', ( #3863 ), #8391, .F. ) ;
#6612 = EDGE_CURVE ( 'NONE', #5919, #6905, #6127, .T. ) ;
#6613 =( NAMED_UNIT ( * ) SI_UNIT ( $, .STERADIAN. ) SOLID_ANGLE_UNIT ( ) );
#6614 = COLOUR_RGB ( '',0.8313725490196077761, 0.8313725490196077761, 0.8313725490196077761 ) ;
#6615 =( NAMED_UNIT ( * ) PLANE_ANGLE_UNIT ( ) SI_UNIT ( $, .RADIAN. ) );
#6616 = STYLED_ITEM ( 'NONE', ( #2220 ), #3913 ) ;
#6617 = ORIENTED_EDGE ( 'NONE', *, *, #2607, .T. ) ;
#6618 = SURFACE_STYLE_FILL_AREA ( #8729 ) ;
#6619 = DIRECTION ( 'NONE',  ( 0.000000000000000000, 0.000000000000000000, 1.000000000000000000 ) ) ;
#6620 = VECTOR ( 'NONE', #1438, 1000.000000000000000 ) ;
#6621 = DIRECTION ( 'NONE',  ( 1.000000000000000000, 0.000000000000000000, 0.000000000000000000 ) ) ;
#6622 = MECHANICAL_DESIGN_GEOMETRIC_PRESENTATION_REPRESENTATION (  '', ( #1476 ), #3183 ) ;
#6623 = CARTESIAN_POINT ( 'NONE',  ( -3.050715330598857467, -3.047339627153958119, 0.6763671785125304758 ) ) ;
#6624 = CARTESIAN_POINT ( 'NONE',  ( 2.676313057804028173, -3.025922037050286839, 2.213032988669997092 ) ) ;
#6625 = UNCERTAINTY_MEASURE_WITH_UNIT (LENGTH_MEASURE( 1.000000000000000082E-05 ), #6988, 'distance_accuracy_value', 'NONE');
#6626 = CIRCLE ( 'NONE', #5754, 0.5000000000000000000 ) ;
#6627 = SURFACE_SIDE_STYLE ('',( #4518 ) ) ;
#6628 = SURFACE_SIDE_STYLE ('',( #8871 ) ) ;
#6629 =( NAMED_UNIT ( * ) PLANE_ANGLE_UNIT ( ) SI_UNIT ( $, .RADIAN. ) );
#6630 =( GEOMETRIC_REPRESENTATION_CONTEXT ( 3 ) GLOBAL_UNCERTAINTY_ASSIGNED_CONTEXT ( ( #5652 ) ) GLOBAL_UNIT_ASSIGNED_CONTEXT ( ( #1169, #6629, #8024 ) ) REPRESENTATION_CONTEXT ( 'NONE', 'WORKASPACE' ) );
#6631 = DIRECTION ( 'NONE',  ( 0.000000000000000000, -1.000000000000000000, 0.000000000000000000 ) ) ;
#6632 =( NAMED_UNIT ( * ) SI_UNIT ( $, .STERADIAN. ) SOLID_ANGLE_UNIT ( ) );
#6633 = DIRECTION ( 'NONE',  ( 1.000000000000000000, 0.000000000000000000, -0.000000000000000000 ) ) ;
#6634 =( NAMED_UNIT ( * ) SI_UNIT ( $, .STERADIAN. ) SOLID_ANGLE_UNIT ( ) );
#6635 =( GEOMETRIC_REPRESENTATION_CONTEXT ( 3 ) GLOBAL_UNCERTAINTY_ASSIGNED_CONTEXT ( ( #3500 ) ) GLOBAL_UNIT_ASSIGNED_CONTEXT ( ( #7887, #5178, #3878 ) ) REPRESENTATION_CONTEXT ( 'NONE', 'WORKASPACE' ) );
#6636 = VECTOR ( 'NONE', #4822, 1000.000000000000000 ) ;
#6637 = SURFACE_STYLE_FILL_AREA ( #2525 ) ;
#6638 = EDGE_CURVE ( 'NONE', #5922, #3783, #4583, .T. ) ;
#6639 =( NAMED_UNIT ( * ) SI_UNIT ( $, .STERADIAN. ) SOLID_ANGLE_UNIT ( ) );
#6640 = EDGE_LOOP ( 'NONE', ( #8415, #6292, #3986, #7488 ) ) ;
#6641 = CARTESIAN_POINT ( 'NONE',  ( 3.875236007539900829, -0.09224999999999915212, -1.879526214587563304 ) ) ;
#6642 = STYLED_ITEM ( 'NONE', ( #1527 ), #8313 ) ;
#6643 = CARTESIAN_POINT ( 'NONE',  ( 0.8524999999999999245, -0.7672500000000016529, -0.8629237369103519573 ) ) ;
#6644 = DIRECTION ( 'NONE',  ( 5.482582837655000045E-16, -1.000000000000000000, -0.000000000000000000 ) ) ;
#6645 = CARTESIAN_POINT ( 'NONE',  ( 0.9525000000000000133, -0.1922500000000008646, 2.060000000000000053 ) ) ;
#6646 = SURFACE_STYLE_USAGE ( .BOTH. , #5909 ) ;
#6647 = DIRECTION ( 'NONE',  ( 0.000000000000000000, 0.000000000000000000, 1.000000000000000000 ) ) ;
#6648 = MECHANICAL_DESIGN_GEOMETRIC_PRESENTATION_REPRESENTATION (  '', ( #2069 ), #491 ) ;
#6649 = CARTESIAN_POINT ( 'NONE',  ( 0.8524999999999999245, -0.7672500000000015419, 0.000000000000000000 ) ) ;
#6650 = VERTEX_POINT ( 'NONE', #571 ) ;
#6651 = AXIS2_PLACEMENT_3D ( 'NONE', #654, #120, #2729 ) ;
#6652 = CYLINDRICAL_SURFACE ( 'NONE', #2435, 0.1000000000000000056 ) ;
#6653 = AXIS2_PLACEMENT_3D ( 'NONE', #8446, #5730, #901 ) ;
#6654 = EDGE_CURVE ( 'NONE', #6237, #5833, #7423, .T. ) ;
#6655 = SURFACE_STYLE_FILL_AREA ( #4628 ) ;
#6656 = PRESENTATION_STYLE_ASSIGNMENT (( #3993 ) ) ;
#6657 = FILL_AREA_STYLE ('',( #543 ) ) ;
#6658 = COLOUR_RGB ( '',0.8313725490196077761, 0.8313725490196077761, 0.8313725490196077761 ) ;
#6659 =( LENGTH_UNIT ( ) NAMED_UNIT ( * ) SI_UNIT ( .MILLI., .METRE. ) );
#6660 = DIRECTION ( 'NONE',  ( -0.000000000000000000, -1.000000000000000000, -0.000000000000000000 ) ) ;
#6661 = EDGE_CURVE ( 'NONE', #8136, #8893, #7345, .T. ) ;
#6662 = VERTEX_POINT ( 'NONE', #3944 ) ;
#6663 = SURFACE_STYLE_USAGE ( .BOTH. , #1029 ) ;
#6664 = EDGE_CURVE ( 'NONE', #4821, #8709, #7873, .T. ) ;
#6665 = FACE_OUTER_BOUND ( 'NONE', #7019, .T. ) ;
#6666 = ORIENTED_EDGE ( 'NONE', *, *, #512, .T. ) ;
#6667 =( NAMED_UNIT ( * ) PLANE_ANGLE_UNIT ( ) SI_UNIT ( $, .RADIAN. ) );
#6668 = CARTESIAN_POINT ( 'NONE',  ( -2.855207625734560217, -0.2677499999999999880, -2.660000000000000142 ) ) ;
#6669 = LINE ( 'NONE', #1915, #2486 ) ;
#6670 = SURFACE_STYLE_FILL_AREA ( #5358 ) ;
#6671 = SURFACE_STYLE_USAGE ( .BOTH. , #1917 ) ;
#6672 = CARTESIAN_POINT ( 'NONE',  ( -3.414865336152358211, -0.3451191649770712355, -1.804999999999999938 ) ) ;
#6673 = VECTOR ( 'NONE', #6956, 1000.000000000000000 ) ;
#6674 = COLOUR_RGB ( '',0.8313725490196077761, 0.8313725490196077761, 0.8313725490196077761 ) ;
#6675 = SURFACE_STYLE_USAGE ( .BOTH. , #8114 ) ;
#6676 = STYLED_ITEM ( 'NONE', ( #1719 ), #2276 ) ;
#6677 = ORIENTED_EDGE ( 'NONE', *, *, #1236, .F. ) ;
#6678 = CARTESIAN_POINT ( 'NONE',  ( 3.430235026918962316, -0.1345149730810376865, -2.117735026918962760 ) ) ;
#6679 = LINE ( 'NONE', #3233, #2375 ) ;
#6680 = PRESENTATION_STYLE_ASSIGNMENT (( #4534 ) ) ;
#6681 =( LENGTH_UNIT ( ) NAMED_UNIT ( * ) SI_UNIT ( .MILLI., .METRE. ) );
#6682 =( NAMED_UNIT ( * ) SI_UNIT ( $, .STERADIAN. ) SOLID_ANGLE_UNIT ( ) );
#6683 = CARTESIAN_POINT ( 'NONE',  ( 3.572499999999999787, -0.7672499999999999876, -2.060000000000000053 ) ) ;
#6684 = VECTOR ( 'NONE', #5514, 1000.000000000000114 ) ;
#6685 =( NAMED_UNIT ( * ) PLANE_ANGLE_UNIT ( ) SI_UNIT ( $, .RADIAN. ) );
#6686 = EDGE_LOOP ( 'NONE', ( #4223, #1898, #3872, #3674, #2481, #5474, #8320, #8375 ) ) ;
#6687 = ORIENTED_EDGE ( 'NONE', *, *, #304, .F. ) ;
#6688 = CARTESIAN_POINT ( 'NONE',  ( 0.8524999999999999245, -0.7672500000000015419, 0.000000000000000000 ) ) ;
#6689 = CARTESIAN_POINT ( 'NONE',  ( -2.855207625734560217, -0.2677499999999999880, -2.754999999999999893 ) ) ;
#6690 = SURFACE_SIDE_STYLE ('',( #3873 ) ) ;
#6691 = ORIENTED_EDGE ( 'NONE', *, *, #2945, .F. ) ;
#6692 = CONTEXT_DEPENDENT_SHAPE_REPRESENTATION ( #3224, #7203 ) ;
#6693 = CARTESIAN_POINT ( 'NONE',  ( 3.085688195383684107, -2.676322658523813569, 2.048273330479077892 ) ) ;
#6694 = COLOUR_RGB ( '',0.8313725490196077761, 0.8313725490196077761, 0.8313725490196077761 ) ;
#6695 = CARTESIAN_POINT ( 'NONE',  ( -1.222499999999999920, 0.2322500000000000397, 1.899999999999999911 ) ) ;
#6696 = SURFACE_SIDE_STYLE ('',( #7284 ) ) ;
#6697 = DIRECTION ( 'NONE',  ( 0.9931903090196375627, 1.809126741440809399E-16, 0.1165032620550899567 ) ) ;
#6698 = ORIENTED_EDGE ( 'NONE', *, *, #14, .T. ) ;
#6699 = VECTOR ( 'NONE', #3094, 1000.000000000000000 ) ;
#6700 = CARTESIAN_POINT ( 'NONE',  ( 3.872500000000000053, -0.7672499999999999876, 0.000000000000000000 ) ) ;
#6701 =( NAMED_UNIT ( * ) SI_UNIT ( $, .STERADIAN. ) SOLID_ANGLE_UNIT ( ) );
#6702 = SURFACE_STYLE_USAGE ( .BOTH. , #3963 ) ;
#6703 = CIRCLE ( 'NONE', #3128, 0.1000000000000002554 ) ;
#6704 = CARTESIAN_POINT ( 'NONE',  ( 2.962554341017595849, -2.740054341017593487, 2.277914424562275553 ) ) ;
#6705 = EDGE_CURVE ( 'NONE', #5630, #4807, #5980, .T. ) ;
#6706 = EDGE_CURVE ( 'NONE', #7018, #8228, #278, .T. ) ;
#6707 = UNCERTAINTY_MEASURE_WITH_UNIT (LENGTH_MEASURE( 1.000000000000000082E-05 ), #6531, 'distance_accuracy_value', 'NONE');
#6708 = EDGE_CURVE ( 'NONE', #4128, #4718, #8215, .T. ) ;
#6709 = EDGE_CURVE ( 'NONE', #5579, #3630, #3529, .T. ) ;
#6710 = CARTESIAN_POINT ( 'NONE',  ( 0.4819120798423590646, -0.7672500000000019860, -0.3637895569954249786 ) ) ;
#6711 = DIRECTION ( 'NONE',  ( -1.836970198721029688E-16, -9.860761315262647568E-32, 1.000000000000000000 ) ) ;
#6712 = CARTESIAN_POINT ( 'NONE',  ( 4.645681483551360458, -0.09224999999999906886, 1.844279695023480770 ) ) ;
#6713 = CARTESIAN_POINT ( 'NONE',  ( 4.687102839788669151, -0.09224999999999888844, 1.844279695023480103 ) ) ;
#6714 = CARTESIAN_POINT ( 'NONE',  ( -3.242815959658429836, 0.04809771563645567904, -2.660000000000000142 ) ) ;
#6715 = SURFACE_SIDE_STYLE ('',( #6066 ) ) ;
#6716 = CARTESIAN_POINT ( 'NONE',  ( 2.886078985130502428, 2.650969074868140041, 2.340090793548665005 ) ) ;
#6717 = ADVANCED_FACE ( 'NONE', ( #125 ), #4059, .T. ) ;
#6718 = ADVANCED_FACE ( 'NONE', ( #4107 ), #5895, .T. ) ;
#6719 = VECTOR ( 'NONE', #3553, 1000.000000000000000 ) ;
#6720 = EDGE_LOOP ( 'NONE', ( #5734, #2045, #6295, #6825 ) ) ;
#6721 = CARTESIAN_POINT ( 'NONE',  ( 3.952606704934719772, -0.09224999999999913824, -1.957631072937817240 ) ) ;
#6722 = CARTESIAN_POINT ( 'NONE',  ( -3.770634082987816882, 0.3248361564241377120, -2.659999999999999698 ) ) ;
#6723 = DIRECTION ( 'NONE',  ( 0.000000000000000000, -0.000000000000000000, -1.000000000000000000 ) ) ;
#6724 = DIRECTION ( 'NONE',  ( 1.000000000000000000, 0.000000000000000000, 0.000000000000000000 ) ) ;
#6725 = LINE ( 'NONE', #6649, #789 ) ;
#6726 = FACE_OUTER_BOUND ( 'NONE', #4697, .T. ) ;
#6727 = ORIENTED_EDGE ( 'NONE', *, *, #1693, .F. ) ;
#6728 = CARTESIAN_POINT ( 'NONE',  ( 3.270000000000000018, -2.717896001968644004, 0.000000000000000000 ) ) ;
#6729 = ORIENTED_EDGE ( 'NONE', *, *, #4727, .T. ) ;
#6730 = APPLICATION_PROTOCOL_DEFINITION ( 'draft international standard', 'automotive_design', 1998, #3800 ) ;
#6731 = CARTESIAN_POINT ( 'NONE',  ( -2.791109379220058084, 2.628271126541560587, 2.365869642370424852 ) ) ;
#6732 =( GEOMETRIC_REPRESENTATION_CONTEXT ( 3 ) GLOBAL_UNCERTAINTY_ASSIGNED_CONTEXT ( ( #6985 ) ) GLOBAL_UNIT_ASSIGNED_CONTEXT ( ( #4390, #5068, #7043 ) ) REPRESENTATION_CONTEXT ( 'NONE', 'WORKASPACE' ) );
#6733 = EDGE_CURVE ( 'NONE', #5257, #2313, #3617, .T. ) ;
#6734 = FACE_OUTER_BOUND ( 'NONE', #7186, .T. ) ;
#6735 = PRESENTATION_LAYER_ASSIGNMENT (  '', '', ( #7034 ) ) ;
#6736 = EDGE_LOOP ( 'NONE', ( #1598, #6434, #1807, #7474, #4679 ) ) ;
#6737 = DIRECTION ( 'NONE',  ( -0.000000000000000000, -0.000000000000000000, -1.000000000000000000 ) ) ;
#6738 = ORIENTED_EDGE ( 'NONE', *, *, #7269, .T. ) ;
#6739 = CARTESIAN_POINT ( 'NONE',  ( -4.269999999999999574, 0.2322499999999989573, 2.660000000000000142 ) ) ;
#6740 = MECHANICAL_DESIGN_GEOMETRIC_PRESENTATION_REPRESENTATION (  '', ( #6479 ), #1748 ) ;
#6741 = DIRECTION ( 'NONE',  ( -1.000000000000000000, -5.139921410301649810E-16, -0.000000000000000000 ) ) ;
#6742 = CARTESIAN_POINT ( 'NONE',  ( 3.372499999999999609, -0.1922500000000000320, 2.060000000000000053 ) ) ;
#6743 = VECTOR ( 'NONE', #3031, 1000.000000000000000 ) ;
#6744 = SURFACE_STYLE_USAGE ( .BOTH. , #4006 ) ;
#6745 = LINE ( 'NONE', #1336, #4817 ) ;
#6746 = CARTESIAN_POINT ( 'NONE',  ( 4.587102839788671282, -0.09224999999999884681, 1.899875250484290623 ) ) ;
#6747 = FILL_AREA_STYLE_COLOUR ( '', #4265 ) ;
#6748 = CARTESIAN_POINT ( 'NONE',  ( 3.405562582892962098, -0.1012193360738614933, 2.035094501859785687 ) ) ;
#6749 = FILL_AREA_STYLE ('',( #831 ) ) ;
#6750 = AXIS2_PLACEMENT_3D ( 'NONE', #1348, #4061, #6804 ) ;
#6751 = PLANE ( 'NONE',  #5189 ) ;
#6752 = EDGE_CURVE ( 'NONE', #5301, #725, #8019, .T. ) ;
#6753 = VECTOR ( 'NONE', #1814, 1000.000000000000000 ) ;
#6754 = VECTOR ( 'NONE', #6217, 1000.000000000000000 ) ;
#6755 = CARTESIAN_POINT ( 'NONE',  ( -3.587499999999999911, -0.2322500000000000120, -1.899999999999999911 ) ) ;
#6756 =( GEOMETRIC_REPRESENTATION_CONTEXT ( 3 ) GLOBAL_UNCERTAINTY_ASSIGNED_CONTEXT ( ( #823 ) ) GLOBAL_UNIT_ASSIGNED_CONTEXT ( ( #6589, #7945, #3302 ) ) REPRESENTATION_CONTEXT ( 'NONE', 'WORKASPACE' ) );
#6757 = ORIENTED_EDGE ( 'NONE', *, *, #8526, .T. ) ;
#6758 = ORIENTED_EDGE ( 'NONE', *, *, #3521, .T. ) ;
#6759 = DIRECTION ( 'NONE',  ( 1.000000000000000000, 4.497431234013940009E-16, 0.000000000000000000 ) ) ;
#6760 =( NAMED_UNIT ( * ) SI_UNIT ( $, .STERADIAN. ) SOLID_ANGLE_UNIT ( ) );
#6761 = EDGE_CURVE ( 'NONE', #5163, #8777, #6822, .T. ) ;
#6762 = EDGE_CURVE ( 'NONE', #2222, #3949, #4388, .T. ) ;
#6763 = PLANE ( 'NONE',  #137 ) ;
#6764 = ADVANCED_FACE ( 'NONE', ( #6417 ), #8485, .T. ) ;
#6765 =( LENGTH_UNIT ( ) NAMED_UNIT ( * ) SI_UNIT ( .MILLI., .METRE. ) );
#6766 = SURFACE_STYLE_FILL_AREA ( #2698 ) ;
#6767 = MECHANICAL_DESIGN_GEOMETRIC_PRESENTATION_REPRESENTATION (  '', ( #5617 ), #4035 ) ;
#6768 = CIRCLE ( 'NONE', #8795, 0.1000000000000000472 ) ;
#6769 = ORIENTED_EDGE ( 'NONE', *, *, #2562, .F. ) ;
#6770 = PLANE ( 'NONE',  #1963 ) ;
#6771 = ORIENTED_EDGE ( 'NONE', *, *, #5877, .F. ) ;
#6772 = DIRECTION ( 'NONE',  ( 8.223874256482640091E-16, -1.000000000000000000, -0.000000000000000000 ) ) ;
#6773 = PRODUCT_DEFINITION_SHAPE ( 'NONE', 'NONE',  #2321 ) ;
#6774 = CARTESIAN_POINT ( 'NONE',  ( 0.5650556301437590356, 6.919935687957451836E-17, 2.354999999999999982 ) ) ;
#6775 = VERTEX_POINT ( 'NONE', #4437 ) ;
#6776 = ORIENTED_EDGE ( 'NONE', *, *, #1351, .T. ) ;
#6777 = PRESENTATION_LAYER_ASSIGNMENT (  '', '', ( #2210 ) ) ;
#6778 = COLOUR_RGB ( '',0.8313725490196077761, 0.8313725490196077761, 0.8313725490196077761 ) ;
#6779 = FILL_AREA_STYLE_COLOUR ( '', #1045 ) ;
#6780 = CARTESIAN_POINT ( 'NONE',  ( 0.4784662403475478665, -0.09225000000000102562, -0.4222667636254633927 ) ) ;
#6781 = VECTOR ( 'NONE', #6502, 1000.000000000000000 ) ;
#6782 = AXIS2_PLACEMENT_3D ( 'NONE', #937, #2993, #7702 ) ;
#6783 = CARTESIAN_POINT ( 'NONE',  ( -2.803133701591289384, -2.580633701591289686, 2.079999999999999183 ) ) ;
#6784 = DIRECTION ( 'NONE',  ( 0.000000000000000000, 0.000000000000000000, 1.000000000000000000 ) ) ;
#6785 = ORIENTED_EDGE ( 'NONE', *, *, #2717, .T. ) ;
#6786 = ORIENTED_EDGE ( 'NONE', *, *, #8364, .F. ) ;
#6787 = LINE ( 'NONE', #6700, #4490 ) ;
#6788 = SURFACE_SIDE_STYLE ('',( #6154 ) ) ;
#6789 = CARTESIAN_POINT ( 'NONE',  ( -3.270000000000000018, 3.047499999999999876, 0.000000000000000000 ) ) ;
#6790 = VECTOR ( 'NONE', #3655, 1000.000000000000000 ) ;
#6791 = SURFACE_SIDE_STYLE ('',( #2679 ) ) ;
#6792 = CIRCLE ( 'NONE', #1223, 0.3000000000000000444 ) ;
#6793 = DIRECTION ( 'NONE',  ( 3.372057336110629477E-16, -0.9931903090196375627, 0.1165032620550899567 ) ) ;
#6794 = CARTESIAN_POINT ( 'NONE',  ( -3.055000000000000604, -0.03275000000000140299, 2.660000000000000142 ) ) ;
#6795 = CARTESIAN_POINT ( 'NONE',  ( -4.319792374265440493, -0.2322500000000000397, 1.899999999999999911 ) ) ;
#6796 = LINE ( 'NONE', #4140, #4760 ) ;
#6797 = CARTESIAN_POINT ( 'NONE',  ( -3.270000000000000018, 2.749041206907626211, 0.6749999999999793943 ) ) ;
#6798 = SHAPE_REPRESENTATION ( '1', ( #2356 ), #1065 ) ;
#6799 =( NAMED_UNIT ( * ) SI_UNIT ( $, .STERADIAN. ) SOLID_ANGLE_UNIT ( ) );
#6800 = CARTESIAN_POINT ( 'NONE',  ( 0.8947649730810373070, -0.1345149730810374922, 2.117735026918963648 ) ) ;
#6801 = PRESENTATION_LAYER_ASSIGNMENT (  '', '', ( #5228 ) ) ;
#6802 = FACE_OUTER_BOUND ( 'NONE', #1095, .T. ) ;
#6803 = UNCERTAINTY_MEASURE_WITH_UNIT (LENGTH_MEASURE( 1.000000000000000082E-05 ), #4218, 'distance_accuracy_value', 'NONE');
#6804 = DIRECTION ( 'NONE',  ( 1.000000000000000000, 0.000000000000000000, 0.000000000000000000 ) ) ;
#6805 = FILL_AREA_STYLE ('',( #7623 ) ) ;
#6806 = DIRECTION ( 'NONE',  ( -1.000000000000000000, -1.421660098671661550E-14, 0.000000000000000000 ) ) ;
#6807 = CARTESIAN_POINT ( 'NONE',  ( 4.728524196025978732, -0.1922499999999989495, -1.944279695023479970 ) ) ;
#6808 = CARTESIAN_POINT ( 'NONE',  ( 3.972500000000000142, -0.7672499999999999876, -2.602500000000000036 ) ) ;
#6809 = SURFACE_STYLE_USAGE ( .BOTH. , #6901 ) ;
#6810 = PLANE ( 'NONE',  #2165 ) ;
#6811 = SURFACE_STYLE_FILL_AREA ( #7482 ) ;
#6812 = SURFACE_SIDE_STYLE ('',( #6766 ) ) ;
#6813 = STYLED_ITEM ( 'NONE', ( #6327 ), #2288 ) ;
#6814 = EDGE_CURVE ( 'NONE', #6187, #3817, #6853, .T. ) ;
#6815 = ADVANCED_FACE ( 'NONE', ( #356 ), #2203, .T. ) ;
#6816 = EDGE_CURVE ( 'NONE', #6198, #3923, #1171, .T. ) ;
#6817 = ADVANCED_FACE ( 'NONE', ( #1843 ), #7257, .T. ) ;
#6818 =( NAMED_UNIT ( * ) PLANE_ANGLE_UNIT ( ) SI_UNIT ( $, .RADIAN. ) );
#6819 = DIRECTION ( 'NONE',  ( 0.000000000000000000, -1.000000000000000000, 0.000000000000000000 ) ) ;
#6820 = EDGE_LOOP ( 'NONE', ( #4465, #8091, #5124, #4743, #4271 ) ) ;
#6821 = SURFACE_STYLE_FILL_AREA ( #6330 ) ;
#6822 =( BOUNDED_CURVE ( )  B_SPLINE_CURVE ( 3, ( #1576, #5587, #5681, #5635 ),
 .UNSPECIFIED., .F., .T. ) 
 B_SPLINE_CURVE_WITH_KNOTS ( ( 4, 4 ),
 ( 0.03331181698619711806, 0.07772391352221112715 ),
 .UNSPECIFIED. ) 
 CURVE ( )  GEOMETRIC_REPRESENTATION_ITEM ( )  RATIONAL_B_SPLINE_CURVE ( ( 1.000000000000000000, 0.9998356372276637760, 0.9998356372276637760, 1.000000000000000000 ) ) 
 REPRESENTATION_ITEM ( '' )  );
#6823 = CARTESIAN_POINT ( 'NONE',  ( 0.8682551399415082694, -0.09225000000000055378, 0.5815663338965614271 ) ) ;
#6824 = MECHANICAL_DESIGN_GEOMETRIC_PRESENTATION_REPRESENTATION (  '', ( #5385 ), #978 ) ;
#6825 = ORIENTED_EDGE ( 'NONE', *, *, #7991, .F. ) ;
#6826 = ORIENTED_EDGE ( 'NONE', *, *, #249, .T. ) ;
#6827 = VERTEX_POINT ( 'NONE', #1126 ) ;
#6828 = DIRECTION ( 'NONE',  ( -1.000000000000000000, 0.000000000000000000, 0.000000000000000000 ) ) ;
#6829 = VERTEX_POINT ( 'NONE', #401 ) ;
#6830 = DIRECTION ( 'NONE',  ( -1.000000000000000000, 0.000000000000000000, 0.000000000000000000 ) ) ;
#6831 = EDGE_LOOP ( 'NONE', ( #1884, #4906, #6771, #5689 ) ) ;
#6832 =( NAMED_UNIT ( * ) PLANE_ANGLE_UNIT ( ) SI_UNIT ( $, .RADIAN. ) );
#6833 = VECTOR ( 'NONE', #4729, 1000.000000000000000 ) ;
#6834 = FILL_AREA_STYLE ('',( #58 ) ) ;
#6835 = STYLED_ITEM ( 'NONE', ( #840 ), #1453 ) ;
#6836 = CARTESIAN_POINT ( 'NONE',  ( 0.3819120798423588647, -0.1922500000000010034, 0.3637895569954249786 ) ) ;
#6837 = COLOUR_RGB ( '',0.8313725490196077761, 0.8313725490196077761, 0.8313725490196077761 ) ;
#6838 =( NAMED_UNIT ( * ) PLANE_ANGLE_UNIT ( ) SI_UNIT ( $, .RADIAN. ) );
#6839 = DIRECTION ( 'NONE',  ( -1.000000000000000000, -1.084202172485501673E-15, 0.000000000000000000 ) ) ;
#6840 = SURFACE_STYLE_FILL_AREA ( #2102 ) ;
#6841 = CARTESIAN_POINT ( 'NONE',  ( 3.430235026918963204, -0.1345149730810381583, 2.117735026918962316 ) ) ;
#6842 = CARTESIAN_POINT ( 'NONE',  ( 3.972500000000000142, -0.2609999999999990106, 2.602499999999999591 ) ) ;
#6843 = FILL_AREA_STYLE ('',( #650 ) ) ;
#6844 =( NAMED_UNIT ( * ) SI_UNIT ( $, .STERADIAN. ) SOLID_ANGLE_UNIT ( ) );
#6845 = PLANE ( 'NONE',  #348 ) ;
#6846 = ORIENTED_EDGE ( 'NONE', *, *, #5080, .T. ) ;
#6847 = CARTESIAN_POINT ( 'NONE',  ( 3.914764973081037880, -0.1345149730810363542, -2.560235026918962209 ) ) ;
#6848 = CIRCLE ( 'NONE', #3850, 0.5000000000000000000 ) ;
#6849 = LINE ( 'NONE', #4151, #3801 ) ;
#6850 = FILL_AREA_STYLE_COLOUR ( '', #1475 ) ;
#6851 = FACE_OUTER_BOUND ( 'NONE', #5594, .T. ) ;
#6852 =( NAMED_UNIT ( * ) SI_UNIT ( $, .STERADIAN. ) SOLID_ANGLE_UNIT ( ) );
#6853 = CIRCLE ( 'NONE', #3006, 0.1000000000000002554 ) ;
#6854 = COLOUR_RGB ( '',0.8313725490196077761, 0.8313725490196077761, 0.8313725490196077761 ) ;
#6855 = FACE_OUTER_BOUND ( 'NONE', #868, .T. ) ;
#6856 = EDGE_LOOP ( 'NONE', ( #8314, #272, #3836, #7999, #729, #509, #4766, #3998 ) ) ;
#6857 = DIRECTION ( 'NONE',  ( -0.000000000000000000, -0.000000000000000000, -1.000000000000000000 ) ) ;
#6858 = ORIENTED_EDGE ( 'NONE', *, *, #8061, .F. ) ;
#6859 = MECHANICAL_DESIGN_GEOMETRIC_PRESENTATION_REPRESENTATION (  '', ( #2001 ), #3145 ) ;
#6860 =( LENGTH_UNIT ( ) NAMED_UNIT ( * ) SI_UNIT ( .MILLI., .METRE. ) );
#6861 = SURFACE_STYLE_USAGE ( .BOTH. , #870 ) ;
#6862 = VERTEX_POINT ( 'NONE', #2474 ) ;
#6863 = EDGE_CURVE ( 'NONE', #2313, #6042, #1754, .T. ) ;
#6864 =( LENGTH_UNIT ( ) NAMED_UNIT ( * ) SI_UNIT ( .MILLI., .METRE. ) );
#6865 = COLOUR_RGB ( '',0.8313725490196077761, 0.8313725490196077761, 0.8313725490196077761 ) ;
#6866 = CARTESIAN_POINT ( 'NONE',  ( 0.4760296638738869546, -0.1922500000000012255, -0.4636163929784103410 ) ) ;
#6867 = ORIENTED_EDGE ( 'NONE', *, *, #3316, .T. ) ;
#6868 = VERTEX_POINT ( 'NONE', #2597 ) ;
#6869 = EDGE_LOOP ( 'NONE', ( #368, #3773, #5087, #288, #2438, #2270, #2538, #3580 ) ) ;
#6870 =( BOUNDED_CURVE ( )  B_SPLINE_CURVE ( 3, ( #6186, #4899, #2925, #867 ),
 .UNSPECIFIED., .F., .T. ) 
 B_SPLINE_CURVE_WITH_KNOTS ( ( 4, 4 ),
 ( 1.570796326794898112, 3.141592653589793116 ),
 .UNSPECIFIED. ) 
 CURVE ( )  GEOMETRIC_REPRESENTATION_ITEM ( )  RATIONAL_B_SPLINE_CURVE ( ( 1.000000000000000000, 0.8047378541243653816, 0.8047378541243653816, 1.000000000000000000 ) ) 
 REPRESENTATION_ITEM ( '' )  );
#6871 = PRESENTATION_STYLE_ASSIGNMENT (( #2801 ) ) ;
#6872 = DIRECTION ( 'NONE',  ( 1.000000000000000000, 0.000000000000000000, 0.000000000000000000 ) ) ;
#6873 = ORIENTED_EDGE ( 'NONE', *, *, #2344, .F. ) ;
#6874 = ORIENTED_EDGE ( 'NONE', *, *, #6091, .F. ) ;
#6875 = CIRCLE ( 'NONE', #1302, 0.7999999999999999334 ) ;
#6876 = DIRECTION ( 'NONE',  ( 0.8856505754816621501, -0.4643522996055910457, -0.000000000000000000 ) ) ;
#6877 = EDGE_CURVE ( 'NONE', #4164, #2181, #4134, .T. ) ;
#6878 = CARTESIAN_POINT ( 'NONE',  ( 3.914764973081037880, -0.1345149730810362709, 2.560235026918962209 ) ) ;
#6879 = CARTESIAN_POINT ( 'NONE',  ( 2.857175940933498914, 2.174379589732555296, 2.546128178236479300 ) ) ;
#6880 = LINE ( 'NONE', #788, #610 ) ;
#6881 = CARTESIAN_POINT ( 'NONE',  ( -1.222499999999999920, 0.2322500000000000397, -0.3800000000000000044 ) ) ;
#6882 = MECHANICAL_DESIGN_GEOMETRIC_PRESENTATION_REPRESENTATION (  '', ( #1876 ), #1746 ) ;
#6883 = DIRECTION ( 'NONE',  ( -1.000000000000000000, -4.497431234013940009E-16, -0.000000000000000000 ) ) ;
#6884 = LINE ( 'NONE', #4190, #23 ) ;
#6885 =( LENGTH_UNIT ( ) NAMED_UNIT ( * ) SI_UNIT ( .MILLI., .METRE. ) );
#6886 = SURFACE_SIDE_STYLE ('',( #4142 ) ) ;
#6887 = CARTESIAN_POINT ( 'NONE',  ( 3.050733942339916904, -3.047339589700896578, 0.6763674977999062365 ) ) ;
#6888 = CARTESIAN_POINT ( 'NONE',  ( 0.4760296638738873432, -0.7672500000000019860, -0.4636163929784103410 ) ) ;
#6889 = ORIENTED_EDGE ( 'NONE', *, *, #6762, .T. ) ;
#6890 = AXIS2_PLACEMENT_3D ( 'NONE', #4092, #5855, #8782 ) ;
#6891 = UNCERTAINTY_MEASURE_WITH_UNIT (LENGTH_MEASURE( 1.000000000000000082E-05 ), #2308, 'distance_accuracy_value', 'NONE');
#6892 = DIRECTION ( 'NONE',  ( 1.000000000000000000, 0.000000000000000000, -0.000000000000000000 ) ) ;
#6893 = ORIENTED_EDGE ( 'NONE', *, *, #361, .F. ) ;
#6894 = SURFACE_STYLE_USAGE ( .BOTH. , #2149 ) ;
#6895 = DIRECTION ( 'NONE',  ( 0.000000000000000000, 0.000000000000000000, -1.000000000000000000 ) ) ;
#6896 = CARTESIAN_POINT ( 'NONE',  ( 3.872500000000000053, -0.7672499999999999876, -2.160000000000000142 ) ) ;
#6897 = CARTESIAN_POINT ( 'NONE',  ( -0.5217543599545370059, -6.389648068594997516E-17, 2.329999999999999627 ) ) ;
#6898 = DIRECTION ( 'NONE',  ( 0.000000000000000000, -1.000000000000000000, -0.000000000000000000 ) ) ;
#6899 = FACE_OUTER_BOUND ( 'NONE', #422, .T. ) ;
#6900 = AXIS2_PLACEMENT_3D ( 'NONE', #3120, #5878, #977 ) ;
#6901 = SURFACE_SIDE_STYLE ('',( #6075 ) ) ;
#6902 = DIRECTION ( 'NONE',  ( 8.223874256482640091E-16, -1.000000000000000000, -0.000000000000000000 ) ) ;
#6903 = VECTOR ( 'NONE', #2385, 1000.000000000000000 ) ;
#6904 = UNCERTAINTY_MEASURE_WITH_UNIT (LENGTH_MEASURE( 1.000000000000000082E-05 ), #363, 'distance_accuracy_value', 'NONE');
#6905 = VERTEX_POINT ( 'NONE', #1252 ) ;
#6906 = PRESENTATION_STYLE_ASSIGNMENT (( #7588 ) ) ;
#6907 = CIRCLE ( 'NONE', #475, 0.09999999999999999167 ) ;
#6908 =( NAMED_UNIT ( * ) PLANE_ANGLE_UNIT ( ) SI_UNIT ( $, .RADIAN. ) );
#6909 = ORIENTED_EDGE ( 'NONE', *, *, #3703, .T. ) ;
#6910 = DIRECTION ( 'NONE',  ( -1.000000000000000000, 0.000000000000000000, -0.000000000000000000 ) ) ;
#6911 = ORIENTED_EDGE ( 'NONE', *, *, #611, .T. ) ;
#6912 = DIRECTION ( 'NONE',  ( 4.823386660693620032E-16, -1.000000000000000000, 0.000000000000000000 ) ) ;
#6913 = AXIS2_PLACEMENT_3D ( 'NONE', #1415, #3555, #6971 ) ;
#6914 = UNCERTAINTY_MEASURE_WITH_UNIT (LENGTH_MEASURE( 1.000000000000000082E-05 ), #8100, 'distance_accuracy_value', 'NONE');
#6915 =( LENGTH_UNIT ( ) NAMED_UNIT ( * ) SI_UNIT ( .MILLI., .METRE. ) );
#6916 = EDGE_CURVE ( 'NONE', #4948, #8284, #5148, .T. ) ;
#6917 = ORIENTED_EDGE ( 'NONE', *, *, #2005, .F. ) ;
#6918 = ORIENTED_EDGE ( 'NONE', *, *, #8036, .F. ) ;
#6919 = CARTESIAN_POINT ( 'NONE',  ( 0.8967811191995193054, -0.2461110386525654503, 2.204659952694484559 ) ) ;
#6920 = ORIENTED_EDGE ( 'NONE', *, *, #1795, .T. ) ;
#6921 = PLANE ( 'NONE',  #7941 ) ;
#6922 = ORIENTED_EDGE ( 'NONE', *, *, #5490, .T. ) ;
#6923 = SURFACE_STYLE_USAGE ( .BOTH. , #2758 ) ;
#6924 = DIRECTION ( 'NONE',  ( -4.823386660693620032E-16, 1.000000000000000000, 0.000000000000000000 ) ) ;
#6925 = CARTESIAN_POINT ( 'NONE',  ( -3.055000000000000604, 0.7672499999999990994, -2.660000000000000142 ) ) ;
#6926 = DIRECTION ( 'NONE',  ( 4.823386660693620032E-16, -1.000000000000000000, 0.000000000000000000 ) ) ;
#6927 = PRESENTATION_LAYER_ASSIGNMENT (  '', '', ( #3205 ) ) ;
#6928 = MECHANICAL_DESIGN_GEOMETRIC_PRESENTATION_REPRESENTATION (  '', ( #7216 ), #1913 ) ;
#6929 = EDGE_CURVE ( 'NONE', #7047, #42, #3097, .T. ) ;
#6930 = ADVANCED_FACE ( 'NONE', ( #2522 ), #5236, .F. ) ;
#6931 = EDGE_CURVE ( 'NONE', #1645, #5333, #2269, .T. ) ;
#6932 = EDGE_CURVE ( 'NONE', #5425, #4821, #5659, .T. ) ;
#6933 =( LENGTH_UNIT ( ) NAMED_UNIT ( * ) SI_UNIT ( .MILLI., .METRE. ) );
#6934 = SURFACE_SIDE_STYLE ('',( #8292 ) ) ;
#6935 = LINE ( 'NONE', #7420, #902 ) ;
#6936 =( NAMED_UNIT ( * ) SI_UNIT ( $, .STERADIAN. ) SOLID_ANGLE_UNIT ( ) );
#6937 =( NAMED_UNIT ( * ) SI_UNIT ( $, .STERADIAN. ) SOLID_ANGLE_UNIT ( ) );
#6938 = STYLED_ITEM ( 'NONE', ( #2819 ), #1022 ) ;
#6939 = COLOUR_RGB ( '',0.2862745098039215508, 0.2862745098039215508, 0.2862745098039215508 ) ;
#6940 = CIRCLE ( 'NONE', #6219, 0.1499999999999999667 ) ;
#6941 = DIRECTION ( 'NONE',  ( 0.000000000000000000, 0.000000000000000000, 1.000000000000000000 ) ) ;
#6942 = AXIS2_PLACEMENT_3D ( 'NONE', #2723, #838, #2809 ) ;
#6943 = CARTESIAN_POINT ( 'NONE',  ( -2.974041303662939395, 3.047499999999998543, 0.6749999999999998224 ) ) ;
#6944 = FILL_AREA_STYLE_COLOUR ( '', #4784 ) ;
#6945 =( NAMED_UNIT ( * ) PLANE_ANGLE_UNIT ( ) SI_UNIT ( $, .RADIAN. ) );
#6946 = CARTESIAN_POINT ( 'NONE',  ( 0.8524999999999997025, -0.1922500000000010034, -2.160000000000000142 ) ) ;
#6947 = CARTESIAN_POINT ( 'NONE',  ( 4.910235026918962298, -0.1345149730810362987, 1.986544668104517797 ) ) ;
#6948 = DIRECTION ( 'NONE',  ( 0.000000000000000000, 0.000000000000000000, 1.000000000000000000 ) ) ;
#6949 = CARTESIAN_POINT ( 'NONE',  ( -1.222499999999999698, 0.7672499999999992104, 1.899999999999999911 ) ) ;
#6950 = CARTESIAN_POINT ( 'NONE',  ( 4.787102839788670572, -0.7672499999999990994, -1.844279695023480103 ) ) ;
#6951 = LINE ( 'NONE', #4842, #4315 ) ;
#6952 = FACE_BOUND ( 'NONE', #5164, .T. ) ;
#6953 = DIRECTION ( 'NONE',  ( 0.000000000000000000, -1.000000000000000000, 0.000000000000000000 ) ) ;
#6954 = STYLED_ITEM ( 'NONE', ( #4569 ), #391 ) ;
#6955 = VERTEX_POINT ( 'NONE', #8418 ) ;
#6956 = DIRECTION ( 'NONE',  ( 1.821530803322650078E-16, -1.000000000000000000, 0.000000000000000000 ) ) ;
#6957 = ORIENTED_EDGE ( 'NONE', *, *, #1023, .T. ) ;
#6958 = DIRECTION ( 'NONE',  ( 1.000000000000000000, 8.223874256482640091E-16, 0.000000000000000000 ) ) ;
#6959 = CARTESIAN_POINT ( 'NONE',  ( 3.914764973081038768, -0.1345149730810343558, -2.560235026918963985 ) ) ;
#6960 = ORIENTED_EDGE ( 'NONE', *, *, #83, .F. ) ;
#6961 = DIRECTION ( 'NONE',  ( 0.000000000000000000, 0.000000000000000000, 1.000000000000000000 ) ) ;
#6962 = VECTOR ( 'NONE', #8439, 1000.000000000000000 ) ;
#6963 = CARTESIAN_POINT ( 'NONE',  ( -2.803133701591289828, 0.7618749999999989697, 2.380000000000000338 ) ) ;
#6964 = ADVANCED_FACE ( 'NONE', ( #878 ), #2228, .T. ) ;
#6965 = ORIENTED_EDGE ( 'NONE', *, *, #4602, .T. ) ;
#6966 = ORIENTED_EDGE ( 'NONE', *, *, #1291, .T. ) ;
#6967 = DIRECTION ( 'NONE',  ( -0.000000000000000000, 0.000000000000000000, 1.000000000000000000 ) ) ;
#6968 = CARTESIAN_POINT ( 'NONE',  ( 3.695609128038690017, -0.7672499999999998765, -0.6562182560773820450 ) ) ;
#6969 = ORIENTED_EDGE ( 'NONE', *, *, #5709, .T. ) ;
#6970 = ORIENTED_EDGE ( 'NONE', *, *, #1941, .T. ) ;
#6971 = DIRECTION ( 'NONE',  ( 1.000000000000000000, 0.000000000000000000, -0.000000000000000000 ) ) ;
#6972 = CARTESIAN_POINT ( 'NONE',  ( 3.239978287884055064, 2.174379589732553075, 2.251355915001152397 ) ) ;
#6973 = CARTESIAN_POINT ( 'NONE',  ( -3.242815959658425395, 0.04809771563645275083, -2.754999999999999893 ) ) ;
#6974 = FACE_OUTER_BOUND ( 'NONE', #5127, .T. ) ;
#6975 = DIRECTION ( 'NONE',  ( -1.000000000000000000, 0.000000000000000000, 0.000000000000000000 ) ) ;
#6976 = CARTESIAN_POINT ( 'NONE',  ( 3.881469336073860799, -0.1591874171070365440, 2.477594501859785137 ) ) ;
#6977 = CARTESIAN_POINT ( 'NONE',  ( -3.798064039089806609, 0.2699408224499634801, 1.899999999999999911 ) ) ;
#6978 = FACE_OUTER_BOUND ( 'NONE', #421, .T. ) ;
#6979 = FACE_OUTER_BOUND ( 'NONE', #6086, .T. ) ;
#6980 = EDGE_CURVE ( 'NONE', #5081, #4890, #4270, .T. ) ;
#6981 = EDGE_CURVE ( 'NONE', #6189, #2884, #700, .T. ) ;
#6982 = CARTESIAN_POINT ( 'NONE',  ( 4.910235026918961410, -0.1109450925483143613, -2.536665146386242409 ) ) ;
#6983 = CIRCLE ( 'NONE', #4990, 0.1000000000000002554 ) ;
#6984 = CARTESIAN_POINT ( 'NONE',  ( 4.852500000000000036, -0.1922499999999990050, 2.502499999999999947 ) ) ;
#6985 = UNCERTAINTY_MEASURE_WITH_UNIT (LENGTH_MEASURE( 1.000000000000000082E-05 ), #4390, 'distance_accuracy_value', 'NONE');
#6986 = COLOUR_RGB ( '',0.8313725490196077761, 0.8313725490196077761, 0.8313725490196077761 ) ;
#6987 = VERTEX_POINT ( 'NONE', #559 ) ;
#6988 =( LENGTH_UNIT ( ) NAMED_UNIT ( * ) SI_UNIT ( .MILLI., .METRE. ) );
#6989 = CARTESIAN_POINT ( 'NONE',  ( 3.772500000000000409, -0.4297499999999990217, -2.060000000000000053 ) ) ;
#6990 = CARTESIAN_POINT ( 'NONE',  ( -0.1307146481107805958, -0.5094754521695489258, 2.330000000000000959 ) ) ;
#6991 = FILL_AREA_STYLE_COLOUR ( '', #8457 ) ;
#6992 = MECHANICAL_DESIGN_GEOMETRIC_PRESENTATION_REPRESENTATION (  '', ( #3402 ), #2699 ) ;
#6993 = DIRECTION ( 'NONE',  ( -8.223874256482640091E-16, 1.000000000000000000, 0.000000000000000000 ) ) ;
#6994 =( GEOMETRIC_REPRESENTATION_CONTEXT ( 3 ) GLOBAL_UNCERTAINTY_ASSIGNED_CONTEXT ( ( #8058 ) ) GLOBAL_UNIT_ASSIGNED_CONTEXT ( ( #3047, #2386, #8527 ) ) REPRESENTATION_CONTEXT ( 'NONE', 'WORKASPACE' ) );
#6995 = EDGE_CURVE ( 'NONE', #5428, #2804, #190, .T. ) ;
#6996 = FILL_AREA_STYLE ('',( #5451 ) ) ;
#6997 = CARTESIAN_POINT ( 'NONE',  ( 2.803133701591289828, -0.7618749999999999689, 2.080000000000000071 ) ) ;
#6998 = UNCERTAINTY_MEASURE_WITH_UNIT (LENGTH_MEASURE( 1.000000000000000082E-05 ), #3854, 'distance_accuracy_value', 'NONE');
#6999 =( GEOMETRIC_REPRESENTATION_CONTEXT ( 3 ) GLOBAL_UNCERTAINTY_ASSIGNED_CONTEXT ( ( #5642 ) ) GLOBAL_UNIT_ASSIGNED_CONTEXT ( ( #6405, #7848, #3034 ) ) REPRESENTATION_CONTEXT ( 'NONE', 'WORKASPACE' ) );
#7000 = ORIENTED_EDGE ( 'NONE', *, *, #7403, .F. ) ;
#7001 = CARTESIAN_POINT ( 'NONE',  ( -3.833333768778733663, 0.1521730769230765501, 0.000000000000000000 ) ) ;
#7002 = FILL_AREA_STYLE_COLOUR ( '', #4405 ) ;
#7003 = EDGE_LOOP ( 'NONE', ( #4264, #1003, #3281, #2574 ) ) ;
#7004 = FILL_AREA_STYLE ('',( #8496 ) ) ;
#7005 = CARTESIAN_POINT ( 'NONE',  ( 3.930540350905548319, -0.04071043145249938350, -2.455518577200448416 ) ) ;
#7006 = ORIENTED_EDGE ( 'NONE', *, *, #8808, .T. ) ;
#7007 = AXIS2_PLACEMENT_3D ( 'NONE', #2341, #5064, #1708 ) ;
#7008 = VECTOR ( 'NONE', #6341, 1000.000000000000000 ) ;
#7009 = FILL_AREA_STYLE ('',( #6137 ) ) ;
#7010 = UNCERTAINTY_MEASURE_WITH_UNIT (LENGTH_MEASURE( 1.000000000000000082E-05 ), #7218, 'distance_accuracy_value', 'NONE');
#7011 = DIRECTION ( 'NONE',  ( 0.05882415968471822743, 0.000000000000000000, -0.9982683598298539573 ) ) ;
#7012 = VECTOR ( 'NONE', #7278, 1000.000000000000000 ) ;
#7013 = ORIENTED_EDGE ( 'NONE', *, *, #2393, .T. ) ;
#7014 = ORIENTED_EDGE ( 'NONE', *, *, #3358, .T. ) ;
#7015 = COLOUR_RGB ( '',0.8313725490196077761, 0.8313725490196077761, 0.8313725490196077761 ) ;
#7016 = LINE ( 'NONE', #679, #1990 ) ;
#7017 = FILL_AREA_STYLE ('',( #4570 ) ) ;
#7018 = VERTEX_POINT ( 'NONE', #1298 ) ;
#7019 = EDGE_LOOP ( 'NONE', ( #1588, #8813, #5000, #6428 ) ) ;
#7020 = CARTESIAN_POINT ( 'NONE',  ( -3.903095123049499904, -0.008589285714289650320, -2.754999999999999893 ) ) ;
#7021 = SURFACE_STYLE_FILL_AREA ( #836 ) ;
#7022 = COLOUR_RGB ( '',0.8313725490196077761, 0.8313725490196077761, 0.8313725490196077761 ) ;
#7023 = CARTESIAN_POINT ( 'NONE',  ( 4.687102839788670039, -0.1922499999999990050, 1.944279695023480192 ) ) ;
#7024 = AXIS2_PLACEMENT_3D ( 'NONE', #5988, #8757, #5863 ) ;
#7025 =( LENGTH_UNIT ( ) NAMED_UNIT ( * ) SI_UNIT ( .MILLI., .METRE. ) );
#7026 =( NAMED_UNIT ( * ) SI_UNIT ( $, .STERADIAN. ) SOLID_ANGLE_UNIT ( ) );
#7027 = SURFACE_STYLE_FILL_AREA ( #2188 ) ;
#7028 = SURFACE_STYLE_FILL_AREA ( #4425 ) ;
#7029 = CARTESIAN_POINT ( 'NONE',  ( -4.952500000000000568, -0.3322500000000009890, 1.899999999999999911 ) ) ;
#7030 = DIRECTION ( 'NONE',  ( 0.000000000000000000, 0.000000000000000000, -1.000000000000000000 ) ) ;
#7031 = SURFACE_SIDE_STYLE ('',( #1564 ) ) ;
#7032 = STYLED_ITEM ( 'NONE', ( #1427 ), #7652 ) ;
#7033 = CARTESIAN_POINT ( 'NONE',  ( 3.913921356237309190, -0.09224999999999898559, 1.977157287525381335 ) ) ;
#7034 = STYLED_ITEM ( 'NONE', ( #1614 ), #3472 ) ;
#7035 = LINE ( 'NONE', #4478, #4207 ) ;
#7036 = ADVANCED_FACE ( 'NONE', ( #3344 ), #7757, .T. ) ;
#7037 = PRESENTATION_STYLE_ASSIGNMENT (( #4288 ) ) ;
#7038 = CARTESIAN_POINT ( 'NONE',  ( 0.8525000000000000355, -0.7672500000000009868, -0.8629237369103519573 ) ) ;
#7039 = PRESENTATION_LAYER_ASSIGNMENT (  '', '', ( #4599 ) ) ;
#7040 = CARTESIAN_POINT ( 'NONE',  ( 0.4278595682413099954, -0.3025170797989927829, 2.329999999999999627 ) ) ;
#7041 = CARTESIAN_POINT ( 'NONE',  ( 5.010466438303961212, -0.2930589658626799876, 2.544530276237607858 ) ) ;
#7042 = CARTESIAN_POINT ( 'NONE',  ( 3.772500000000000409, -0.7672499999999999876, 2.060000000000000053 ) ) ;
#7043 =( NAMED_UNIT ( * ) SI_UNIT ( $, .STERADIAN. ) SOLID_ANGLE_UNIT ( ) );
#7044 = STYLED_ITEM ( 'NONE', ( #7453 ), #3754 ) ;
#7045 =( LENGTH_UNIT ( ) NAMED_UNIT ( * ) SI_UNIT ( .MILLI., .METRE. ) );
#7046 = ORIENTED_EDGE ( 'NONE', *, *, #3108, .F. ) ;
#7047 = VERTEX_POINT ( 'NONE', #6439 ) ;
#7048 = CARTESIAN_POINT ( 'NONE',  ( -2.962554341017594073, -2.740054341017592154, 2.277914424562274220 ) ) ;
#7049 = EDGE_CURVE ( 'NONE', #2256, #6246, #5126, .T. ) ;
#7050 = AXIS2_PLACEMENT_3D ( 'NONE', #1468, #6924, #3510 ) ;
#7051 = DIRECTION ( 'NONE',  ( -1.000000000000000000, 0.000000000000000000, -0.000000000000000000 ) ) ;
#7052 = ORIENTED_EDGE ( 'NONE', *, *, #7686, .F. ) ;
#7053 = CARTESIAN_POINT ( 'NONE',  ( 4.852500000000000036, -0.1922499999999990883, -2.044279695023480059 ) ) ;
#7054 = CARTESIAN_POINT ( 'NONE',  ( 4.943530663926140711, -0.1591874171070354060, -2.069185193163693537 ) ) ;
#7055 = ORIENTED_EDGE ( 'NONE', *, *, #4847, .F. ) ;
#7056 = AXIS2_PLACEMENT_3D ( 'NONE', #2244, #8440, #850 ) ;
#7057 = CARTESIAN_POINT ( 'NONE',  ( -3.319999999999999840, 0.7672499999999990994, 2.660000000000000142 ) ) ;
#7058 = MECHANICAL_DESIGN_GEOMETRIC_PRESENTATION_REPRESENTATION (  '', ( #3608 ), #6630 ) ;
#7059 = ORIENTED_EDGE ( 'NONE', *, *, #3921, .F. ) ;
#7060 = ORIENTED_EDGE ( 'NONE', *, *, #3921, .T. ) ;
#7061 = CARTESIAN_POINT ( 'NONE',  ( 3.372500000000000053, -0.09224999999999956846, 2.059999999999999609 ) ) ;
#7062 = DIRECTION ( 'NONE',  ( 1.000000000000000000, 4.497431234013940009E-16, -0.000000000000000000 ) ) ;
#7063 = ORIENTED_EDGE ( 'NONE', *, *, #2828, .F. ) ;
#7064 = CARTESIAN_POINT ( 'NONE',  ( 0.3819120798423590313, -0.1332326644504905067, -0.3637895569954249786 ) ) ;
#7065 = ORIENTED_EDGE ( 'NONE', *, *, #1952, .T. ) ;
#7066 = ORIENTED_EDGE ( 'NONE', *, *, #7525, .F. ) ;
#7067 = STYLED_ITEM ( 'NONE', ( #8731 ), #8724 ) ;
#7068 = FACE_OUTER_BOUND ( 'NONE', #7775, .T. ) ;
#7069 = COLOUR_RGB ( '',0.8313725490196077761, 0.8313725490196077761, 0.8313725490196077761 ) ;
#7070 = VECTOR ( 'NONE', #7293, 1000.000000000000000 ) ;
#7071 =( NAMED_UNIT ( * ) PLANE_ANGLE_UNIT ( ) SI_UNIT ( $, .RADIAN. ) );
#7072 = DIRECTION ( 'NONE',  ( 0.000000000000000000, 1.000000000000000000, 0.000000000000000000 ) ) ;
#7073 = CARTESIAN_POINT ( 'NONE',  ( -0.03299936581382582196, 0.5217879158365161807, 2.330000000000000515 ) ) ;
#7074 = STYLED_ITEM ( 'NONE', ( #6600 ), #4176 ) ;
#7075 = COLOUR_RGB ( '',0.8313725490196077761, 0.8313725490196077761, 0.8313725490196077761 ) ;
#7076 = CARTESIAN_POINT ( 'NONE',  ( 0.4525000000000000688, -0.7672500000000019860, -0.8629237369103519573 ) ) ;
#7077 = LINE ( 'NONE', #5760, #4196 ) ;
#7078 = UNCERTAINTY_MEASURE_WITH_UNIT (LENGTH_MEASURE( 1.000000000000000082E-05 ), #2020, 'distance_accuracy_value', 'NONE');
#7079 = PRODUCT_DEFINITION ( 'UNKNOWN', '', #3201, #8321 ) ;
#7080 = PRESENTATION_LAYER_ASSIGNMENT (  '', '', ( #1216 ) ) ;
#7081 = CARTESIAN_POINT ( 'NONE',  ( 4.760658727481964725, -0.02531586835139524802, 2.526594889548318790 ) ) ;
#7082 = MECHANICAL_DESIGN_GEOMETRIC_PRESENTATION_REPRESENTATION (  '', ( #494 ), #6518 ) ;
#7083 = CARTESIAN_POINT ( 'NONE',  ( -2.970000000000000639, -2.371979103387989785, -0.5488734380408859526 ) ) ;
#7084 =( NAMED_UNIT ( * ) SI_UNIT ( $, .STERADIAN. ) SOLID_ANGLE_UNIT ( ) );
#7085 = PRESENTATION_LAYER_ASSIGNMENT (  '', '', ( #8815 ) ) ;
#7086 = CARTESIAN_POINT ( 'NONE',  ( 0.5217543599545370059, 3.611118645726067224E-32, 2.329999999999999627 ) ) ;
#7087 = CARTESIAN_POINT ( 'NONE',  ( 4.798638961347439391, -0.1365311191995192130, -2.647159952694481344 ) ) ;
#7088 = DIRECTION ( 'NONE',  ( 0.000000000000000000, 0.000000000000000000, 1.000000000000000000 ) ) ;
#7089 =( NAMED_UNIT ( * ) SI_UNIT ( $, .STERADIAN. ) SOLID_ANGLE_UNIT ( ) );
#7090 =( GEOMETRIC_REPRESENTATION_CONTEXT ( 3 ) GLOBAL_UNCERTAINTY_ASSIGNED_CONTEXT ( ( #3771 ) ) GLOBAL_UNIT_ASSIGNED_CONTEXT ( ( #986, #1568, #8519 ) ) REPRESENTATION_CONTEXT ( 'NONE', 'WORKASPACE' ) );
#7091 = UNCERTAINTY_MEASURE_WITH_UNIT (LENGTH_MEASURE( 1.000000000000000082E-05 ), #1283, 'distance_accuracy_value', 'NONE');
#7092 = ORIENTED_EDGE ( 'NONE', *, *, #5381, .F. ) ;
#7093 = CARTESIAN_POINT ( 'NONE',  ( -2.711957121663943315, -2.676322658523814013, 2.349314787551514350 ) ) ;
#7094 = CARTESIAN_POINT ( 'NONE',  ( 4.910235026918963186, -0.1580848536137566540, 1.962974787571796220 ) ) ;
#7095 = VERTEX_POINT ( 'NONE', #428 ) ;
#7096 = DIRECTION ( 'NONE',  ( 1.000000000000000000, 0.000000000000000000, -0.000000000000000000 ) ) ;
#7097 = DIRECTION ( 'NONE',  ( 0.000000000000000000, -1.000000000000000000, -0.000000000000000000 ) ) ;
#7098 = CARTESIAN_POINT ( 'NONE',  ( 0.9105403509055477462, -0.04071043145250178436, -2.013018577200450299 ) ) ;
#7099 = EDGE_CURVE ( 'NONE', #2458, #3451, #7742, .T. ) ;
#7100 = ADVANCED_FACE ( 'NONE', ( #4410 ), #3157, .T. ) ;
#7101 = ADVANCED_FACE ( 'NONE', ( #5920 ), #1623, .F. ) ;
#7102 = ADVANCED_FACE ( 'NONE', ( #7396 ), #8720, .T. ) ;
#7103 = UNCERTAINTY_MEASURE_WITH_UNIT (LENGTH_MEASURE( 1.000000000000000082E-05 ), #7045, 'distance_accuracy_value', 'NONE');
#7104 = EDGE_LOOP ( 'NONE', ( #3391, #6394, #3952, #184, #3113 ) ) ;
#7105 = ORIENTED_EDGE ( 'NONE', *, *, #4916, .F. ) ;
#7106 =( NAMED_UNIT ( * ) SI_UNIT ( $, .STERADIAN. ) SOLID_ANGLE_UNIT ( ) );
#7107 = FILL_AREA_STYLE ('',( #4734 ) ) ;
#7108 = ORIENTED_EDGE ( 'NONE', *, *, #69, .T. ) ;
#7109 =( GEOMETRIC_REPRESENTATION_CONTEXT ( 3 ) GLOBAL_UNCERTAINTY_ASSIGNED_CONTEXT ( ( #8784 ) ) GLOBAL_UNIT_ASSIGNED_CONTEXT ( ( #2520, #4568, #7616 ) ) REPRESENTATION_CONTEXT ( 'NONE', 'WORKASPACE' ) );
#7110 = MECHANICAL_DESIGN_GEOMETRIC_PRESENTATION_REPRESENTATION (  '', ( #2099 ), #3238 ) ;
#7111 = CARTESIAN_POINT ( 'NONE',  ( 3.972500000000001030, -0.1922499999999987275, 2.502499999999999947 ) ) ;
#7112 = MECHANICAL_DESIGN_GEOMETRIC_PRESENTATION_REPRESENTATION (  '', ( #6676 ), #6402 ) ;
#7113 = MECHANICAL_DESIGN_GEOMETRIC_PRESENTATION_REPRESENTATION (  '', ( #6835 ), #2982 ) ;
#7114 = CYLINDRICAL_SURFACE ( 'NONE', #1107, 0.9999999999999692468 ) ;
#7115 = FACE_OUTER_BOUND ( 'NONE', #6235, .T. ) ;
#7116 = CARTESIAN_POINT ( 'NONE',  ( 0.4525000000000000688, -0.7672500000000019860, -0.8629237369103519573 ) ) ;
#7117 = FACE_OUTER_BOUND ( 'NONE', #2366, .T. ) ;
#7118 = CARTESIAN_POINT ( 'NONE',  ( 3.372499999999999609, -0.1922499999999990883, -2.060000000000000053 ) ) ;
#7119 = CARTESIAN_POINT ( 'NONE',  ( 3.972500000000000142, -0.1922499999999993381, 2.502499999999999947 ) ) ;
#7120 = DIRECTION ( 'NONE',  ( -1.000000000000000000, -4.497431234013940009E-16, 0.000000000000000000 ) ) ;
#7121 = CARTESIAN_POINT ( 'NONE',  ( 4.910235026918964074, -0.1345149730810374644, -1.986544668104515354 ) ) ;
#7122 = DIRECTION ( 'NONE',  ( 0.000000000000000000, 0.000000000000000000, 1.000000000000000000 ) ) ;
#7123 = FILL_AREA_STYLE ('',( #6503 ) ) ;
#7124 = COLOUR_RGB ( '',0.8313725490196077761, 0.8313725490196077761, 0.8313725490196077761 ) ;
#7125 = DIRECTION ( 'NONE',  ( -1.000000000000000000, 0.000000000000000000, 0.000000000000000000 ) ) ;
#7126 =( NAMED_UNIT ( * ) SI_UNIT ( $, .STERADIAN. ) SOLID_ANGLE_UNIT ( ) );
#7127 = CARTESIAN_POINT ( 'NONE',  ( 4.961021061192350423, -0.1889472805623706730, 2.563881300126909846 ) ) ;
#7128 = CARTESIAN_POINT ( 'NONE',  ( 0.8947649730810371960, -0.1345149730810372424, 2.117735026918962760 ) ) ;
#7129 = FACE_OUTER_BOUND ( 'NONE', #2407, .T. ) ;
#7130 = STYLED_ITEM ( 'NONE', ( #1839 ), #5658 ) ;
#7131 = ORIENTED_EDGE ( 'NONE', *, *, #1952, .F. ) ;
#7132 = CARTESIAN_POINT ( 'NONE',  ( -3.833333768778730111, 0.1521730769230758840, -2.660000000000000142 ) ) ;
#7133 = ORIENTED_EDGE ( 'NONE', *, *, #7099, .T. ) ;
#7134 = DIRECTION ( 'NONE',  ( 0.8233548815373525898, -0.5675268619621559596, 0.000000000000000000 ) ) ;
#7135 = ORIENTED_EDGE ( 'NONE', *, *, #4464, .F. ) ;
#7136 = PRESENTATION_LAYER_ASSIGNMENT (  '', '', ( #1700 ) ) ;
#7137 = FACE_OUTER_BOUND ( 'NONE', #5114, .T. ) ;
#7138 = CARTESIAN_POINT ( 'NONE',  ( 0.8614693360738600036, -0.1591874171070377375, -2.035094501859785687 ) ) ;
#7139 = CIRCLE ( 'NONE', #3268, 0.09999999999999999167 ) ;
#7140 = ORIENTED_EDGE ( 'NONE', *, *, #923, .F. ) ;
#7141 = ORIENTED_EDGE ( 'NONE', *, *, #1135, .T. ) ;
#7142 =( BOUNDED_SURFACE ( )  B_SPLINE_SURFACE ( 3, 3, ( 
 ( #3654, #6409, #3798, #252 ),
 ( #2380, #2283, #4472, #7247 ),
 ( #7891, #5800, #4378, #5014 ),
 ( #942, #6453, #1701, #6535 ) ),
 .UNSPECIFIED., .F., .F., .F. ) 
 B_SPLINE_SURFACE_WITH_KNOTS ( ( 4, 4 ),
 ( 4, 4 ),
 ( 0.000000000000000000, 1.000000000000000000 ),
 ( 0.000000000000000000, 1.000000000000000000 ),
 .UNSPECIFIED. ) 
 GEOMETRIC_REPRESENTATION_ITEM ( )  RATIONAL_B_SPLINE_SURFACE ( (
 ( 1.000000000000000000, 0.3333333333333330928, 0.3333333333333330928, 1.000000000000000000),
 ( 0.9339074174805906958, 0.3113024724935299914, 0.3113024724935299914, 0.9339074174805906958),
 ( 0.9339074174805906958, 0.3113024724935299914, 0.3113024724935299914, 0.9339074174805906958),
 ( 1.000000000000000000, 0.3333333333333330928, 0.3333333333333330928, 1.000000000000000000) ) ) 
 REPRESENTATION_ITEM ( '' )  SURFACE ( )  );
#7143 = CARTESIAN_POINT ( 'NONE',  ( -3.270000000000000018, 3.047499999999998987, 0.07846988903112331326 ) ) ;
#7144 = CARTESIAN_POINT ( 'NONE',  ( 3.406665146386241627, -0.1345149730810376865, -2.141304907451683892 ) ) ;
#7145 =( GEOMETRIC_REPRESENTATION_CONTEXT ( 3 ) GLOBAL_UNCERTAINTY_ASSIGNED_CONTEXT ( ( #5814 ) ) GLOBAL_UNIT_ASSIGNED_CONTEXT ( ( #3474, #6838, #7026 ) ) REPRESENTATION_CONTEXT ( 'NONE', 'WORKASPACE' ) );
#7146 = ADVANCED_FACE ( 'NONE', ( #8848 ), #4977, .T. ) ;
#7147 = ORIENTED_EDGE ( 'NONE', *, *, #1398, .F. ) ;
#7148 = UNCERTAINTY_MEASURE_WITH_UNIT (LENGTH_MEASURE( 1.000000000000000082E-05 ), #2895, 'distance_accuracy_value', 'NONE');
#7149 = FILL_AREA_STYLE ('',( #152 ) ) ;
#7150 = SURFACE_SIDE_STYLE ('',( #2415 ) ) ;
#7151 = VECTOR ( 'NONE', #5908, 1000.000000000000000 ) ;
#7152 = AXIS2_PLACEMENT_3D ( 'NONE', #8505, #8417, #1727 ) ;
#7153 = SURFACE_SIDE_STYLE ('',( #7798 ) ) ;
#7154 = VECTOR ( 'NONE', #8137, 1000.000000000000000 ) ;
#7155 = CARTESIAN_POINT ( 'NONE',  ( 3.879190199105533310, -0.1434107350525323232, 2.506868729000465201 ) ) ;
#7156 = ADVANCED_FACE ( 'NONE', ( #7593 ), #4809, .T. ) ;
#7157 = CARTESIAN_POINT ( 'NONE',  ( 3.872500000000000053, -0.1922499999999990050, -2.502499999999999947 ) ) ;
#7158 = VECTOR ( 'NONE', #8153, 1000.000000000000000 ) ;
#7159 = DIRECTION ( 'NONE',  ( 0.000000000000000000, -1.000000000000000000, 0.000000000000000000 ) ) ;
#7160 = SURFACE_STYLE_USAGE ( .BOTH. , #7670 ) ;
#7161 = DIRECTION ( 'NONE',  ( 5.482582837655000045E-16, -1.000000000000000000, 0.000000000000000000 ) ) ;
#7162 = CARTESIAN_POINT ( 'NONE',  ( 3.872500000000000497, -0.1336713562373084418, 2.060000000000000053 ) ) ;
#7163 = UNCERTAINTY_MEASURE_WITH_UNIT (LENGTH_MEASURE( 1.000000000000000082E-05 ), #2162, 'distance_accuracy_value', 'NONE');
#7164 = STYLED_ITEM ( 'NONE', ( #4310 ), #7258 ) ;
#7165 =( NAMED_UNIT ( * ) SI_UNIT ( $, .STERADIAN. ) SOLID_ANGLE_UNIT ( ) );
#7166 = CARTESIAN_POINT ( 'NONE',  ( 3.372500000000000053, -0.7672500000000009868, 2.160000000000000142 ) ) ;
#7167 = CARTESIAN_POINT ( 'NONE',  ( 0.9525000000000000133, -0.1922500000000010034, -0.8629237369103519573 ) ) ;
#7168 = LINE ( 'NONE', #6459, #5545 ) ;
#7169 = CARTESIAN_POINT ( 'NONE',  ( 0.8940452588282802315, -0.09225000000000049827, -0.6257530980681527133 ) ) ;
#7170 = DIRECTION ( 'NONE',  ( 5.482582837655000045E-16, -1.000000000000000000, 0.000000000000000000 ) ) ;
#7171 = CARTESIAN_POINT ( 'NONE',  ( 4.901339264947466745, -0.1878812709995328900, -2.595809800894467223 ) ) ;
#7172 = PRESENTATION_LAYER_ASSIGNMENT (  '', '', ( #1024 ) ) ;
#7173 = FILL_AREA_STYLE ('',( #4440 ) ) ;
#7174 = UNCERTAINTY_MEASURE_WITH_UNIT (LENGTH_MEASURE( 1.000000000000000082E-05 ), #5592, 'distance_accuracy_value', 'NONE');
#7175 = ORIENTED_EDGE ( 'NONE', *, *, #6145, .T. ) ;
#7176 = DIRECTION ( 'NONE',  ( 0.9931903090196375627, 0.000000000000000000, 0.1165032620550898596 ) ) ;
#7177 = EDGE_LOOP ( 'NONE', ( #2505, #5564, #39, #5690, #7230, #7964, #1906, #6826, #5468, #588, #8492, #2402, #8369, #3494, #8465, #8283, #5792, #1632, #7329, #5654, #827, #771, #2984, #2034, #1143, #2663, #2490, #4530, #3194, #8799, #423, #2031, #1881, #4227, #7788, #4224 ) ) ;
#7178 = DIRECTION ( 'NONE',  ( 8.223874256482640091E-16, -1.000000000000000000, 0.000000000000000000 ) ) ;
#7179 = FACE_OUTER_BOUND ( 'NONE', #3988, .T. ) ;
#7180 = AXIS2_PLACEMENT_3D ( 'NONE', #1161, #3251, #3883 ) ;
#7181 = CARTESIAN_POINT ( 'NONE',  ( 2.803133701591289384, 2.625354187302470166, 2.350525286078502862 ) ) ;
#7182 = COLOUR_RGB ( '',0.8313725490196077761, 0.8313725490196077761, 0.8313725490196077761 ) ;
#7183 = ORIENTED_EDGE ( 'NONE', *, *, #1940, .F. ) ;
#7184 = CARTESIAN_POINT ( 'NONE',  ( 4.852500000000000036, -0.1922499999999989773, 2.044279695023480059 ) ) ;
#7185 = SURFACE_STYLE_USAGE ( .BOTH. , #6484 ) ;
#7186 = EDGE_LOOP ( 'NONE', ( #2163, #546, #4666, #4543 ) ) ;
#7187 = DIRECTION ( 'NONE',  ( 0.000000000000000000, 0.000000000000000000, 1.000000000000000000 ) ) ;
#7188 = MECHANICAL_DESIGN_GEOMETRIC_PRESENTATION_REPRESENTATION (  '', ( #6018 ), #188 ) ;
#7189 = DIRECTION ( 'NONE',  ( 0.000000000000000000, 1.000000000000000000, 0.000000000000000000 ) ) ;
#7190 = CARTESIAN_POINT ( 'NONE',  ( 2.962554341017597626, -2.740054341017593931, 2.277914424562275553 ) ) ;
#7191 = STYLED_ITEM ( 'NONE', ( #7530 ), #8252 ) ;
#7192 = VECTOR ( 'NONE', #208, 1000.000000000000000 ) ;
#7193 = CARTESIAN_POINT ( 'NONE',  ( 4.682500000000000107, -0.1922499999999990050, -2.502499999999999947 ) ) ;
#7194 = SHAPE_REPRESENTATION ( '2', ( #2356 ), #757 ) ;
#7195 = VERTEX_POINT ( 'NONE', #1404 ) ;
#7196 =( GEOMETRIC_REPRESENTATION_CONTEXT ( 3 ) GLOBAL_UNCERTAINTY_ASSIGNED_CONTEXT ( ( #8367 ) ) GLOBAL_UNIT_ASSIGNED_CONTEXT ( ( #1198, #4553, #1866 ) ) REPRESENTATION_CONTEXT ( 'NONE', 'WORKASPACE' ) );
#7197 = PRESENTATION_STYLE_ASSIGNMENT (( #2504 ) ) ;
#7198 = SURFACE_STYLE_FILL_AREA ( #5927 ) ;
#7199 =( GEOMETRIC_REPRESENTATION_CONTEXT ( 3 ) GLOBAL_UNCERTAINTY_ASSIGNED_CONTEXT ( ( #1152 ) ) GLOBAL_UNIT_ASSIGNED_CONTEXT ( ( #7426, #8834, #4054 ) ) REPRESENTATION_CONTEXT ( 'NONE', 'WORKASPACE' ) );
#7200 = SURFACE_SIDE_STYLE ('',( #7028 ) ) ;
#7201 =( NAMED_UNIT ( * ) SI_UNIT ( $, .STERADIAN. ) SOLID_ANGLE_UNIT ( ) );
#7202 = DIRECTION ( 'NONE',  ( -0.000000000000000000, -0.000000000000000000, -1.000000000000000000 ) ) ;
#7203 = PRODUCT_DEFINITION_SHAPE ( 'NONE', 'NONE',  #8906 ) ;
#7204 = AXIS2_PLACEMENT_3D ( 'NONE', #4320, #7062, #7696 ) ;
#7205 =( GEOMETRIC_REPRESENTATION_CONTEXT ( 3 ) GLOBAL_UNCERTAINTY_ASSIGNED_CONTEXT ( ( #965 ) ) GLOBAL_UNIT_ASSIGNED_CONTEXT ( ( #3788, #8593, #5172 ) ) REPRESENTATION_CONTEXT ( 'NONE', 'WORKASPACE' ) );
#7206 = CARTESIAN_POINT ( 'NONE',  ( 3.855342712474619571, -0.09224999999999898559, 1.918578643762690605 ) ) ;
#7207 = EDGE_CURVE ( 'NONE', #4987, #370, #8471, .T. ) ;
#7208 = EDGE_CURVE ( 'NONE', #5993, #1278, #5556, .T. ) ;
#7209 = EDGE_CURVE ( 'NONE', #6124, #2667, #6181, .T. ) ;
#7210 = CARTESIAN_POINT ( 'NONE',  ( -1.222499999999999920, 0.2322500000000000397, 1.899999999999999911 ) ) ;
#7211 =( LENGTH_UNIT ( ) NAMED_UNIT ( * ) SI_UNIT ( .MILLI., .METRE. ) );
#7212 = CARTESIAN_POINT ( 'NONE',  ( 0.6714789782912454763, -0.09225000000000060929, -0.4132438281099360955 ) ) ;
#7213 = PRESENTATION_STYLE_ASSIGNMENT (( #1082 ) ) ;
#7214 = DIRECTION ( 'NONE',  ( -1.000000000000000000, -3.121165646469829784E-16, -9.247898211762461084E-17 ) ) ;
#7215 = VECTOR ( 'NONE', #7412, 1000.000000000000000 ) ;
#7216 = STYLED_ITEM ( 'NONE', ( #8255 ), #5120 ) ;
#7217 = CARTESIAN_POINT ( 'NONE',  ( 2.938415680989883150, 2.993959373992128192, 1.871093634746095802 ) ) ;
#7218 =( LENGTH_UNIT ( ) NAMED_UNIT ( * ) SI_UNIT ( .MILLI., .METRE. ) );
#7219 =( NAMED_UNIT ( * ) PLANE_ANGLE_UNIT ( ) SI_UNIT ( $, .RADIAN. ) );
#7220 = AXIS2_PLACEMENT_3D ( 'NONE', #859, #6902, #2920 ) ;
#7221 = ORIENTED_EDGE ( 'NONE', *, *, #7357, .F. ) ;
#7222 = ORIENTED_EDGE ( 'NONE', *, *, #1183, .T. ) ;
#7223 = CARTESIAN_POINT ( 'NONE',  ( 0.4828545436856734874, -0.1922500000000010312, 0.4637851157063200280 ) ) ;
#7224 = CARTESIAN_POINT ( 'NONE',  ( -3.414865336152355990, -0.3451191649770723457, 0.000000000000000000 ) ) ;
#7225 = PRESENTATION_STYLE_ASSIGNMENT (( #1766 ) ) ;
#7226 = COLOUR_RGB ( '',0.8313725490196077761, 0.8313725490196077761, 0.8313725490196077761 ) ;
#7227 = PRESENTATION_LAYER_ASSIGNMENT (  '', '', ( #622 ) ) ;
#7228 = CARTESIAN_POINT ( 'NONE',  ( 0.9183348536137581064, -0.1345149730810369371, -2.141304907451683448 ) ) ;
#7229 = SURFACE_SIDE_STYLE ('',( #5823 ) ) ;
#7230 = ORIENTED_EDGE ( 'NONE', *, *, #6275, .T. ) ;
#7231 = AXIS2_PLACEMENT_3D ( 'NONE', #3237, #8170, #8039 ) ;
#7232 = VERTEX_POINT ( 'NONE', #3063 ) ;
#7233 = LINE ( 'NONE', #5829, #8308 ) ;
#7234 = SURFACE_STYLE_USAGE ( .BOTH. , #1686 ) ;
#7235 = ORIENTED_EDGE ( 'NONE', *, *, #7270, .F. ) ;
#7236 =( GEOMETRIC_REPRESENTATION_CONTEXT ( 3 ) GLOBAL_UNCERTAINTY_ASSIGNED_CONTEXT ( ( #5188 ) ) GLOBAL_UNIT_ASSIGNED_CONTEXT ( ( #3713, #6366, #7084 ) ) REPRESENTATION_CONTEXT ( 'NONE', 'WORKASPACE' ) );
#7237 = CARTESIAN_POINT ( 'NONE',  ( 3.372500000000000053, -0.1922499999999997822, 2.060000000000000053 ) ) ;
#7238 = DIRECTION ( 'NONE',  ( -4.823386660693620032E-16, 1.000000000000000000, -0.000000000000000000 ) ) ;
#7239 = EDGE_CURVE ( 'NONE', #2551, #5694, #3022, .T. ) ;
#7240 = SURFACE_SIDE_STYLE ('',( #4507 ) ) ;
#7241 = MECHANICAL_DESIGN_GEOMETRIC_PRESENTATION_REPRESENTATION (  '', ( #6954 ), #5366 ) ;
#7242 = VECTOR ( 'NONE', #5052, 1000.000000000000000 ) ;
#7243 = SURFACE_STYLE_FILL_AREA ( #4510 ) ;
#7244 = FILL_AREA_STYLE ('',( #5796 ) ) ;
#7245 =( NAMED_UNIT ( * ) SI_UNIT ( $, .STERADIAN. ) SOLID_ANGLE_UNIT ( ) );
#7246 = DIRECTION ( 'NONE',  ( 0.4643522996055910457, 0.8856505754816621501, 0.000000000000000000 ) ) ;
#7247 = CARTESIAN_POINT ( 'NONE',  ( -3.033395408916101488, 2.650969074868140041, 2.226651584001123396 ) ) ;
#7248 = FILL_AREA_STYLE ('',( #8732 ) ) ;
#7249 = PLANE ( 'NONE',  #3202 ) ;
#7250 = MECHANICAL_DESIGN_GEOMETRIC_PRESENTATION_REPRESENTATION (  '', ( #2671 ), #3815 ) ;
#7251 = FILL_AREA_STYLE ('',( #8102 ) ) ;
#7252 = AXIS2_PLACEMENT_3D ( 'NONE', #1749, #3570, #5059 ) ;
#7253 =( NAMED_UNIT ( * ) PLANE_ANGLE_UNIT ( ) SI_UNIT ( $, .RADIAN. ) );
#7254 = CARTESIAN_POINT ( 'NONE',  ( -2.962554341017593629, -2.740054341017593931, 2.277914424562274665 ) ) ;
#7255 = SURFACE_STYLE_USAGE ( .BOTH. , #4650 ) ;
#7256 =( NAMED_UNIT ( * ) PLANE_ANGLE_UNIT ( ) SI_UNIT ( $, .RADIAN. ) );
#7257 = CYLINDRICAL_SURFACE ( 'NONE', #1431, 0.09999999999999982514 ) ;
#7258 = ADVANCED_FACE ( 'NONE', ( #3111 ), #5296, .T. ) ;
#7259 = CARTESIAN_POINT ( 'NONE',  ( 2.714803003676657500, 2.592439880746324476, 2.349879065151542434 ) ) ;
#7260 = EDGE_CURVE ( 'NONE', #7095, #2312, #6517, .T. ) ;
#7261 = CARTESIAN_POINT ( 'NONE',  ( 3.879190199105531978, -0.1434107350525329061, -2.506868729000466978 ) ) ;
#7262 = UNCERTAINTY_MEASURE_WITH_UNIT (LENGTH_MEASURE( 1.000000000000000082E-05 ), #4361, 'distance_accuracy_value', 'NONE');
#7263 = VECTOR ( 'NONE', #4029, 1000.000000000000000 ) ;
#7264 = EDGE_LOOP ( 'NONE', ( #4307, #7394, #8406, #7141, #5828 ) ) ;
#7265 = CARTESIAN_POINT ( 'NONE',  ( 3.347594501859785243, -0.1591874171070381816, -2.151030663926140285 ) ) ;
#7266 =( NAMED_UNIT ( * ) PLANE_ANGLE_UNIT ( ) SI_UNIT ( $, .RADIAN. ) );
#7267 = CARTESIAN_POINT ( 'NONE',  ( 0.5559049950491481429, -1.111809990098296064, 2.339150635094611186 ) ) ;
#7268 = AXIS2_PLACEMENT_3D ( 'NONE', #7692, #7741, #873 ) ;
#7269 = EDGE_CURVE ( 'NONE', #8136, #2971, #4493, .T. ) ;
#7270 = EDGE_CURVE ( 'NONE', #1278, #3783, #4402, .T. ) ;
#7271 = ORIENTED_EDGE ( 'NONE', *, *, #4403, .F. ) ;
#7272 = DIRECTION ( 'NONE',  ( 1.000000000000000000, 4.823386660693620032E-16, -0.000000000000000000 ) ) ;
#7273 = CYLINDRICAL_SURFACE ( 'NONE', #3619, 0.1000000000000002554 ) ;
#7274 = PRESENTATION_LAYER_ASSIGNMENT (  '', '', ( #7861 ) ) ;
#7275 = AXIS2_PLACEMENT_3D ( 'NONE', #1663, #895, #4385 ) ;
#7276 = ORIENTED_EDGE ( 'NONE', *, *, #6556, .T. ) ;
#7277 = ORIENTED_EDGE ( 'NONE', *, *, #6456, .T. ) ;
#7278 = DIRECTION ( 'NONE',  ( 0.000000000000000000, -0.000000000000000000, -1.000000000000000000 ) ) ;
#7279 = FILL_AREA_STYLE_COLOUR ( '', #5303 ) ;
#7280 = VERTEX_POINT ( 'NONE', #7830 ) ;
#7281 = MECHANICAL_DESIGN_GEOMETRIC_PRESENTATION_REPRESENTATION (  '', ( #263 ), #681 ) ;
#7282 = CARTESIAN_POINT ( 'NONE',  ( 3.399390871961310623, -0.7672499999999998765, 0.6562182560773820450 ) ) ;
#7283 = AXIS2_PLACEMENT_3D ( 'NONE', #5062, #5146, #7813 ) ;
#7284 = SURFACE_STYLE_FILL_AREA ( #7364 ) ;
#7285 = DIRECTION ( 'NONE',  ( -0.000000000000000000, -1.000000000000000000, -0.000000000000000000 ) ) ;
#7286 = ORIENTED_EDGE ( 'NONE', *, *, #6816, .T. ) ;
#7287 = CARTESIAN_POINT ( 'NONE',  ( -3.770634082987817770, 0.3248361564241380450, 2.659999999999999698 ) ) ;
#7288 = SURFACE_SIDE_STYLE ('',( #5965 ) ) ;
#7289 = LINE ( 'NONE', #1203, #161 ) ;
#7290 = EDGE_LOOP ( 'NONE', ( #6422, #7235, #1050, #5857 ) ) ;
#7291 = AXIS2_PLACEMENT_3D ( 'NONE', #2612, #8802, #2654 ) ;
#7292 = AXIS2_PLACEMENT_3D ( 'NONE', #2940, #3731, #1596 ) ;
#7293 = DIRECTION ( 'NONE',  ( -8.223874256482640091E-16, 1.000000000000000000, -0.000000000000000000 ) ) ;
#7294 = CARTESIAN_POINT ( 'NONE',  ( 2.973333689844503080, -2.903010446326629523, 2.137970015504530696 ) ) ;
#7295 = CARTESIAN_POINT ( 'NONE',  ( 4.728524196025979620, -0.1336713562373085529, 1.944279695023479970 ) ) ;
#7296 = LINE ( 'NONE', #6713, #3813 ) ;
#7297 = AXIS2_PLACEMENT_3D ( 'NONE', #3563, #7072, #299 ) ;
#7298 = SURFACE_SIDE_STYLE ('',( #6318 ) ) ;
#7299 = CARTESIAN_POINT ( 'NONE',  ( -0.5650556301437581475, 1.130111260287516295, 2.355000000000000426 ) ) ;
#7300 = SURFACE_SIDE_STYLE ('',( #6637 ) ) ;
#7301 = ADVANCED_FACE ( 'NONE', ( #7137 ), #3778, .T. ) ;
#7302 = ORIENTED_EDGE ( 'NONE', *, *, #1137, .F. ) ;
#7303 = CARTESIAN_POINT ( 'NONE',  ( 3.376868729000466196, -0.1434107350525339053, -2.153309800894467774 ) ) ;
#7304 = DIRECTION ( 'NONE',  ( 0.000000000000000000, 0.000000000000000000, 1.000000000000000000 ) ) ;
#7305 = VERTEX_POINT ( 'NONE', #5284 ) ;
#7306 = CIRCLE ( 'NONE', #3433, 0.1000000000000002554 ) ;
#7307 = CARTESIAN_POINT ( 'NONE',  ( -0.5650556301437588136, -1.130111260287518293, 2.354999999999999982 ) ) ;
#7308 = CYLINDRICAL_SURFACE ( 'NONE', #6514, 0.5000000000000000000 ) ;
#7309 = AXIS2_PLACEMENT_3D ( 'NONE', #8478, #5716, #2381 ) ;
#7310 = EDGE_CURVE ( 'NONE', #3416, #463, #2585, .T. ) ;
#7311 = EDGE_CURVE ( 'NONE', #5032, #4041, #4447, .T. ) ;
#7312 = ADVANCED_FACE ( 'NONE', ( #5948 ), #6763, .T. ) ;
#7313 = COLOUR_RGB ( '',0.8313725490196077761, 0.8313725490196077761, 0.8313725490196077761 ) ;
#7314 = ORIENTED_EDGE ( 'NONE', *, *, #4846, .T. ) ;
#7315 = ORIENTED_EDGE ( 'NONE', *, *, #4072, .F. ) ;
#7316 =( NAMED_UNIT ( * ) SI_UNIT ( $, .STERADIAN. ) SOLID_ANGLE_UNIT ( ) );
#7317 = DIRECTION ( 'NONE',  ( 1.000000000000000000, 0.000000000000000000, 0.000000000000000000 ) ) ;
#7318 = CARTESIAN_POINT ( 'NONE',  ( 0.5559049950491480319, 1.111809990098296064, 2.339150635094611186 ) ) ;
#7319 = VERTEX_POINT ( 'NONE', #6034 ) ;
#7320 = AXIS2_PLACEMENT_3D ( 'NONE', #590, #8826, #1330 ) ;
#7321 = AXIS2_PLACEMENT_3D ( 'NONE', #4250, #6076, #128 ) ;
#7322 = CARTESIAN_POINT ( 'NONE',  ( -0.8174999999999990052, -2.580633701591291462, 2.380000000000000338 ) ) ;
#7323 = PRESENTATION_LAYER_ASSIGNMENT (  '', '', ( #8049 ) ) ;
#7324 = ORIENTED_EDGE ( 'NONE', *, *, #1844, .F. ) ;
#7325 = PLANE ( 'NONE',  #5258 ) ;
#7326 = CARTESIAN_POINT ( 'NONE',  ( -2.803133701591289384, -2.580633701591291018, 2.380000000000000338 ) ) ;
#7327 = CIRCLE ( 'NONE', #1207, 0.3000000000000000444 ) ;
#7328 = SURFACE_STYLE_FILL_AREA ( #7248 ) ;
#7329 = ORIENTED_EDGE ( 'NONE', *, *, #7403, .T. ) ;
#7330 = STYLED_ITEM ( 'NONE', ( #3392 ), #2405 ) ;
#7331 = CARTESIAN_POINT ( 'NONE',  ( -3.127569196565548104, -3.014460666173993886, 0.6812305769811586309 ) ) ;
#7332 = CARTESIAN_POINT ( 'NONE',  ( 3.085688195383684551, -2.676322658523811349, 2.048273330479072563 ) ) ;
#7333 = UNCERTAINTY_MEASURE_WITH_UNIT (LENGTH_MEASURE( 1.000000000000000082E-05 ), #2848, 'distance_accuracy_value', 'NONE');
#7334 = VECTOR ( 'NONE', #1665, 1000.000000000000000 ) ;
#7335 =( NAMED_UNIT ( * ) SI_UNIT ( $, .STERADIAN. ) SOLID_ANGLE_UNIT ( ) );
#7336 = DIRECTION ( 'NONE',  ( 1.000000000000000000, -0.000000000000000000, -0.000000000000000000 ) ) ;
#7337 = SURFACE_SIDE_STYLE ('',( #599 ) ) ;
#7338 = DIRECTION ( 'NONE',  ( 1.000000000000000000, 4.497431234013940009E-16, -0.000000000000000000 ) ) ;
#7339 = LINE ( 'NONE', #5238, #3439 ) ;
#7340 = AXIS2_PLACEMENT_3D ( 'NONE', #5398, #6449, #4329 ) ;
#7341 = SURFACE_STYLE_FILL_AREA ( #6594 ) ;
#7342 = ORIENTED_EDGE ( 'NONE', *, *, #3459, .F. ) ;
#7343 = CIRCLE ( 'NONE', #6351, 0.2999999999999999889 ) ;
#7344 =( NAMED_UNIT ( * ) PLANE_ANGLE_UNIT ( ) SI_UNIT ( $, .RADIAN. ) );
#7345 = LINE ( 'NONE', #5986, #8587 ) ;
#7346 = DIRECTION ( 'NONE',  ( 1.000000000000000000, 0.000000000000000000, 0.000000000000000000 ) ) ;
#7347 = CARTESIAN_POINT ( 'NONE',  ( 3.831078643762690472, -0.1922499999999990328, -1.959999999999999964 ) ) ;
#7348 = PRESENTATION_LAYER_ASSIGNMENT (  '', '', ( #612 ) ) ;
#7349 = EDGE_LOOP ( 'NONE', ( #7055, #5872, #4667, #6264, #1113 ) ) ;
#7350 = MECHANICAL_DESIGN_GEOMETRIC_PRESENTATION_REPRESENTATION (  '', ( #6938 ), #5212 ) ;
#7351 = ORIENTED_EDGE ( 'NONE', *, *, #3105, .T. ) ;
#7352 =( NAMED_UNIT ( * ) PLANE_ANGLE_UNIT ( ) SI_UNIT ( $, .RADIAN. ) );
#7353 = MECHANICAL_DESIGN_GEOMETRIC_PRESENTATION_REPRESENTATION (  '', ( #8088 ), #4208 ) ;
#7354 = CARTESIAN_POINT ( 'NONE',  ( 0.5400556301437590134, 6.613773988170611747E-17, 2.329999999999999627 ) ) ;
#7355 = AXIS2_PLACEMENT_3D ( 'NONE', #61, #6793, #7456 ) ;
#7356 = ORIENTED_EDGE ( 'NONE', *, *, #5028, .F. ) ;
#7357 = EDGE_CURVE ( 'NONE', #2222, #4455, #3899, .T. ) ;
#7358 = EDGE_CURVE ( 'NONE', #1639, #8590, #617, .T. ) ;
#7359 = EDGE_CURVE ( 'NONE', #6237, #3492, #2456, .T. ) ;
#7360 = ADVANCED_FACE ( 'NONE', ( #2614 ), #8671, .T. ) ;
#7361 = CARTESIAN_POINT ( 'NONE',  ( 0.6005085136786046940, -0.09225000000000060929, 0.3844507848720196685 ) ) ;
#7362 = DIRECTION ( 'NONE',  ( 6.123233995736766036E-17, 9.860761315262647568E-32, -1.000000000000000000 ) ) ;
#7363 =( GEOMETRIC_REPRESENTATION_CONTEXT ( 3 ) GLOBAL_UNCERTAINTY_ASSIGNED_CONTEXT ( ( #1532 ) ) GLOBAL_UNIT_ASSIGNED_CONTEXT ( ( #33, #2831, #2209 ) ) REPRESENTATION_CONTEXT ( 'NONE', 'WORKASPACE' ) );
#7364 = FILL_AREA_STYLE ('',( #4552 ) ) ;
#7365 = CARTESIAN_POINT ( 'NONE',  ( 3.972500000000000142, -0.1922499999999990050, -2.502499999999999947 ) ) ;
#7366 = ORIENTED_EDGE ( 'NONE', *, *, #3740, .F. ) ;
#7367 = CARTESIAN_POINT ( 'NONE',  ( 3.972500000000000142, -0.1922499999999990050, -2.060000000000000053 ) ) ;
#7368 = EDGE_LOOP ( 'NONE', ( #6969, #2622, #6342, #2408 ) ) ;
#7369 = CARTESIAN_POINT ( 'NONE',  ( -3.341666231221267047, -0.1521730769230779101, 0.000000000000000000 ) ) ;
#7370 = ADVANCED_FACE ( 'NONE', ( #6851 ), #8843, .F. ) ;
#7371 = FILL_AREA_STYLE_COLOUR ( '', #1069 ) ;
#7372 = CARTESIAN_POINT ( 'NONE',  ( -3.101090794297181041, 2.495677398353389975, 2.114950978616529920 ) ) ;
#7373 = PRESENTATION_LAYER_ASSIGNMENT (  '', '', ( #6954 ) ) ;
#7374 =( NAMED_UNIT ( * ) PLANE_ANGLE_UNIT ( ) SI_UNIT ( $, .RADIAN. ) );
#7375 = DIRECTION ( 'NONE',  ( 0.000000000000000000, 0.000000000000000000, 1.000000000000000000 ) ) ;
#7376 = DIRECTION ( 'NONE',  ( 0.000000000000000000, -0.000000000000000000, -1.000000000000000000 ) ) ;
#7377 = CYLINDRICAL_SURFACE ( 'NONE', #8829, 0.1000000000000000472 ) ;
#7378 = DIRECTION ( 'NONE',  ( 0.5773502691896243988, 0.5773502691896240657, 0.5773502691896287287 ) ) ;
#7379 = CARTESIAN_POINT ( 'NONE',  ( 1.044341272518035657, -0.02531586835139416208, 2.084094889548317120 ) ) ;
#7380 = SURFACE_STYLE_FILL_AREA ( #3308 ) ;
#7381 = DIRECTION ( 'NONE',  ( 0.000000000000000000, 1.000000000000000000, 0.000000000000000000 ) ) ;
#7382 = CARTESIAN_POINT ( 'NONE',  ( -4.852500000000000036, -0.7672500000000003206, 2.660000000000000142 ) ) ;
#7383 = EDGE_LOOP ( 'NONE', ( #470, #7277, #2436, #3678, #830, #5389 ) ) ;
#7384 = ORIENTED_EDGE ( 'NONE', *, *, #6556, .F. ) ;
#7385 = CARTESIAN_POINT ( 'NONE',  ( -2.866011742435759846, -0.1013778989213650061, -1.804999999999999938 ) ) ;
#7386 = ORIENTED_EDGE ( 'NONE', *, *, #3755, .F. ) ;
#7387 =( NAMED_UNIT ( * ) SI_UNIT ( $, .STERADIAN. ) SOLID_ANGLE_UNIT ( ) );
#7388 = CARTESIAN_POINT ( 'NONE',  ( 4.852500000000000036, -0.1922499999999990050, 2.502499999999999947 ) ) ;
#7389 = EDGE_CURVE ( 'NONE', #1364, #4821, #1352, .T. ) ;
#7390 = SURFACE_STYLE_FILL_AREA ( #6573 ) ;
#7391 = CARTESIAN_POINT ( 'NONE',  ( 4.910235026918962298, -0.1345149730810365762, -1.986544668104517353 ) ) ;
#7392 = VECTOR ( 'NONE', #1593, 1000.000000000000000 ) ;
#7393 = ORIENTED_EDGE ( 'NONE', *, *, #7915, .F. ) ;
#7394 = ORIENTED_EDGE ( 'NONE', *, *, #4524, .T. ) ;
#7395 = FILL_AREA_STYLE_COLOUR ( '', #8333 ) ;
#7396 = FACE_OUTER_BOUND ( 'NONE', #714, .T. ) ;
#7397 = ORIENTED_EDGE ( 'NONE', *, *, #70, .T. ) ;
#7398 = ORIENTED_EDGE ( 'NONE', *, *, #6612, .T. ) ;
#7399 = UNCERTAINTY_MEASURE_WITH_UNIT (LENGTH_MEASURE( 1.000000000000000082E-05 ), #2011, 'distance_accuracy_value', 'NONE');
#7400 = CARTESIAN_POINT ( 'NONE',  ( -2.882727069529508857, 2.650969074868140485, 2.342671895142608651 ) ) ;
#7401 = PRESENTATION_LAYER_ASSIGNMENT (  '', '', ( #1264 ) ) ;
#7402 = PRESENTATION_LAYER_ASSIGNMENT (  '', '', ( #7563 ) ) ;
#7403 = EDGE_CURVE ( 'NONE', #6042, #5516, #6152, .T. ) ;
#7404 = DIRECTION ( 'NONE',  ( 0.000000000000000000, 0.000000000000000000, 1.000000000000000000 ) ) ;
#7405 = FACE_OUTER_BOUND ( 'NONE', #3692, .T. ) ;
#7406 = AXIS2_PLACEMENT_3D ( 'NONE', #4759, #6958, #7687 ) ;
#7407 = ORIENTED_EDGE ( 'NONE', *, *, #1293, .T. ) ;
#7408 = CARTESIAN_POINT ( 'NONE',  ( -3.770634082987819991, 0.3248361564241389887, 2.660000000000000142 ) ) ;
#7409 = EDGE_LOOP ( 'NONE', ( #4303, #5319, #8690, #6247 ) ) ;
#7410 = CYLINDRICAL_SURFACE ( 'NONE', #7320, 0.1000000000000002554 ) ;
#7411 = LINE ( 'NONE', #4004, #4460 ) ;
#7412 = DIRECTION ( 'NONE',  ( 0.000000000000000000, 0.000000000000000000, -1.000000000000000000 ) ) ;
#7413 = CIRCLE ( 'NONE', #8301, 0.2999999999999999334 ) ;
#7414 = CARTESIAN_POINT ( 'NONE',  ( 2.797797393223113716, -2.717203111341378374, 2.363850990807749408 ) ) ;
#7415 = UNCERTAINTY_MEASURE_WITH_UNIT (LENGTH_MEASURE( 1.000000000000000082E-05 ), #6885, 'distance_accuracy_value', 'NONE');
#7416 = ADVANCED_FACE ( 'NONE', ( #8167 ), #6123, .T. ) ;
#7417 = ADVANCED_FACE ( 'NONE', ( #1439 ), #214, .T. ) ;
#7418 = FILL_AREA_STYLE ('',( #15 ) ) ;
#7419 = DIRECTION ( 'NONE',  ( -1.000000000000000000, -1.084202172485501673E-15, 0.000000000000000000 ) ) ;
#7420 = CARTESIAN_POINT ( 'NONE',  ( -1.222499999999999920, 0.2322500000000000120, 0.000000000000000000 ) ) ;
#7421 = CARTESIAN_POINT ( 'NONE',  ( 4.787102839788669684, -0.09224999999999902722, 1.985701051260789329 ) ) ;
#7422 = CARTESIAN_POINT ( 'NONE',  ( 3.430235026918961871, -0.1109450925483178585, 2.094165146386241183 ) ) ;
#7423 = CIRCLE ( 'NONE', #8299, 0.1000000000000000056 ) ;
#7424 = CARTESIAN_POINT ( 'NONE',  ( 4.852500000000000036, -0.1922499999999990050, 2.044279695023480059 ) ) ;
#7425 = AXIS2_PLACEMENT_3D ( 'NONE', #1274, #4626, #1226 ) ;
#7426 =( LENGTH_UNIT ( ) NAMED_UNIT ( * ) SI_UNIT ( .MILLI., .METRE. ) );
#7427 = CARTESIAN_POINT ( 'NONE',  ( -4.319792374265440493, 0.2677499999999999880, -1.804999999999999938 ) ) ;
#7428 = DIRECTION ( 'NONE',  ( 1.000000000000000000, 0.000000000000000000, -0.000000000000000000 ) ) ;
#7429 = COLOUR_RGB ( '',0.2862745098039215508, 0.2862745098039215508, 0.2862745098039215508 ) ;
#7430 = CIRCLE ( 'NONE', #7425, 0.7999999999999999334 ) ;
#7431 = AXIS2_PLACEMENT_3D ( 'NONE', #390, #7889, #8050 ) ;
#7432 = ORIENTED_EDGE ( 'NONE', *, *, #2501, .F. ) ;
#7433 =( LENGTH_UNIT ( ) NAMED_UNIT ( * ) SI_UNIT ( .MILLI., .METRE. ) );
#7434 = LINE ( 'NONE', #6896, #7518 ) ;
#7435 =( GEOMETRIC_REPRESENTATION_CONTEXT ( 3 ) GLOBAL_UNCERTAINTY_ASSIGNED_CONTEXT ( ( #6803 ) ) GLOBAL_UNIT_ASSIGNED_CONTEXT ( ( #4218, #2881, #3543 ) ) REPRESENTATION_CONTEXT ( 'NONE', 'WORKASPACE' ) );
#7436 = CARTESIAN_POINT ( 'NONE',  ( -2.803133701591289828, 2.495677398353389975, 2.080000000000000071 ) ) ;
#7437 = PLANE ( 'NONE',  #4635 ) ;
#7438 = CARTESIAN_POINT ( 'NONE',  ( 3.872500000000000497, -0.1336713562373084974, -2.060000000000000053 ) ) ;
#7439 =( GEOMETRIC_REPRESENTATION_CONTEXT ( 3 ) GLOBAL_UNCERTAINTY_ASSIGNED_CONTEXT ( ( #4741 ) ) GLOBAL_UNIT_ASSIGNED_CONTEXT ( ( #2535, #8352, #2695 ) ) REPRESENTATION_CONTEXT ( 'NONE', 'WORKASPACE' ) );
#7440 = DIRECTION ( 'NONE',  ( 0.000000000000000000, -0.000000000000000000, -1.000000000000000000 ) ) ;
#7441 = ORIENTED_EDGE ( 'NONE', *, *, #3583, .T. ) ;
#7442 = SURFACE_SIDE_STYLE ('',( #4668 ) ) ;
#7443 = DIRECTION ( 'NONE',  ( -1.000000000000000000, -3.395177445336870178E-16, 0.000000000000000000 ) ) ;
#7444 =( BOUNDED_CURVE ( )  B_SPLINE_CURVE ( 3, ( #175, #8407, #8540, #5115 ),
 .UNSPECIFIED., .F., .T. ) 
 B_SPLINE_CURVE_WITH_KNOTS ( ( 4, 4 ),
 ( 3.161782995086748205, 4.017837714415520622 ),
 .UNSPECIFIED. ) 
 CURVE ( )  GEOMETRIC_REPRESENTATION_ITEM ( )  RATIONAL_B_SPLINE_CURVE ( ( 1.000000000000000000, 0.9398575445120235239, 0.9398575445120235239, 1.000000000000000000 ) ) 
 REPRESENTATION_ITEM ( '' )  );
#7445 = EDGE_LOOP ( 'NONE', ( #4172, #908, #4637, #132 ) ) ;
#7446 = CARTESIAN_POINT ( 'NONE',  ( 4.941942719099992942, -0.1475286404500032178, 2.502499999999999947 ) ) ;
#7447 =( GEOMETRIC_REPRESENTATION_CONTEXT ( 3 ) GLOBAL_UNCERTAINTY_ASSIGNED_CONTEXT ( ( #5536 ) ) GLOBAL_UNIT_ASSIGNED_CONTEXT ( ( #5898, #5273, #6634 ) ) REPRESENTATION_CONTEXT ( 'NONE', 'WORKASPACE' ) );
#7448 = CARTESIAN_POINT ( 'NONE',  ( 3.249390871961309823, -0.7672499999999999876, -0.8062182560773819562 ) ) ;
#7449 = ORIENTED_EDGE ( 'NONE', *, *, #7835, .T. ) ;
#7450 = CARTESIAN_POINT ( 'NONE',  ( 4.852500000000000036, -0.1922499999999991160, -2.044279695023480059 ) ) ;
#7451 = ORIENTED_EDGE ( 'NONE', *, *, #5181, .T. ) ;
#7452 = MECHANICAL_DESIGN_GEOMETRIC_PRESENTATION_REPRESENTATION (  '', ( #3036 ), #1180 ) ;
#7453 = PRESENTATION_STYLE_ASSIGNMENT (( #5349 ) ) ;
#7454 = CARTESIAN_POINT ( 'NONE',  ( 3.472499999999999698, -0.7672499999999999876, -2.060000000000000053 ) ) ;
#7455 = COLOUR_RGB ( '',0.8313725490196077761, 0.8313725490196077761, 0.8313725490196077761 ) ;
#7456 = DIRECTION ( 'NONE',  ( 0.000000000000000000, -0.1165032620550899567, -0.9931903090196375627 ) ) ;
#7457 = DIRECTION ( 'NONE',  ( 0.8856505754816621501, -0.4643522996055911012, 0.000000000000000000 ) ) ;
#7458 = PRESENTATION_STYLE_ASSIGNMENT (( #961 ) ) ;
#7459 = CARTESIAN_POINT ( 'NONE',  ( 3.399390871961310623, -0.7672499999999999876, -0.6562182560773820450 ) ) ;
#7460 = PRESENTATION_STYLE_ASSIGNMENT (( #6304 ) ) ;
#7461 =( NAMED_UNIT ( * ) SI_UNIT ( $, .STERADIAN. ) SOLID_ANGLE_UNIT ( ) );
#7462 = DIRECTION ( 'NONE',  ( 1.000000000000000000, 0.000000000000000000, -0.000000000000000000 ) ) ;
#7463 = MECHANICAL_DESIGN_GEOMETRIC_PRESENTATION_REPRESENTATION (  '', ( #3894 ), #8633 ) ;
#7464 = DIRECTION ( 'NONE',  ( -0.000000000000000000, -0.000000000000000000, -1.000000000000000000 ) ) ;
#7465 = EDGE_CURVE ( 'NONE', #6391, #2256, #2876, .T. ) ;
#7466 = EDGE_CURVE ( 'NONE', #567, #4907, #953, .T. ) ;
#7467 = EDGE_CURVE ( 'NONE', #136, #8136, #6875, .T. ) ;
#7468 = EDGE_CURVE ( 'NONE', #327, #8686, #3013, .T. ) ;
#7469 = SURFACE_STYLE_USAGE ( .BOTH. , #8157 ) ;
#7470 = MECHANICAL_DESIGN_GEOMETRIC_PRESENTATION_REPRESENTATION (  '', ( #8359 ), #1329 ) ;
#7471 = FILL_AREA_STYLE ('',( #451 ) ) ;
#7472 = CIRCLE ( 'NONE', #8638, 0.1499999999999999667 ) ;
#7473 =( NAMED_UNIT ( * ) PLANE_ANGLE_UNIT ( ) SI_UNIT ( $, .RADIAN. ) );
#7474 = ORIENTED_EDGE ( 'NONE', *, *, #8755, .F. ) ;
#7475 = DIRECTION ( 'NONE',  ( 1.000000000000000000, 2.710505431213759902E-15, 0.000000000000000000 ) ) ;
#7476 = FACE_OUTER_BOUND ( 'NONE', #7724, .T. ) ;
#7477 = CARTESIAN_POINT ( 'NONE',  ( -3.414865336152358211, -0.3451191649770712355, -2.754999999999999893 ) ) ;
#7478 = CARTESIAN_POINT ( 'NONE',  ( 4.645681483551359570, -0.09224999999999912437, -1.927122407498098600 ) ) ;
#7479 = CARTESIAN_POINT ( 'NONE',  ( 0.4784662403475480885, -0.09225000000000103950, 0.4222667636254633372 ) ) ;
#7480 = CARTESIAN_POINT ( 'NONE',  ( 4.412499999999999645, -0.1922499999999990050, 2.602500000000000036 ) ) ;
#7481 = LINE ( 'NONE', #5411, #8339 ) ;
#7482 = FILL_AREA_STYLE ('',( #5546 ) ) ;
#7483 = CARTESIAN_POINT ( 'NONE',  ( -4.852500000000000036, -0.7672500000000005427, -1.899999999999999911 ) ) ;
#7484 = STYLED_ITEM ( 'NONE', ( #1187 ), #3289 ) ;
#7485 = MECHANICAL_DESIGN_GEOMETRIC_PRESENTATION_REPRESENTATION (  '', ( #5904 ), #6509 ) ;
#7486 = VERTEX_POINT ( 'NONE', #2389 ) ;
#7487 = FILL_AREA_STYLE ('',( #4851 ) ) ;
#7488 = ORIENTED_EDGE ( 'NONE', *, *, #474, .F. ) ;
#7489 = DIRECTION ( 'NONE',  ( -1.000000000000000000, -8.131516293641262547E-16, 0.000000000000000000 ) ) ;
#7490 = CARTESIAN_POINT ( 'NONE',  ( 3.891195092548315859, -0.1345149730810364652, -2.536665146386241521 ) ) ;
#7491 = EDGE_LOOP ( 'NONE', ( #3908, #724, #2751 ) ) ;
#7492 = COLOUR_RGB ( '',0.8313725490196077761, 0.8313725490196077761, 0.8313725490196077761 ) ;
#7493 = CARTESIAN_POINT ( 'NONE',  ( 0.7152334734501478719, -0.09225000000000060929, 0.4360944391209724547 ) ) ;
#7494 = CIRCLE ( 'NONE', #2930, 0.1499999999999999667 ) ;
#7495 =( GEOMETRIC_REPRESENTATION_CONTEXT ( 3 ) GLOBAL_UNCERTAINTY_ASSIGNED_CONTEXT ( ( #1445 ) ) GLOBAL_UNIT_ASSIGNED_CONTEXT ( ( #8203, #7671, #4787 ) ) REPRESENTATION_CONTEXT ( 'NONE', 'WORKASPACE' ) );
#7496 = ORIENTED_EDGE ( 'NONE', *, *, #70, .F. ) ;
#7497 = EDGE_LOOP ( 'NONE', ( #8013, #1011, #963, #271 ) ) ;
#7498 = VERTEX_POINT ( 'NONE', #2345 ) ;
#7499 =( BOUNDED_SURFACE ( )  B_SPLINE_SURFACE ( 3, 3, ( 
 ( #4445, #4399, #3677, #1672 ),
 ( #5779, #5113, #7957, #7094 ),
 ( #1094, #1002, #7866, #5034 ),
 ( #2357, #6427, #1809, #7828 ) ),
 .UNSPECIFIED., .F., .F., .F. ) 
 B_SPLINE_SURFACE_WITH_KNOTS ( ( 4, 4 ),
 ( 4, 4 ),
 ( 0.000000000000000000, 1.000000000000000000 ),
 ( 0.000000000000000000, 1.000000000000000000 ),
 .UNSPECIFIED. ) 
 GEOMETRIC_REPRESENTATION_ITEM ( )  RATIONAL_B_SPLINE_SURFACE ( (
 ( 1.000000000000000000, 0.3333333333333335369, 0.3333333333333335369, 1.000000000000000000),
 ( 0.9245018060306373631, 0.3081672686768793246, 0.3081672686768793246, 0.9245018060306373631),
 ( 0.9245018060306373631, 0.3081672686768793246, 0.3081672686768793246, 0.9245018060306373631),
 ( 1.000000000000000000, 0.3333333333333335369, 0.3333333333333335369, 1.000000000000000000) ) ) 
 REPRESENTATION_ITEM ( '' )  SURFACE ( )  );
#7500 = CARTESIAN_POINT ( 'NONE',  ( 0.9774054981402154896, -0.1591874171070373767, 2.151030663926139841 ) ) ;
#7501 = CARTESIAN_POINT ( 'NONE',  ( 0.5896696252873920852, -0.1510328723493460923, 2.379999999999999893 ) ) ;
#7502 = ORIENTED_EDGE ( 'NONE', *, *, #5604, .T. ) ;
#7503 = SURFACE_SIDE_STYLE ('',( #4719 ) ) ;
#7504 = EDGE_LOOP ( 'NONE', ( #6960, #2843, #2074, #648 ) ) ;
#7505 = FILL_AREA_STYLE_COLOUR ( '', #4337 ) ;
#7506 = EDGE_CURVE ( 'NONE', #5257, #2181, #6300, .T. ) ;
#7507 = FACE_OUTER_BOUND ( 'NONE', #7349, .T. ) ;
#7508 = AXIS2_PLACEMENT_3D ( 'NONE', #5968, #6537, #2587 ) ;
#7509 = FACE_OUTER_BOUND ( 'NONE', #6869, .T. ) ;
#7510 = PRESENTATION_LAYER_ASSIGNMENT (  '', '', ( #3223 ) ) ;
#7511 = CARTESIAN_POINT ( 'NONE',  ( -3.242815959658425395, 0.04809771563645284798, 1.899999999999999911 ) ) ;
#7512 = LINE ( 'NONE', #487, #6833 ) ;
#7513 = CARTESIAN_POINT ( 'NONE',  ( 0.8525000000000001465, -0.7672500000000012088, 0.8629237369103519573 ) ) ;
#7514 = DIRECTION ( 'NONE',  ( 1.000000000000000000, -0.000000000000000000, -0.000000000000000000 ) ) ;
#7515 = FILL_AREA_STYLE_COLOUR ( '', #223 ) ;
#7516 = DIRECTION ( 'NONE',  ( 0.000000000000000000, 0.000000000000000000, -1.000000000000000000 ) ) ;
#7517 =( NAMED_UNIT ( * ) SI_UNIT ( $, .STERADIAN. ) SOLID_ANGLE_UNIT ( ) );
#7518 = VECTOR ( 'NONE', #8303, 1000.000000000000000 ) ;
#7519 = FILL_AREA_STYLE ('',( #2014 ) ) ;
#7520 = FILL_AREA_STYLE ('',( #2243 ) ) ;
#7521 = UNCERTAINTY_MEASURE_WITH_UNIT (LENGTH_MEASURE( 1.000000000000000082E-05 ), #3319, 'distance_accuracy_value', 'NONE');
#7522 = SURFACE_SIDE_STYLE ('',( #4834 ) ) ;
#7523 = ORIENTED_EDGE ( 'NONE', *, *, #7879, .T. ) ;
#7524 = DIRECTION ( 'NONE',  ( 0.000000000000000000, -1.000000000000000000, -0.000000000000000000 ) ) ;
#7525 = EDGE_CURVE ( 'NONE', #370, #4408, #4295, .T. ) ;
#7526 = SURFACE_STYLE_USAGE ( .BOTH. , #2245 ) ;
#7527 = CARTESIAN_POINT ( 'NONE',  ( 4.910235026918961410, -0.1109450925483156797, 2.010114548637238041 ) ) ;
#7528 =( GEOMETRIC_REPRESENTATION_CONTEXT ( 3 ) GLOBAL_UNCERTAINTY_ASSIGNED_CONTEXT ( ( #4124 ) ) GLOBAL_UNIT_ASSIGNED_CONTEXT ( ( #1072, #5623, #5755 ) ) REPRESENTATION_CONTEXT ( 'NONE', 'WORKASPACE' ) );
#7529 = SURFACE_SIDE_STYLE ('',( #5446 ) ) ;
#7530 = PRESENTATION_STYLE_ASSIGNMENT (( #5281 ) ) ;
#7531 = AXIS2_PLACEMENT_3D ( 'NONE', #844, #2903, #3705 ) ;
#7532 = CYLINDRICAL_SURFACE ( 'NONE', #2595, 0.3000000000000000444 ) ;
#7533 = DIRECTION ( 'NONE',  ( 1.000000000000000000, 0.000000000000000000, -0.000000000000000000 ) ) ;
#7534 = UNCERTAINTY_MEASURE_WITH_UNIT (LENGTH_MEASURE( 1.000000000000000082E-05 ), #6199, 'distance_accuracy_value', 'NONE');
#7535 = MECHANICAL_DESIGN_GEOMETRIC_PRESENTATION_REPRESENTATION (  '', ( #5242 ), #5666 ) ;
#7536 = CIRCLE ( 'NONE', #7252, 0.3000000000000001554 ) ;
#7537 = ORIENTED_EDGE ( 'NONE', *, *, #727, .F. ) ;
#7538 = DIRECTION ( 'NONE',  ( 0.000000000000000000, 0.000000000000000000, -1.000000000000000000 ) ) ;
#7539 = EDGE_CURVE ( 'NONE', #6331, #7956, #7306, .T. ) ;
#7540 = ADVANCED_FACE ( 'NONE', ( #8487 ), #781, .T. ) ;
#7541 = CARTESIAN_POINT ( 'NONE',  ( 3.372499999999999609, -0.1922499999999995601, 2.160000000000000142 ) ) ;
#7542 = ORIENTED_EDGE ( 'NONE', *, *, #6916, .F. ) ;
#7543 = CARTESIAN_POINT ( 'NONE',  ( -2.866011742435759846, -0.1013778989213650061, 2.660000000000000142 ) ) ;
#7544 = ORIENTED_EDGE ( 'NONE', *, *, #2827, .T. ) ;
#7545 =( NAMED_UNIT ( * ) PLANE_ANGLE_UNIT ( ) SI_UNIT ( $, .RADIAN. ) );
#7546 = LINE ( 'NONE', #5465, #6684 ) ;
#7547 = COLOUR_RGB ( '',0.8313725490196077761, 0.8313725490196077761, 0.8313725490196077761 ) ;
#7548 = ORIENTED_EDGE ( 'NONE', *, *, #3024, .F. ) ;
#7549 = ORIENTED_EDGE ( 'NONE', *, *, #7930, .T. ) ;
#7550 = VERTEX_POINT ( 'NONE', #6672 ) ;
#7551 = DIRECTION ( 'NONE',  ( -0.5773502691896250649, 0.5773502691896271743, -0.5773502691896250649 ) ) ;
#7552 = CARTESIAN_POINT ( 'NONE',  ( -0.3709748431614353081, -0.4892670315653505075, 2.379999999999999005 ) ) ;
#7553 = ORIENTED_EDGE ( 'NONE', *, *, #5153, .T. ) ;
#7554 = DIRECTION ( 'NONE',  ( 0.8856505754816621501, -0.4643522996055910457, 0.000000000000000000 ) ) ;
#7555 = ORIENTED_EDGE ( 'NONE', *, *, #727, .T. ) ;
#7556 = CARTESIAN_POINT ( 'NONE',  ( 1.635000000000000009, 2.791138596892520862, 2.131987307660840436 ) ) ;
#7557 = CIRCLE ( 'NONE', #3685, 0.7999999999999999334 ) ;
#7558 = FILL_AREA_STYLE ('',( #153 ) ) ;
#7559 = DIRECTION ( 'NONE',  ( 0.000000000000000000, 0.000000000000000000, 1.000000000000000000 ) ) ;
#7560 = CARTESIAN_POINT ( 'NONE',  ( 3.572500000000000231, -0.7672499999999999876, 1.960000000000000409 ) ) ;
#7561 = CARTESIAN_POINT ( 'NONE',  ( 3.430235026918962760, -0.1109450925483166095, 2.094165146386241627 ) ) ;
#7562 = DIRECTION ( 'NONE',  ( -4.823386660693620032E-16, 1.000000000000000000, 0.000000000000000000 ) ) ;
#7563 = STYLED_ITEM ( 'NONE', ( #2150 ), #1828 ) ;
#7564 = CARTESIAN_POINT ( 'NONE',  ( -3.270000000000000018, 3.047499999999998987, 0.07846988903112331326 ) ) ;
#7565 = SURFACE_SIDE_STYLE ('',( #3305 ) ) ;
#7566 = SURFACE_STYLE_USAGE ( .BOTH. , #7709 ) ;
#7567 = DIRECTION ( 'NONE',  ( -1.000000000000000000, -5.421010862427532031E-16, 0.000000000000000000 ) ) ;
#7568 = AXIS2_PLACEMENT_3D ( 'NONE', #8273, #4808, #5595 ) ;
#7569 = CARTESIAN_POINT ( 'NONE',  ( 4.910235026918961410, -0.1345149730810356603, -2.560235026918963541 ) ) ;
#7570 = DIRECTION ( 'NONE',  ( 0.000000000000000000, -1.000000000000000000, 0.000000000000000000 ) ) ;
#7571 = CARTESIAN_POINT ( 'NONE',  ( -1.222499999999999920, 0.2322500000000000120, -1.899999999999999911 ) ) ;
#7572 = ORIENTED_EDGE ( 'NONE', *, *, #8135, .T. ) ;
#7573 = SURFACE_STYLE_USAGE ( .BOTH. , #4835 ) ;
#7574 = COLOUR_RGB ( '',0.8313725490196077761, 0.8313725490196077761, 0.8313725490196077761 ) ;
#7575 = FILL_AREA_STYLE ('',( #8349 ) ) ;
#7576 = LINE ( 'NONE', #1435, #3357 ) ;
#7577 = DIRECTION ( 'NONE',  ( 1.000000000000000000, 0.000000000000000000, 0.000000000000000000 ) ) ;
#7578 = SURFACE_STYLE_USAGE ( .BOTH. , #4839 ) ;
#7579 = CARTESIAN_POINT ( 'NONE',  ( -3.770634082987816882, 0.3248361564241377120, -2.659999999999999698 ) ) ;
#7580 = DIRECTION ( 'NONE',  ( 1.000000000000000000, 0.000000000000000000, -0.000000000000000000 ) ) ;
#7581 = PRESENTATION_STYLE_ASSIGNMENT (( #4941 ) ) ;
#7582 =( NAMED_UNIT ( * ) PLANE_ANGLE_UNIT ( ) SI_UNIT ( $, .RADIAN. ) );
#7583 = COLOUR_RGB ( '',0.8313725490196077761, 0.8313725490196077761, 0.8313725490196077761 ) ;
#7584 = EDGE_CURVE ( 'NONE', #4075, #5777, #5297, .T. ) ;
#7585 =( NAMED_UNIT ( * ) SI_UNIT ( $, .STERADIAN. ) SOLID_ANGLE_UNIT ( ) );
#7586 = B_SPLINE_CURVE_WITH_KNOTS ( 'NONE', 3,
 ( #6062, #1379, #64, #3475, #6746, #598 ),
 .UNSPECIFIED., .F., .F.,
 ( 4, 2, 4 ),
 ( 0.000000000000000000, 0.5000000000000006661, 1.000000000000000000 ),
 .UNSPECIFIED. ) ;
#7587 = VERTEX_POINT ( 'NONE', #1919 ) ;
#7588 = SURFACE_STYLE_USAGE ( .BOTH. , #5456 ) ;
#7589 = PLANE ( 'NONE',  #1118 ) ;
#7590 = ORIENTED_EDGE ( 'NONE', *, *, #1953, .T. ) ;
#7591 = MECHANICAL_DESIGN_GEOMETRIC_PRESENTATION_REPRESENTATION (  '', ( #5989 ), #8737 ) ;
#7592 = CARTESIAN_POINT ( 'NONE',  ( -3.242815959658429836, 0.04809771563645567904, -1.899999999999999911 ) ) ;
#7593 = FACE_OUTER_BOUND ( 'NONE', #2067, .T. ) ;
#7594 = ORIENTED_EDGE ( 'NONE', *, *, #7992, .F. ) ;
#7595 = EDGE_CURVE ( 'NONE', #586, #377, #7339, .T. ) ;
#7596 = ADVANCED_FACE ( 'NONE', ( #3135 ), #8646, .T. ) ;
#7597 = ADVANCED_FACE ( 'NONE', ( #1127 ), #3852, .F. ) ;
#7598 = EDGE_CURVE ( 'NONE', #6282, #3776, #2022, .T. ) ;
#7599 = CARTESIAN_POINT ( 'NONE',  ( 0.7247079659309649813, -0.09225000000000090072, -0.4367768524649294770 ) ) ;
#7600 = ORIENTED_EDGE ( 'NONE', *, *, #7260, .F. ) ;
#7601 = ORIENTED_EDGE ( 'NONE', *, *, #1844, .T. ) ;
#7602 = CARTESIAN_POINT ( 'NONE',  ( 0.8911186998730911135, -0.1889472805623730878, 2.168521061192352217 ) ) ;
#7603 = CYLINDRICAL_SURFACE ( 'NONE', #3882, 0.1000000000000002554 ) ;
#7604 = ORIENTED_EDGE ( 'NONE', *, *, #857, .F. ) ;
#7605 = PRESENTATION_STYLE_ASSIGNMENT (( #4179 ) ) ;
#7606 = EDGE_LOOP ( 'NONE', ( #3507, #2632, #6251, #6769, #8631, #1786, #8503, #6396, #496, #7432 ) ) ;
#7607 = VECTOR ( 'NONE', #7680, 1000.000000000000000 ) ;
#7608 = FILL_AREA_STYLE ('',( #5433 ) ) ;
#7609 = MECHANICAL_DESIGN_GEOMETRIC_PRESENTATION_REPRESENTATION (  '', ( #8620 ), #7615 ) ;
#7610 = CARTESIAN_POINT ( 'NONE',  ( -3.341666231221267491, -0.1521730769230774660, 2.755000000000000338 ) ) ;
#7611 = DIRECTION ( 'NONE',  ( 1.000000000000000000, 3.395177445336870178E-16, -0.000000000000000000 ) ) ;
#7612 = CARTESIAN_POINT ( 'NONE',  ( 0.8525000000000000355, -0.7672500000000009868, -2.160000000000000142 ) ) ;
#7613 = CARTESIAN_POINT ( 'NONE',  ( 0.9525000000000006795, -0.1922500000000008091, -2.160000000000000142 ) ) ;
#7614 = DIRECTION ( 'NONE',  ( 1.000000000000000000, 3.395177445336870178E-16, -0.000000000000000000 ) ) ;
#7615 =( GEOMETRIC_REPRESENTATION_CONTEXT ( 3 ) GLOBAL_UNCERTAINTY_ASSIGNED_CONTEXT ( ( #2173 ) ) GLOBAL_UNIT_ASSIGNED_CONTEXT ( ( #1803, #400, #7245 ) ) REPRESENTATION_CONTEXT ( 'NONE', 'WORKASPACE' ) );
#7616 =( NAMED_UNIT ( * ) SI_UNIT ( $, .STERADIAN. ) SOLID_ANGLE_UNIT ( ) );
#7617 =( NAMED_UNIT ( * ) PLANE_ANGLE_UNIT ( ) SI_UNIT ( $, .RADIAN. ) );
#7618 = VECTOR ( 'NONE', #515, 1000.000000000000000 ) ;
#7619 = CARTESIAN_POINT ( 'NONE',  ( 4.019481422799549009, -0.04071043145250060474, 2.544459649094449549 ) ) ;
#7620 = CARTESIAN_POINT ( 'NONE',  ( -4.120000000000000107, -0.7672500000000004317, 0.000000000000000000 ) ) ;
#7621 = UNCERTAINTY_MEASURE_WITH_UNIT (LENGTH_MEASURE( 1.000000000000000082E-05 ), #3442, 'distance_accuracy_value', 'NONE');
#7622 = CARTESIAN_POINT ( 'NONE',  ( -3.242815959658425395, 0.04809771563645275083, -1.804999999999999938 ) ) ;
#7623 = FILL_AREA_STYLE_COLOUR ( '', #1556 ) ;
#7624 = DIRECTION ( 'NONE',  ( 1.000000000000000000, 0.000000000000000000, -0.000000000000000000 ) ) ;
#7625 = DIRECTION ( 'NONE',  ( -1.000000000000000000, -1.084202172485501673E-15, 0.000000000000000000 ) ) ;
#7626 =( LENGTH_UNIT ( ) NAMED_UNIT ( * ) SI_UNIT ( .MILLI., .METRE. ) );
#7627 = SURFACE_STYLE_FILL_AREA ( #756 ) ;
#7628 =( GEOMETRIC_REPRESENTATION_CONTEXT ( 3 ) GLOBAL_UNCERTAINTY_ASSIGNED_CONTEXT ( ( #182 ) ) GLOBAL_UNIT_ASSIGNED_CONTEXT ( ( #6610, #8554, #3203 ) ) REPRESENTATION_CONTEXT ( 'NONE', 'WORKASPACE' ) );
#7629 = CARTESIAN_POINT ( 'NONE',  ( -4.319792374265440493, 0.2677499999999999880, 0.000000000000000000 ) ) ;
#7630 = FILL_AREA_STYLE_COLOUR ( '', #3444 ) ;
#7631 = CARTESIAN_POINT ( 'NONE',  ( 3.872500000000000053, -0.7672499999999999876, 1.959999999999999964 ) ) ;
#7632 = VECTOR ( 'NONE', #2111, 1000.000000000000227 ) ;
#7633 = UNCERTAINTY_MEASURE_WITH_UNIT (LENGTH_MEASURE( 1.000000000000000082E-05 ), #2665, 'distance_accuracy_value', 'NONE');
#7634 = CIRCLE ( 'NONE', #595, 0.09999999999999982514 ) ;
#7635 = ORIENTED_EDGE ( 'NONE', *, *, #4332, .T. ) ;
#7636 =( NAMED_UNIT ( * ) PLANE_ANGLE_UNIT ( ) SI_UNIT ( $, .RADIAN. ) );
#7637 = PRESENTATION_STYLE_ASSIGNMENT (( #1449 ) ) ;
#7638 = ORIENTED_EDGE ( 'NONE', *, *, #360, .T. ) ;
#7639 = ORIENTED_EDGE ( 'NONE', *, *, #946, .F. ) ;
#7640 = DIRECTION ( 'NONE',  ( 0.000000000000000000, -1.000000000000000000, -0.000000000000000000 ) ) ;
#7641 = ORIENTED_EDGE ( 'NONE', *, *, #359, .F. ) ;
#7642 =( GEOMETRIC_REPRESENTATION_CONTEXT ( 3 ) GLOBAL_UNCERTAINTY_ASSIGNED_CONTEXT ( ( #4953 ) ) GLOBAL_UNIT_ASSIGNED_CONTEXT ( ( #1774, #1013, #3732 ) ) REPRESENTATION_CONTEXT ( 'NONE', 'WORKASPACE' ) );
#7643 = UNCERTAINTY_MEASURE_WITH_UNIT (LENGTH_MEASURE( 1.000000000000000082E-05 ), #1618, 'distance_accuracy_value', 'NONE');
#7644 = CARTESIAN_POINT ( 'NONE',  ( 0.4760296638738868436, -0.1336713562373106623, -0.4636163929784105076 ) ) ;
#7645 = ORIENTED_EDGE ( 'NONE', *, *, #5283, .T. ) ;
#7646 = ORIENTED_EDGE ( 'NONE', *, *, #4296, .F. ) ;
#7647 = DIRECTION ( 'NONE',  ( -1.000000000000000000, -5.421010862427521184E-16, 0.000000000000000000 ) ) ;
#7648 = FILL_AREA_STYLE_COLOUR ( '', #8794 ) ;
#7649 = AXIS2_PLACEMENT_3D ( 'NONE', #5008, #510, #2496 ) ;
#7650 = EDGE_CURVE ( 'NONE', #8210, #1062, #720, .T. ) ;
#7651 = COLOUR_RGB ( '',0.8313725490196077761, 0.8313725490196077761, 0.8313725490196077761 ) ;
#7652 = ADVANCED_FACE ( 'NONE', ( #3383 ), #2770, .T. ) ;
#7653 = ORIENTED_EDGE ( 'NONE', *, *, #3866, .F. ) ;
#7654 = COLOUR_RGB ( '',0.8313725490196077761, 0.8313725490196077761, 0.8313725490196077761 ) ;
#7655 = EDGE_CURVE ( 'NONE', #5777, #4060, #4144, .T. ) ;
#7656 = ORIENTED_EDGE ( 'NONE', *, *, #2886, .T. ) ;
#7657 = DIRECTION ( 'NONE',  ( 1.000000000000000000, 0.000000000000000000, 0.000000000000000000 ) ) ;
#7658 = FILL_AREA_STYLE_COLOUR ( '', #7774 ) ;
#7659 = CARTESIAN_POINT ( 'NONE',  ( 4.587102839788671282, -0.09224999999999894396, -1.844279695023480103 ) ) ;
#7660 = FACE_OUTER_BOUND ( 'NONE', #1413, .T. ) ;
#7661 = PRESENTATION_LAYER_ASSIGNMENT (  '', '', ( #7074 ) ) ;
#7662 = VECTOR ( 'NONE', #1290, 1000.000000000000000 ) ;
#7663 = CYLINDRICAL_SURFACE ( 'NONE', #651, 0.3000000000000000444 ) ;
#7664 = EDGE_LOOP ( 'NONE', ( #4705, #3144, #8623, #7286, #7831 ) ) ;
#7665 = EDGE_CURVE ( 'NONE', #725, #6141, #6259, .T. ) ;
#7666 = EDGE_CURVE ( 'NONE', #5213, #8469, #8178, .T. ) ;
#7667 = CARTESIAN_POINT ( 'NONE',  ( 3.872500000000000053, -0.1922500000000010034, -2.160000000000000142 ) ) ;
#7668 =( LENGTH_UNIT ( ) NAMED_UNIT ( * ) SI_UNIT ( .MILLI., .METRE. ) );
#7669 = PRESENTATION_LAYER_ASSIGNMENT (  '', '', ( #494 ) ) ;
#7670 = SURFACE_SIDE_STYLE ('',( #1031 ) ) ;
#7671 =( NAMED_UNIT ( * ) PLANE_ANGLE_UNIT ( ) SI_UNIT ( $, .RADIAN. ) );
#7672 = CIRCLE ( 'NONE', #365, 0.1000000000000000333 ) ;
#7673 = PRESENTATION_STYLE_ASSIGNMENT (( #2198 ) ) ;
#7674 = DIRECTION ( 'NONE',  ( -0.5773502691896258421, 0.5773502691896266192, 0.5773502691896247319 ) ) ;
#7675 = SURFACE_STYLE_USAGE ( .BOTH. , #4150 ) ;
#7676 = SURFACE_SIDE_STYLE ('',( #5291 ) ) ;
#7677 = FILL_AREA_STYLE ('',( #4938 ) ) ;
#7678 = CIRCLE ( 'NONE', #7971, 0.09999999999999982514 ) ;
#7679 = SURFACE_STYLE_FILL_AREA ( #126 ) ;
#7680 = DIRECTION ( 'NONE',  ( -1.000000000000000000, -0.000000000000000000, 0.000000000000000000 ) ) ;
#7681 = DIRECTION ( 'NONE',  ( 0.8233548815373525898, -0.5675268619621560706, 0.000000000000000000 ) ) ;
#7682 = LINE ( 'NONE', #4252, #5775 ) ;
#7683 = EDGE_LOOP ( 'NONE', ( #6786, #7222, #1452, #4538 ) ) ;
#7684 = CARTESIAN_POINT ( 'NONE',  ( -2.732499999999999929, 0.2322500000000000397, -0.3800000000000000044 ) ) ;
#7685 = ORIENTED_EDGE ( 'NONE', *, *, #1679, .T. ) ;
#7686 = EDGE_CURVE ( 'NONE', #4132, #8210, #2883, .T. ) ;
#7687 = DIRECTION ( 'NONE',  ( -8.223874256482640091E-16, 1.000000000000000000, 0.000000000000000000 ) ) ;
#7688 = EDGE_LOOP ( 'NONE', ( #6147, #8181, #5043, #7393, #8578 ) ) ;
#7689 = SURFACE_STYLE_FILL_AREA ( #6192 ) ;
#7690 = PRESENTATION_LAYER_ASSIGNMENT (  '', '', ( #5802 ) ) ;
#7691 = STYLED_ITEM ( 'NONE', ( #1076 ), #1342 ) ;
#7692 = CARTESIAN_POINT ( 'NONE',  ( -3.575690672268250658, 0.0008476403358656011550, -2.754999999999999893 ) ) ;
#7693 = EDGE_LOOP ( 'NONE', ( #56, #3495, #7864, #5046 ) ) ;
#7694 = ORIENTED_EDGE ( 'NONE', *, *, #5538, .F. ) ;
#7695 = FILL_AREA_STYLE ('',( #5469 ) ) ;
#7696 = DIRECTION ( 'NONE',  ( 0.000000000000000000, -1.000000000000000000, 0.000000000000000000 ) ) ;
#7697 = CARTESIAN_POINT ( 'NONE',  ( 0.9525000000000000133, -0.1922500000000010034, -1.080000000000000071 ) ) ;
#7698 = ORIENTED_EDGE ( 'NONE', *, *, #2814, .T. ) ;
#7699 = DIRECTION ( 'NONE',  ( 1.000000000000000000, 2.469915761387647041E-16, 4.345892835286174241E-17 ) ) ;
#7700 =( NAMED_UNIT ( * ) SI_UNIT ( $, .STERADIAN. ) SOLID_ANGLE_UNIT ( ) );
#7701 = AXIS2_PLACEMENT_3D ( 'NONE', #1317, #7932, #2701 ) ;
#7702 = DIRECTION ( 'NONE',  ( 0.000000000000000000, 1.000000000000000000, 0.000000000000000000 ) ) ;
#7703 = EDGE_CURVE ( 'NONE', #8069, #933, #2732, .T. ) ;
#7704 = SURFACE_SIDE_STYLE ('',( #1518 ) ) ;
#7705 = DIRECTION ( 'NONE',  ( 1.000000000000000000, 0.000000000000000000, -0.000000000000000000 ) ) ;
#7706 = SURFACE_STYLE_FILL_AREA ( #3035 ) ;
#7707 = PRESENTATION_LAYER_ASSIGNMENT (  '', '', ( #2687 ) ) ;
#7708 = DIRECTION ( 'NONE',  ( 1.000000000000000000, 1.224646799147353207E-16, 0.000000000000000000 ) ) ;
#7709 = SURFACE_SIDE_STYLE ('',( #2905 ) ) ;
#7710 = FILL_AREA_STYLE ('',( #5141 ) ) ;
#7711 = PRESENTATION_LAYER_ASSIGNMENT (  '', '', ( #2834 ) ) ;
#7712 = CARTESIAN_POINT ( 'NONE',  ( 4.587102839788670394, -0.09224999999999897171, 1.844279695023480103 ) ) ;
#7713 = EDGE_CURVE ( 'NONE', #7486, #136, #160, .T. ) ;
#7714 = ADVANCED_FACE ( 'NONE', ( #342 ), #3002, .T. ) ;
#7715 = UNCERTAINTY_MEASURE_WITH_UNIT (LENGTH_MEASURE( 1.000000000000000082E-05 ), #5758, 'distance_accuracy_value', 'NONE');
#7716 = MECHANICAL_DESIGN_GEOMETRIC_PRESENTATION_REPRESENTATION (  '', ( #5123 ), #8855 ) ;
#7717 = DIRECTION ( 'NONE',  ( -0.1157205707370560360, -0.1157205707370560360, -0.9865178655334023716 ) ) ;
#7718 = CARTESIAN_POINT ( 'NONE',  ( 2.962554341017596293, -2.740054341017593043, 2.277914424562275109 ) ) ;
#7719 = SURFACE_SIDE_STYLE ('',( #2471 ) ) ;
#7720 = CARTESIAN_POINT ( 'NONE',  ( -3.770634082987819991, 0.3248361564241389887, -2.754999999999999893 ) ) ;
#7721 = SURFACE_STYLE_USAGE ( .BOTH. , #4981 ) ;
#7722 = CARTESIAN_POINT ( 'NONE',  ( 4.910235026918962298, -0.1345149730810366040, 2.560235026918963097 ) ) ;
#7723 = SURFACE_SIDE_STYLE ('',( #2966 ) ) ;
#7724 = EDGE_LOOP ( 'NONE', ( #2566, #8281, #7929, #4358 ) ) ;
#7725 = CARTESIAN_POINT ( 'NONE',  ( 0.5650556301437582585, 6.919935687957440743E-17, 2.355000000000000426 ) ) ;
#7726 = SURFACE_STYLE_USAGE ( .BOTH. , #5029 ) ;
#7727 = SURFACE_STYLE_USAGE ( .BOTH. , #3536 ) ;
#7728 = UNCERTAINTY_MEASURE_WITH_UNIT (LENGTH_MEASURE( 1.000000000000000082E-05 ), #7973, 'distance_accuracy_value', 'NONE');
#7729 = STYLED_ITEM ( 'NONE', ( #6354 ), #5932 ) ;
#7730 = ORIENTED_EDGE ( 'NONE', *, *, #7655, .F. ) ;
#7731 = DIRECTION ( 'NONE',  ( -0.000000000000000000, -0.000000000000000000, -1.000000000000000000 ) ) ;
#7732 = ORIENTED_EDGE ( 'NONE', *, *, #8377, .F. ) ;
#7733 = CARTESIAN_POINT ( 'NONE',  ( 3.772500000000000409, -0.1922499999999990050, -2.060000000000000053 ) ) ;
#7734 = CARTESIAN_POINT ( 'NONE',  ( 4.894530276237607502, -0.2930589658626810423, -1.886313256719518439 ) ) ;
#7735 = ORIENTED_EDGE ( 'NONE', *, *, #8138, .F. ) ;
#7736 = VECTOR ( 'NONE', #3050, 1000.000000000000000 ) ;
#7737 = COLOUR_RGB ( '',0.8313725490196077761, 0.8313725490196077761, 0.8313725490196077761 ) ;
#7738 = CARTESIAN_POINT ( 'NONE',  ( -2.803133701591289828, -2.878590794297181343, 2.114950978616529920 ) ) ;
#7739 = VERTEX_POINT ( 'NONE', #1657 ) ;
#7740 = UNCERTAINTY_MEASURE_WITH_UNIT (LENGTH_MEASURE( 1.000000000000000082E-05 ), #5998, 'distance_accuracy_value', 'NONE');
#7741 = DIRECTION ( 'NONE',  ( 0.000000000000000000, 0.000000000000000000, 1.000000000000000000 ) ) ;
#7742 = CIRCLE ( 'NONE', #1864, 0.2999999999999999334 ) ;
#7743 = EDGE_LOOP ( 'NONE', ( #4366, #817, #3107, #6202 ) ) ;
#7744 = EDGE_LOOP ( 'NONE', ( #8450, #6004, #3675, #4068, #5510, #6738, #234, #8219 ) ) ;
#7745 = CIRCLE ( 'NONE', #2301, 0.2999999999999999889 ) ;
#7746 = SURFACE_STYLE_USAGE ( .BOTH. , #1597 ) ;
#7747 = SURFACE_STYLE_USAGE ( .BOTH. , #5006 ) ;
#7748 = ORIENTED_EDGE ( 'NONE', *, *, #5524, .T. ) ;
#7749 = CARTESIAN_POINT ( 'NONE',  ( 2.779675298495879826E-48, 0.000000000000000000, 0.1270000000000000018 ) ) ;
#7750 = DIRECTION ( 'NONE',  ( 0.8233548815373525898, -0.5675268619621559596, 0.000000000000000000 ) ) ;
#7751 = CARTESIAN_POINT ( 'NONE',  ( 3.082585638534735217, 2.628271126541559255, 2.141421915437724088 ) ) ;
#7752 = VECTOR ( 'NONE', #915, 1000.000000000000114 ) ;
#7753 = MECHANICAL_DESIGN_GEOMETRIC_PRESENTATION_REPRESENTATION (  '', ( #1024 ), #6732 ) ;
#7754 =( LENGTH_UNIT ( ) NAMED_UNIT ( * ) SI_UNIT ( .MILLI., .METRE. ) );
#7755 = CARTESIAN_POINT ( 'NONE',  ( 3.405562582892962098, -0.2171554981402149531, 2.151030663926138953 ) ) ;
#7756 =( NAMED_UNIT ( * ) SI_UNIT ( $, .STERADIAN. ) SOLID_ANGLE_UNIT ( ) );
#7757 =( BOUNDED_SURFACE ( )  B_SPLINE_SURFACE ( 3, 3, ( 
 ( #5217, #6395, #4454, #239 ),
 ( #2987, #1644, #3691, #287 ),
 ( #7791, #2369, #5747, #7064 ),
 ( #4370, #5088, #3733, #5704 ) ),
 .UNSPECIFIED., .F., .F., .F. ) 
 B_SPLINE_SURFACE_WITH_KNOTS ( ( 4, 4 ),
 ( 4, 4 ),
 ( 0.000000000000000000, 1.000000000000000000 ),
 ( 0.000000000000000000, 1.000000000000000000 ),
 .UNSPECIFIED. ) 
 GEOMETRIC_REPRESENTATION_ITEM ( )  RATIONAL_B_SPLINE_SURFACE ( (
 ( 1.000000000000000000, 0.8047378541243647154, 0.8047378541243647154, 1.000000000000000000),
 ( 0.8025111867385936737, 0.6458111303268132541, 0.6458111303268132541, 0.8025111867385936737),
 ( 0.8025111867385936737, 0.6458111303268132541, 0.6458111303268132541, 0.8025111867385936737),
 ( 1.000000000000000000, 0.8047378541243647154, 0.8047378541243647154, 1.000000000000000000) ) ) 
 REPRESENTATION_ITEM ( '' )  SURFACE ( )  );
#7758 = DIRECTION ( 'NONE',  ( -0.000000000000000000, -0.000000000000000000, -1.000000000000000000 ) ) ;
#7759 = FILL_AREA_STYLE ('',( #2332 ) ) ;
#7760 = DIRECTION ( 'NONE',  ( 0.1157205707370565773, 0.1157205707370583675, 0.9865178655334019275 ) ) ;
#7761 = PRESENTATION_STYLE_ASSIGNMENT (( #5022 ) ) ;
#7762 = SURFACE_STYLE_FILL_AREA ( #4341 ) ;
#7763 = AXIS2_PLACEMENT_3D ( 'NONE', #7111, #193, #5047 ) ;
#7764 =( LENGTH_UNIT ( ) NAMED_UNIT ( * ) SI_UNIT ( .MILLI., .METRE. ) );
#7765 = CYLINDRICAL_SURFACE ( 'NONE', #6488, 0.09999999999999999167 ) ;
#7766 = EDGE_CURVE ( 'NONE', #3362, #3061, #4926, .T. ) ;
#7767 = ADVANCED_FACE ( 'NONE', ( #2194, #6979 ), #253, .T. ) ;
#7768 = DIRECTION ( 'NONE',  ( 0.000000000000000000, -1.000000000000000000, 0.000000000000000000 ) ) ;
#7769 = ADVANCED_FACE ( 'NONE', ( #2240 ), #985, .F. ) ;
#7770 = LINE ( 'NONE', #5108, #459 ) ;
#7771 = AXIS2_PLACEMENT_3D ( 'NONE', #1529, #661, #4205 ) ;
#7772 = DIRECTION ( 'NONE',  ( 0.4643522996055910457, 0.8856505754816621501, 0.000000000000000000 ) ) ;
#7773 = SURFACE_SIDE_STYLE ('',( #3719 ) ) ;
#7774 = COLOUR_RGB ( '',0.8313725490196077761, 0.8313725490196077761, 0.8313725490196077761 ) ;
#7775 = EDGE_LOOP ( 'NONE', ( #317, #4120, #4500, #4656 ) ) ;
#7776 = ORIENTED_EDGE ( 'NONE', *, *, #1580, .F. ) ;
#7777 = SURFACE_SIDE_STYLE ('',( #5033 ) ) ;
#7778 = CARTESIAN_POINT ( 'NONE',  ( 0.4238398292666566980, -0.09169822424026424779, 0.4226914235147803955 ) ) ;
#7779 = VERTEX_POINT ( 'NONE', #5884 ) ;
#7780 = SURFACE_STYLE_FILL_AREA ( #7004 ) ;
#7781 = AXIS2_PLACEMENT_3D ( 'NONE', #708, #6370, #5503 ) ;
#7782 = CARTESIAN_POINT ( 'NONE',  ( 4.961021061192351311, -0.1889472805623703955, -1.982898394896569494 ) ) ;
#7783 = EDGE_LOOP ( 'NONE', ( #5608, #1229, #6431, #6344 ) ) ;
#7784 = AXIS2_PLACEMENT_3D ( 'NONE', #1038, #7810, #5631 ) ;
#7785 = FILL_AREA_STYLE_COLOUR ( '', #1401 ) ;
#7786 = CIRCLE ( 'NONE', #1192, 0.4000000000000000777 ) ;
#7787 = VECTOR ( 'NONE', #4730, 1000.000000000000000 ) ;
#7788 = ORIENTED_EDGE ( 'NONE', *, *, #4849, .T. ) ;
#7789 = VERTEX_POINT ( 'NONE', #3127 ) ;
#7790 =( NAMED_UNIT ( * ) PLANE_ANGLE_UNIT ( ) SI_UNIT ( $, .RADIAN. ) );
#7791 = CARTESIAN_POINT ( 'NONE',  ( 0.3819120798423590313, -0.1922500000000010867, -0.4228068925449355864 ) ) ;
#7792 = ORIENTED_EDGE ( 'NONE', *, *, #5551, .F. ) ;
#7793 = CIRCLE ( 'NONE', #3903, 0.1000000000000002554 ) ;
#7794 = UNCERTAINTY_MEASURE_WITH_UNIT (LENGTH_MEASURE( 1.000000000000000082E-05 ), #8379, 'distance_accuracy_value', 'NONE');
#7795 = CIRCLE ( 'NONE', #4032, 0.09999999999999986677 ) ;
#7796 = CARTESIAN_POINT ( 'NONE',  ( -3.833333768778730111, 0.1521730769230758840, 2.660000000000000142 ) ) ;
#7797 =( NAMED_UNIT ( * ) SI_UNIT ( $, .STERADIAN. ) SOLID_ANGLE_UNIT ( ) );
#7798 = SURFACE_STYLE_FILL_AREA ( #244 ) ;
#7799 = STYLED_ITEM ( 'NONE', ( #3789 ), #8174 ) ;
#7800 = CARTESIAN_POINT ( 'NONE',  ( 3.472500000000000142, -0.1922499999999994769, 2.001421356237309546 ) ) ;
#7801 = CARTESIAN_POINT ( 'NONE',  ( 3.914764973081037880, -0.1345149730810362709, 2.560235026918962209 ) ) ;
#7802 = SURFACE_STYLE_USAGE ( .BOTH. , #5137 ) ;
#7803 = CYLINDRICAL_SURFACE ( 'NONE', #436, 0.7999999999999999334 ) ;
#7804 = EDGE_CURVE ( 'NONE', #5789, #5418, #7289, .T. ) ;
#7805 = PRESENTATION_LAYER_ASSIGNMENT (  '', '', ( #3625 ) ) ;
#7806 = LINE ( 'NONE', #3748, #2519 ) ;
#7807 = SURFACE_SIDE_STYLE ('',( #3657 ) ) ;
#7808 = UNCERTAINTY_MEASURE_WITH_UNIT (LENGTH_MEASURE( 1.000000000000000082E-05 ), #4665, 'distance_accuracy_value', 'NONE');
#7809 = LINE ( 'NONE', #349, #3668 ) ;
#7810 = DIRECTION ( 'NONE',  ( -0.000000000000000000, -0.000000000000000000, -1.000000000000000000 ) ) ;
#7811 = VECTOR ( 'NONE', #7381, 1000.000000000000000 ) ;
#7812 = VECTOR ( 'NONE', #6723, 1000.000000000000000 ) ;
#7813 = DIRECTION ( 'NONE',  ( 1.000000000000000000, -3.523657060577880339E-15, 0.000000000000000000 ) ) ;
#7814 = PLANE ( 'NONE',  #7275 ) ;
#7815 =( BOUNDED_SURFACE ( )  B_SPLINE_SURFACE ( 3, 3, ( 
 ( #8548, #7874, #3784, #3906 ),
 ( #425, #5830, #4409, #7144 ),
 ( #2449, #6483, #329, #3071 ),
 ( #3827, #5790, #2410, #1728 ) ),
 .UNSPECIFIED., .F., .F., .F. ) 
 B_SPLINE_SURFACE_WITH_KNOTS ( ( 4, 4 ),
 ( 4, 4 ),
 ( 0.000000000000000000, 1.000000000000000000 ),
 ( 0.000000000000000000, 1.000000000000000000 ),
 .UNSPECIFIED. ) 
 GEOMETRIC_REPRESENTATION_ITEM ( )  RATIONAL_B_SPLINE_SURFACE ( (
 ( 1.000000000000000000, 0.3333333333333352022, 0.3333333333333352022, 1.000000000000000000),
 ( 0.9245018060306364749, 0.3081672686768805458, 0.3081672686768805458, 0.9245018060306364749),
 ( 0.9245018060306364749, 0.3081672686768805458, 0.3081672686768805458, 0.9245018060306364749),
 ( 1.000000000000000000, 0.3333333333333352022, 0.3333333333333352022, 1.000000000000000000) ) ) 
 REPRESENTATION_ITEM ( '' )  SURFACE ( )  );
#7816 = CARTESIAN_POINT ( 'NONE',  ( 0.9388508854975826656, -0.09225000000000051215, -0.7433172900550674145 ) ) ;
#7817 = DIRECTION ( 'NONE',  ( 1.000000000000000000, 5.421010862427522170E-16, 0.000000000000000000 ) ) ;
#7818 = DIRECTION ( 'NONE',  ( 1.000000000000000000, 0.000000000000000000, 0.000000000000000000 ) ) ;
#7819 = SURFACE_STYLE_FILL_AREA ( #6513 ) ;
#7820 = B_SPLINE_CURVE_WITH_KNOTS ( 'NONE', 3,
 ( #7061, #1060, #5125, #577, #4708, #5334 ),
 .UNSPECIFIED., .F., .F.,
 ( 4, 2, 4 ),
 ( 0.000000000000000000, 0.4999999999999993339, 1.000000000000000000 ),
 .UNSPECIFIED. ) ;
#7821 = SURFACE_STYLE_USAGE ( .BOTH. , #1622 ) ;
#7822 = UNCERTAINTY_MEASURE_WITH_UNIT (LENGTH_MEASURE( 1.000000000000000082E-05 ), #3225, 'distance_accuracy_value', 'NONE');
#7823 = MECHANICAL_DESIGN_GEOMETRIC_PRESENTATION_REPRESENTATION (  '', ( #8532 ), #6523 ) ;
#7824 = EDGE_CURVE ( 'NONE', #3923, #4316, #4598, .T. ) ;
#7825 = VERTEX_POINT ( 'NONE', #3168 ) ;
#7826 =( LENGTH_UNIT ( ) NAMED_UNIT ( * ) SI_UNIT ( .MILLI., .METRE. ) );
#7827 = CARTESIAN_POINT ( 'NONE',  ( -2.887649949935855442, -2.740054341017594375, 2.338250127472758066 ) ) ;
#7828 = CARTESIAN_POINT ( 'NONE',  ( 4.885562582892963412, -0.2171554981402132323, 1.953249031097340271 ) ) ;
#7829 = ORIENTED_EDGE ( 'NONE', *, *, #1397, .F. ) ;
#7830 = CARTESIAN_POINT ( 'NONE',  ( 2.803133701591290716, -2.580633701591289242, 2.380000000000000338 ) ) ;
#7831 = ORIENTED_EDGE ( 'NONE', *, *, #7824, .T. ) ;
#7832 = SURFACE_SIDE_STYLE ('',( #8499 ) ) ;
#7833 = CARTESIAN_POINT ( 'NONE',  ( 3.270000000000000018, -3.047499999999999876, 0.6750000000000000444 ) ) ;
#7834 = UNCERTAINTY_MEASURE_WITH_UNIT (LENGTH_MEASURE( 1.000000000000000082E-05 ), #334, 'distance_accuracy_value', 'NONE');
#7835 = EDGE_CURVE ( 'NONE', #8676, #1639, #5262, .T. ) ;
#7836 = EDGE_CURVE ( 'NONE', #3783, #3363, #3885, .T. ) ;
#7837 = ORIENTED_EDGE ( 'NONE', *, *, #1854, .F. ) ;
#7838 = ORIENTED_EDGE ( 'NONE', *, *, #2344, .T. ) ;
#7839 = FILL_AREA_STYLE_COLOUR ( '', #1572 ) ;
#7840 = SURFACE_STYLE_USAGE ( .BOTH. , #8589 ) ;
#7841 = CARTESIAN_POINT ( 'NONE',  ( 0.3819120798423589758, -0.7672500000000009868, -0.3637895569954249786 ) ) ;
#7842 = ORIENTED_EDGE ( 'NONE', *, *, #4579, .F. ) ;
#7843 = CARTESIAN_POINT ( 'NONE',  ( 0.000000000000000000, 0.000000000000000000, 0.000000000000000000 ) ) ;
#7844 = CARTESIAN_POINT ( 'NONE',  ( 2.962554341017597626, -2.740054341017593487, 2.277914424562275109 ) ) ;
#7845 = STYLED_ITEM ( 'NONE', ( #3258 ), #1305 ) ;
#7846 = COLOUR_RGB ( '',0.8313725490196077761, 0.8313725490196077761, 0.8313725490196077761 ) ;
#7847 = DIRECTION ( 'NONE',  ( 0.9999627093287811741, 0.001006118500615642546, 0.008577160218051152127 ) ) ;
#7848 =( NAMED_UNIT ( * ) PLANE_ANGLE_UNIT ( ) SI_UNIT ( $, .RADIAN. ) );
#7849 = CARTESIAN_POINT ( 'NONE',  ( 4.852500000000000036, -0.4297499999999990217, 2.602500000000000036 ) ) ;
#7850 = CARTESIAN_POINT ( 'NONE',  ( 0.5057273086868216971, 0.1295150824209875540, 2.330000000000000071 ) ) ;
#7851 =( LENGTH_UNIT ( ) NAMED_UNIT ( * ) SI_UNIT ( .MILLI., .METRE. ) );
#7852 = CARTESIAN_POINT ( 'NONE',  ( 4.886665146386243386, -0.1345149730810364097, -1.962974787571795776 ) ) ;
#7853 = CARTESIAN_POINT ( 'NONE',  ( 3.831078643762690916, -0.1922499999999989773, 1.959999999999998632 ) ) ;
#7854 = STYLED_ITEM ( 'NONE', ( #4954 ), #5601 ) ;
#7855 = LINE ( 'NONE', #4339, #3513 ) ;
#7856 = CARTESIAN_POINT ( 'NONE',  ( 4.910235026918961410, -0.1345149730810359101, 2.560235026918963097 ) ) ;
#7857 = CYLINDRICAL_SURFACE ( 'NONE', #2840, 0.3000000000000002665 ) ;
#7858 = PRESENTATION_STYLE_ASSIGNMENT (( #8528 ) ) ;
#7859 = PRESENTATION_STYLE_ASSIGNMENT (( #1578 ) ) ;
#7860 = PRESENTATION_STYLE_ASSIGNMENT (( #1044 ) ) ;
#7861 = STYLED_ITEM ( 'NONE', ( #3162 ), #5491 ) ;
#7862 = CARTESIAN_POINT ( 'NONE',  ( -3.770634082987819991, 0.3248361564241389887, -2.660000000000000142 ) ) ;
#7863 = CARTESIAN_POINT ( 'NONE',  ( 3.914764973081037880, -0.1345149730810363264, -2.560235026918962209 ) ) ;
#7864 = ORIENTED_EDGE ( 'NONE', *, *, #800, .T. ) ;
#7865 = DIRECTION ( 'NONE',  ( -0.1157205707370560360, 0.1157205707370560360, 0.9865178655334023716 ) ) ;
#7866 = CARTESIAN_POINT ( 'NONE',  ( 5.004039568547499428, -0.2392314227995475939, 2.002320045929028236 ) ) ;
#7867 = ORIENTED_EDGE ( 'NONE', *, *, #4014, .T. ) ;
#7868 = ADVANCED_FACE ( 'NONE', ( #482 ), #5966, .F. ) ;
#7869 = PLANE ( 'NONE',  #7954 ) ;
#7870 = MECHANICAL_DESIGN_GEOMETRIC_PRESENTATION_REPRESENTATION (  '', ( #541 ), #1269 ) ;
#7871 = CARTESIAN_POINT ( 'NONE',  ( -3.903095123049503457, -0.008589285714287386506, -1.899999999999999689 ) ) ;
#7872 = ORIENTED_EDGE ( 'NONE', *, *, #6385, .T. ) ;
#7873 = CIRCLE ( 'NONE', #7291, 0.09999999999999982514 ) ;
#7874 = CARTESIAN_POINT ( 'NONE',  ( 3.430235026918962760, -0.1345149730810373256, -2.117735026918962760 ) ) ;
#7875 = MECHANICAL_DESIGN_GEOMETRIC_PRESENTATION_REPRESENTATION (  '', ( #5558 ), #5408 ) ;
#7876 = VERTEX_POINT ( 'NONE', #3296 ) ;
#7877 = ORIENTED_EDGE ( 'NONE', *, *, #1612, .F. ) ;
#7878 = CARTESIAN_POINT ( 'NONE',  ( 2.289834988289379941E-16, -0.8249999999999990674, 0.7672500000000009868 ) ) ;
#7879 = EDGE_CURVE ( 'NONE', #2676, #240, #8343, .T. ) ;
#7880 = EDGE_CURVE ( 'NONE', #933, #4819, #8562, .T. ) ;
#7881 =( NAMED_UNIT ( * ) SI_UNIT ( $, .STERADIAN. ) SOLID_ANGLE_UNIT ( ) );
#7882 = EDGE_CURVE ( 'NONE', #5202, #3817, #3799, .T. ) ;
#7883 = STYLED_ITEM ( 'NONE', ( #629 ), #7101 ) ;
#7884 = LINE ( 'NONE', #7023, #4212 ) ;
#7885 = PRESENTATION_STYLE_ASSIGNMENT (( #8599 ) ) ;
#7886 = CARTESIAN_POINT ( 'NONE',  ( -4.852500000000000036, -0.3322500000000009890, -2.660000000000000142 ) ) ;
#7887 =( LENGTH_UNIT ( ) NAMED_UNIT ( * ) SI_UNIT ( .MILLI., .METRE. ) );
#7888 = CARTESIAN_POINT ( 'NONE',  ( 4.787102839788669684, -0.09224999999999881906, 1.944279695023480192 ) ) ;
#7889 = DIRECTION ( 'NONE',  ( 0.3333510335353618292, -0.8471196932672516722, -0.4138421362303548179 ) ) ;
#7890 = AXIS2_PLACEMENT_3D ( 'NONE', #8037, #3980, #1887 ) ;
#7891 = CARTESIAN_POINT ( 'NONE',  ( -2.798656260364270398, 2.630078640753621411, 2.363829005399853411 ) ) ;
#7892 = CARTESIAN_POINT ( 'NONE',  ( -3.903095123049503457, -0.008589285714287551304, 0.000000000000000000 ) ) ;
#7893 = DIRECTION ( 'NONE',  ( -0.000000000000000000, -0.000000000000000000, -1.000000000000000000 ) ) ;
#7894 = UNCERTAINTY_MEASURE_WITH_UNIT (LENGTH_MEASURE( 1.000000000000000082E-05 ), #6162, 'distance_accuracy_value', 'NONE');
#7895 = CARTESIAN_POINT ( 'NONE',  ( -3.770634082987815550, 0.3248361564241368793, 1.804999999999999716 ) ) ;
#7896 = DIRECTION ( 'NONE',  ( -0.000000000000000000, 1.000000000000000000, 0.000000000000000000 ) ) ;
#7897 = DIRECTION ( 'NONE',  ( 1.000000000000000000, 0.000000000000000000, 0.000000000000000000 ) ) ;
#7898 = DIRECTION ( 'NONE',  ( -1.000000000000000000, -5.421010862427532031E-16, 1.734723475976810250E-14 ) ) ;
#7899 = SURFACE_STYLE_USAGE ( .BOTH. , #1124 ) ;
#7900 = CARTESIAN_POINT ( 'NONE',  ( 0.7942184867054550290, -0.09225000000000058153, -0.4962884582798237076 ) ) ;
#7901 = SURFACE_SIDE_STYLE ('',( #4606 ) ) ;
#7902 = CARTESIAN_POINT ( 'NONE',  ( 4.798638961347435838, -0.04759004730551873175, -2.558218880800485984 ) ) ;
#7903 = COLOUR_RGB ( '',0.8313725490196077761, 0.8313725490196077761, 0.8313725490196077761 ) ;
#7904 =( NAMED_UNIT ( * ) SI_UNIT ( $, .STERADIAN. ) SOLID_ANGLE_UNIT ( ) );
#7905 = CARTESIAN_POINT ( 'NONE',  ( -0.6030764423484330505, 0.09537653128742647202, 2.380000000000000338 ) ) ;
#7906 = CARTESIAN_POINT ( 'NONE',  ( 3.911118699873091575, -0.1889472805623702845, -2.611021061192350334 ) ) ;
#7907 = AXIS2_PLACEMENT_3D ( 'NONE', #2822, #3283, #7625 ) ;
#7908 = UNCERTAINTY_MEASURE_WITH_UNIT (LENGTH_MEASURE( 1.000000000000000082E-05 ), #6659, 'distance_accuracy_value', 'NONE');
#7909 = MECHANICAL_DESIGN_GEOMETRIC_PRESENTATION_REPRESENTATION (  '', ( #3579 ), #2318 ) ;
#7910 = ORIENTED_EDGE ( 'NONE', *, *, #791, .F. ) ;
#7911 = DIRECTION ( 'NONE',  ( -0.000000000000000000, -0.000000000000000000, 1.000000000000000000 ) ) ;
#7912 = ORIENTED_EDGE ( 'NONE', *, *, #5551, .T. ) ;
#7913 = SURFACE_SIDE_STYLE ('',( #869 ) ) ;
#7914 = CIRCLE ( 'NONE', #7321, 0.1000000000000002554 ) ;
#7915 = EDGE_CURVE ( 'NONE', #8237, #8730, #2891, .T. ) ;
#7916 = ORIENTED_EDGE ( 'NONE', *, *, #6480, .T. ) ;
#7917 =( NAMED_UNIT ( * ) SI_UNIT ( $, .STERADIAN. ) SOLID_ANGLE_UNIT ( ) );
#7918 = EDGE_LOOP ( 'NONE', ( #2302, #3862, #3785, #4813 ) ) ;
#7919 = ORIENTED_EDGE ( 'NONE', *, *, #6038, .T. ) ;
#7920 = CARTESIAN_POINT ( 'NONE',  ( 4.910235026918962298, -0.1345149730810362987, 1.986544668104517797 ) ) ;
#7921 = VERTEX_POINT ( 'NONE', #4003 ) ;
#7922 = VERTEX_POINT ( 'NONE', #6878 ) ;
#7923 = COLOUR_RGB ( '',0.8313725490196077761, 0.8313725490196077761, 0.8313725490196077761 ) ;
#7924 = CARTESIAN_POINT ( 'NONE',  ( -2.970000000000000639, -2.947500000000000675, 0.3374999999999999112 ) ) ;
#7925 = DIRECTION ( 'NONE',  ( -3.050063254464720219E-16, 1.000000000000000000, 0.000000000000000000 ) ) ;
#7926 = COLOUR_RGB ( '',0.8313725490196077761, 0.8313725490196077761, 0.8313725490196077761 ) ;
#7927 = PLANE ( 'NONE',  #8129 ) ;
#7928 = ADVANCED_FACE ( 'NONE', ( #2719 ), #8190, .F. ) ;
#7929 = ORIENTED_EDGE ( 'NONE', *, *, #8798, .T. ) ;
#7930 = EDGE_CURVE ( 'NONE', #3787, #1645, #6206, .T. ) ;
#7931 = STYLED_ITEM ( 'NONE', ( #5622 ), #2995 ) ;
#7932 = DIRECTION ( 'NONE',  ( 0.000000000000000000, 0.000000000000000000, 1.000000000000000000 ) ) ;
#7933 = CARTESIAN_POINT ( 'NONE',  ( 4.852500000000000036, -0.1922499999999990050, -2.044279695023480059 ) ) ;
#7934 = VECTOR ( 'NONE', #1999, 1000.000000000000000 ) ;
#7935 = ORIENTED_EDGE ( 'NONE', *, *, #3149, .T. ) ;
#7936 = SURFACE_SIDE_STYLE ('',( #1114 ) ) ;
#7937 = CARTESIAN_POINT ( 'NONE',  ( -0.4278595682413244283, 0.3025170797989750193, 2.329999999999999627 ) ) ;
#7938 = SURFACE_STYLE_FILL_AREA ( #5847 ) ;
#7939 = LINE ( 'NONE', #8693, #7662 ) ;
#7940 = CIRCLE ( 'NONE', #2362, 0.1000000000000002554 ) ;
#7941 = AXIS2_PLACEMENT_3D ( 'NONE', #1077, #4431, #584 ) ;
#7942 = ADVANCED_FACE ( 'NONE', ( #4775 ), #7410, .T. ) ;
#7943 = FACE_OUTER_BOUND ( 'NONE', #2131, .T. ) ;
#7944 = DIRECTION ( 'NONE',  ( -1.000000000000000000, -5.421010862427532031E-16, 0.000000000000000000 ) ) ;
#7945 =( NAMED_UNIT ( * ) PLANE_ANGLE_UNIT ( ) SI_UNIT ( $, .RADIAN. ) );
#7946 = CARTESIAN_POINT ( 'NONE',  ( 4.669945552263288668, -0.09224999999999906886, 2.044279695023480059 ) ) ;
#7947 = DIRECTION ( 'NONE',  ( 1.000000000000000000, 1.821530803322650078E-16, 0.000000000000000000 ) ) ;
#7948 = SURFACE_SIDE_STYLE ('',( #402 ) ) ;
#7949 =( GEOMETRIC_REPRESENTATION_CONTEXT ( 3 ) GLOBAL_UNCERTAINTY_ASSIGNED_CONTEXT ( ( #6998 ) ) GLOBAL_UNIT_ASSIGNED_CONTEXT ( ( #3854, #3182, #6639 ) ) REPRESENTATION_CONTEXT ( 'NONE', 'WORKASPACE' ) );
#7950 = CARTESIAN_POINT ( 'NONE',  ( -0.5900556301437581697, 0.000000000000000000, 2.380000000000000338 ) ) ;
#7951 = CARTESIAN_POINT ( 'NONE',  ( 0.6083569003329799552, 7.450223307319893830E-17, 2.380000000000000338 ) ) ;
#7952 =( NAMED_UNIT ( * ) PLANE_ANGLE_UNIT ( ) SI_UNIT ( $, .RADIAN. ) );
#7953 = CIRCLE ( 'NONE', #4053, 0.3000000000000000444 ) ;
#7954 = AXIS2_PLACEMENT_3D ( 'NONE', #917, #7272, #3320 ) ;
#7955 = COLOUR_RGB ( '',0.8313725490196077761, 0.8313725490196077761, 0.8313725490196077761 ) ;
#7956 = VERTEX_POINT ( 'NONE', #8244 ) ;
#7957 = CARTESIAN_POINT ( 'NONE',  ( 4.964667334400298948, -0.1853010073544223979, 1.990190941312465434 ) ) ;
#7958 = SURFACE_STYLE_FILL_AREA ( #5207 ) ;
#7959 = MANIFOLD_SOLID_BREP ( 'Imported1', #1503 ) ;
#7960 = SURFACE_SIDE_STYLE ('',( #1310 ) ) ;
#7961 = MECHANICAL_DESIGN_GEOMETRIC_PRESENTATION_REPRESENTATION (  '', ( #3223 ), #503 ) ;
#7962 = DIRECTION ( 'NONE',  ( -1.000000000000000000, 0.000000000000000000, 0.000000000000000000 ) ) ;
#7963 = FILL_AREA_STYLE ('',( #3066 ) ) ;
#7964 = ORIENTED_EDGE ( 'NONE', *, *, #8324, .T. ) ;
#7965 = ORIENTED_EDGE ( 'NONE', *, *, #4678, .F. ) ;
#7966 = PLANE ( 'NONE',  #839 ) ;
#7967 = DIRECTION ( 'NONE',  ( 0.000000000000000000, 0.000000000000000000, 1.000000000000000000 ) ) ;
#7968 = ORIENTED_EDGE ( 'NONE', *, *, #2555, .T. ) ;
#7969 = FILL_AREA_STYLE ('',( #5791 ) ) ;
#7970 = VERTEX_POINT ( 'NONE', #1467 ) ;
#7971 = AXIS2_PLACEMENT_3D ( 'NONE', #4837, #5445, #4794 ) ;
#7972 = CARTESIAN_POINT ( 'NONE',  ( -4.952499999999999680, 0.7672499999999990994, 1.899999999999999911 ) ) ;
#7973 =( LENGTH_UNIT ( ) NAMED_UNIT ( * ) SI_UNIT ( .MILLI., .METRE. ) );
#7974 =( GEOMETRIC_REPRESENTATION_CONTEXT ( 3 ) GLOBAL_UNCERTAINTY_ASSIGNED_CONTEXT ( ( #7894 ) ) GLOBAL_UNIT_ASSIGNED_CONTEXT ( ( #6162, #4141, #4051 ) ) REPRESENTATION_CONTEXT ( 'NONE', 'WORKASPACE' ) );
#7975 = LINE ( 'NONE', #7322, #1426 ) ;
#7976 = ORIENTED_EDGE ( 'NONE', *, *, #3360, .F. ) ;
#7977 = STYLED_ITEM ( 'NONE', ( #4237 ), #473 ) ;
#7978 = DIRECTION ( 'NONE',  ( -1.000000000000000000, 0.000000000000000000, 0.000000000000000000 ) ) ;
#7979 = DIRECTION ( 'NONE',  ( 0.000000000000000000, -1.000000000000000000, -0.000000000000000000 ) ) ;
#7980 = EDGE_CURVE ( 'NONE', #8508, #684, #5091, .T. ) ;
#7981 = CARTESIAN_POINT ( 'NONE',  ( 3.269999999999998241, 2.924613882647853824, 0.4679151216102805377 ) ) ;
#7982 = VECTOR ( 'NONE', #8534, 1000.000000000000000 ) ;
#7983 = PRESENTATION_LAYER_ASSIGNMENT (  '', '', ( #6081 ) ) ;
#7984 = DIRECTION ( 'NONE',  ( -0.000000000000000000, -0.000000000000000000, -1.000000000000000000 ) ) ;
#7985 = CIRCLE ( 'NONE', #3948, 0.09999999999999981126 ) ;
#7986 =( LENGTH_UNIT ( ) NAMED_UNIT ( * ) SI_UNIT ( .MILLI., .METRE. ) );
#7987 = CARTESIAN_POINT ( 'NONE',  ( -2.951774992190686842, -2.577098235708562779, 2.417858833620016856 ) ) ;
#7988 = CARTESIAN_POINT ( 'NONE',  ( -1.222499999999999920, 0.2322500000000000120, 0.000000000000000000 ) ) ;
#7989 =( NAMED_UNIT ( * ) SI_UNIT ( $, .STERADIAN. ) SOLID_ANGLE_UNIT ( ) );
#7990 = CARTESIAN_POINT ( 'NONE',  ( 2.959737197023302180, 2.650969074868141373, 2.283371188774894200 ) ) ;
#7991 = EDGE_CURVE ( 'NONE', #5213, #3351, #1553, .T. ) ;
#7992 = EDGE_CURVE ( 'NONE', #7922, #778, #154, .T. ) ;
#7993 = SURFACE_SIDE_STYLE ('',( #3853 ) ) ;
#7994 = CARTESIAN_POINT ( 'NONE',  ( -3.770634082987817770, 0.3248361564241380450, 2.659999999999999698 ) ) ;
#7995 = UNCERTAINTY_MEASURE_WITH_UNIT (LENGTH_MEASURE( 1.000000000000000082E-05 ), #2057, 'distance_accuracy_value', 'NONE');
#7996 = VERTEX_POINT ( 'NONE', #2231 ) ;
#7997 = CARTESIAN_POINT ( 'NONE',  ( 3.396594889548317120, -0.02531586835139272920, -1.968158727481962522 ) ) ;
#7998 = SURFACE_STYLE_FILL_AREA ( #498 ) ;
#7999 = ORIENTED_EDGE ( 'NONE', *, *, #7467, .F. ) ;
#8000 = CARTESIAN_POINT ( 'NONE',  ( 0.5217543599545370059, 6.389648068594997516E-17, 2.329999999999999627 ) ) ;
#8001 = AXIS2_PLACEMENT_3D ( 'NONE', #5309, #597, #7419 ) ;
#8002 = AXIS2_PLACEMENT_3D ( 'NONE', #939, #3604, #8473 ) ;
#8003 = CARTESIAN_POINT ( 'NONE',  ( 3.430235026918962316, -0.1345149730810373812, 2.117735026918962760 ) ) ;
#8004 = PRESENTATION_LAYER_ASSIGNMENT (  '', '', ( #8854 ) ) ;
#8005 = ORIENTED_EDGE ( 'NONE', *, *, #5967, .F. ) ;
#8006 = EDGE_LOOP ( 'NONE', ( #6105, #7221, #6889, #1789 ) ) ;
#8007 = CARTESIAN_POINT ( 'NONE',  ( 4.897221359549996045, -0.1922499999999989495, -2.591942719099991521 ) ) ;
#8008 = CARTESIAN_POINT ( 'NONE',  ( -0.5559049950491480319, 1.111809990098296064, 2.339150635094611186 ) ) ;
#8009 = VERTEX_POINT ( 'NONE', #2320 ) ;
#8010 = CARTESIAN_POINT ( 'NONE',  ( 0.4819120798423591756, -0.09225000000000090072, 0.3637895569954249786 ) ) ;
#8011 = CARTESIAN_POINT ( 'NONE',  ( 3.972500000000000142, -0.1922499999999989218, 2.059999999999999609 ) ) ;
#8012 = MECHANICAL_DESIGN_GEOMETRIC_PRESENTATION_REPRESENTATION (  '', ( #8868 ), #1987 ) ;
#8013 = ORIENTED_EDGE ( 'NONE', *, *, #5027, .T. ) ;
#8014 = DIRECTION ( 'NONE',  ( -0.4082482904638630727, -0.8164965809277261455, -0.4082482904638630727 ) ) ;
#8015 = ORIENTED_EDGE ( 'NONE', *, *, #7389, .F. ) ;
#8016 = SURFACE_STYLE_FILL_AREA ( #1741 ) ;
#8017 =( NAMED_UNIT ( * ) PLANE_ANGLE_UNIT ( ) SI_UNIT ( $, .RADIAN. ) );
#8018 =( NAMED_UNIT ( * ) PLANE_ANGLE_UNIT ( ) SI_UNIT ( $, .RADIAN. ) );
#8019 = CIRCLE ( 'NONE', #119, 0.4000000000000000222 ) ;
#8020 = AXIS2_PLACEMENT_3D ( 'NONE', #1904, #8014, #7551 ) ;
#8021 = SURFACE_STYLE_FILL_AREA ( #7251 ) ;
#8022 = PRESENTATION_LAYER_ASSIGNMENT (  '', '', ( #2001 ) ) ;
#8023 =( LENGTH_UNIT ( ) NAMED_UNIT ( * ) SI_UNIT ( .MILLI., .METRE. ) );
#8024 =( NAMED_UNIT ( * ) SI_UNIT ( $, .STERADIAN. ) SOLID_ANGLE_UNIT ( ) );
#8025 =( NAMED_UNIT ( * ) SI_UNIT ( $, .STERADIAN. ) SOLID_ANGLE_UNIT ( ) );
#8026 =( LENGTH_UNIT ( ) NAMED_UNIT ( * ) SI_UNIT ( .MILLI., .METRE. ) );
#8027 = LINE ( 'NONE', #4607, #1480 ) ;
#8028 = MECHANICAL_DESIGN_GEOMETRIC_PRESENTATION_REPRESENTATION (  '', ( #3021 ), #4137 ) ;
#8029 = SURFACE_STYLE_USAGE ( .BOTH. , #5315 ) ;
#8030 = ORIENTED_EDGE ( 'NONE', *, *, #3535, .T. ) ;
#8031 = CARTESIAN_POINT ( 'NONE',  ( -4.952499999999999680, 0.7672499999999990994, 0.3800000000000000044 ) ) ;
#8032 = EDGE_CURVE ( 'NONE', #566, #2705, #976, .T. ) ;
#8033 = EDGE_CURVE ( 'NONE', #5655, #176, #835, .T. ) ;
#8034 = SURFACE_SIDE_STYLE ('',( #3269 ) ) ;
#8035 = ORIENTED_EDGE ( 'NONE', *, *, #563, .F. ) ;
#8036 = EDGE_CURVE ( 'NONE', #8009, #36, #2990, .T. ) ;
#8037 = CARTESIAN_POINT ( 'NONE',  ( -2.803133701591290272, 2.495677398353389087, 2.080000000000000071 ) ) ;
#8038 = CARTESIAN_POINT ( 'NONE',  ( 3.972500000000000142, -0.1922499999999990050, -2.502499999999999947 ) ) ;
#8039 = DIRECTION ( 'NONE',  ( -1.000000000000000000, 0.000000000000000000, 0.000000000000000000 ) ) ;
#8040 = AXIS2_PLACEMENT_3D ( 'NONE', #113, #6941, #6115 ) ;
#8041 = ADVANCED_FACE ( 'NONE', ( #3695, #6297 ), #105, .T. ) ;
#8042 = CIRCLE ( 'NONE', #7771, 0.1499999999999999667 ) ;
#8043 = ORIENTED_EDGE ( 'NONE', *, *, #1729, .F. ) ;
#8044 = ORIENTED_EDGE ( 'NONE', *, *, #6705, .F. ) ;
#8045 = FILL_AREA_STYLE ('',( #2577 ) ) ;
#8046 = CARTESIAN_POINT ( 'NONE',  ( -4.852500000000000036, -0.2322500000000006781, -2.660000000000000142 ) ) ;
#8047 = VECTOR ( 'NONE', #2720, 1000.000000000000000 ) ;
#8048 = CARTESIAN_POINT ( 'NONE',  ( 2.970000000000000639, -2.617931184094170138, 0.2812148343424690222 ) ) ;
#8049 = STYLED_ITEM ( 'NONE', ( #6656 ), #3909 ) ;
#8050 = DIRECTION ( 'NONE',  ( -0.5314021314210146674, -0.5314021314210146674, 0.6597147485409168288 ) ) ;
#8051 = ORIENTED_EDGE ( 'NONE', *, *, #6981, .T. ) ;
#8052 =( LENGTH_UNIT ( ) NAMED_UNIT ( * ) SI_UNIT ( .MILLI., .METRE. ) );
#8053 = PRESENTATION_LAYER_ASSIGNMENT (  '', '', ( #7799 ) ) ;
#8054 = DIRECTION ( 'NONE',  ( -1.000000000000000000, -5.421010862427521184E-16, 0.000000000000000000 ) ) ;
#8055 = PRESENTATION_LAYER_ASSIGNMENT (  '', '', ( #4326 ) ) ;
#8056 = PRESENTATION_STYLE_ASSIGNMENT (( #1244 ) ) ;
#8057 = CARTESIAN_POINT ( 'NONE',  ( 3.081608829459648646, -2.717203111341379262, 2.135240060900061021 ) ) ;
#8058 = UNCERTAINTY_MEASURE_WITH_UNIT (LENGTH_MEASURE( 1.000000000000000082E-05 ), #3047, 'distance_accuracy_value', 'NONE');
#8059 = MANIFOLD_SOLID_BREP ( 'Imported2', #5784 ) ;
#8060 = PRESENTATION_LAYER_ASSIGNMENT (  '', '', ( #8637 ) ) ;
#8061 = EDGE_CURVE ( 'NONE', #1507, #875, #1108, .T. ) ;
#8062 = DIRECTION ( 'NONE',  ( -4.823386660693620032E-16, 1.000000000000000000, -0.000000000000000000 ) ) ;
#8063 = FILL_AREA_STYLE_COLOUR ( '', #3467 ) ;
#8064 = CARTESIAN_POINT ( 'NONE',  ( 0.5650556301437582585, 6.919935687957440743E-17, 2.355000000000000426 ) ) ;
#8065 = AXIS2_PLACEMENT_3D ( 'NONE', #5797, #513, #8558 ) ;
#8066 = VECTOR ( 'NONE', #4962, 1000.000000000000000 ) ;
#8067 = CARTESIAN_POINT ( 'NONE',  ( 0.4597725128298857378, 0.4006264186279557826, 2.380000000000000338 ) ) ;
#8068 = FILL_AREA_STYLE_COLOUR ( '', #6778 ) ;
#8069 = VERTEX_POINT ( 'NONE', #2850 ) ;
#8070 = ORIENTED_EDGE ( 'NONE', *, *, #5230, .F. ) ;
#8071 = AXIS2_PLACEMENT_3D ( 'NONE', #8145, #6057, #4824 ) ;
#8072 =( GEOMETRIC_REPRESENTATION_CONTEXT ( 3 ) GLOBAL_UNCERTAINTY_ASSIGNED_CONTEXT ( ( #4113 ) ) GLOBAL_UNIT_ASSIGNED_CONTEXT ( ( #3569, #6311, #5443 ) ) REPRESENTATION_CONTEXT ( 'NONE', 'WORKASPACE' ) );
#8073 = AXIS2_PLACEMENT_3D ( 'NONE', #1311, #432, #2657 ) ;
#8074 = ORIENTED_EDGE ( 'NONE', *, *, #3257, .F. ) ;
#8075 = CARTESIAN_POINT ( 'NONE',  ( 0.5650556301437590356, 6.919935687957451836E-17, 2.354999999999999982 ) ) ;
#8076 = DIRECTION ( 'NONE',  ( -1.000000000000000000, 0.000000000000000000, 0.000000000000000000 ) ) ;
#8077 =( NAMED_UNIT ( * ) SI_UNIT ( $, .STERADIAN. ) SOLID_ANGLE_UNIT ( ) );
#8078 = FILL_AREA_STYLE ('',( #6487 ) ) ;
#8079 = DIRECTION ( 'NONE',  ( 0.5675268619621517407, 0.8233548815373554763, 0.000000000000000000 ) ) ;
#8080 = CIRCLE ( 'NONE', #7220, 0.1000000000000002554 ) ;
#8081 = ADVANCED_FACE ( 'NONE', ( #5129 ), #1976, .F. ) ;
#8082 = CIRCLE ( 'NONE', #344, 0.09999999999999990841 ) ;
#8083 = CARTESIAN_POINT ( 'NONE',  ( 4.687102839788669151, -0.1922499999999990605, 1.844279695023480548 ) ) ;
#8084 = ORIENTED_EDGE ( 'NONE', *, *, #5876, .F. ) ;
#8085 = AXIS2_PLACEMENT_3D ( 'NONE', #4978, #1570, #5021 ) ;
#8086 = LINE ( 'NONE', #538, #3146 ) ;
#8087 =( LENGTH_UNIT ( ) NAMED_UNIT ( * ) SI_UNIT ( .MILLI., .METRE. ) );
#8088 = STYLED_ITEM ( 'NONE', ( #3014 ), #4294 ) ;
#8089 = AXIS2_PLACEMENT_3D ( 'NONE', #4658, #6644, #3270 ) ;
#8090 = CARTESIAN_POINT ( 'NONE',  ( -0.5650556301437590356, 0.000000000000000000, 2.354999999999999982 ) ) ;
#8091 = ORIENTED_EDGE ( 'NONE', *, *, #250, .T. ) ;
#8092 = CARTESIAN_POINT ( 'NONE',  ( -2.959737197023301736, 2.650969074868140929, 2.283371188774895089 ) ) ;
#8093 = FILL_AREA_STYLE_COLOUR ( '', #3397 ) ;
#8094 = CARTESIAN_POINT ( 'NONE',  ( -3.414865336152359987, -0.3451191649770700143, 2.660000000000000142 ) ) ;
#8095 = CARTESIAN_POINT ( 'NONE',  ( -4.852500000000000036, -0.3322500000000009890, 1.899999999999999911 ) ) ;
#8096 = CARTESIAN_POINT ( 'NONE',  ( 0.4760296638738869546, -0.1922500000000011144, -0.4636163929784103410 ) ) ;
#8097 = ORIENTED_EDGE ( 'NONE', *, *, #614, .T. ) ;
#8098 = CARTESIAN_POINT ( 'NONE',  ( -4.852500000000000036, -0.2322500000000004006, 2.660000000000000142 ) ) ;
#8099 = SURFACE_STYLE_FILL_AREA ( #7608 ) ;
#8100 =( LENGTH_UNIT ( ) NAMED_UNIT ( * ) SI_UNIT ( .MILLI., .METRE. ) );
#8101 =( LENGTH_UNIT ( ) NAMED_UNIT ( * ) SI_UNIT ( .MILLI., .METRE. ) );
#8102 = FILL_AREA_STYLE_COLOUR ( '', #8807 ) ;
#8103 = MECHANICAL_DESIGN_GEOMETRIC_PRESENTATION_REPRESENTATION (  '', ( #3100 ), #6398 ) ;
#8104 = SURFACE_SIDE_STYLE ('',( #5355 ) ) ;
#8105 = CARTESIAN_POINT ( 'NONE',  ( 3.545609128038690105, -0.7672500000000000986, -0.6562182560773820450 ) ) ;
#8106 = CARTESIAN_POINT ( 'NONE',  ( -2.803133701591289384, -2.580633701591291018, 2.080000000000000071 ) ) ;
#8107 = CARTESIAN_POINT ( 'NONE',  ( 3.430235026918963204, -0.1345149730810387134, 2.117735026918963204 ) ) ;
#8108 = DIRECTION ( 'NONE',  ( 1.000000000000000000, 0.000000000000000000, 0.000000000000000000 ) ) ;
#8109 = PRESENTATION_STYLE_ASSIGNMENT (( #6671 ) ) ;
#8110 = CARTESIAN_POINT ( 'NONE',  ( 2.798656260364271287, 2.630078640753621411, 2.363829005399853411 ) ) ;
#8111 =( GEOMETRIC_REPRESENTATION_CONTEXT ( 3 ) GLOBAL_UNCERTAINTY_ASSIGNED_CONTEXT ( ( #3659 ) ) GLOBAL_UNIT_ASSIGNED_CONTEXT ( ( #8845, #6818, #3404 ) ) REPRESENTATION_CONTEXT ( 'NONE', 'WORKASPACE' ) );
#8112 = CARTESIAN_POINT ( 'NONE',  ( 0.2044834875729610313, 0.5733239114389090396, 2.380000000000000338 ) ) ;
#8113 = STYLED_ITEM ( 'NONE', ( #6542 ), #1304 ) ;
#8114 = SURFACE_SIDE_STYLE ('',( #2647 ) ) ;
#8115 = ORIENTED_EDGE ( 'NONE', *, *, #3471, .F. ) ;
#8116 = LINE ( 'NONE', #1925, #5942 ) ;
#8117 = SURFACE_STYLE_FILL_AREA ( #1307 ) ;
#8118 = CARTESIAN_POINT ( 'NONE',  ( 4.687102839788669151, -0.1336713562373085251, -1.902858338786170167 ) ) ;
#8119 = FILL_AREA_STYLE_COLOUR ( '', #3912 ) ;
#8120 = DIRECTION ( 'NONE',  ( 0.8233548815373525898, -0.5675268619621559596, 0.000000000000000000 ) ) ;
#8121 = DIRECTION ( 'NONE',  ( -1.000000000000000000, -4.497431234013940009E-16, -0.000000000000000000 ) ) ;
#8122 = FILL_AREA_STYLE ('',( #8805 ) ) ;
#8123 = STYLED_ITEM ( 'NONE', ( #2417 ), #1628 ) ;
#8124 =( NAMED_UNIT ( * ) SI_UNIT ( $, .STERADIAN. ) SOLID_ANGLE_UNIT ( ) );
#8125 = PLANE ( 'NONE',  #2119 ) ;
#8126 = EDGE_LOOP ( 'NONE', ( #5871, #1149, #330, #676 ) ) ;
#8127 = ORIENTED_EDGE ( 'NONE', *, *, #5604, .F. ) ;
#8128 = EDGE_LOOP ( 'NONE', ( #6698, #8030, #3874, #177 ) ) ;
#8129 = AXIS2_PLACEMENT_3D ( 'NONE', #2037, #675, #3412 ) ;
#8130 = AXIS2_PLACEMENT_3D ( 'NONE', #4885, #3437, #705 ) ;
#8131 = CARTESIAN_POINT ( 'NONE',  ( 0.8524999999999998135, -0.1336713562373104958, -0.6394013687083450748 ) ) ;
#8132 = CARTESIAN_POINT ( 'NONE',  ( 0.1523532029945741662, -0.5940512099433722382, 2.380000000000000782 ) ) ;
#8133 = STYLED_ITEM ( 'NONE', ( #2927 ), #6555 ) ;
#8134 = EDGE_CURVE ( 'NONE', #7550, #8887, #2335, .T. ) ;
#8135 = EDGE_CURVE ( 'NONE', #7195, #4596, #3077, .T. ) ;
#8136 = VERTEX_POINT ( 'NONE', #4506 ) ;
#8137 = DIRECTION ( 'NONE',  ( 4.823386660693620032E-16, -1.000000000000000000, 0.000000000000000000 ) ) ;
#8138 = EDGE_CURVE ( 'NONE', #1638, #1062, #4197, .T. ) ;
#8139 = EDGE_CURVE ( 'NONE', #4497, #4085, #7327, .T. ) ;
#8140 = ORIENTED_EDGE ( 'NONE', *, *, #5603, .F. ) ;
#8141 = PRESENTATION_LAYER_ASSIGNMENT (  '', '', ( #5837 ) ) ;
#8142 = CARTESIAN_POINT ( 'NONE',  ( -0.6083569003329799552, 7.450223307319891365E-17, 2.380000000000000338 ) ) ;
#8143 = SURFACE_STYLE_USAGE ( .BOTH. , #2048 ) ;
#8144 = PRODUCT ( '2', '2', '', ( #2625 ) ) ;
#8145 = CARTESIAN_POINT ( 'NONE',  ( 2.803133701591290272, -2.580633701591288798, 2.080000000000000071 ) ) ;
#8146 = COLOUR_RGB ( '',0.8313725490196077761, 0.8313725490196077761, 0.8313725490196077761 ) ;
#8147 = FILL_AREA_STYLE_COLOUR ( '', #5488 ) ;
#8148 =( NAMED_UNIT ( * ) SI_UNIT ( $, .STERADIAN. ) SOLID_ANGLE_UNIT ( ) );
#8149 = CARTESIAN_POINT ( 'NONE',  ( 3.872500000000000053, -0.7672499999999999876, -0.8062182560773819562 ) ) ;
#8150 = CARTESIAN_POINT ( 'NONE',  ( 2.803133701591289384, 2.495677398353389975, 2.080000000000000071 ) ) ;
#8151 =( NAMED_UNIT ( * ) SI_UNIT ( $, .STERADIAN. ) SOLID_ANGLE_UNIT ( ) );
#8152 = VECTOR ( 'NONE', #3440, 1000.000000000000000 ) ;
#8153 = DIRECTION ( 'NONE',  ( 1.000000000000000000, -0.000000000000000000, 0.000000000000000000 ) ) ;
#8154 = ORIENTED_EDGE ( 'NONE', *, *, #4999, .T. ) ;
#8155 = COLOUR_RGB ( '',0.8313725490196077761, 0.8313725490196077761, 0.8313725490196077761 ) ;
#8156 = CARTESIAN_POINT ( 'NONE',  ( 0.9284051104516812813, -0.02531586835139492536, 1.968158727481964076 ) ) ;
#8157 = SURFACE_SIDE_STYLE ('',( #5582 ) ) ;
#8158 = UNCERTAINTY_MEASURE_WITH_UNIT (LENGTH_MEASURE( 1.000000000000000082E-05 ), #2083, 'distance_accuracy_value', 'NONE');
#8159 = VECTOR ( 'NONE', #7462, 1000.000000000000000 ) ;
#8160 = CIRCLE ( 'NONE', #861, 0.1000000000000002554 ) ;
#8161 = CARTESIAN_POINT ( 'NONE',  ( 3.513921356237308391, -0.1922499999999990883, -1.959999999999999742 ) ) ;
#8162 = ORIENTED_EDGE ( 'NONE', *, *, #5028, .T. ) ;
#8163 = FILL_AREA_STYLE ('',( #803 ) ) ;
#8164 = PRESENTATION_STYLE_ASSIGNMENT (( #4020 ) ) ;
#8165 = CARTESIAN_POINT ( 'NONE',  ( -3.319999999999999840, 0.7672499999999990994, 0.3800000000000000044 ) ) ;
#8166 = DIRECTION ( 'NONE',  ( -5.482582837655000045E-16, 1.000000000000000000, -0.000000000000000000 ) ) ;
#8167 = FACE_OUTER_BOUND ( 'NONE', #526, .T. ) ;
#8168 = VECTOR ( 'NONE', #7640, 1000.000000000000000 ) ;
#8169 = DIRECTION ( 'NONE',  ( -1.000000000000000000, 0.000000000000000000, 0.000000000000000000 ) ) ;
#8170 = DIRECTION ( 'NONE',  ( 0.000000000000000000, 0.000000000000000000, -1.000000000000000000 ) ) ;
#8171 = VECTOR ( 'NONE', #5728, 1000.000000000000000 ) ;
#8172 = FILL_AREA_STYLE_COLOUR ( '', #4674 ) ;
#8173 = ORIENTED_EDGE ( 'NONE', *, *, #4602, .F. ) ;
#8174 = ADVANCED_FACE ( 'NONE', ( #3737 ), #5868, .T. ) ;
#8175 = PRESENTATION_STYLE_ASSIGNMENT (( #4949 ) ) ;
#8176 = FILL_AREA_STYLE ('',( #5422 ) ) ;
#8177 = CARTESIAN_POINT ( 'NONE',  ( 0.6281220300064792594, -0.09225000000000063705, 0.3938154467924457336 ) ) ;
#8178 = CIRCLE ( 'NONE', #5733, 0.1499999999999999667 ) ;
#8179 = SURFACE_SIDE_STYLE ('',( #3501 ) ) ;
#8180 = STYLED_ITEM ( 'NONE', ( #7581 ), #3519 ) ;
#8181 = ORIENTED_EDGE ( 'NONE', *, *, #946, .T. ) ;
#8182 = EDGE_LOOP ( 'NONE', ( #6617, #3723, #3687, #8162 ) ) ;
#8183 =( GEOMETRIC_REPRESENTATION_CONTEXT ( 3 ) GLOBAL_UNCERTAINTY_ASSIGNED_CONTEXT ( ( #4457 ) ) GLOBAL_UNIT_ASSIGNED_CONTEXT ( ( #8, #2760, #5476 ) ) REPRESENTATION_CONTEXT ( 'NONE', 'WORKASPACE' ) );
#8184 = CARTESIAN_POINT ( 'NONE',  ( 0.9481312709995347587, -0.1434107350525332392, 2.153309800894467330 ) ) ;
#8185 = CARTESIAN_POINT ( 'NONE',  ( 0.4892670315653450119, -0.3709748431614317554, 2.379999999999999449 ) ) ;
#8186 = ORIENTED_EDGE ( 'NONE', *, *, #6272, .T. ) ;
#8187 = CARTESIAN_POINT ( 'NONE',  ( -4.952499999999999680, -0.3322500000000009890, 0.000000000000000000 ) ) ;
#8188 = ORIENTED_EDGE ( 'NONE', *, *, #6863, .F. ) ;
#8189 =( NAMED_UNIT ( * ) PLANE_ANGLE_UNIT ( ) SI_UNIT ( $, .RADIAN. ) );
#8190 = PLANE ( 'NONE',  #5171 ) ;
#8191 = SURFACE_SIDE_STYLE ('',( #5434 ) ) ;
#8192 = CARTESIAN_POINT ( 'NONE',  ( 3.270000000000000018, 3.047499999999999876, 0.000000000000000000 ) ) ;
#8193 = STYLED_ITEM ( 'NONE', ( #1016 ), #8081 ) ;
#8194 = CYLINDRICAL_SURFACE ( 'NONE', #6782, 0.1000000000000000056 ) ;
#8195 = EDGE_CURVE ( 'NONE', #3061, #2847, #1914, .T. ) ;
#8196 = CARTESIAN_POINT ( 'NONE',  ( -2.855207625734560217, 0.2322500000000000397, -2.660000000000000142 ) ) ;
#8197 = DIRECTION ( 'NONE',  ( 0.000000000000000000, 0.000000000000000000, 1.000000000000000000 ) ) ;
#8198 = CARTESIAN_POINT ( 'NONE',  ( -3.242815959658425395, 0.04809771563645269532, 2.660000000000000142 ) ) ;
#8199 = CYLINDRICAL_SURFACE ( 'NONE', #806, 0.1000000000000002554 ) ;
#8200 = VERTEX_POINT ( 'NONE', #6808 ) ;
#8201 =( GEOMETRIC_REPRESENTATION_CONTEXT ( 3 ) GLOBAL_UNCERTAINTY_ASSIGNED_CONTEXT ( ( #2334 ) ) GLOBAL_UNIT_ASSIGNED_CONTEXT ( ( #5277, #8707, #1259 ) ) REPRESENTATION_CONTEXT ( 'NONE', 'WORKASPACE' ) );
#8202 = PRESENTATION_STYLE_ASSIGNMENT (( #2105 ) ) ;
#8203 =( LENGTH_UNIT ( ) NAMED_UNIT ( * ) SI_UNIT ( .MILLI., .METRE. ) );
#8204 = VECTOR ( 'NONE', #7202, 1000.000000000000000 ) ;
#8205 = CARTESIAN_POINT ( 'NONE',  ( 0.9183348536137585505, -0.1345149730810373256, -2.141304907451684336 ) ) ;
#8206 = EDGE_CURVE ( 'NONE', #5111, #2413, #3396, .T. ) ;
#8207 = EDGE_CURVE ( 'NONE', #7587, #3492, #4796, .T. ) ;
#8208 = CIRCLE ( 'NONE', #3900, 0.1000000000000000056 ) ;
#8209 = CARTESIAN_POINT ( 'NONE',  ( 3.455342712474618327, -0.09224999999999905498, -1.859999999999999876 ) ) ;
#8210 = VERTEX_POINT ( 'NONE', #8216 ) ;
#8211 = EDGE_LOOP ( 'NONE', ( #4178, #3734, #5826, #7183 ) ) ;
#8212 = CYLINDRICAL_SURFACE ( 'NONE', #2038, 0.1499999999999999667 ) ;
#8213 =( LENGTH_UNIT ( ) NAMED_UNIT ( * ) SI_UNIT ( .MILLI., .METRE. ) );
#8214 = DIRECTION ( 'NONE',  ( -8.223874256482640091E-16, 1.000000000000000000, 0.000000000000000000 ) ) ;
#8215 = LINE ( 'NONE', #5502, #8152 ) ;
#8216 = CARTESIAN_POINT ( 'NONE',  ( 3.417221359549996507, -0.1028072809000081245, 2.060000000000000053 ) ) ;
#8217 = VECTOR ( 'NONE', #6876, 1000.000000000000114 ) ;
#8218 = CARTESIAN_POINT ( 'NONE',  ( -3.854999999999999982, -0.7672500000000009868, 0.000000000000000000 ) ) ;
#8219 = ORIENTED_EDGE ( 'NONE', *, *, #8695, .T. ) ;
#8220 = EDGE_LOOP ( 'NONE', ( #5504, #5736, #2121, #3243, #7059, #4950, #7544, #5644 ) ) ;
#8221 = LINE ( 'NONE', #2829, #2887 ) ;
#8222 = SURFACE_SIDE_STYLE ('',( #5453 ) ) ;
#8223 =( GEOMETRIC_REPRESENTATION_CONTEXT ( 3 ) GLOBAL_UNCERTAINTY_ASSIGNED_CONTEXT ( ( #6375 ) ) GLOBAL_UNIT_ASSIGNED_CONTEXT ( ( #8101, #6667, #4686 ) ) REPRESENTATION_CONTEXT ( 'NONE', 'WORKASPACE' ) );
#8224 = CIRCLE ( 'NONE', #4617, 0.1000000000000000472 ) ;
#8225 = AXIS2_PLACEMENT_3D ( 'NONE', #7450, #5473, #3371 ) ;
#8226 = ORIENTED_EDGE ( 'NONE', *, *, #8744, .F. ) ;
#8227 =( NAMED_UNIT ( * ) SI_UNIT ( $, .STERADIAN. ) SOLID_ANGLE_UNIT ( ) );
#8228 = VERTEX_POINT ( 'NONE', #5368 ) ;
#8229 =( NAMED_UNIT ( * ) PLANE_ANGLE_UNIT ( ) SI_UNIT ( $, .RADIAN. ) );
#8230 = CARTESIAN_POINT ( 'NONE',  ( 3.914764973081036992, -0.1345149730810360211, -2.560235026918962653 ) ) ;
#8231 = ORIENTED_EDGE ( 'NONE', *, *, #8526, .F. ) ;
#8232 = ORIENTED_EDGE ( 'NONE', *, *, #2669, .F. ) ;
#8233 = AXIS2_PLACEMENT_3D ( 'NONE', #4610, #1849, #2016 ) ;
#8234 = SURFACE_STYLE_USAGE ( .BOTH. , #2796 ) ;
#8235 = VECTOR ( 'NONE', #1046, 1000.000000000000000 ) ;
#8236 = ORIENTED_EDGE ( 'NONE', *, *, #3316, .F. ) ;
#8237 = VERTEX_POINT ( 'NONE', #5947 ) ;
#8238 = ORIENTED_EDGE ( 'NONE', *, *, #5770, .F. ) ;
#8239 = CARTESIAN_POINT ( 'NONE',  ( 3.572499999999999787, -0.09224999999999926314, -1.860000000000000098 ) ) ;
#8240 = CARTESIAN_POINT ( 'NONE',  ( 0.2418278949238932829, -0.5585411085144164067, 2.379999999999999893 ) ) ;
#8241 = ORIENTED_EDGE ( 'NONE', *, *, #4785, .T. ) ;
#8242 = DIRECTION ( 'NONE',  ( 1.000000000000000000, 0.000000000000000000, 0.000000000000000000 ) ) ;
#8243 = ORIENTED_EDGE ( 'NONE', *, *, #855, .T. ) ;
#8244 = CARTESIAN_POINT ( 'NONE',  ( 4.941942719099992942, -0.1475286404500026904, -2.044279695023480059 ) ) ;
#8245 = DIRECTION ( 'NONE',  ( -1.000000000000000000, 0.000000000000000000, 0.000000000000000000 ) ) ;
#8246 = COLOUR_RGB ( '',0.2862745098039215508, 0.2862745098039215508, 0.2862745098039215508 ) ;
#8247 = CARTESIAN_POINT ( 'NONE',  ( 4.852500000000000036, -0.1922499999999989495, -2.602499999999999591 ) ) ;
#8248 = DIRECTION ( 'NONE',  ( 8.223874256482640091E-16, -1.000000000000000000, -0.000000000000000000 ) ) ;
#8249 = SURFACE_STYLE_FILL_AREA ( #2768 ) ;
#8250 = SURFACE_STYLE_USAGE ( .BOTH. , #7565 ) ;
#8251 = CARTESIAN_POINT ( 'NONE',  ( 2.972040853877295774, -3.047497946582581996, 0.6750175053834743810 ) ) ;
#8252 = ADVANCED_FACE ( 'NONE', ( #2073 ), #660, .T. ) ;
#8253 = DIRECTION ( 'NONE',  ( 0.000000000000000000, 0.000000000000000000, 1.000000000000000000 ) ) ;
#8254 = CARTESIAN_POINT ( 'NONE',  ( 3.872500000000000053, -0.7672500000000000986, 2.502499999999999947 ) ) ;
#8255 = PRESENTATION_STYLE_ASSIGNMENT (( #4103 ) ) ;
#8256 = UNCERTAINTY_MEASURE_WITH_UNIT (LENGTH_MEASURE( 1.000000000000000082E-05 ), #8305, 'distance_accuracy_value', 'NONE');
#8257 = CARTESIAN_POINT ( 'NONE',  ( 3.872500000000000053, -0.7672499999999999876, -1.959999999999999964 ) ) ;
#8258 = ORIENTED_EDGE ( 'NONE', *, *, #2874, .T. ) ;
#8259 = SURFACE_STYLE_FILL_AREA ( #2778 ) ;
#8260 = SURFACE_STYLE_USAGE ( .BOTH. , #851 ) ;
#8261 = CARTESIAN_POINT ( 'NONE',  ( 4.751691034137317970, -0.1502197237623917880, 1.886313256719518661 ) ) ;
#8262 = AXIS2_PLACEMENT_3D ( 'NONE', #4946, #7538, #4116 ) ;
#8263 = CARTESIAN_POINT ( 'NONE',  ( 4.687102839788669151, -0.1922499999999989495, -1.902858338786170389 ) ) ;
#8264 = ADVANCED_FACE ( 'NONE', ( #1929 ), #8444, .T. ) ;
#8265 = DIRECTION ( 'NONE',  ( -2.593979029498029835E-16, -1.000000000000000000, 0.000000000000000000 ) ) ;
#8266 = CARTESIAN_POINT ( 'NONE',  ( 2.824157238781519919, 2.527212704138730004, 1.900774345453330127 ) ) ;
#8267 = PLANE ( 'NONE',  #8517 ) ;
#8268 = MECHANICAL_DESIGN_GEOMETRIC_PRESENTATION_REPRESENTATION (  '', ( #6813 ), #4815 ) ;
#8269 = ORIENTED_EDGE ( 'NONE', *, *, #5975, .F. ) ;
#8270 = DIRECTION ( 'NONE',  ( 0.000000000000000000, 0.000000000000000000, 1.000000000000000000 ) ) ;
#8271 = DIRECTION ( 'NONE',  ( -0.8233548815373554763, 0.5675268619621517407, 0.000000000000000000 ) ) ;
#8272 = ORIENTED_EDGE ( 'NONE', *, *, #4467, .F. ) ;
#8273 = CARTESIAN_POINT ( 'NONE',  ( -1.635000000000000009, -2.947500000000000231, 0.3375000000000000222 ) ) ;
#8274 =( NAMED_UNIT ( * ) PLANE_ANGLE_UNIT ( ) SI_UNIT ( $, .RADIAN. ) );
#8275 = VERTEX_POINT ( 'NONE', #6949 ) ;
#8276 = DIRECTION ( 'NONE',  ( -1.000000000000000000, 0.000000000000000000, 0.000000000000000000 ) ) ;
#8277 = UNCERTAINTY_MEASURE_WITH_UNIT (LENGTH_MEASURE( 1.000000000000000082E-05 ), #6864, 'distance_accuracy_value', 'NONE');
#8278 =( LENGTH_UNIT ( ) NAMED_UNIT ( * ) SI_UNIT ( .MILLI., .METRE. ) );
#8279 = MECHANICAL_DESIGN_GEOMETRIC_PRESENTATION_REPRESENTATION (  '', ( #8705 ), #4099 ) ;
#8280 = ORIENTED_EDGE ( 'NONE', *, *, #4678, .T. ) ;
#8281 = ORIENTED_EDGE ( 'NONE', *, *, #923, .T. ) ;
#8282 =( NAMED_UNIT ( * ) SI_UNIT ( $, .STERADIAN. ) SOLID_ANGLE_UNIT ( ) );
#8283 = ORIENTED_EDGE ( 'NONE', *, *, #7655, .T. ) ;
#8284 = VERTEX_POINT ( 'NONE', #7579 ) ;
#8285 =( GEOMETRIC_REPRESENTATION_CONTEXT ( 3 ) GLOBAL_UNCERTAINTY_ASSIGNED_CONTEXT ( ( #7174 ) ) GLOBAL_UNIT_ASSIGNED_CONTEXT ( ( #5592, #8654, #8493 ) ) REPRESENTATION_CONTEXT ( 'NONE', 'WORKASPACE' ) );
#8286 = SURFACE_STYLE_USAGE ( .BOTH. , #6102 ) ;
#8287 = PRESENTATION_STYLE_ASSIGNMENT (( #3557 ) ) ;
#8288 = STYLED_ITEM ( 'NONE', ( #7761 ), #1893 ) ;
#8289 = CARTESIAN_POINT ( 'NONE',  ( -2.855207625734560217, -0.2677499999999999880, 0.000000000000000000 ) ) ;
#8290 = PRESENTATION_STYLE_ASSIGNMENT (( #6255 ) ) ;
#8291 = DIRECTION ( 'NONE',  ( 4.823386660693620032E-16, -1.000000000000000000, -0.000000000000000000 ) ) ;
#8292 = SURFACE_STYLE_FILL_AREA ( #2187 ) ;
#8293 = CARTESIAN_POINT ( 'NONE',  ( 4.852500000000000036, -0.1922499999999990050, 2.044279695023480059 ) ) ;
#8294 = CARTESIAN_POINT ( 'NONE',  ( 3.524039568547496337, -0.1502903509055485143, 2.013018577200451631 ) ) ;
#8295 = SURFACE_STYLE_USAGE ( .BOTH. , #2954 ) ;
#8296 = FILL_AREA_STYLE ('',( #6593 ) ) ;
#8297 = COLOUR_RGB ( '',0.2862745098039215508, 0.2862745098039215508, 0.2862745098039215508 ) ;
#8298 = CARTESIAN_POINT ( 'NONE',  ( 0.8947649730810374180, -0.1345149730810373812, -2.117735026918962760 ) ) ;
#8299 = AXIS2_PLACEMENT_3D ( 'NONE', #6645, #5280, #4616 ) ;
#8300 = CARTESIAN_POINT ( 'NONE',  ( 3.472499999999999698, -0.1922499999999990883, -2.001421356237309546 ) ) ;
#8301 = AXIS2_PLACEMENT_3D ( 'NONE', #4972, #4235, #740 ) ;
#8302 = FILL_AREA_STYLE ('',( #3861 ) ) ;
#8303 = DIRECTION ( 'NONE',  ( 1.000000000000000000, 5.139921410301649810E-16, 0.000000000000000000 ) ) ;
#8304 = FACE_OUTER_BOUND ( 'NONE', #2603, .T. ) ;
#8305 =( LENGTH_UNIT ( ) NAMED_UNIT ( * ) SI_UNIT ( .MILLI., .METRE. ) );
#8306 = LINE ( 'NONE', #5588, #6006 ) ;
#8307 = AXIS2_PLACEMENT_3D ( 'NONE', #5269, #5195, #6547 ) ;
#8308 = VECTOR ( 'NONE', #6436, 1000.000000000000000 ) ;
#8309 = DIRECTION ( 'NONE',  ( 5.174756433973191232E-17, -0.2840883296913740419, 0.9587981127083872179 ) ) ;
#8310 = EDGE_CURVE ( 'NONE', #2667, #682, #6173, .T. ) ;
#8311 = EDGE_CURVE ( 'NONE', #3477, #1371, #2749, .T. ) ;
#8312 = ADVANCED_FACE ( 'NONE', ( #6899 ), #7765, .T. ) ;
#8313 = ADVANCED_FACE ( 'NONE', ( #3441 ), #8416, .T. ) ;
#8314 = ORIENTED_EDGE ( 'NONE', *, *, #7804, .F. ) ;
#8315 = DIRECTION ( 'NONE',  ( 0.000000000000000000, 0.000000000000000000, 1.000000000000000000 ) ) ;
#8316 = FILL_AREA_STYLE_COLOUR ( '', #7124 ) ;
#8317 = ORIENTED_EDGE ( 'NONE', *, *, #2169, .F. ) ;
#8318 =( NAMED_UNIT ( * ) SI_UNIT ( $, .STERADIAN. ) SOLID_ANGLE_UNIT ( ) );
#8319 = CARTESIAN_POINT ( 'NONE',  ( 3.572499999999999787, -0.7672499999999999876, -1.959999999999999964 ) ) ;
#8320 = ORIENTED_EDGE ( 'NONE', *, *, #2289, .T. ) ;
#8321 = PRODUCT_DEFINITION_CONTEXT ( 'detailed design', #3800, 'design' ) ;
#8322 = CARTESIAN_POINT ( 'NONE',  ( 3.872500000000000053, -0.09224999999999930478, 0.000000000000000000 ) ) ;
#8323 = CARTESIAN_POINT ( 'NONE',  ( -1.222499999999999698, 0.7672499999999992104, 2.660000000000000586 ) ) ;
#8324 = EDGE_CURVE ( 'NONE', #1509, #2922, #8224, .T. ) ;
#8325 = VERTEX_POINT ( 'NONE', #1755 ) ;
#8326 = ORIENTED_EDGE ( 'NONE', *, *, #6995, .F. ) ;
#8327 = EDGE_LOOP ( 'NONE', ( #6920, #5650, #7792, #1934 ) ) ;
#8328 = VERTEX_POINT ( 'NONE', #4485 ) ;
#8329 =( GEOMETRIC_REPRESENTATION_CONTEXT ( 3 ) GLOBAL_UNCERTAINTY_ASSIGNED_CONTEXT ( ( #8256 ) ) GLOBAL_UNIT_ASSIGNED_CONTEXT ( ( #8305, #2868, #4841 ) ) REPRESENTATION_CONTEXT ( 'NONE', 'WORKASPACE' ) );
#8330 = CARTESIAN_POINT ( 'NONE',  ( -4.319792374265440493, 0.2677499999999999880, -1.899999999999999911 ) ) ;
#8331 = PRESENTATION_STYLE_ASSIGNMENT (( #5009 ) ) ;
#8332 = CARTESIAN_POINT ( 'NONE',  ( 2.704590344440629401, 2.587757373546593964, 2.347974784130702375 ) ) ;
#8333 = COLOUR_RGB ( '',0.8313725490196077761, 0.8313725490196077761, 0.8313725490196077761 ) ;
#8334 = CARTESIAN_POINT ( 'NONE',  ( -3.770634082987815550, 0.3248361564241369348, 2.660000000000000142 ) ) ;
#8335 = MECHANICAL_DESIGN_GEOMETRIC_PRESENTATION_REPRESENTATION (  '', ( #6469 ), #7447 ) ;
#8336 = SURFACE_SIDE_STYLE ('',( #8830 ) ) ;
#8337 = CARTESIAN_POINT ( 'NONE',  ( 3.572499999999999787, -0.7672499999999999876, 2.060000000000000053 ) ) ;
#8338 = FILL_AREA_STYLE_COLOUR ( '', #1770 ) ;
#8339 = VECTOR ( 'NONE', #3532, 1000.000000000000000 ) ;
#8340 = DIRECTION ( 'NONE',  ( 0.000000000000000000, 0.000000000000000000, 1.000000000000000000 ) ) ;
#8341 = CARTESIAN_POINT ( 'NONE',  ( 3.209024742360760740, -2.931524720261218686, 0.6872812601755736717 ) ) ;
#8342 = DIRECTION ( 'NONE',  ( -0.8164965809277263675, 0.4082482904638621846, 0.4082482904638631838 ) ) ;
#8343 = CIRCLE ( 'NONE', #5041, 0.2999999999999999334 ) ;
#8344 = FILL_AREA_STYLE_COLOUR ( '', #2211 ) ;
#8345 = STYLED_ITEM ( 'NONE', ( #5836 ), #3858 ) ;
#8346 = EDGE_CURVE ( 'NONE', #6340, #1507, #1042, .T. ) ;
#8347 = CARTESIAN_POINT ( 'NONE',  ( -3.770634082987819991, 0.3248361564241389887, 2.754999999999999893 ) ) ;
#8348 =( NAMED_UNIT ( * ) SI_UNIT ( $, .STERADIAN. ) SOLID_ANGLE_UNIT ( ) );
#8349 = FILL_AREA_STYLE_COLOUR ( '', #1130 ) ;
#8350 = CARTESIAN_POINT ( 'NONE',  ( -0.2251759213886216360, -0.4710134658122503981, 2.330000000000000071 ) ) ;
#8351 = MECHANICAL_DESIGN_GEOMETRIC_PRESENTATION_REPRESENTATION (  '', ( #163 ), #5602 ) ;
#8352 =( NAMED_UNIT ( * ) PLANE_ANGLE_UNIT ( ) SI_UNIT ( $, .RADIAN. ) );
#8353 = DIRECTION ( 'NONE',  ( 0.000000000000000000, 1.000000000000000000, 0.000000000000000000 ) ) ;
#8354 = LINE ( 'NONE', #7631, #2219 ) ;
#8355 = CARTESIAN_POINT ( 'NONE',  ( 3.972500000000000142, -0.7672500000000000986, 2.502499999999999947 ) ) ;
#8356 = CIRCLE ( 'NONE', #7340, 0.1000000000000002554 ) ;
#8357 = ORIENTED_EDGE ( 'NONE', *, *, #6654, .T. ) ;
#8358 = SURFACE_STYLE_USAGE ( .BOTH. , #2974 ) ;
#8359 = STYLED_ITEM ( 'NONE', ( #4100 ), #8490 ) ;
#8360 = DIRECTION ( 'NONE',  ( 0.000000000000000000, 0.000000000000000000, 1.000000000000000000 ) ) ;
#8361 = ORIENTED_EDGE ( 'NONE', *, *, #3254, .T. ) ;
#8362 = FILL_AREA_STYLE_COLOUR ( '', #1979 ) ;
#8363 = ORIENTED_EDGE ( 'NONE', *, *, #519, .T. ) ;
#8364 = EDGE_CURVE ( 'NONE', #8200, #4075, #1083, .T. ) ;
#8365 = DIRECTION ( 'NONE',  ( -0.000000000000000000, -0.000000000000000000, -1.000000000000000000 ) ) ;
#8366 = COLOUR_RGB ( '',0.8313725490196077761, 0.8313725490196077761, 0.8313725490196077761 ) ;
#8367 = UNCERTAINTY_MEASURE_WITH_UNIT (LENGTH_MEASURE( 1.000000000000000082E-05 ), #1198, 'distance_accuracy_value', 'NONE');
#8368 =( NAMED_UNIT ( * ) SI_UNIT ( $, .STERADIAN. ) SOLID_ANGLE_UNIT ( ) );
#8369 = ORIENTED_EDGE ( 'NONE', *, *, #3471, .T. ) ;
#8370 = EDGE_LOOP ( 'NONE', ( #3240, #4115, #3502, #1388 ) ) ;
#8371 = DIRECTION ( 'NONE',  ( 5.482582837655000045E-16, -1.000000000000000000, -0.000000000000000000 ) ) ;
#8372 = PRESENTATION_STYLE_ASSIGNMENT (( #7746 ) ) ;
#8373 = MECHANICAL_DESIGN_GEOMETRIC_PRESENTATION_REPRESENTATION (  '', ( #8512 ), #8223 ) ;
#8374 = ORIENTED_EDGE ( 'NONE', *, *, #7703, .F. ) ;
#8375 = ORIENTED_EDGE ( 'NONE', *, *, #5824, .T. ) ;
#8376 = DIRECTION ( 'NONE',  ( -0.000000000000000000, -0.000000000000000000, -1.000000000000000000 ) ) ;
#8377 = EDGE_CURVE ( 'NONE', #759, #6955, #6626, .T. ) ;
#8378 = EDGE_CURVE ( 'NONE', #7825, #4536, #3765, .T. ) ;
#8379 =( LENGTH_UNIT ( ) NAMED_UNIT ( * ) SI_UNIT ( .MILLI., .METRE. ) );
#8380 = CARTESIAN_POINT ( 'NONE',  ( 2.959737197023302180, 2.650969074868140041, 2.283371188774894200 ) ) ;
#8381 = VECTOR ( 'NONE', #3803, 1000.000000000000000 ) ;
#8382 =( NAMED_UNIT ( * ) SI_UNIT ( $, .STERADIAN. ) SOLID_ANGLE_UNIT ( ) );
#8383 = STYLED_ITEM ( 'NONE', ( #8890 ), #4242 ) ;
#8384 = CARTESIAN_POINT ( 'NONE',  ( 3.318638961347434080, -0.04759004730551680967, 2.115718880800481649 ) ) ;
#8385 = SURFACE_STYLE_USAGE ( .BOTH. , #3561 ) ;
#8386 = CARTESIAN_POINT ( 'NONE',  ( -3.037458732099333591, -2.740054341017594375, 2.217578721651792151 ) ) ;
#8387 = FACE_OUTER_BOUND ( 'NONE', #3595, .T. ) ;
#8388 = CARTESIAN_POINT ( 'NONE',  ( 3.260460735463985849, -2.826405611078472546, 0.6895287937064620287 ) ) ;
#8389 = STYLED_ITEM ( 'NONE', ( #3042 ), #4416 ) ;
#8390 = COLOUR_RGB ( '',0.8313725490196077761, 0.8313725490196077761, 0.8313725490196077761 ) ;
#8391 =( BOUNDED_SURFACE ( )  B_SPLINE_SURFACE ( 3, 3, ( 
 ( #8000, #1811, #3315, #6561 ),
 ( #2482, #1928, #6032, #528 ),
 ( #5322, #7267, #413, #3234 ),
 ( #8075, #2534, #7307, #4660 ) ),
 .UNSPECIFIED., .F., .F., .F. ) 
 B_SPLINE_SURFACE_WITH_KNOTS ( ( 4, 4 ),
 ( 4, 4 ),
 ( 0.000000000000000000, 1.000000000000000000 ),
 ( 0.000000000000000000, 1.000000000000000000 ),
 .UNSPECIFIED. ) 
 GEOMETRIC_REPRESENTATION_ITEM ( )  RATIONAL_B_SPLINE_SURFACE ( (
 ( 1.000000000000000000, 0.3333333333333334259, 0.3333333333333334259, 1.000000000000000000),
 ( 0.9106836025229583242, 0.3035612008409862006, 0.3035612008409862006, 0.9106836025229583242),
 ( 0.9106836025229583242, 0.3035612008409862006, 0.3035612008409862006, 0.9106836025229583242),
 ( 1.000000000000000000, 0.3333333333333334259, 0.3333333333333334259, 1.000000000000000000) ) ) 
 REPRESENTATION_ITEM ( '' )  SURFACE ( )  );
#8392 = SURFACE_SIDE_STYLE ('',( #2286 ) ) ;
#8393 = CARTESIAN_POINT ( 'NONE',  ( -2.803133701591291604, -2.580633701591291906, 2.080000000000003624 ) ) ;
#8394 = CARTESIAN_POINT ( 'NONE',  ( 0.3819120798423589758, -0.7672500000000009868, 0.3637895569954249786 ) ) ;
#8395 = DIRECTION ( 'NONE',  ( -1.000000000000000000, 0.000000000000000000, 0.000000000000000000 ) ) ;
#8396 = FILL_AREA_STYLE_COLOUR ( '', #7313 ) ;
#8397 = AXIS2_PLACEMENT_3D ( 'NONE', #6171, #5540, #1484 ) ;
#8398 = PRESENTATION_STYLE_ASSIGNMENT (( #1577 ) ) ;
#8399 = FILL_AREA_STYLE ('',( #4984 ) ) ;
#8400 = PRESENTATION_STYLE_ASSIGNMENT (( #85 ) ) ;
#8401 = AXIS2_PLACEMENT_3D ( 'NONE', #8430, #2281, #6356 ) ;
#8402 = EDGE_LOOP ( 'NONE', ( #149, #3503, #437, #220 ) ) ;
#8403 = ORIENTED_EDGE ( 'NONE', *, *, #4915, .F. ) ;
#8404 = FILL_AREA_STYLE_COLOUR ( '', #5391 ) ;
#8405 = CARTESIAN_POINT ( 'NONE',  ( -4.952499999999999680, 0.2322500000000000397, 0.3800000000000000044 ) ) ;
#8406 = ORIENTED_EDGE ( 'NONE', *, *, #4012, .F. ) ;
#8407 = CARTESIAN_POINT ( 'NONE',  ( -3.062956411645899824, 3.047499999999998099, 0.6750000000000287992 ) ) ;
#8408 =( LENGTH_UNIT ( ) NAMED_UNIT ( * ) SI_UNIT ( .MILLI., .METRE. ) );
#8409 = ORIENTED_EDGE ( 'NONE', *, *, #4707, .F. ) ;
#8410 =( NAMED_UNIT ( * ) SI_UNIT ( $, .STERADIAN. ) SOLID_ANGLE_UNIT ( ) );
#8411 = COLOUR_RGB ( '',0.8313725490196077761, 0.8313725490196077761, 0.8313725490196077761 ) ;
#8412 = ORIENTED_EDGE ( 'NONE', *, *, #4414, .T. ) ;
#8413 = FILL_AREA_STYLE ('',( #7785 ) ) ;
#8414 = ORIENTED_EDGE ( 'NONE', *, *, #5327, .F. ) ;
#8415 = ORIENTED_EDGE ( 'NONE', *, *, #4233, .F. ) ;
#8416 =( BOUNDED_SURFACE ( )  B_SPLINE_SURFACE ( 3, 3, ( 
 ( #5854, #6463, #5149, #3178 ),
 ( #3666, #5106, #2342, #4438 ),
 ( #7171, #7087, #7902, #5897 ),
 ( #3851, #264, #3051, #313 ) ),
 .UNSPECIFIED., .F., .F., .F. ) 
 B_SPLINE_SURFACE_WITH_KNOTS ( ( 4, 4 ),
 ( 4, 4 ),
 ( 0.000000000000000000, 1.000000000000000000 ),
 ( 0.000000000000000000, 1.000000000000000000 ),
 .UNSPECIFIED. ) 
 GEOMETRIC_REPRESENTATION_ITEM ( )  RATIONAL_B_SPLINE_SURFACE ( (
 ( 1.000000000000000000, 0.3333333333333424187, 0.3333333333333424187, 1.000000000000000000),
 ( 0.9245018060306375851, 0.3081672686768875957, 0.3081672686768875957, 0.9245018060306375851),
 ( 0.9245018060306375851, 0.3081672686768875957, 0.3081672686768875957, 0.9245018060306375851),
 ( 1.000000000000000000, 0.3333333333333424187, 0.3333333333333424187, 1.000000000000000000) ) ) 
 REPRESENTATION_ITEM ( '' )  SURFACE ( )  );
#8417 = DIRECTION ( 'NONE',  ( -0.4082482904638631838, 0.8164965809277260345, 0.4082482904638627952 ) ) ;
#8418 = CARTESIAN_POINT ( 'NONE',  ( -3.242815959658425395, 0.04809771563645272308, -1.899999999999999911 ) ) ;
#8419 = ORIENTED_EDGE ( 'NONE', *, *, #6149, .T. ) ;
#8420 = ORIENTED_EDGE ( 'NONE', *, *, #7099, .F. ) ;
#8421 = SURFACE_STYLE_USAGE ( .BOTH. , #6441 ) ;
#8422 = CARTESIAN_POINT ( 'NONE',  ( 2.907292258571067656, 2.313513886755171001, 2.516749098947842267 ) ) ;
#8423 = ADVANCED_FACE ( 'NONE', ( #4389 ), #2528, .T. ) ;
#8424 = EDGE_CURVE ( 'NONE', #5915, #1983, #3769, .T. ) ;
#8425 = ADVANCED_FACE ( 'NONE', ( #3936 ), #6751, .F. ) ;
#8426 = FILL_AREA_STYLE_COLOUR ( '', #8692 ) ;
#8427 = CARTESIAN_POINT ( 'NONE',  ( 3.772500000000000409, -0.1922499999999990050, -1.959999999999999964 ) ) ;
#8428 = DIRECTION ( 'NONE',  ( -5.482582837655000045E-16, 1.000000000000000000, -0.000000000000000000 ) ) ;
#8429 = MECHANICAL_DESIGN_GEOMETRIC_PRESENTATION_REPRESENTATION (  '', ( #1128 ), #97 ) ;
#8430 = CARTESIAN_POINT ( 'NONE',  ( 3.372500000000000053, -0.7672499999999999876, -2.060000000000000053 ) ) ;
#8431 = DIRECTION ( 'NONE',  ( -1.445602896647339311E-15, -0.9848706617970867105, -0.1732910255361442831 ) ) ;
#8432 = CARTESIAN_POINT ( 'NONE',  ( 0.2567365100197049887, 0.4546530281914874516, 2.330000000000000515 ) ) ;
#8433 = CARTESIAN_POINT ( 'NONE',  ( -3.242815959658425840, 0.04809771563645236919, 0.000000000000000000 ) ) ;
#8434 = VECTOR ( 'NONE', #5521, 1000.000000000000000 ) ;
#8435 = AXIS2_PLACEMENT_3D ( 'NONE', #3291, #1154, #2629 ) ;
#8436 = DIRECTION ( 'NONE',  ( 0.000000000000000000, -0.000000000000000000, -1.000000000000000000 ) ) ;
#8437 = UNCERTAINTY_MEASURE_WITH_UNIT (LENGTH_MEASURE( 1.000000000000000082E-05 ), #7826, 'distance_accuracy_value', 'NONE');
#8438 = VECTOR ( 'NONE', #260, 1000.000000000000227 ) ;
#8439 = DIRECTION ( 'NONE',  ( -8.223874256482640091E-16, 1.000000000000000000, -0.000000000000000000 ) ) ;
#8440 = DIRECTION ( 'NONE',  ( 1.000000000000000000, 2.546383084002650169E-16, 0.000000000000000000 ) ) ;
#8441 = SURFACE_SIDE_STYLE ('',( #5679 ) ) ;
#8442 =( BOUNDED_SURFACE ( )  B_SPLINE_SURFACE ( 3, 3, ( 
 ( #2337, #7856, #5060, #6458 ),
 ( #307, #3571, #893, #1611 ),
 ( #5762, #8567, #8523, #3092 ),
 ( #1706, #4432, #7081, #948 ) ),
 .UNSPECIFIED., .F., .F., .F. ) 
 B_SPLINE_SURFACE_WITH_KNOTS ( ( 4, 4 ),
 ( 4, 4 ),
 ( 0.000000000000000000, 1.000000000000000000 ),
 ( 0.000000000000000000, 1.000000000000000000 ),
 .UNSPECIFIED. ) 
 GEOMETRIC_REPRESENTATION_ITEM ( )  RATIONAL_B_SPLINE_SURFACE ( (
 ( 1.000000000000000000, 0.3333333333333339810, 0.3333333333333339810, 1.000000000000000000),
 ( 0.9245018060306382512, 0.3081672686768799907, 0.3081672686768799907, 0.9245018060306382512),
 ( 0.9245018060306382512, 0.3081672686768799907, 0.3081672686768799907, 0.9245018060306382512),
 ( 1.000000000000000000, 0.3333333333333339810, 0.3333333333333339810, 1.000000000000000000) ) ) 
 REPRESENTATION_ITEM ( '' )  SURFACE ( )  );
#8443 = AXIS2_PLACEMENT_3D ( 'NONE', #7053, #7178, #3777 ) ;
#8444 = PLANE ( 'NONE',  #7781 ) ;
#8445 = DIRECTION ( 'NONE',  ( 1.000000000000000000, 8.223874256482640091E-16, 0.000000000000000000 ) ) ;
#8446 = CARTESIAN_POINT ( 'NONE',  ( 3.472500000000000142, -0.7672499999999999876, 1.959999999999999964 ) ) ;
#8447 = PLANE ( 'NONE',  #5480 ) ;
#8448 = UNCERTAINTY_MEASURE_WITH_UNIT (LENGTH_MEASURE( 1.000000000000000082E-05 ), #8023, 'distance_accuracy_value', 'NONE');
#8449 = EDGE_LOOP ( 'NONE', ( #5520, #7646, #6666, #7867 ) ) ;
#8450 = ORIENTED_EDGE ( 'NONE', *, *, #5640, .F. ) ;
#8451 = FACE_OUTER_BOUND ( 'NONE', #638, .T. ) ;
#8452 = PRESENTATION_STYLE_ASSIGNMENT (( #8358 ) ) ;
#8453 = CARTESIAN_POINT ( 'NONE',  ( 0.3819120798423590868, -0.1922500000000010312, 0.3637895569954249786 ) ) ;
#8454 = EDGE_LOOP ( 'NONE', ( #88, #1151, #4576, #1688, #1547, #2880 ) ) ;
#8455 = SURFACE_STYLE_USAGE ( .BOTH. , #5737 ) ;
#8456 = CARTESIAN_POINT ( 'NONE',  ( 4.910235026918963186, -0.1345149730810359656, -1.986544668104516020 ) ) ;
#8457 = COLOUR_RGB ( '',0.8313725490196077761, 0.8313725490196077761, 0.8313725490196077761 ) ;
#8458 = PRESENTATION_LAYER_ASSIGNMENT (  '', '', ( #5981 ) ) ;
#8459 = B_SPLINE_CURVE_WITH_KNOTS ( 'NONE', 3,
 ( #545, #2754, #2133, #7501, #3463, #6200, #680, #8185, #635, #5387, #1948, #8775, #8240, #8132, #5519, #2630, #6001, #5344, #5470, #2089, #4818, #7552, #1284, #3957, #2712, #53, #1412, #1994, #4130, #3369 ),
 .UNSPECIFIED., .F., .F.,
 ( 4, 1, 2, 2, 2, 1, 2, 2, 2, 1, 2, 2, 2, 1, 2, 2, 4 ),
 ( 0.000000000000000000, 0.03124999999999995143, 0.04687499999999991673, 0.06249999999999987510, 0.1249999999999997780, 0.1562499999999996947, 0.1718749999999996669, 0.1874999999999996669, 0.2499999999999996669, 0.2812499999999996669, 0.2968749999999996669, 0.3124999999999996114, 0.3749999999999996669, 0.4062499999999997224, 0.4218749999999997224, 0.4374999999999997780, 0.5000000000000000000 ),
 .UNSPECIFIED. ) ;
#8460 =( LENGTH_UNIT ( ) NAMED_UNIT ( * ) SI_UNIT ( .MILLI., .METRE. ) );
#8461 = PRODUCT_DEFINITION ( 'UNKNOWN', '', #6508, #2218 ) ;
#8462 = UNCERTAINTY_MEASURE_WITH_UNIT (LENGTH_MEASURE( 1.000000000000000082E-05 ), #6178, 'distance_accuracy_value', 'NONE');
#8463 = SURFACE_SIDE_STYLE ('',( #2263 ) ) ;
#8464 = EDGE_CURVE ( 'NONE', #4408, #6827, #8027, .T. ) ;
#8465 = ORIENTED_EDGE ( 'NONE', *, *, #7584, .T. ) ;
#8466 = EDGE_LOOP ( 'NONE', ( #3626, #8051, #2226, #733, #1669 ) ) ;
#8467 = DIRECTION ( 'NONE',  ( 0.000000000000000000, 1.000000000000000000, -0.000000000000000000 ) ) ;
#8468 =( LENGTH_UNIT ( ) NAMED_UNIT ( * ) SI_UNIT ( .MILLI., .METRE. ) );
#8469 = VERTEX_POINT ( 'NONE', #2598 ) ;
#8470 =( NAMED_UNIT ( * ) SI_UNIT ( $, .STERADIAN. ) SOLID_ANGLE_UNIT ( ) );
#8471 = CIRCLE ( 'NONE', #5722, 0.1000000000000002554 ) ;
#8472 = COLOUR_RGB ( '',0.2862745098039215508, 0.2862745098039215508, 0.2862745098039215508 ) ;
#8473 = DIRECTION ( 'NONE',  ( 5.482582837655000045E-16, -1.000000000000000000, 0.000000000000000000 ) ) ;
#8474 = CARTESIAN_POINT ( 'NONE',  ( 3.513921356237308835, -0.1336713562373090247, 1.959999999999999964 ) ) ;
#8475 = SURFACE_STYLE_FILL_AREA ( #298 ) ;
#8476 = CARTESIAN_POINT ( 'NONE',  ( -2.803133701591284055, 2.495677398353396192, 2.080000000000003624 ) ) ;
#8477 = CARTESIAN_POINT ( 'NONE',  ( -0.1293981990646819458, 0.5057734480245428266, 2.330000000000000515 ) ) ;
#8478 = CARTESIAN_POINT ( 'NONE',  ( 4.852500000000000036, -0.4297499999999990217, 2.044279695023480059 ) ) ;
#8479 = ADVANCED_FACE ( 'NONE', ( #5311 ), #2643, .T. ) ;
#8480 = CARTESIAN_POINT ( 'NONE',  ( 4.760658727481966501, -0.02531586835139418984, -2.020184805475161216 ) ) ;
#8481 = CARTESIAN_POINT ( 'NONE',  ( -2.803133701591288940, -2.878590794297181343, 2.114950978616529920 ) ) ;
#8482 = CARTESIAN_POINT ( 'NONE',  ( 3.827357911324217987, -0.09224999999999919376, 1.859999999999999654 ) ) ;
#8483 =( NAMED_UNIT ( * ) PLANE_ANGLE_UNIT ( ) SI_UNIT ( $, .RADIAN. ) );
#8484 = VECTOR ( 'NONE', #7750, 1000.000000000000114 ) ;
#8485 = CYLINDRICAL_SURFACE ( 'NONE', #7007, 0.7999999999999999334 ) ;
#8486 =( NAMED_UNIT ( * ) SI_UNIT ( $, .STERADIAN. ) SOLID_ANGLE_UNIT ( ) );
#8487 = FACE_OUTER_BOUND ( 'NONE', #8449, .T. ) ;
#8488 = CARTESIAN_POINT ( 'NONE',  ( -0.6083569003329799552, -1.490044661463978520E-16, 2.380000000000000338 ) ) ;
#8489 =( GEOMETRIC_REPRESENTATION_CONTEXT ( 3 ) GLOBAL_UNCERTAINTY_ASSIGNED_CONTEXT ( ( #5743 ) ) GLOBAL_UNIT_ASSIGNED_CONTEXT ( ( #4044, #3374, #5477 ) ) REPRESENTATION_CONTEXT ( 'NONE', 'WORKASPACE' ) );
#8490 = ADVANCED_FACE ( 'NONE', ( #6978 ), #6358, .T. ) ;
#8491 = CARTESIAN_POINT ( 'NONE',  ( -0.5790205641327237363, 0.1876463634799819258, 2.380000000000000338 ) ) ;
#8492 = ORIENTED_EDGE ( 'NONE', *, *, #7836, .T. ) ;
#8493 =( NAMED_UNIT ( * ) SI_UNIT ( $, .STERADIAN. ) SOLID_ANGLE_UNIT ( ) );
#8494 = PRESENTATION_LAYER_ASSIGNMENT (  '', '', ( #6616 ) ) ;
#8495 = ORIENTED_EDGE ( 'NONE', *, *, #6272, .F. ) ;
#8496 = FILL_AREA_STYLE_COLOUR ( '', #4996 ) ;
#8497 = PRESENTATION_LAYER_ASSIGNMENT (  '', '', ( #1609 ) ) ;
#8498 = COLOUR_RGB ( '',0.8313725490196077761, 0.8313725490196077761, 0.8313725490196077761 ) ;
#8499 = SURFACE_STYLE_FILL_AREA ( #2403 ) ;
#8500 = DIRECTION ( 'NONE',  ( 0.000000000000000000, 1.000000000000000000, 0.000000000000000000 ) ) ;
#8501 = MECHANICAL_DESIGN_GEOMETRIC_PRESENTATION_REPRESENTATION (  '', ( #2628 ), #5324 ) ;
#8502 = CIRCLE ( 'NONE', #1621, 0.1000000000000002554 ) ;
#8503 = ORIENTED_EDGE ( 'NONE', *, *, #2141, .F. ) ;
#8504 = ORIENTED_EDGE ( 'NONE', *, *, #1166, .T. ) ;
#8505 = CARTESIAN_POINT ( 'NONE',  ( 3.372499999999999609, -0.1922500000000005871, -2.060000000000000053 ) ) ;
#8506 = DIRECTION ( 'NONE',  ( -8.611386656002740130E-16, 1.000000000000000000, 0.000000000000000000 ) ) ;
#8507 = DIRECTION ( 'NONE',  ( 0.5314021314210205515, -0.5314021314210104485, 0.6597147485409156076 ) ) ;
#8508 = VERTEX_POINT ( 'NONE', #3431 ) ;
#8509 = CIRCLE ( 'NONE', #27, 0.4000000000000001332 ) ;
#8510 = UNCERTAINTY_MEASURE_WITH_UNIT (LENGTH_MEASURE( 1.000000000000000082E-05 ), #7668, 'distance_accuracy_value', 'NONE');
#8511 = SURFACE_STYLE_USAGE ( .BOTH. , #7150 ) ;
#8512 = STYLED_ITEM ( 'NONE', ( #8691 ), #4525 ) ;
#8513 = CIRCLE ( 'NONE', #5643, 0.2999999999999999889 ) ;
#8514 = DIRECTION ( 'NONE',  ( 0.000000000000000000, 0.000000000000000000, -1.000000000000000000 ) ) ;
#8515 = CARTESIAN_POINT ( 'NONE',  ( 0.5217543599545370059, 0.03308437189113885152, 2.329999999999999627 ) ) ;
#8516 = SURFACE_STYLE_FILL_AREA ( #846 ) ;
#8517 = AXIS2_PLACEMENT_3D ( 'NONE', #5589, #4893, #1443 ) ;
#8518 = AXIS2_PLACEMENT_3D ( 'NONE', #6984, #1387, #4148 ) ;
#8519 =( NAMED_UNIT ( * ) SI_UNIT ( $, .STERADIAN. ) SOLID_ANGLE_UNIT ( ) );
#8520 = CARTESIAN_POINT ( 'NONE',  ( 0.8614693360738600036, -0.1591874171070380151, -2.035094501859784799 ) ) ;
#8521 = MECHANICAL_DESIGN_GEOMETRIC_PRESENTATION_REPRESENTATION (  '', ( #1216 ), #5084 ) ;
#8522 = CARTESIAN_POINT ( 'NONE',  ( 0.6083569003329799552, 7.450223307319892598E-17, 2.330000000000000071 ) ) ;
#8523 = CARTESIAN_POINT ( 'NONE',  ( 4.805518577200449393, -0.04071043145250159007, 2.544459649094451770 ) ) ;
#8524 = PRESENTATION_LAYER_ASSIGNMENT (  '', '', ( #3633 ) ) ;
#8525 = CLOSED_SHELL ( 'NONE', ( #2660, #6028, #6555, #2619, #2346, #1991 ) ) ;
#8526 = EDGE_CURVE ( 'NONE', #5111, #7789, #2215, .T. ) ;
#8527 =( NAMED_UNIT ( * ) SI_UNIT ( $, .STERADIAN. ) SOLID_ANGLE_UNIT ( ) );
#8528 = SURFACE_STYLE_USAGE ( .BOTH. , #5764 ) ;
#8529 = PRESENTATION_LAYER_ASSIGNMENT (  '', '', ( #1651 ) ) ;
#8530 =( NAMED_UNIT ( * ) PLANE_ANGLE_UNIT ( ) SI_UNIT ( $, .RADIAN. ) );
#8531 = CARTESIAN_POINT ( 'NONE',  ( 0.1509159562655237319, 0.5897157965750736697, 2.379999999999999893 ) ) ;
#8532 = STYLED_ITEM ( 'NONE', ( #4537 ), #4848 ) ;
#8533 = ORIENTED_EDGE ( 'NONE', *, *, #8584, .F. ) ;
#8534 = DIRECTION ( 'NONE',  ( 1.000000000000000000, 0.000000000000000000, -0.000000000000000000 ) ) ;
#8535 = EDGE_CURVE ( 'NONE', #8893, #5928, #4281, .T. ) ;
#8536 = EDGE_CURVE ( 'NONE', #427, #2757, #3566, .T. ) ;
#8537 = EDGE_CURVE ( 'NONE', #2312, #5333, #6307, .T. ) ;
#8538 = VERTEX_POINT ( 'NONE', #159 ) ;
#8539 = EDGE_CURVE ( 'NONE', #1048, #6955, #4975, .T. ) ;
#8540 = CARTESIAN_POINT ( 'NONE',  ( -3.167922211362113494, 3.047499999999998099, 0.4634324369325769077 ) ) ;
#8541 = CARTESIAN_POINT ( 'NONE',  ( 4.886665146386242498, -0.1345149730810366595, -1.962974787571796220 ) ) ;
#8542 = VERTEX_POINT ( 'NONE', #3476 ) ;
#8543 = CARTESIAN_POINT ( 'NONE',  ( 0.8984112462889832784, -0.08008266559970253495, -2.066948992645574634 ) ) ;
#8544 = DIRECTION ( 'NONE',  ( 1.000000000000000000, 8.131516293641262547E-16, 0.000000000000000000 ) ) ;
#8545 = COLOUR_RGB ( '',0.8313725490196077761, 0.8313725490196077761, 0.8313725490196077761 ) ;
#8546 = VERTEX_POINT ( 'NONE', #1563 ) ;
#8547 = DIRECTION ( 'NONE',  ( 1.000000000000000000, 4.497431234013940009E-16, -0.000000000000000000 ) ) ;
#8548 = CARTESIAN_POINT ( 'NONE',  ( 3.430235026918962316, -0.1345149730810373534, -2.117735026918962760 ) ) ;
#8549 = PRESENTATION_STYLE_ASSIGNMENT (( #1687 ) ) ;
#8550 = ORIENTED_EDGE ( 'NONE', *, *, #3209, .T. ) ;
#8551 = VECTOR ( 'NONE', #7514, 1000.000000000000000 ) ;
#8552 = DIRECTION ( 'NONE',  ( 0.000000000000000000, 0.000000000000000000, 1.000000000000000000 ) ) ;
#8553 = FILL_AREA_STYLE_COLOUR ( '', #6614 ) ;
#8554 =( NAMED_UNIT ( * ) PLANE_ANGLE_UNIT ( ) SI_UNIT ( $, .RADIAN. ) );
#8555 =( GEOMETRIC_REPRESENTATION_CONTEXT ( 3 ) GLOBAL_UNCERTAINTY_ASSIGNED_CONTEXT ( ( #4382 ) ) GLOBAL_UNIT_ASSIGNED_CONTEXT ( ( #7986, #3172, #4566 ) ) REPRESENTATION_CONTEXT ( 'NONE', 'WORKASPACE' ) );
#8556 = DIRECTION ( 'NONE',  ( -1.000000000000000000, -0.000000000000000000, 0.000000000000000000 ) ) ;
#8557 = DIRECTION ( 'NONE',  ( -0.5773502691896247319, 0.5773502691896277295, 0.5773502691896247319 ) ) ;
#8558 = DIRECTION ( 'NONE',  ( 1.000000000000000000, 0.000000000000000000, 0.000000000000000000 ) ) ;
#8559 = CARTESIAN_POINT ( 'NONE',  ( -2.962554341017594517, -2.740054341017594375, 2.277914424562275553 ) ) ;
#8560 = DIRECTION ( 'NONE',  ( -1.000000000000000000, -4.497431234013940009E-16, -0.000000000000000000 ) ) ;
#8561 = CARTESIAN_POINT ( 'NONE',  ( 0.3025170797989533700, 0.4278595682413396939, 2.330000000000000515 ) ) ;
#8562 = LINE ( 'NONE', #7892, #3591 ) ;
#8563 = FACE_OUTER_BOUND ( 'NONE', #2582, .T. ) ;
#8564 = ADVANCED_FACE ( 'NONE', ( #889 ), #7142, .T. ) ;
#8565 = CARTESIAN_POINT ( 'NONE',  ( 3.372499999999999609, -0.1922499999999990883, -2.060000000000000053 ) ) ;
#8566 = CARTESIAN_POINT ( 'NONE',  ( 3.572499999999999343, -0.1922500000000000320, 2.060000000000000053 ) ) ;
#8567 = CARTESIAN_POINT ( 'NONE',  ( 4.894459649094451414, -0.04071043145250187456, 2.455518577200451080 ) ) ;
#8568 = DIRECTION ( 'NONE',  ( 4.823386660693620032E-16, -1.000000000000000000, -0.000000000000000000 ) ) ;
#8569 = DIRECTION ( 'NONE',  ( 4.823386660693620032E-16, -1.000000000000000000, -0.000000000000000000 ) ) ;
#8570 = CARTESIAN_POINT ( 'NONE',  ( 0.4710134658122456242, -0.2251759213886253830, 2.330000000000000959 ) ) ;
#8571 = DIRECTION ( 'NONE',  ( -0.000000000000000000, -0.000000000000000000, -1.000000000000000000 ) ) ;
#8572 =( NAMED_UNIT ( * ) PLANE_ANGLE_UNIT ( ) SI_UNIT ( $, .RADIAN. ) );
#8573 =( NAMED_UNIT ( * ) PLANE_ANGLE_UNIT ( ) SI_UNIT ( $, .RADIAN. ) );
#8574 = CARTESIAN_POINT ( 'NONE',  ( 0.5900556301437582807, -1.180111260287516339, 2.380000000000001226 ) ) ;
#8575 = DIRECTION ( 'NONE',  ( 0.000000000000000000, 0.000000000000000000, 1.000000000000000000 ) ) ;
#8576 = ORIENTED_EDGE ( 'NONE', *, *, #2606, .F. ) ;
#8577 = EDGE_LOOP ( 'NONE', ( #2795, #2604, #7685, #7549 ) ) ;
#8578 = ORIENTED_EDGE ( 'NONE', *, *, #6558, .F. ) ;
#8579 = STYLED_ITEM ( 'NONE', ( #3342 ), #1998 ) ;
#8580 = CARTESIAN_POINT ( 'NONE',  ( -3.414865336152355990, -0.3451191649770723457, 0.000000000000000000 ) ) ;
#8581 = SURFACE_SIDE_STYLE ('',( #2361 ) ) ;
#8582 = EDGE_CURVE ( 'NONE', #2804, #8508, #3001, .T. ) ;
#8583 = LINE ( 'NONE', #1769, #5204 ) ;
#8584 = EDGE_CURVE ( 'NONE', #6097, #3923, #1116, .T. ) ;
#8585 = EDGE_CURVE ( 'NONE', #4821, #778, #6907, .T. ) ;
#8586 = ORIENTED_EDGE ( 'NONE', *, *, #6456, .F. ) ;
#8587 = VECTOR ( 'NONE', #1221, 1000.000000000000227 ) ;
#8588 = CARTESIAN_POINT ( 'NONE',  ( 4.687102839788670039, -0.1922499999999990050, -1.844279695023480103 ) ) ;
#8589 = SURFACE_SIDE_STYLE ('',( #5566 ) ) ;
#8590 = VERTEX_POINT ( 'NONE', #5715 ) ;
#8591 = CARTESIAN_POINT ( 'NONE',  ( 2.803133701591289828, -2.580633701591290130, 2.080000000000000071 ) ) ;
#8592 = ORIENTED_EDGE ( 'NONE', *, *, #4417, .T. ) ;
#8593 =( NAMED_UNIT ( * ) PLANE_ANGLE_UNIT ( ) SI_UNIT ( $, .RADIAN. ) );
#8594 = DIRECTION ( 'NONE',  ( 1.000000000000000000, 0.000000000000000000, 0.000000000000000000 ) ) ;
#8595 = EDGE_CURVE ( 'NONE', #2757, #7047, #7786, .T. ) ;
#8596 = EDGE_CURVE ( 'NONE', #607, #6775, #2959, .T. ) ;
#8597 = VECTOR ( 'NONE', #1340, 1000.000000000000000 ) ;
#8598 = CIRCLE ( 'NONE', #5852, 0.1000000000000000056 ) ;
#8599 = SURFACE_STYLE_USAGE ( .BOTH. , #1982 ) ;
#8600 = DIRECTION ( 'NONE',  ( 1.000000000000000000, 4.497431234013940009E-16, 0.000000000000000000 ) ) ;
#8601 = SURFACE_SIDE_STYLE ('',( #5136 ) ) ;
#8602 = SURFACE_STYLE_USAGE ( .BOTH. , #7936 ) ;
#8603 = CARTESIAN_POINT ( 'NONE',  ( -3.833333768778730111, 0.1521730769230759395, 2.660000000000000142 ) ) ;
#8604 =( GEOMETRIC_REPRESENTATION_CONTEXT ( 3 ) GLOBAL_UNCERTAINTY_ASSIGNED_CONTEXT ( ( #8158 ) ) GLOBAL_UNIT_ASSIGNED_CONTEXT ( ( #2083, #8274, #4166 ) ) REPRESENTATION_CONTEXT ( 'NONE', 'WORKASPACE' ) );
#8605 = CARTESIAN_POINT ( 'NONE',  ( -0.1609122710552956248, 0.4965983550734300866, 2.330000000000000071 ) ) ;
#8606 = CARTESIAN_POINT ( 'NONE',  ( -2.803133701591289828, -2.580633701591290130, 2.080000000000000071 ) ) ;
#8607 = CARTESIAN_POINT ( 'NONE',  ( 3.269999999999998241, 2.821004187620879122, 0.6750000000000527800 ) ) ;
#8608 = CARTESIAN_POINT ( 'NONE',  ( 3.772499999999999964, -0.09224999999999902722, 1.918578643762690605 ) ) ;
#8609 = UNCERTAINTY_MEASURE_WITH_UNIT (LENGTH_MEASURE( 1.000000000000000082E-05 ), #7433, 'distance_accuracy_value', 'NONE');
#8610 = COLOUR_RGB ( '',0.8313725490196077761, 0.8313725490196077761, 0.8313725490196077761 ) ;
#8611 = DIRECTION ( 'NONE',  ( 0.000000000000000000, 0.000000000000000000, -1.000000000000000000 ) ) ;
#8612 = LINE ( 'NONE', #1123, #5316 ) ;
#8613 = LINE ( 'NONE', #4434, #3547 ) ;
#8614 = DIRECTION ( 'NONE',  ( -1.000000000000000000, -1.084202172485503842E-15, 0.000000000000000000 ) ) ;
#8615 = PRESENTATION_STYLE_ASSIGNMENT (( #5194 ) ) ;
#8616 = DIRECTION ( 'NONE',  ( -0.8856505754816621501, 0.4643522996055911012, 0.000000000000000000 ) ) ;
#8617 = CARTESIAN_POINT ( 'NONE',  ( -2.855207625734560217, -0.2677499999999999880, -1.899999999999999911 ) ) ;
#8618 = SURFACE_STYLE_USAGE ( .BOTH. , #3262 ) ;
#8619 = PRESENTATION_LAYER_ASSIGNMENT (  '', '', ( #3579 ) ) ;
#8620 = STYLED_ITEM ( 'NONE', ( #8615 ), #3518 ) ;
#8621 = UNCERTAINTY_MEASURE_WITH_UNIT (LENGTH_MEASURE( 1.000000000000000082E-05 ), #3622, 'distance_accuracy_value', 'NONE');
#8622 = AXIS2_PLACEMENT_3D ( 'NONE', #8606, #2465, #1834 ) ;
#8623 = ORIENTED_EDGE ( 'NONE', *, *, #2061, .F. ) ;
#8624 = FILL_AREA_STYLE ('',( #3722 ) ) ;
#8625 = CARTESIAN_POINT ( 'NONE',  ( 3.249390871961309823, -0.7672500000000000986, 0.6562182560773820450 ) ) ;
#8626 = DIRECTION ( 'NONE',  ( -0.9931903090196375627, 0.000000000000000000, 0.1165032620550898596 ) ) ;
#8627 = CARTESIAN_POINT ( 'NONE',  ( -3.587499999999999911, -0.2322500000000000120, 0.000000000000000000 ) ) ;
#8628 =( NAMED_UNIT ( * ) SI_UNIT ( $, .STERADIAN. ) SOLID_ANGLE_UNIT ( ) );
#8629 = MECHANICAL_DESIGN_GEOMETRIC_PRESENTATION_REPRESENTATION (  '', ( #3597 ), #3176 ) ;
#8630 = AXIS2_PLACEMENT_3D ( 'NONE', #7282, #7238, #291 ) ;
#8631 = ORIENTED_EDGE ( 'NONE', *, *, #8032, .F. ) ;
#8632 = VERTEX_POINT ( 'NONE', #8644 ) ;
#8633 =( GEOMETRIC_REPRESENTATION_CONTEXT ( 3 ) GLOBAL_UNCERTAINTY_ASSIGNED_CONTEXT ( ( #4222 ) ) GLOBAL_UNIT_ASSIGNED_CONTEXT ( ( #5102, #8483, #3045 ) ) REPRESENTATION_CONTEXT ( 'NONE', 'WORKASPACE' ) );
#8634 = EDGE_CURVE ( 'NONE', #176, #1493, #3881, .T. ) ;
#8635 = ORIENTED_EDGE ( 'NONE', *, *, #4785, .F. ) ;
#8636 = FILL_AREA_STYLE_COLOUR ( '', #2036 ) ;
#8637 = STYLED_ITEM ( 'NONE', ( #2144 ), #8564 ) ;
#8638 = AXIS2_PLACEMENT_3D ( 'NONE', #7459, #7562, #16 ) ;
#8639 = FACE_OUTER_BOUND ( 'NONE', #6485, .T. ) ;
#8640 = STYLED_ITEM ( 'NONE', ( #8685 ), #2996 ) ;
#8641 = DIRECTION ( 'NONE',  ( 0.000000000000000000, 0.000000000000000000, 1.000000000000000000 ) ) ;
#8642 = PRESENTATION_STYLE_ASSIGNMENT (( #4595 ) ) ;
#8643 = AXIS2_PLACEMENT_3D ( 'NONE', #5302, #4640, #7978 ) ;
#8644 = CARTESIAN_POINT ( 'NONE',  ( -3.833333768778753203, 0.1521730769229940328, 1.804999999999999938 ) ) ;
#8645 = SURFACE_STYLE_USAGE ( .BOTH. , #4514 ) ;
#8646 =( BOUNDED_SURFACE ( )  B_SPLINE_SURFACE ( 3, 3, ( 
 ( #8662, #7990, #492, #3937 ),
 ( #8745, #4654, #3973, #6716 ),
 ( #5197, #560, #1804, #8110 ),
 ( #1964, #7217, #1084, #7259 ) ),
 .UNSPECIFIED., .F., .F., .F. ) 
 B_SPLINE_SURFACE_WITH_KNOTS ( ( 4, 4 ),
 ( 4, 4 ),
 ( 0.000000000000000000, 1.000000000000000000 ),
 ( 0.000000000000000000, 1.000000000000000000 ),
 .UNSPECIFIED. ) 
 GEOMETRIC_REPRESENTATION_ITEM ( )  RATIONAL_B_SPLINE_SURFACE ( (
 ( 1.000000000000000000, 0.3333333333333323156, 0.3333333333333323156, 1.000000000000000000),
 ( 0.9339074174805920281, 0.3113024724935297138, 0.3113024724935297138, 0.9339074174805920281),
 ( 0.9339074174805920281, 0.3113024724935297138, 0.3113024724935297138, 0.9339074174805920281),
 ( 1.000000000000000000, 0.3333333333333323156, 0.3333333333333323156, 1.000000000000000000) ) ) 
 REPRESENTATION_ITEM ( '' )  SURFACE ( )  );
#8647 = DIRECTION ( 'NONE',  ( -0.5675268619621517407, -0.8233548815373554763, 0.000000000000000000 ) ) ;
#8648 = COLOUR_RGB ( '',0.8313725490196077761, 0.8313725490196077761, 0.8313725490196077761 ) ;
#8649 = SURFACE_STYLE_USAGE ( .BOTH. , #6585 ) ;
#8650 = AXIS2_PLACEMENT_3D ( 'NONE', #6742, #3469, #4724 ) ;
#8651 = PRESENTATION_LAYER_ASSIGNMENT (  '', '', ( #5692 ) ) ;
#8652 =( LENGTH_UNIT ( ) NAMED_UNIT ( * ) SI_UNIT ( .MILLI., .METRE. ) );
#8653 = FILL_AREA_STYLE_COLOUR ( '', #2372 ) ;
#8654 =( NAMED_UNIT ( * ) PLANE_ANGLE_UNIT ( ) SI_UNIT ( $, .RADIAN. ) );
#8655 = FACE_OUTER_BOUND ( 'NONE', #3059, .T. ) ;
#8656 = CARTESIAN_POINT ( 'NONE',  ( 3.249390871961309823, -0.09224999999999952682, 0.6562182560773820450 ) ) ;
#8657 = SURFACE_STYLE_FILL_AREA ( #5894 ) ;
#8658 = DIRECTION ( 'NONE',  ( 0.000000000000000000, 1.000000000000000000, 0.000000000000000000 ) ) ;
#8659 = CARTESIAN_POINT ( 'NONE',  ( 0.9525000000000010125, -0.7672500000000009868, -2.060000000000000053 ) ) ;
#8660 = STYLED_ITEM ( 'NONE', ( #129 ), #4180 ) ;
#8661 = MECHANICAL_DESIGN_GEOMETRIC_PRESENTATION_REPRESENTATION (  '', ( #3781 ), #7949 ) ;
#8662 = CARTESIAN_POINT ( 'NONE',  ( 2.959737197023302180, 2.650969074868140929, 2.283371188774894200 ) ) ;
#8663 =( LENGTH_UNIT ( ) NAMED_UNIT ( * ) SI_UNIT ( .MILLI., .METRE. ) );
#8664 = VECTOR ( 'NONE', #4931, 1000.000000000000114 ) ;
#8665 = VECTOR ( 'NONE', #3309, 1000.000000000000000 ) ;
#8666 = ORIENTED_EDGE ( 'NONE', *, *, #3752, .F. ) ;
#8667 = CARTESIAN_POINT ( 'NONE',  ( 4.952500000000000568, -0.5984999999999990328, 2.502499999999999947 ) ) ;
#8668 = CARTESIAN_POINT ( 'NONE',  ( 0.4819120798423590646, -0.7672500000000009868, 0.3637895569954249786 ) ) ;
#8669 = CARTESIAN_POINT ( 'NONE',  ( 0.3819120798423591423, -0.7672500000000018749, 0.000000000000000000 ) ) ;
#8670 =( NAMED_UNIT ( * ) PLANE_ANGLE_UNIT ( ) SI_UNIT ( $, .RADIAN. ) );
#8671 = PLANE ( 'NONE',  #4451 ) ;
#8672 = CIRCLE ( 'NONE', #3640, 0.1000000000000000056 ) ;
#8673 = MECHANICAL_DESIGN_GEOMETRIC_PRESENTATION_REPRESENTATION (  '', ( #1513 ), #944 ) ;
#8674 = FACE_OUTER_BOUND ( 'NONE', #5983, .T. ) ;
#8675 = ORIENTED_EDGE ( 'NONE', *, *, #3196, .F. ) ;
#8676 = VERTEX_POINT ( 'NONE', #514 ) ;
#8677 = CARTESIAN_POINT ( 'NONE',  ( 2.803133701591289384, 2.791138596892519086, 2.131987307660839992 ) ) ;
#8678 = CARTESIAN_POINT ( 'NONE',  ( -0.5559049950491480319, 0.000000000000000000, 2.339150635094611186 ) ) ;
#8679 = ORIENTED_EDGE ( 'NONE', *, *, #7915, .T. ) ;
#8680 = VERTEX_POINT ( 'NONE', #4683 ) ;
#8681 = CARTESIAN_POINT ( 'NONE',  ( 0.9415807083980659575, -0.09225000000000051215, 0.7415035219041956616 ) ) ;
#8682 = FILL_AREA_STYLE ('',( #8093 ) ) ;
#8683 = ORIENTED_EDGE ( 'NONE', *, *, #2932, .T. ) ;
#8684 = COLOUR_RGB ( '',0.8313725490196077761, 0.8313725490196077761, 0.8313725490196077761 ) ;
#8685 = PRESENTATION_STYLE_ASSIGNMENT (( #1788 ) ) ;
#8686 = VERTEX_POINT ( 'NONE', #4042 ) ;
#8687 = VECTOR ( 'NONE', #6451, 1000.000000000000000 ) ;
#8688 = PRESENTATION_STYLE_ASSIGNMENT (( #4426 ) ) ;
#8689 = CARTESIAN_POINT ( 'NONE',  ( 3.269901378283664783, -2.744121119187152402, 0.6758407501317660326 ) ) ;
#8690 = ORIENTED_EDGE ( 'NONE', *, *, #731, .F. ) ;
#8691 = PRESENTATION_STYLE_ASSIGNMENT (( #6702 ) ) ;
#8692 = COLOUR_RGB ( '',0.8313725490196077761, 0.8313725490196077761, 0.8313725490196077761 ) ;
#8693 = CARTESIAN_POINT ( 'NONE',  ( 3.101090794297181041, -1.523749999999999938, 2.114950978616529920 ) ) ;
#8694 = EDGE_CURVE ( 'NONE', #4395, #3477, #6787, .T. ) ;
#8695 = EDGE_CURVE ( 'NONE', #6071, #4691, #4559, .T. ) ;
#8696 = EDGE_CURVE ( 'NONE', #4395, #8709, #6055, .T. ) ;
#8697 = EDGE_CURVE ( 'NONE', #6572, #1498, #1771, .T. ) ;
#8698 = DIRECTION ( 'NONE',  ( 1.000000000000000000, 0.000000000000000000, 0.000000000000000000 ) ) ;
#8699 = CARTESIAN_POINT ( 'NONE',  ( 0.9525000000000000133, -0.1475286404500039672, 2.149442719099991628 ) ) ;
#8700 = FILL_AREA_STYLE_COLOUR ( '', #1270 ) ;
#8701 =( NAMED_UNIT ( * ) PLANE_ANGLE_UNIT ( ) SI_UNIT ( $, .RADIAN. ) );
#8702 = CARTESIAN_POINT ( 'NONE',  ( 0.9525000000000002354, -0.1922500000000005593, -2.060000000000000053 ) ) ;
#8703 = CARTESIAN_POINT ( 'NONE',  ( 0.5941189764887225833, 0.1521824518414594263, 2.379999999999999893 ) ) ;
#8704 = DIRECTION ( 'NONE',  ( 1.000000000000000000, 3.050063254464720219E-16, -0.000000000000000000 ) ) ;
#8705 = STYLED_ITEM ( 'NONE', ( #7637 ), #1682 ) ;
#8706 = VERTEX_POINT ( 'NONE', #8098 ) ;
#8707 =( NAMED_UNIT ( * ) PLANE_ANGLE_UNIT ( ) SI_UNIT ( $, .RADIAN. ) );
#8708 = CARTESIAN_POINT ( 'NONE',  ( 0.9524999999999997913, -0.1922500000000000320, -2.060000000000000053 ) ) ;
#8709 = VERTEX_POINT ( 'NONE', #4722 ) ;
#8710 = LINE ( 'NONE', #7224, #2425 ) ;
#8711 = CARTESIAN_POINT ( 'NONE',  ( -4.319792374265440493, 0.2677499999999999880, -2.660000000000000142 ) ) ;
#8712 = AXIS2_PLACEMENT_3D ( 'NONE', #631, #6093, #5561 ) ;
#8713 =( NAMED_UNIT ( * ) PLANE_ANGLE_UNIT ( ) SI_UNIT ( $, .RADIAN. ) );
#8714 =( NAMED_UNIT ( * ) PLANE_ANGLE_UNIT ( ) SI_UNIT ( $, .RADIAN. ) );
#8715 = CARTESIAN_POINT ( 'NONE',  ( 3.872499999999999609, -0.1336713562373084974, -2.001421356237308657 ) ) ;
#8716 = CIRCLE ( 'NONE', #672, 0.1000000000000002554 ) ;
#8717 = CIRCLE ( 'NONE', #5400, 0.9999999999999692468 ) ;
#8718 = ORIENTED_EDGE ( 'NONE', *, *, #3964, .T. ) ;
#8719 = CARTESIAN_POINT ( 'NONE',  ( 3.372500000000000053, -0.1922499999999994769, -2.060000000000000053 ) ) ;
#8720 = CYLINDRICAL_SURFACE ( 'NONE', #4871, 0.2999999999999999334 ) ;
#8721 =( BOUNDED_SURFACE ( )  B_SPLINE_SURFACE ( 3, 3, ( 
 ( #215, #3101, #3717, #8488 ),
 ( #362, #8574, #5069, #5026 ),
 ( #3768, #5638, #2299, #2348 ),
 ( #7725, #900, #5151, #858 ) ),
 .UNSPECIFIED., .F., .F., .F. ) 
 B_SPLINE_SURFACE_WITH_KNOTS ( ( 4, 4 ),
 ( 4, 4 ),
 ( 0.000000000000000000, 1.000000000000000000 ),
 ( 0.000000000000000000, 1.000000000000000000 ),
 .UNSPECIFIED. ) 
 GEOMETRIC_REPRESENTATION_ITEM ( )  RATIONAL_B_SPLINE_SURFACE ( (
 ( 1.000000000000000000, 0.3333333333333334259, 0.3333333333333334259, 1.000000000000000000),
 ( 0.9106836025229602116, 0.3035612008409868112, 0.3035612008409868112, 0.9106836025229602116),
 ( 0.9106836025229602116, 0.3035612008409868112, 0.3035612008409868112, 0.9106836025229602116),
 ( 1.000000000000000000, 0.3333333333333334259, 0.3333333333333334259, 1.000000000000000000) ) ) 
 REPRESENTATION_ITEM ( '' )  SURFACE ( )  );
#8722 =( GEOMETRIC_REPRESENTATION_CONTEXT ( 3 ) GLOBAL_UNCERTAINTY_ASSIGNED_CONTEXT ( ( #4943 ) ) GLOBAL_UNIT_ASSIGNED_CONTEXT ( ( #6860, #8229, #8318 ) ) REPRESENTATION_CONTEXT ( 'NONE', 'WORKASPACE' ) );
#8723 = B_SPLINE_CURVE_WITH_KNOTS ( 'NONE', 3,
 ( #5723, #8482, #5804, #2336, #2428, #5143 ),
 .UNSPECIFIED., .F., .F.,
 ( 4, 2, 4 ),
 ( 0.000000000000000000, 0.5000000000000006661, 1.000000000000000000 ),
 .UNSPECIFIED. ) ;
#8724 = ADVANCED_FACE ( 'NONE', ( #6665 ), #3960, .F. ) ;
#8725 = CIRCLE ( 'NONE', #847, 0.09999999999999982514 ) ;
#8726 = DIRECTION ( 'NONE',  ( 1.000000000000000000, 0.000000000000000000, -0.000000000000000000 ) ) ;
#8727 = FILL_AREA_STYLE_COLOUR ( '', #1486 ) ;
#8728 = ORIENTED_EDGE ( 'NONE', *, *, #2611, .F. ) ;
#8729 = FILL_AREA_STYLE ('',( #5138 ) ) ;
#8730 = VERTEX_POINT ( 'NONE', #7326 ) ;
#8731 = PRESENTATION_STYLE_ASSIGNMENT (( #5261 ) ) ;
#8732 = FILL_AREA_STYLE_COLOUR ( '', #5873 ) ;
#8733 = FACE_OUTER_BOUND ( 'NONE', #7664, .T. ) ;
#8734 =( GEOMETRIC_REPRESENTATION_CONTEXT ( 3 ) GLOBAL_UNCERTAINTY_ASSIGNED_CONTEXT ( ( #2513 ) ) GLOBAL_UNIT_ASSIGNED_CONTEXT ( ( #1115, #1791, #6580 ) ) REPRESENTATION_CONTEXT ( 'NONE', 'WORKASPACE' ) );
#8735 = DIRECTION ( 'NONE',  ( 0.000000000000000000, -1.000000000000000000, 0.000000000000000000 ) ) ;
#8736 = CARTESIAN_POINT ( 'NONE',  ( 2.823524907681022711, -2.903010446326628635, 2.258641421325501053 ) ) ;
#8737 =( GEOMETRIC_REPRESENTATION_CONTEXT ( 3 ) GLOBAL_UNCERTAINTY_ASSIGNED_CONTEXT ( ( #4394 ) ) GLOBAL_UNIT_ASSIGNED_CONTEXT ( ( #6113, #1381, #5401 ) ) REPRESENTATION_CONTEXT ( 'NONE', 'WORKASPACE' ) );
#8738 = DIRECTION ( 'NONE',  ( 0.000000000000000000, 0.000000000000000000, -1.000000000000000000 ) ) ;
#8739 = DIRECTION ( 'NONE',  ( -0.000000000000000000, -0.000000000000000000, -1.000000000000000000 ) ) ;
#8740 = CARTESIAN_POINT ( 'NONE',  ( 4.687102839788670927, -0.1336713562373085529, 1.844279695023480325 ) ) ;
#8741 = SURFACE_STYLE_FILL_AREA ( #523 ) ;
#8742 = CARTESIAN_POINT ( 'NONE',  ( 3.872500000000000053, -0.7672499999999999876, -1.944279695023480192 ) ) ;
#8743 = DIRECTION ( 'NONE',  ( 0.000000000000000000, 0.000000000000000000, 1.000000000000000000 ) ) ;
#8744 = EDGE_CURVE ( 'NONE', #586, #3630, #4002, .T. ) ;
#8745 = CARTESIAN_POINT ( 'NONE',  ( 3.033395408916099711, 2.650969074868140485, 2.226651584001123396 ) ) ;
#8746 =( LENGTH_UNIT ( ) NAMED_UNIT ( * ) SI_UNIT ( .MILLI., .METRE. ) );
#8747 = COLOUR_RGB ( '',0.8313725490196077761, 0.8313725490196077761, 0.8313725490196077761 ) ;
#8748 = ORIENTED_EDGE ( 'NONE', *, *, #4726, .T. ) ;
#8749 = ORIENTED_EDGE ( 'NONE', *, *, #2555, .F. ) ;
#8750 = CARTESIAN_POINT ( 'NONE',  ( -1.222499999999999698, 0.2322500000000000397, 0.3800000000000000044 ) ) ;
#8751 = PLANE ( 'NONE',  #1266 ) ;
#8752 = ORIENTED_EDGE ( 'NONE', *, *, #4403, .T. ) ;
#8753 = STYLED_ITEM ( 'NONE', ( #2205 ), #7416 ) ;
#8754 =( NAMED_UNIT ( * ) PLANE_ANGLE_UNIT ( ) SI_UNIT ( $, .RADIAN. ) );
#8755 = EDGE_CURVE ( 'NONE', #2217, #7195, #2489, .T. ) ;
#8756 = EDGE_CURVE ( 'NONE', #3363, #7921, #8825, .T. ) ;
#8757 = DIRECTION ( 'NONE',  ( 5.482582837655000045E-16, -1.000000000000000000, -0.000000000000000000 ) ) ;
#8758 = AXIS2_PLACEMENT_3D ( 'NONE', #8719, #4541, #4502 ) ;
#8759 = FILL_AREA_STYLE_COLOUR ( '', #343 ) ;
#8760 = CARTESIAN_POINT ( 'NONE',  ( 3.772499999999999964, -0.09224999999999901334, -1.918578643762690605 ) ) ;
#8761 = PRESENTATION_LAYER_ASSIGNMENT (  '', '', ( #6469 ) ) ;
#8762 = CIRCLE ( 'NONE', #6890, 0.1000000000000002554 ) ;
#8763 = EDGE_LOOP ( 'NONE', ( #7302, #1731, #2135, #1720, #1895, #5701 ) ) ;
#8764 = FILL_AREA_STYLE ('',( #2539 ) ) ;
#8765 = CARTESIAN_POINT ( 'NONE',  ( -0.5057734480245429376, -0.1293981990646819735, 2.330000000000000515 ) ) ;
#8766 = CARTESIAN_POINT ( 'NONE',  ( -0.5217543599545370059, 0.000000000000000000, 2.329999999999999627 ) ) ;
#8767 = ORIENTED_EDGE ( 'NONE', *, *, #611, .F. ) ;
#8768 = VERTEX_POINT ( 'NONE', #8142 ) ;
#8769 = PRESENTATION_LAYER_ASSIGNMENT (  '', '', ( #3170 ) ) ;
#8770 = UNCERTAINTY_MEASURE_WITH_UNIT (LENGTH_MEASURE( 1.000000000000000082E-05 ), #3119, 'distance_accuracy_value', 'NONE');
#8771 = CARTESIAN_POINT ( 'NONE',  ( 3.245662267318065730, -2.269792685268485322, 2.246874819632010301 ) ) ;
#8772 = STYLED_ITEM ( 'NONE', ( #8287 ), #3812 ) ;
#8773 =( NAMED_UNIT ( * ) SI_UNIT ( $, .STERADIAN. ) SOLID_ANGLE_UNIT ( ) );
#8774 = CARTESIAN_POINT ( 'NONE',  ( -2.732499999999999929, 0.7672499999999990994, -0.3800000000000000044 ) ) ;
#8775 = CARTESIAN_POINT ( 'NONE',  ( 0.2625295485153655850, -0.5492081243723255790, 2.380000000000000338 ) ) ;
#8776 = VECTOR ( 'NONE', #4995, 1000.000000000000000 ) ;
#8777 = VERTEX_POINT ( 'NONE', #2507 ) ;
#8778 = PRESENTATION_STYLE_ASSIGNMENT (( #587 ) ) ;
#8779 = ORIENTED_EDGE ( 'NONE', *, *, #1194, .T. ) ;
#8780 = CARTESIAN_POINT ( 'NONE',  ( 0.8525000000000000355, -0.1922499999999990605, 2.160000000000000142 ) ) ;
#8781 = PRESENTATION_STYLE_ASSIGNMENT (( #2000 ) ) ;
#8782 = DIRECTION ( 'NONE',  ( -1.000000000000000000, -8.131516293641262547E-16, 0.000000000000000000 ) ) ;
#8783 = PLANE ( 'NONE',  #7355 ) ;
#8784 = UNCERTAINTY_MEASURE_WITH_UNIT (LENGTH_MEASURE( 1.000000000000000082E-05 ), #2520, 'distance_accuracy_value', 'NONE');
#8785 = STYLED_ITEM ( 'NONE', ( #884 ), #2943 ) ;
#8786 = MECHANICAL_DESIGN_GEOMETRIC_PRESENTATION_REPRESENTATION (  '', ( #5051 ), #7199 ) ;
#8787 = FILL_AREA_STYLE ('',( #6587 ) ) ;
#8788 = PRESENTATION_STYLE_ASSIGNMENT (( #5971 ) ) ;
#8789 = LINE ( 'NONE', #8832, #478 ) ;
#8790 =( LENGTH_UNIT ( ) NAMED_UNIT ( * ) SI_UNIT ( .MILLI., .METRE. ) );
#8791 = CARTESIAN_POINT ( 'NONE',  ( 3.430235026918961871, -0.1345149730810376865, 2.117735026918962316 ) ) ;
#8792 =( LENGTH_UNIT ( ) NAMED_UNIT ( * ) SI_UNIT ( .MILLI., .METRE. ) );
#8793 = CARTESIAN_POINT ( 'NONE',  ( 0.6083569003329798441, 1.216713800665959688, 2.379999999999999893 ) ) ;
#8794 = COLOUR_RGB ( '',0.8313725490196077761, 0.8313725490196077761, 0.8313725490196077761 ) ;
#8795 = AXIS2_PLACEMENT_3D ( 'NONE', #5569, #4867, #7657 ) ;
#8796 =( NAMED_UNIT ( * ) PLANE_ANGLE_UNIT ( ) SI_UNIT ( $, .RADIAN. ) );
#8797 = PRODUCT_DEFINITION_SHAPE ( 'NONE', 'NONE',  #8907 ) ;
#8798 = EDGE_CURVE ( 'NONE', #1638, #6237, #1909, .T. ) ;
#8799 = ORIENTED_EDGE ( 'NONE', *, *, #4192, .T. ) ;
#8800 = PRODUCT_DEFINITION_FORMATION_WITH_SPECIFIED_SOURCE ( 'ANY', '', #8144, .NOT_KNOWN. ) ;
#8801 = CARTESIAN_POINT ( 'NONE',  ( 0.9525000000000002354, -0.09225000000000049827, 0.000000000000000000 ) ) ;
#8802 = DIRECTION ( 'NONE',  ( 0.000000000000000000, -1.000000000000000000, 0.000000000000000000 ) ) ;
#8803 = CARTESIAN_POINT ( 'NONE',  ( 0.9525000000000000133, -0.09225000000000076195, 0.5835207766578431876 ) ) ;
#8804 = CARTESIAN_POINT ( 'NONE',  ( -3.903095123049499904, -0.008589285714289650320, 2.754999999999999893 ) ) ;
#8805 = FILL_AREA_STYLE_COLOUR ( '', #3624 ) ;
#8806 = DIRECTION ( 'NONE',  ( 0.000000000000000000, -0.000000000000000000, -1.000000000000000000 ) ) ;
#8807 = COLOUR_RGB ( '',0.2862745098039215508, 0.2862745098039215508, 0.2862745098039215508 ) ;
#8808 = EDGE_CURVE ( 'NONE', #7789, #5780, #1658, .T. ) ;
#8809 = EDGE_CURVE ( 'NONE', #6189, #7779, #7795, .T. ) ;
#8810 = EDGE_CURVE ( 'NONE', #5032, #6333, #3508, .T. ) ;
#8811 = EDGE_CURVE ( 'NONE', #3492, #5031, #6768, .T. ) ;
#8812 = ORIENTED_EDGE ( 'NONE', *, *, #5978, .F. ) ;
#8813 = ORIENTED_EDGE ( 'NONE', *, *, #2406, .F. ) ;
#8814 = CARTESIAN_POINT ( 'NONE',  ( 0.2587350945007998448, -0.4587993498137907800, 2.330000000000000515 ) ) ;
#8815 = STYLED_ITEM ( 'NONE', ( #8290 ), #5329 ) ;
#8816 = VERTEX_POINT ( 'NONE', #5432 ) ;
#8817 = CARTESIAN_POINT ( 'NONE',  ( -3.082585638534734773, 2.628271126541560587, 2.141421915437726309 ) ) ;
#8818 = CARTESIAN_POINT ( 'NONE',  ( 0.8524999999999995914, -0.1336713562373104680, -0.8629237369103520683 ) ) ;
#8819 =( NAMED_UNIT ( * ) PLANE_ANGLE_UNIT ( ) SI_UNIT ( $, .RADIAN. ) );
#8820 = AXIS2_PLACEMENT_3D ( 'NONE', #2071, #1390, #4106 ) ;
#8821 = DIRECTION ( 'NONE',  ( -1.821530803322650078E-16, 1.000000000000000000, -0.000000000000000000 ) ) ;
#8822 = ORIENTED_EDGE ( 'NONE', *, *, #4466, .T. ) ;
#8823 =( NAMED_UNIT ( * ) SI_UNIT ( $, .STERADIAN. ) SOLID_ANGLE_UNIT ( ) );
#8824 = EDGE_LOOP ( 'NONE', ( #4505, #6776, #4355, #174, #871, #5507 ) ) ;
#8825 = LINE ( 'NONE', #2586, #3610 ) ;
#8826 = DIRECTION ( 'NONE',  ( 0.000000000000000000, 0.000000000000000000, 1.000000000000000000 ) ) ;
#8827 = FILL_AREA_STYLE ('',( #3962 ) ) ;
#8828 = FILL_AREA_STYLE_COLOUR ( '', #485 ) ;
#8829 = AXIS2_PLACEMENT_3D ( 'NONE', #1251, #5851, #8614 ) ;
#8830 = SURFACE_STYLE_FILL_AREA ( #5481 ) ;
#8831 = DIRECTION ( 'NONE',  ( 1.000000000000000000, 0.000000000000000000, 0.000000000000000000 ) ) ;
#8832 = CARTESIAN_POINT ( 'NONE',  ( 1.647541093131910122E-16, -2.847500000000000142, 0.000000000000000000 ) ) ;
#8833 = CARTESIAN_POINT ( 'NONE',  ( -1.222499999999999920, 0.2322500000000000397, -0.3800000000000000044 ) ) ;
#8834 =( NAMED_UNIT ( * ) PLANE_ANGLE_UNIT ( ) SI_UNIT ( $, .RADIAN. ) );
#8835 = VECTOR ( 'NONE', #133, 1000.000000000000000 ) ;
#8836 = CARTESIAN_POINT ( 'NONE',  ( 4.910235026918962298, -0.1345149730810361322, -2.560235026918963097 ) ) ;
#8837 = PRESENTATION_STYLE_ASSIGNMENT (( #8029 ) ) ;
#8838 = ADVANCED_FACE ( 'NONE', ( #2183 ), #1373, .F. ) ;
#8839 = EDGE_LOOP ( 'NONE', ( #1359, #3016, #1853, #1548 ) ) ;
#8840 = FACE_OUTER_BOUND ( 'NONE', #5522, .T. ) ;
#8841 = CARTESIAN_POINT ( 'NONE',  ( 4.910235026918964074, -0.1345149730810368816, 1.986544668104517353 ) ) ;
#8842 =( LENGTH_UNIT ( ) NAMED_UNIT ( * ) SI_UNIT ( .MILLI., .METRE. ) );
#8843 = CYLINDRICAL_SURFACE ( 'NONE', #6465, 0.5000000000000000000 ) ;
#8844 = ORIENTED_EDGE ( 'NONE', *, *, #2359, .T. ) ;
#8845 =( LENGTH_UNIT ( ) NAMED_UNIT ( * ) SI_UNIT ( .MILLI., .METRE. ) );
#8846 =( NAMED_UNIT ( * ) SI_UNIT ( $, .STERADIAN. ) SOLID_ANGLE_UNIT ( ) );
#8847 = ORIENTED_EDGE ( 'NONE', *, *, #3911, .F. ) ;
#8848 = FACE_OUTER_BOUND ( 'NONE', #540, .T. ) ;
#8849 = ORIENTED_EDGE ( 'NONE', *, *, #106, .F. ) ;
#8850 = ORIENTED_EDGE ( 'NONE', *, *, #6498, .T. ) ;
#8851 = EDGE_CURVE ( 'NONE', #4819, #6175, #3058, .T. ) ;
#8852 = EDGE_LOOP ( 'NONE', ( #8749, #7397, #6911, #5462 ) ) ;
#8853 = EDGE_CURVE ( 'NONE', #548, #7550, #2093, .T. ) ;
#8854 = STYLED_ITEM ( 'NONE', ( #3048 ), #372 ) ;
#8855 =( GEOMETRIC_REPRESENTATION_CONTEXT ( 3 ) GLOBAL_UNCERTAINTY_ASSIGNED_CONTEXT ( ( #2426 ) ) GLOBAL_UNIT_ASSIGNED_CONTEXT ( ( #8213, #2865, #5539 ) ) REPRESENTATION_CONTEXT ( 'NONE', 'WORKASPACE' ) );
#8856 = CARTESIAN_POINT ( 'NONE',  ( -3.770634082987817770, 0.3248361564241377120, -1.899999999999999911 ) ) ;
#8857 = FACE_OUTER_BOUND ( 'NONE', #4156, .T. ) ;
#8858 = PRESENTATION_STYLE_ASSIGNMENT (( #2549 ) ) ;
#8859 = AXIS2_PLACEMENT_3D ( 'NONE', #5036, #3110, #5819 ) ;
#8860 = EDGE_LOOP ( 'NONE', ( #7872, #7548, #6607, #4371 ) ) ;
#8861 = CARTESIAN_POINT ( 'NONE',  ( 0.9525000000000001243, -0.09225000000000063705, -2.060000000000000053 ) ) ;
#8862 = EDGE_LOOP ( 'NONE', ( #8044, #3941, #636, #8084 ) ) ;
#8863 =( LENGTH_UNIT ( ) NAMED_UNIT ( * ) SI_UNIT ( .MILLI., .METRE. ) );
#8864 = EDGE_CURVE ( 'NONE', #1010, #6002, #4133, .T. ) ;
#8865 = EDGE_CURVE ( 'NONE', #7970, #1048, #1552, .T. ) ;
#8866 = CARTESIAN_POINT ( 'NONE',  ( 3.772500000000000409, -0.7672500000000000986, -1.959999999999999964 ) ) ;
#8867 = LINE ( 'NONE', #8192, #335 ) ;
#8868 = STYLED_ITEM ( 'NONE', ( #8788 ), #5875 ) ;
#8869 = DIRECTION ( 'NONE',  ( 1.000000000000000000, 0.000000000000000000, 0.000000000000000000 ) ) ;
#8870 = CARTESIAN_POINT ( 'NONE',  ( 3.772500000000000409, -0.7672499999999999876, 1.959999999999999964 ) ) ;
#8871 = SURFACE_STYLE_FILL_AREA ( #6012 ) ;
#8872 = CARTESIAN_POINT ( 'NONE',  ( -4.319792374265440493, -0.2322500000000000397, 0.000000000000000000 ) ) ;
#8873 = CARTESIAN_POINT ( 'NONE',  ( -3.770634082987816882, 0.3248361564241377120, 1.899999999999999911 ) ) ;
#8874 = PLANE ( 'NONE',  #7531 ) ;
#8875 =( GEOMETRIC_REPRESENTATION_CONTEXT ( 3 ) GLOBAL_UNCERTAINTY_ASSIGNED_CONTEXT ( ( #904 ) ) GLOBAL_UNIT_ASSIGNED_CONTEXT ( ( #1349, #4066, #4699 ) ) REPRESENTATION_CONTEXT ( 'NONE', 'WORKASPACE' ) );
#8876 = PRESENTATION_LAYER_ASSIGNMENT (  '', '', ( #2709 ) ) ;
#8877 = DIRECTION ( 'NONE',  ( -1.836970198721029688E-16, -9.860761315262647568E-32, 1.000000000000000000 ) ) ;
#8878 = CARTESIAN_POINT ( 'NONE',  ( 3.881469336073861243, -0.1591874171070364885, 2.477594501859786025 ) ) ;
#8879 = DIRECTION ( 'NONE',  ( 0.1147640357803537819, -0.1721460536705332889, 0.9783634050275323846 ) ) ;
#8880 = STYLED_ITEM ( 'NONE', ( #2450 ), #7100 ) ;
#8881 = CARTESIAN_POINT ( 'NONE',  ( 3.431078643762689673, -0.09224999999999909661, -1.977157287525380225 ) ) ;
#8882 = DIRECTION ( 'NONE',  ( -0.4082482904638620180, -0.8164965809277260345, -0.4082482904638640164 ) ) ;
#8883 = DIRECTION ( 'NONE',  ( -0.000000000000000000, -0.000000000000000000, -1.000000000000000000 ) ) ;
#8884 = CARTESIAN_POINT ( 'NONE',  ( -4.120000000000000107, -0.7672500000000000986, 1.899999999999999911 ) ) ;
#8885 = CARTESIAN_POINT ( 'NONE',  ( 0.9525000000000000133, -0.09225000000000076195, 0.8629237369103519573 ) ) ;
#8886 = CARTESIAN_POINT ( 'NONE',  ( -4.269999999999999574, -0.4997500000000010822, 2.660000000000000142 ) ) ;
#8887 = VERTEX_POINT ( 'NONE', #6205 ) ;
#8888 = COLOUR_RGB ( '',0.8313725490196077761, 0.8313725490196077761, 0.8313725490196077761 ) ;
#8889 = PRESENTATION_STYLE_ASSIGNMENT (( #6126 ) ) ;
#8890 = PRESENTATION_STYLE_ASSIGNMENT (( #3400 ) ) ;
#8891 = FILL_AREA_STYLE_COLOUR ( '', #5359 ) ;
#8892 =( GEOMETRIC_REPRESENTATION_CONTEXT ( 3 ) GLOBAL_UNCERTAINTY_ASSIGNED_CONTEXT ( ( #7621 ) ) GLOBAL_UNIT_ASSIGNED_CONTEXT ( ( #3442, #127, #2153 ) ) REPRESENTATION_CONTEXT ( 'NONE', 'WORKASPACE' ) );
#8893 = VERTEX_POINT ( 'NONE', #1511 ) ;
#8894 = FILL_AREA_STYLE_COLOUR ( '', #5678 ) ;
#8895 = VERTEX_POINT ( 'NONE', #6252 ) ;
#8896 = PRESENTATION_STYLE_ASSIGNMENT (( #5459 ) ) ;
#8897 = CARTESIAN_POINT ( 'NONE',  ( 4.019481422799554338, -0.04071043145249676060, -2.544459649094451770 ) ) ;
#8898 = ORIENTED_EDGE ( 'NONE', *, *, #8865, .F. ) ;
#8899 = ORIENTED_EDGE ( 'NONE', *, *, #7310, .T. ) ;
#8900 = AXIS2_PLACEMENT_3D ( 'NONE', #4831, #8253, #4878 ) ;
#8901 = PRESENTATION_STYLE_ASSIGNMENT (( #6245 ) ) ;
#8902 = PRESENTATION_LAYER_ASSIGNMENT (  '', '', ( #1312 ) ) ;
#8903 = ADVANCED_FACE ( 'NONE', ( #685 ), #1465, .T. ) ;
#8904 = ORIENTED_EDGE ( 'NONE', *, *, #2716, .T. ) ;
#8905 = AXIS2_PLACEMENT_3D ( 'NONE', #5185, #4641, #1242 ) ;
#8906 = NEXT_ASSEMBLY_USAGE_OCCURRENCE ( 'NAUO1', ' ', ' ', #7079, #8461, $ ) ;
#8907 = NEXT_ASSEMBLY_USAGE_OCCURRENCE ( 'NAUO2', ' ', ' ', #7079, #2321, $ ) ;
ENDSEC;
END-ISO-10303-21;
