ISO-10303-21;
HEADER;
FILE_DESCRIPTION (( 'STEP AP214' ),
    '1' );
FILE_NAME ('XAL1010-332MEB.STEP',
    '2023-03-23T08:07:00',
    ( '' ),
    ( '' ),
    'SwSTEP 2.0',
    'SolidWorks 2022',
    '' );
FILE_SCHEMA (( 'AUTOMOTIVE_DESIGN' ));
ENDSEC;

DATA;
#1 = CARTESIAN_POINT ( 'NONE',  ( -2.036602043599778700, 2.224999999999999645, 0.1499999999999999944 ) ) ;
#2 = DIRECTION ( 'NONE',  ( -0.000000000000000000, 0.000000000000000000, 1.000000000000000000 ) ) ;
#3 = ORIENTED_EDGE ( 'NONE', *, *, #2762, .T. ) ;
#4 = CARTESIAN_POINT ( 'NONE',  ( -0.3227665785924652697, -1.997269818943131492, 9.799999999999997158 ) ) ;
#5 = EDGE_CURVE ( 'NONE', #2338, #3381, #1952, .T. ) ;
#6 = CARTESIAN_POINT ( 'NONE',  ( -0.7989336555039526777, -3.479526797270429128, 9.800000000000002487 ) ) ;
#7 = CARTESIAN_POINT ( 'NONE',  ( 1.316055004898567304, -1.998536714119429014, 9.999999999999998224 ) ) ;
#8 = CARTESIAN_POINT ( 'NONE',  ( -0.3556832604355180671, -4.221365117875151896, 9.799999999999998934 ) ) ;
#9 = CARTESIAN_POINT ( 'NONE',  ( -0.7495517278657558569, -2.180633590307979208, 9.800000000000002487 ) ) ;
#10 = EDGE_CURVE ( 'NONE', #3256, #2472, #1298, .T. ) ;
#11 = CARTESIAN_POINT ( 'NONE',  ( -0.3556832604355180671, -4.221365117875151896, 10.00000000000000000 ) ) ;
#12 = EDGE_LOOP ( 'NONE', ( #1283, #1745, #3400, #1365 ) ) ;
#13 =( NAMED_UNIT ( * ) SI_UNIT ( $, .STERADIAN. ) SOLID_ANGLE_UNIT ( ) );
#14 = CARTESIAN_POINT ( 'NONE',  ( -0.2892326598421145478, -4.221958134964465259, 9.799999999999998934 ) ) ;
#15 = CARTESIAN_POINT ( 'NONE',  ( -0.6898298768980360984, 1.950613924250427234, 9.799999999999998934 ) ) ;
#16 = CARTESIAN_POINT ( 'NONE',  ( 0.9016530209798899742, -2.593710663828617591, 10.00000000000000178 ) ) ;
#17 = ORIENTED_EDGE ( 'NONE', *, *, #651, .F. ) ;
#18 = CARTESIAN_POINT ( 'NONE',  ( -0.9253406642307149266, -2.462953976103630094, 10.00000000000000355 ) ) ;
#19 = CARTESIAN_POINT ( 'NONE',  ( -0.7024405197702014991, -3.762456762840076685, 9.799999999999998934 ) ) ;
#20 = CARTESIAN_POINT ( 'NONE',  ( 0.1737426613748890569, -3.584496812715066483, 10.00000000000000178 ) ) ;
#21 = VECTOR ( 'NONE', #1965, 1000.000000000000000 ) ;
#22 = CARTESIAN_POINT ( 'NONE',  ( -0.3230005451759800361, -4.003942955171232221, 9.800000000000000711 ) ) ;
#23 = ADVANCED_FACE ( 'NONE', ( #1432 ), #1676, .F. ) ;
#24 = CARTESIAN_POINT ( 'NONE',  ( -0.7474035304417152581, -4.040656321414505037, 9.999999999999998224 ) ) ;
#25 = ORIENTED_EDGE ( 'NONE', *, *, #2025, .F. ) ;
#26 = CARTESIAN_POINT ( 'NONE',  ( -0.9642663144689737065, -2.590015453228931452, 9.799999999999998934 ) ) ;
#27 = CARTESIAN_POINT ( 'NONE',  ( 1.554566463659722508, -2.245153688860824559, 9.799999999999997158 ) ) ;
#28 = ORIENTED_EDGE ( 'NONE', *, *, #5, .T. ) ;
#29 = CARTESIAN_POINT ( 'NONE',  ( 0.1461248659625605240, -4.035001237682723563, 9.800000000000002487 ) ) ;
#30 = CARTESIAN_POINT ( 'NONE',  ( 1.835611161137442382, -2.643183502962270115, 10.00000000000000000 ) ) ;
#31 = CARTESIAN_POINT ( 'NONE',  ( 0.6856782954774544026, 1.864186103884450940, 9.799999999999998934 ) ) ;
#32 = CARTESIAN_POINT ( 'NONE',  ( 1.051505595073294108, 1.101864856195213571, 10.00000000000000000 ) ) ;
#33 = ORIENTED_EDGE ( 'NONE', *, *, #2365, .T. ) ;
#34 = PRESENTATION_LAYER_ASSIGNMENT (  '', '', ( #2354 ) ) ;
#35 = CARTESIAN_POINT ( 'NONE',  ( 0.4193144070846778204, -2.921918019933799737, 9.800000000000004263 ) ) ;
#36 = COLOUR_RGB ( '',0.2980392156862745057, 0.2980392156862745057, 0.2980392156862745057 ) ;
#37 = ADVANCED_FACE ( 'NONE', ( #123 ), #2509, .F. ) ;
#38 = STYLED_ITEM ( 'NONE', ( #3083 ), #1337 ) ;
#39 = CARTESIAN_POINT ( 'NONE',  ( 5.000000000000000888, 5.149999999999995026, 0.000000000000000000 ) ) ;
#40 = CARTESIAN_POINT ( 'NONE',  ( -0.9882753115854143733, 1.588094620404299384, 10.00000000000000000 ) ) ;
#41 = CARTESIAN_POINT ( 'NONE',  ( -1.013549440335827612, -3.076518890758639824, 9.799999999999998934 ) ) ;
#42 = FACE_BOUND ( 'NONE', #1329, .T. ) ;
#43 = AXIS2_PLACEMENT_3D ( 'NONE', #791, #1100, #2148 ) ;
#44 = EDGE_CURVE ( 'NONE', #2560, #1710, #663, .T. ) ;
#45 = ORIENTED_EDGE ( 'NONE', *, *, #1457, .F. ) ;
#46 = CARTESIAN_POINT ( 'NONE',  ( 4.500000000000001776, 5.149999999999998579, 10.00000000000000000 ) ) ;
#47 = LINE ( 'NONE', #2704, #3014 ) ;
#48 = CARTESIAN_POINT ( 'NONE',  ( -0.6898298768980360984, 1.950613924250427234, 10.00000000000000000 ) ) ;
#49 = CARTESIAN_POINT ( 'NONE',  ( -1.990670890144609073, -4.167929763646030850, 9.799999999999998934 ) ) ;
#50 = ORIENTED_EDGE ( 'NONE', *, *, #1507, .F. ) ;
#51 = CARTESIAN_POINT ( 'NONE',  ( -3.699999999999996625, -2.524999999999999911, -0.2999999999999999889 ) ) ;
#52 = UNCERTAINTY_MEASURE_WITH_UNIT (LENGTH_MEASURE( 1.000000000000000082E-05 ), #2425, 'distance_accuracy_value', 'NONE');
#53 = CARTESIAN_POINT ( 'NONE',  ( 1.882742853060698884, -3.048610416291031022, 9.999999999999992895 ) ) ;
#54 = LINE ( 'NONE', #2192, #1978 ) ;
#55 = CARTESIAN_POINT ( 'NONE',  ( -0.4392005086097742761, -2.235124059235769511, 9.799999999999997158 ) ) ;
#56 = CARTESIAN_POINT ( 'NONE',  ( 0.8858248363511176393, -2.702545148261415786, 9.799999999999998934 ) ) ;
#57 = ORIENTED_EDGE ( 'NONE', *, *, #44, .F. ) ;
#58 = FILL_AREA_STYLE ('',( #3005 ) ) ;
#59 = UNCERTAINTY_MEASURE_WITH_UNIT (LENGTH_MEASURE( 1.000000000000000082E-05 ), #3168, 'distance_accuracy_value', 'NONE');
#60 = CARTESIAN_POINT ( 'NONE',  ( 1.817675814810427504, -2.518289512752609038, 10.00000000000000178 ) ) ;
#61 = ORIENTED_EDGE ( 'NONE', *, *, #637, .T. ) ;
#62 = CARTESIAN_POINT ( 'NONE',  ( -0.7015443854795093692, -2.455985308452592886, 10.00000000000000355 ) ) ;
#63 = CARTESIAN_POINT ( 'NONE',  ( 0.9782897123772110737, -2.412757767408512777, 10.00000000000000355 ) ) ;
#64 = CARTESIAN_POINT ( 'NONE',  ( 1.982601851881343302, -2.387961702091710325, 9.799999999999998934 ) ) ;
#65 = CARTESIAN_POINT ( 'NONE',  ( 0.9016530209798899742, -2.593710663828617591, 9.800000000000000711 ) ) ;
#66 = CARTESIAN_POINT ( 'NONE',  ( 0.02621287130963759204, -2.359151246704780824, 9.799999999999998934 ) ) ;
#67 = ORIENTED_EDGE ( 'NONE', *, *, #2430, .F. ) ;
#68 = CARTESIAN_POINT ( 'NONE',  ( 2.025568426094707331, -2.626223032876800367, 9.799999999999998934 ) ) ;
#69 = CYLINDRICAL_SURFACE ( 'NONE', #2899, 0.2999999999999999889 ) ;
#70 = CARTESIAN_POINT ( 'NONE',  ( 0.4233381993223385154, -3.205883780457761123, 9.999999999999998224 ) ) ;
#71 = VECTOR ( 'NONE', #2768, 1000.000000000000000 ) ;
#72 = ORIENTED_EDGE ( 'NONE', *, *, #498, .T. ) ;
#73 = DIRECTION ( 'NONE',  ( -0.000000000000000000, 0.000000000000000000, -1.000000000000000000 ) ) ;
#74 = VERTEX_POINT ( 'NONE', #632 ) ;
#75 = VECTOR ( 'NONE', #1158, 1000.000000000000000 ) ;
#76 = CARTESIAN_POINT ( 'NONE',  ( 1.702912137326856978, -2.340335894371596392, 10.00000000000000178 ) ) ;
#77 = DIRECTION ( 'NONE',  ( 1.000000000000000000, 0.000000000000000000, 0.000000000000000000 ) ) ;
#78 = CARTESIAN_POINT ( 'NONE',  ( -0.2997120226232418694, -2.214083609799877284, 10.00000000000000000 ) ) ;
#79 = EDGE_CURVE ( 'NONE', #619, #3103, #415, .T. ) ;
#80 = LINE ( 'NONE', #1727, #530 ) ;
#81 = CARTESIAN_POINT ( 'NONE',  ( 2.036602043599778700, 2.224999999999999645, 0.000000000000000000 ) ) ;
#82 = CARTESIAN_POINT ( 'NONE',  ( -1.800713625187343903, -4.167929763646030850, 10.00000000000000000 ) ) ;
#83 = CARTESIAN_POINT ( 'NONE',  ( 1.982601851881343302, -2.387961702091710325, 10.00000000000000000 ) ) ;
#84 = VERTEX_POINT ( 'NONE', #3282 ) ;
#85 = ORIENTED_EDGE ( 'NONE', *, *, #3350, .T. ) ;
#86 = EDGE_CURVE ( 'NONE', #1393, #1875, #281, .T. ) ;
#87 = CARTESIAN_POINT ( 'NONE',  ( 0.3289635766537429840, -2.472862560035745894, 10.00000000000000355 ) ) ;
#88 = CARTESIAN_POINT ( 'NONE',  ( 0.1805483250849394816, -2.221630923471522578, 10.00000000000000000 ) ) ;
#89 = CARTESIAN_POINT ( 'NONE',  ( 0.4241100397203784733, -3.077933431633211647, 9.799999999999997158 ) ) ;
#90 = CIRCLE ( 'NONE', #1859, 0.4999999999999995559 ) ;
#91 = CARTESIAN_POINT ( 'NONE',  ( 0.4017195782060866693, -3.467346228537703468, 9.999999999999998224 ) ) ;
#92 = ORIENTED_EDGE ( 'NONE', *, *, #1878, .F. ) ;
#93 = CARTESIAN_POINT ( 'NONE',  ( 2.022514333600117897, -2.714148185863273000, 9.999999999999998224 ) ) ;
#94 =( LENGTH_UNIT ( ) NAMED_UNIT ( * ) SI_UNIT ( .MILLI., .METRE. ) );
#95 = CARTESIAN_POINT ( 'NONE',  ( 1.359853596620705041, -2.214516034073779061, 9.799999999999997158 ) ) ;
#96 = CARTESIAN_POINT ( 'NONE',  ( -0.2302739943266261802, -2.217766812325220105, 9.800000000000004263 ) ) ;
#97 = ADVANCED_FACE ( 'NONE', ( #2910 ), #1448, .T. ) ;
#98 = ORIENTED_EDGE ( 'NONE', *, *, #2723, .F. ) ;
#99 = EDGE_LOOP ( 'NONE', ( #1730, #823, #3406, #1454 ) ) ;
#100 = SURFACE_STYLE_USAGE ( .BOTH. , #3272 ) ;
#101 = CARTESIAN_POINT ( 'NONE',  ( -0.8146888045784564936, -3.960161704893302659, 9.799999999999993605 ) ) ;
#102 = EDGE_CURVE ( 'NONE', #2759, #1469, #3170, .T. ) ;
#103 = CARTESIAN_POINT ( 'NONE',  ( 0.4116746663990766830, -2.834368867219544619, 10.00000000000000000 ) ) ;
#104 = UNCERTAINTY_MEASURE_WITH_UNIT (LENGTH_MEASURE( 1.000000000000000082E-05 ), #1208, 'distance_accuracy_value', 'NONE');
#105 = CARTESIAN_POINT ( 'NONE',  ( -0.6785094380251416313, -2.420627681550072907, 9.799999999999995381 ) ) ;
#106 = CARTESIAN_POINT ( 'NONE',  ( -0.8237905482642674526, -3.109596430312697724, 9.799999999999998934 ) ) ;
#107 = CARTESIAN_POINT ( 'NONE',  ( 1.762603162564630122, -3.202276612859901395, 9.799999999999998934 ) ) ;
#108 = CARTESIAN_POINT ( 'NONE',  ( -0.3060721989052931913, -1.996989592705860295, 10.00000000000000000 ) ) ;
#109 =( NAMED_UNIT ( * ) PLANE_ANGLE_UNIT ( ) SI_UNIT ( $, .RADIAN. ) );
#110 = EDGE_CURVE ( 'NONE', #3381, #3185, #2757, .T. ) ;
#111 = CARTESIAN_POINT ( 'NONE',  ( 0.1454918553576565188, -2.550154765517937516, 10.00000000000000178 ) ) ;
#112 = PLANE ( 'NONE',  #816 ) ;
#113 = CARTESIAN_POINT ( 'NONE',  ( 1.038349134167281029, -2.342074669008869403, 9.799999999999993605 ) ) ;
#114 = ORIENTED_EDGE ( 'NONE', *, *, #3396, .F. ) ;
#115 = LINE ( 'NONE', #1175, #147 ) ;
#116 = CARTESIAN_POINT ( 'NONE',  ( -0.02016430938626530278, -2.063184871410467469, 10.00000000000000355 ) ) ;
#117 = EDGE_CURVE ( 'NONE', #1992, #1469, #3300, .T. ) ;
#118 =( NAMED_UNIT ( * ) SI_UNIT ( $, .STERADIAN. ) SOLID_ANGLE_UNIT ( ) );
#119 = CYLINDRICAL_SURFACE ( 'NONE', #3178, 0.2999999999999999889 ) ;
#120 = CARTESIAN_POINT ( 'NONE',  ( -0.5877754901772419549, -2.063165083553945678, 10.00000000000000000 ) ) ;
#121 = EDGE_CURVE ( 'NONE', #2276, #1196, #80, .T. ) ;
#122 = PRESENTATION_LAYER_ASSIGNMENT (  '', '', ( #2991 ) ) ;
#123 = FACE_OUTER_BOUND ( 'NONE', #386, .T. ) ;
#124 = CARTESIAN_POINT ( 'NONE',  ( 2.024544405224359522, -2.655703866167290261, 10.00000000000000000 ) ) ;
#125 = DIRECTION ( 'NONE',  ( 0.000000000000000000, 1.000000000000000000, -0.000000000000000000 ) ) ;
#126 = DIRECTION ( 'NONE',  ( 0.000000000000000000, 0.000000000000000000, -1.000000000000000000 ) ) ;
#127 = ORIENTED_EDGE ( 'NONE', *, *, #945, .F. ) ;
#128 = CARTESIAN_POINT ( 'NONE',  ( -0.2997120226232418694, -4.005109250825517719, 10.00000000000000000 ) ) ;
#129 = CARTESIAN_POINT ( 'NONE',  ( -0.4518010144721060772, -4.206361437841966477, 9.799999999999997158 ) ) ;
#130 = ORIENTED_EDGE ( 'NONE', *, *, #3076, .T. ) ;
#131 = CARTESIAN_POINT ( 'NONE',  ( 1.279619333273922299, -2.221305616933976879, 9.799999999999998934 ) ) ;
#132 = CARTESIAN_POINT ( 'NONE',  ( -0.7597753854868284362, -3.639325896423764028, 9.999999999999998224 ) ) ;
#133 = LINE ( 'NONE', #2318, #1703 ) ;
#134 = CARTESIAN_POINT ( 'NONE',  ( 1.247850479546193325, -2.008077647008190691, 9.799999999999998934 ) ) ;
#135 = EDGE_CURVE ( 'NONE', #3381, #1169, #863, .T. ) ;
#136 = CARTESIAN_POINT ( 'NONE',  ( -0.6785094380251416313, -2.420627681550072907, 9.999999999999996447 ) ) ;
#137 = ORIENTED_EDGE ( 'NONE', *, *, #182, .T. ) ;
#138 = VECTOR ( 'NONE', #156, 1000.000000000000000 ) ;
#139 = ORIENTED_EDGE ( 'NONE', *, *, #963, .F. ) ;
#140 =( GEOMETRIC_REPRESENTATION_CONTEXT ( 3 ) GLOBAL_UNCERTAINTY_ASSIGNED_CONTEXT ( ( #814 ) ) GLOBAL_UNIT_ASSIGNED_CONTEXT ( ( #2394, #1598, #2926 ) ) REPRESENTATION_CONTEXT ( 'NONE', 'WORKASPACE' ) );
#141 = CARTESIAN_POINT ( 'NONE',  ( 0.1030753714796710380, -2.463735189746113718, 10.00000000000000000 ) ) ;
#142 = COLOUR_RGB ( '',0.6431372549019607199, 0.6156862745098039547, 0.5999999999999999778 ) ;
#143 = VECTOR ( 'NONE', #1862, 1000.000000000000000 ) ;
#144 = CARTESIAN_POINT ( 'NONE',  ( 0.6144573149835962367, -4.167929763646030850, 9.799999999999998934 ) ) ;
#145 = CARTESIAN_POINT ( 'NONE',  ( 0.09882107299741001161, -3.765214444726385334, 10.00000000000000000 ) ) ;
#146 = EDGE_LOOP ( 'NONE', ( #922, #667, #3198, #611 ) ) ;
#147 = VECTOR ( 'NONE', #2235, 1000.000000000000000 ) ;
#148 = CARTESIAN_POINT ( 'NONE',  ( -1.800713625187343903, -2.051263096979364597, 9.799999999999998934 ) ) ;
#149 = ORIENTED_EDGE ( 'NONE', *, *, #2136, .F. ) ;
#150 = SURFACE_SIDE_STYLE ('',( #1531 ) ) ;
#151 = PLANE ( 'NONE',  #1918 ) ;
#152 = CARTESIAN_POINT ( 'NONE',  ( 1.386158703872485187, -1.996989592705860295, 9.999999999999996447 ) ) ;
#153 = CARTESIAN_POINT ( 'NONE',  ( -0.7226995692752929967, -2.494078513786440521, 9.799999999999998934 ) ) ;
#154 = VERTEX_POINT ( 'NONE', #785 ) ;
#155 = CARTESIAN_POINT ( 'NONE',  ( -1.013550475205011514, -3.144087561472404868, 10.00000000000000178 ) ) ;
#156 = DIRECTION ( 'NONE',  ( 1.000000000000000000, 0.000000000000000000, 0.000000000000000000 ) ) ;
#157 = LINE ( 'NONE', #700, #1843 ) ;
#158 = CARTESIAN_POINT ( 'NONE',  ( -0.7230391474317446887, -3.724143925090818819, 9.799999999999998934 ) ) ;
#159 = DIRECTION ( 'NONE',  ( -0.000000000000000000, -0.000000000000000000, -1.000000000000000000 ) ) ;
#160 = CARTESIAN_POINT ( 'NONE',  ( 1.594625966118433880, -2.263020470488988689, 9.999999999999994671 ) ) ;
#161 = ADVANCED_FACE ( 'NONE', ( #556 ), #2888, .T. ) ;
#162 = CARTESIAN_POINT ( 'NONE',  ( -3.999999999999995559, -4.424999999999999822, -0.1757359312880714675 ) ) ;
#163 = ORIENTED_EDGE ( 'NONE', *, *, #950, .T. ) ;
#164 = CARTESIAN_POINT ( 'NONE',  ( 0.8911381184387242582, -2.646942642127167122, 9.799999999999998934 ) ) ;
#165 = FILL_AREA_STYLE ('',( #1460 ) ) ;
#166 = FACE_OUTER_BOUND ( 'NONE', #305, .T. ) ;
#167 = CARTESIAN_POINT ( 'NONE',  ( -0.8149261279102300026, -3.346839889080820640, 9.799999999999997158 ) ) ;
#168 = CARTESIAN_POINT ( 'NONE',  ( -0.8237905482642674526, -3.109596430312697724, 10.00000000000000000 ) ) ;
#169 = CARTESIAN_POINT ( 'NONE',  ( 1.083837726552957959, 1.765312808739345041, 9.799999999999998934 ) ) ;
#170 = ORIENTED_EDGE ( 'NONE', *, *, #117, .T. ) ;
#171 = CARTESIAN_POINT ( 'NONE',  ( -0.2997120226232418694, -2.214083609799877284, 9.799999999999998934 ) ) ;
#172 = DIRECTION ( 'NONE',  ( -0.000000000000000000, -0.000000000000000000, 1.000000000000000000 ) ) ;
#173 = LINE ( 'NONE', #1729, #628 ) ;
#174 = CARTESIAN_POINT ( 'NONE',  ( 0.1060809383876364226, -2.146814384018456590, 9.999999999999998224 ) ) ;
#175 = PRESENTATION_LAYER_ASSIGNMENT (  '', '', ( #1687 ) ) ;
#176 = ORIENTED_EDGE ( 'NONE', *, *, #1373, .T. ) ;
#177 = EDGE_CURVE ( 'NONE', #1437, #614, #571, .T. ) ;
#178 = CARTESIAN_POINT ( 'NONE',  ( 1.835226688413508001, -2.628740942970970718, 9.799999999999998934 ) ) ;
#179 = LINE ( 'NONE', #465, #478 ) ;
#180 = CYLINDRICAL_SURFACE ( 'NONE', #2145, 0.4999999999999995559 ) ;
#181 = ORIENTED_EDGE ( 'NONE', *, *, #623, .T. ) ;
#182 = EDGE_CURVE ( 'NONE', #411, #2689, #2504, .T. ) ;
#183 = CARTESIAN_POINT ( 'NONE',  ( 0.000000000000000000, 0.000000000000000000, 9.799999999999995381 ) ) ;
#184 = DIRECTION ( 'NONE',  ( 3.942553354492743038E-16, 1.000000000000000000, -0.000000000000000000 ) ) ;
#185 = FACE_OUTER_BOUND ( 'NONE', #2615, .T. ) ;
#186 = DIRECTION ( 'NONE',  ( 0.000000000000000000, 1.000000000000000000, 0.000000000000000000 ) ) ;
#188 = CARTESIAN_POINT ( 'NONE',  ( 1.284581035956705586, -0.5337909945428578329, 10.00000000000000000 ) ) ;
#187 = B_SPLINE_CURVE_WITH_KNOTS ( 'NONE', 3,
 ( #2174, #2240, #857, #370, #1981, #3277, #2958, #645, #1657, #3294, #107, #330, #1429, #314, #1934 ),
 .UNSPECIFIED., .F., .F.,
 ( 4, 1, 1, 1, 1, 1, 1, 1, 1, 1, 1, 1, 4 ),
 ( 0.000000000000000000, 0.09870219630615208184, 0.1956723088106641917, 0.2924224265079543028, 0.3913425437998248047, 0.4444624406718920007, 0.5042287754493155472, 0.5703523379946781047, 0.6425457530977474185, 0.7222875053440183102, 0.8079211226827114345, 0.9004695379850143899, 1.000000000000000000 ),
 .UNSPECIFIED. ) ;
#189 = CARTESIAN_POINT ( 'NONE',  ( -1.990670890144609073, -4.167929763646030850, 9.799999999999998934 ) ) ;
#190 = ORIENTED_EDGE ( 'NONE', *, *, #86, .T. ) ;
#191 = CARTESIAN_POINT ( 'NONE',  ( -0.3696586821333142647, -4.001606302760275291, 10.00000000000000000 ) ) ;
#192 = EDGE_CURVE ( 'NONE', #2338, #810, #1354, .T. ) ;
#193 = DIRECTION ( 'NONE',  ( -1.000000000000000000, -0.000000000000000000, -0.000000000000000000 ) ) ;
#194 = CARTESIAN_POINT ( 'NONE',  ( -0.5986149613915230372, -3.887926464913024294, 10.00000000000000000 ) ) ;
#195 = CARTESIAN_POINT ( 'NONE',  ( -2.036602043599778700, 2.224999999999999645, 0.1499999999999999944 ) ) ;
#196 = PRESENTATION_LAYER_ASSIGNMENT (  '', '', ( #2247 ) ) ;
#197 = ORIENTED_EDGE ( 'NONE', *, *, #1762, .T. ) ;
#198 = CARTESIAN_POINT ( 'NONE',  ( 1.733967428779334963, -2.372480984149575978, 9.800000000000002487 ) ) ;
#199 = CARTESIAN_POINT ( 'NONE',  ( 0.6144573149835962367, -4.167929763646030850, 9.799999999999998934 ) ) ;
#200 = ORIENTED_EDGE ( 'NONE', *, *, #1525, .F. ) ;
#201 = VECTOR ( 'NONE', #1699, 1000.000000000000000 ) ;
#202 = CARTESIAN_POINT ( 'NONE',  ( -0.4519920210166168406, -2.012787721477758307, 9.799999999999998934 ) ) ;
#203 = CARTESIAN_POINT ( 'NONE',  ( -1.001756012748727054, -2.824505584833405525, 10.00000000000000178 ) ) ;
#204 = EDGE_CURVE ( 'NONE', #2417, #2124, #233, .T. ) ;
#205 = DIRECTION ( 'NONE',  ( -0.000000000000000000, -0.000000000000000000, -1.000000000000000000 ) ) ;
#206 =( LENGTH_UNIT ( ) NAMED_UNIT ( * ) SI_UNIT ( .MILLI., .METRE. ) );
#207 = CARTESIAN_POINT ( 'NONE',  ( 1.003957352633689570, -2.107839411944112840, 9.799999999999998934 ) ) ;
#208 = LINE ( 'NONE', #2606, #1178 ) ;
#209 = CARTESIAN_POINT ( 'NONE',  ( -0.1089375858283083698, 1.827023191801874225, 9.999999999999996447 ) ) ;
#210 =( NAMED_UNIT ( * ) SI_UNIT ( $, .STERADIAN. ) SOLID_ANGLE_UNIT ( ) );
#211 = CARTESIAN_POINT ( 'NONE',  ( 1.835611161137442382, -2.643183502962270115, 9.999999999999991118 ) ) ;
#212 = VERTEX_POINT ( 'NONE', #2900 ) ;
#213 = CARTESIAN_POINT ( 'NONE',  ( 0.2345427850690658678, -3.109596430312697724, 10.00000000000000000 ) ) ;
#214 = FACE_OUTER_BOUND ( 'NONE', #1975, .T. ) ;
#215 =( NAMED_UNIT ( * ) PLANE_ANGLE_UNIT ( ) SI_UNIT ( $, .RADIAN. ) );
#216 = CARTESIAN_POINT ( 'NONE',  ( 0.1607858711047825406, -3.622844622519445945, 9.799999999999998934 ) ) ;
#217 = CARTESIAN_POINT ( 'NONE',  ( 1.548016465803522479, -3.172477709600894702, 9.800000000000000711 ) ) ;
#218 = CARTESIAN_POINT ( 'NONE',  ( 1.766361581725339081, -2.898727743174039695, 9.999999999999996447 ) ) ;
#219 = EDGE_CURVE ( 'NONE', #2696, #462, #1297, .T. ) ;
#220 = CARTESIAN_POINT ( 'NONE',  ( 0.4116746663990766830, -2.834368867219544619, 9.799999999999998934 ) ) ;
#221 = CARTESIAN_POINT ( 'NONE',  ( 4.500000000000002665, -5.150000000000003020, 10.00000000000000000 ) ) ;
#222 = ORIENTED_EDGE ( 'NONE', *, *, #2632, .F. ) ;
#223 = CARTESIAN_POINT ( 'NONE',  ( 0.1030753714796710380, -2.463735189746113718, 10.00000000000000000 ) ) ;
#224 = ADVANCED_FACE ( 'NONE', ( #2607 ), #236, .T. ) ;
#225 = CARTESIAN_POINT ( 'NONE',  ( -0.7882252647761153197, -3.538049415124103980, 9.999999999999998224 ) ) ;
#226 = CARTESIAN_POINT ( 'NONE',  ( 0.06685086063463936690, -4.102627104478023590, 9.799999999999997158 ) ) ;
#227 = CARTESIAN_POINT ( 'NONE',  ( 4.000000000000004441, 4.424999999999999822, 0.000000000000000000 ) ) ;
#228 = FACE_OUTER_BOUND ( 'NONE', #2978, .T. ) ;
#229 = CARTESIAN_POINT ( 'NONE',  ( 1.835611161137442382, -2.643183502962270115, 10.00000000000000000 ) ) ;
#230 = ORIENTED_EDGE ( 'NONE', *, *, #3396, .T. ) ;
#231 = CARTESIAN_POINT ( 'NONE',  ( 0.2246464375639993238, -2.892277248329474748, 10.00000000000000178 ) ) ;
#232 = DIRECTION ( 'NONE',  ( -0.000000000000000000, -0.000000000000000000, -1.000000000000000000 ) ) ;
#233 = B_SPLINE_CURVE_WITH_KNOTS ( 'NONE', 3,
 ( #3143, #2644, #2368, #1570, #1325, #2333, #3180, #540, #295, #819, #2402, #488, #1550, #3389, #3127, #2920, #7, #762, #778 ),
 .UNSPECIFIED., .F., .F.,
 ( 4, 1, 1, 1, 1, 1, 1, 1, 1, 1, 1, 1, 1, 1, 1, 1, 4 ),
 ( 0.000000000000000000, 0.06879079439061823453, 0.1351032894311280375, 0.1989786743106514710, 0.2619042997808562756, 0.3234949693679693983, 0.3851953779660511890, 0.4469692387407744327, 0.5097647767031322497, 0.5722505688473684682, 0.6334051756611528416, 0.6932511629217525950, 0.7525831627856701678, 0.8125792661534213535, 0.8732750849201917909, 0.9355499428950291296, 1.000000000000000000 ),
 .UNSPECIFIED. ) ;
#234 = CARTESIAN_POINT ( 'NONE',  ( 0.2299984655052064730, -3.258809777270890606, 10.00000000000000178 ) ) ;
#235 = CARTESIAN_POINT ( 'NONE',  ( -3.000000000000001776, 2.857911485330247636, 9.799999999999998934 ) ) ;
#236 = CYLINDRICAL_SURFACE ( 'NONE', #2463, 0.2999999999999999334 ) ;
#237 = CARTESIAN_POINT ( 'NONE',  ( -0.3227661154582804892, -4.221921233903970005, 9.999999999999996447 ) ) ;
#238 = CARTESIAN_POINT ( 'NONE',  ( 0.2439509165164328863, 2.293072518111348046, 10.00000000000000000 ) ) ;
#239 = EDGE_CURVE ( 'NONE', #2639, #3103, #1841, .T. ) ;
#240 = CARTESIAN_POINT ( 'NONE',  ( -1.990670890144609073, -2.268357114073381364, 9.799999999999998934 ) ) ;
#241 = CARTESIAN_POINT ( 'NONE',  ( 0.2035919996189533010, -3.462597123027731705, 9.799999999999995381 ) ) ;
#242 = DIRECTION ( 'NONE',  ( 0.000000000000000000, 0.000000000000000000, 1.000000000000000000 ) ) ;
#243 = EDGE_LOOP ( 'NONE', ( #804, #149, #1202, #2036 ) ) ;
#244 = EDGE_CURVE ( 'NONE', #1496, #2952, #3375, .T. ) ;
#245 = VECTOR ( 'NONE', #259, 1000.000000000000000 ) ;
#246 = CARTESIAN_POINT ( 'NONE',  ( 1.644946418925362641, -2.042277749454637803, 9.800000000000002487 ) ) ;
#247 = AXIS2_PLACEMENT_3D ( 'NONE', #497, #1838, #965 ) ;
#248 = CARTESIAN_POINT ( 'NONE',  ( 0.8876253464538865767, -2.683703145826143110, 10.00000000000000178 ) ) ;
#249 = CARTESIAN_POINT ( 'NONE',  ( 0.8876253464538865767, -2.683703145826143110, 9.800000000000000711 ) ) ;
#250 = VERTEX_POINT ( 'NONE', #2153 ) ;
#251 = CARTESIAN_POINT ( 'NONE',  ( -3.999999999999997335, -2.224999999999999645, 0.000000000000000000 ) ) ;
#252 = CARTESIAN_POINT ( 'NONE',  ( 0.2299984655052064730, -3.258809777270890606, 10.00000000000000178 ) ) ;
#253 = FILL_AREA_STYLE_COLOUR ( '', #2020 ) ;
#254 = AXIS2_PLACEMENT_3D ( 'NONE', #3232, #2362, #2 ) ;
#255 = CARTESIAN_POINT ( 'NONE',  ( 0.9323318911954219246, -2.496633384905828201, 9.800000000000000711 ) ) ;
#256 = STYLED_ITEM ( 'NONE', ( #2419 ), #442 ) ;
#257 = CARTESIAN_POINT ( 'NONE',  ( -0.8894585820297233880, -3.834455045759912029, 9.800000000000000711 ) ) ;
#258 = CARTESIAN_POINT ( 'NONE',  ( -1.800713625187343903, -4.167929763646030850, 9.799999999999998934 ) ) ;
#259 = DIRECTION ( 'NONE',  ( -0.000000000000000000, -0.000000000000000000, 1.000000000000000000 ) ) ;
#260 = CARTESIAN_POINT ( 'NONE',  ( -0.2765827022775217414, -2.215310458735490595, 10.00000000000000000 ) ) ;
#261 = EDGE_LOOP ( 'NONE', ( #61, #1116, #2500, #190 ) ) ;
#262 = CARTESIAN_POINT ( 'NONE',  ( 3.700000000000004619, 4.125000000000000000, -0.2999999999999999889 ) ) ;
#263 = CARTESIAN_POINT ( 'NONE',  ( 4.000000000000004441, -4.424999999999999822, 0.000000000000000000 ) ) ;
#264 = CARTESIAN_POINT ( 'NONE',  ( 0.6856782954774544026, 1.864186103884450940, 10.00000000000000000 ) ) ;
#265 = ORIENTED_EDGE ( 'NONE', *, *, #3137, .T. ) ;
#266 = CARTESIAN_POINT ( 'NONE',  ( -0.6722360119769328346, -2.114861467870794876, 9.799999999999997158 ) ) ;
#267 = CARTESIAN_POINT ( 'NONE',  ( 4.000000000000004441, -4.424999999999999822, 0.000000000000000000 ) ) ;
#268 = CARTESIAN_POINT ( 'NONE',  ( 2.036602043599778700, -2.224999999999999645, 0.1499999999999999944 ) ) ;
#269 = EDGE_CURVE ( 'NONE', #3362, #2417, #873, .T. ) ;
#270 = CARTESIAN_POINT ( 'NONE',  ( 0.1904412105767175067, -3.525010223123530739, 9.799999999999998934 ) ) ;
#271 = DIRECTION ( 'NONE',  ( -0.000000000000000000, -0.000000000000000000, -1.000000000000000000 ) ) ;
#272 = B_SPLINE_CURVE_WITH_KNOTS ( 'NONE', 3,
 ( #1600, #2946, #1314, #1865, #1883, #844, #2636, #864, #264, #2928 ),
 .UNSPECIFIED., .F., .F.,
 ( 4, 1, 1, 1, 1, 1, 1, 4 ),
 ( 0.000000000000000000, 0.1998779620209042429, 0.3017891810263175767, 0.3883970634200896166, 0.5249017164445681782, 0.6896823911091853887, 0.7707437648934249985, 1.000000000000000000 ),
 .UNSPECIFIED. ) ;
#273 = CARTESIAN_POINT ( 'NONE',  ( -3.999999999999996447, 2.524999999999999911, -0.2999999999999999889 ) ) ;
#274 = CARTESIAN_POINT ( 'NONE',  ( 0.3881420910745377317, -3.544185836117633936, 9.799999999999998934 ) ) ;
#275 = ORIENTED_EDGE ( 'NONE', *, *, #1499, .F. ) ;
#276 = CARTESIAN_POINT ( 'NONE',  ( 0.1030753714796710380, -2.463735189746113718, 9.799999999999998934 ) ) ;
#277 = CARTESIAN_POINT ( 'NONE',  ( 1.760812848084423843, -2.406764310722956157, 9.799999999999997158 ) ) ;
#278 = CARTESIAN_POINT ( 'NONE',  ( -0.5431232486549818494, -4.177555757215163368, 10.00000000000000000 ) ) ;
#279 = ORIENTED_EDGE ( 'NONE', *, *, #2887, .T. ) ;
#280 = CARTESIAN_POINT ( 'NONE',  ( -1.362837468137350960, 0.5021083044679804930, 9.799999999999998934 ) ) ;
#281 = LINE ( 'NONE', #263, #3410 ) ;
#282 = CARTESIAN_POINT ( 'NONE',  ( 1.359853596620705041, -2.214516034073779061, 9.999999999999998224 ) ) ;
#283 = CARTESIAN_POINT ( 'NONE',  ( 1.386158703872485187, -1.996989592705860295, 9.799999999999998934 ) ) ;
#284 = EDGE_CURVE ( 'NONE', #345, #397, #2546, .T. ) ;
#285 = ORIENTED_EDGE ( 'NONE', *, *, #779, .T. ) ;
#286 = ORIENTED_EDGE ( 'NONE', *, *, #2951, .T. ) ;
#287 = CARTESIAN_POINT ( 'NONE',  ( 0.2069896033997711826, -2.764272874654053691, 9.799999999999998934 ) ) ;
#288 = UNCERTAINTY_MEASURE_WITH_UNIT (LENGTH_MEASURE( 1.000000000000000082E-05 ), #604, 'distance_accuracy_value', 'NONE');
#289 = CARTESIAN_POINT ( 'NONE',  ( 0.3713895788702548661, -2.602298794579765318, 9.799999999999998934 ) ) ;
#290 = CARTESIAN_POINT ( 'NONE',  ( 0.1828446715659403088, -3.995995532555364882, 9.999999999999996447 ) ) ;
#291 = CARTESIAN_POINT ( 'NONE',  ( 0.1737426613748890569, -3.584496812715066483, 9.800000000000000711 ) ) ;
#292 = EDGE_CURVE ( 'NONE', #708, #334, #935, .T. ) ;
#293 = VECTOR ( 'NONE', #2649, 1000.000000000000000 ) ;
#294 = CARTESIAN_POINT ( 'NONE',  ( -2.192076472409566268, -2.051263096979364597, 9.799999999999998934 ) ) ;
#295 = CARTESIAN_POINT ( 'NONE',  ( 0.8538062731261810701, -2.245714033022318645, 10.00000000000000000 ) ) ;
#296 = CARTESIAN_POINT ( 'NONE',  ( -1.013166408808082730, -3.209564996416256477, 9.999999999999998224 ) ) ;
#297 = CARTESIAN_POINT ( 'NONE',  ( -0.9882753115854143733, 1.588094620404299384, 9.799999999999998934 ) ) ;
#298 = ORIENTED_EDGE ( 'NONE', *, *, #1415, .T. ) ;
#299 = CARTESIAN_POINT ( 'NONE',  ( -0.4044534616366460278, -2.003602024567689099, 9.800000000000000711 ) ) ;
#300 = LINE ( 'NONE', #2408, #3342 ) ;
#301 = EDGE_LOOP ( 'NONE', ( #2893, #2095, #1004, #1558 ) ) ;
#302 = CARTESIAN_POINT ( 'NONE',  ( 0.1544045639152195615, -3.641731179244321215, 9.799999999999998934 ) ) ;
#303 = CARTESIAN_POINT ( 'NONE',  ( -1.362837468137350960, 0.5021083044679804930, 10.00000000000000000 ) ) ;
#304 = CARTESIAN_POINT ( 'NONE',  ( 0.1804048632347424463, -2.650339765513055834, 9.799999999999998934 ) ) ;
#305 = EDGE_LOOP ( 'NONE', ( #426, #114, #1815, #67 ) ) ;
#306 = CARTESIAN_POINT ( 'NONE',  ( 0.1544045639152195615, -3.641731179244321215, 10.00000000000000000 ) ) ;
#307 = FILL_AREA_STYLE ('',( #253 ) ) ;
#308 = AXIS2_PLACEMENT_3D ( 'NONE', #46, #2925, #558 ) ;
#309 = CARTESIAN_POINT ( 'NONE',  ( 1.807665709055789272, -3.147539065490772892, 9.999999999999994671 ) ) ;
#310 = CARTESIAN_POINT ( 'NONE',  ( 0.1461248659625605240, -4.035001237682723563, 10.00000000000000355 ) ) ;
#311 = CARTESIAN_POINT ( 'NONE',  ( 0.2345427850690658678, -3.109596430312697724, 9.799999999999998934 ) ) ;
#312 = CARTESIAN_POINT ( 'NONE',  ( -0.5053000682714148262, -3.953994277162558468, 9.800000000000000711 ) ) ;
#313 = CARTESIAN_POINT ( 'NONE',  ( -1.008847613524551656, -3.305023765623976928, 10.00000000000000178 ) ) ;
#314 = CARTESIAN_POINT ( 'NONE',  ( 1.617578750379813801, -3.363909613617038996, 9.799999999999997158 ) ) ;
#315 = ORIENTED_EDGE ( 'NONE', *, *, #1878, .T. ) ;
#316 = DIRECTION ( 'NONE',  ( 0.000000000000000000, -0.000000000000000000, -1.000000000000000000 ) ) ;
#317 = CARTESIAN_POINT ( 'NONE',  ( 1.827781692305676220, -2.558545376345968236, 9.799999999999998934 ) ) ;
#318 = ORIENTED_EDGE ( 'NONE', *, *, #2699, .T. ) ;
#319 =( NAMED_UNIT ( * ) PLANE_ANGLE_UNIT ( ) SI_UNIT ( $, .RADIAN. ) );
#320 = CARTESIAN_POINT ( 'NONE',  ( 4.000000000000004441, -4.424999999999999822, 0.000000000000000000 ) ) ;
#321 = CARTESIAN_POINT ( 'NONE',  ( 1.957088350238916918, -2.333757980182892933, 9.999999999999994671 ) ) ;
#322 = CARTESIAN_POINT ( 'NONE',  ( -1.990670890144609073, -4.167929763646030850, 9.799999999999998934 ) ) ;
#323 = DIRECTION ( 'NONE',  ( 1.000000000000000000, -0.000000000000000000, 0.000000000000000000 ) ) ;
#324 = CARTESIAN_POINT ( 'NONE',  ( 1.754063070635862420, -2.101896367018619483, 10.00000000000000178 ) ) ;
#325 = VERTEX_POINT ( 'NONE', #469 ) ;
#326 = DIRECTION ( 'NONE',  ( 0.000000000000000000, -0.000000000000000000, -1.000000000000000000 ) ) ;
#327 = CARTESIAN_POINT ( 'NONE',  ( 1.656681748455058001, -3.321996226111065820, 9.799999999999998934 ) ) ;
#328 = CARTESIAN_POINT ( 'NONE',  ( 0.3289635766537429840, -2.472862560035745894, 10.00000000000000178 ) ) ;
#329 = CARTESIAN_POINT ( 'NONE',  ( 0.4245000500263306775, -3.110444453816971322, 9.999999999999996447 ) ) ;
#330 = CARTESIAN_POINT ( 'NONE',  ( 1.712394520915618390, -3.260629965315130718, 9.800000000000000711 ) ) ;
#331 = ORIENTED_EDGE ( 'NONE', *, *, #637, .F. ) ;
#332 = CARTESIAN_POINT ( 'NONE',  ( 1.067725878017784291, -3.950835746552013639, 9.799999999999998934 ) ) ;
#333 = ADVANCED_FACE ( 'NONE', ( #399 ), #452, .F. ) ;
#334 = VERTEX_POINT ( 'NONE', #1993 ) ;
#335 = CARTESIAN_POINT ( 'NONE',  ( 1.392255790964513240, -2.214503982707228591, 10.00000000000000000 ) ) ;
#336 = CARTESIAN_POINT ( 'NONE',  ( -0.5867243362992018429, -4.156900910464788268, 10.00000000000000000 ) ) ;
#337 = PRESENTATION_STYLE_ASSIGNMENT (( #1897 ) ) ;
#338 = CARTESIAN_POINT ( 'NONE',  ( 0.3529113905398862938, -3.683092703055414585, 10.00000000000000178 ) ) ;
#339 = EDGE_CURVE ( 'NONE', #2022, #735, #710, .T. ) ;
#340 = CARTESIAN_POINT ( 'NONE',  ( 0.1641248088457136212, -2.598415161335084544, 10.00000000000000355 ) ) ;
#341 = DIRECTION ( 'NONE',  ( 0.000000000000000000, 0.000000000000000000, 1.000000000000000000 ) ) ;
#342 = CARTESIAN_POINT ( 'NONE',  ( 1.149204081755982099, -2.263385593495867543, 9.800000000000002487 ) ) ;
#343 = CARTESIAN_POINT ( 'NONE',  ( -0.2997120226232418694, -2.214083609799877284, 9.799999999999998934 ) ) ;
#344 = VERTEX_POINT ( 'NONE', #3053 ) ;
#345 = VERTEX_POINT ( 'NONE', #3019 ) ;
#346 = CARTESIAN_POINT ( 'NONE',  ( 0.05146752005814175107, -3.833414521256214957, 10.00000000000000000 ) ) ;
#347 = CARTESIAN_POINT ( 'NONE',  ( 1.945371966680825349, -2.950214324710316749, 9.999999999999994671 ) ) ;
#348 = CARTESIAN_POINT ( 'NONE',  ( 0.4245000500263306775, -3.110444453816971322, 10.00000000000000000 ) ) ;
#349 = VECTOR ( 'NONE', #193, 1000.000000000000000 ) ;
#350 = CARTESIAN_POINT ( 'NONE',  ( 0.1444518493279053906, -2.182351807532858068, 9.800000000000000711 ) ) ;
#351 = CARTESIAN_POINT ( 'NONE',  ( -1.001859997736775920, -3.394713450527476528, 9.799999999999998934 ) ) ;
#352 =( NAMED_UNIT ( * ) SI_UNIT ( $, .STERADIAN. ) SOLID_ANGLE_UNIT ( ) );
#353 = ORIENTED_EDGE ( 'NONE', *, *, #2457, .F. ) ;
#354 = EDGE_CURVE ( 'NONE', #2696, #212, #2537, .T. ) ;
#355 = CARTESIAN_POINT ( 'NONE',  ( 1.061069863639407806, 0.000000000000000000, 9.799999999999998934 ) ) ;
#356 = DIRECTION ( 'NONE',  ( -0.7981138389545330281, 0.6025066805183638685, -0.000000000000000000 ) ) ;
#357 = FILL_AREA_STYLE_COLOUR ( '', #3349 ) ;
#358 = LINE ( 'NONE', #1903, #3157 ) ;
#359 = CARTESIAN_POINT ( 'NONE',  ( 4.499999999999998224, -5.650000000000002132, 10.00000000000000000 ) ) ;
#360 = ORIENTED_EDGE ( 'NONE', *, *, #2242, .F. ) ;
#361 = CARTESIAN_POINT ( 'NONE',  ( -3.699999999999995737, -4.125000000000000000, -0.2999999999999999889 ) ) ;
#362 = CARTESIAN_POINT ( 'NONE',  ( 4.000000000000004441, 4.125000000000000000, -0.2999999999999999889 ) ) ;
#363 = CARTESIAN_POINT ( 'NONE',  ( -0.002948374677447292407, -3.890607166416476304, 9.799999999999997158 ) ) ;
#364 = DIRECTION ( 'NONE',  ( -0.000000000000000000, -0.000000000000000000, 1.000000000000000000 ) ) ;
#365 = CARTESIAN_POINT ( 'NONE',  ( 0.3876449551036682539, -2.674612707581547344, 9.999999999999998224 ) ) ;
#366 = EDGE_CURVE ( 'NONE', #1546, #2313, #1474, .T. ) ;
#367 = CARTESIAN_POINT ( 'NONE',  ( -0.1109157239215269736, -2.026123372321841476, 9.799999999999998934 ) ) ;
#368 = MECHANICAL_DESIGN_GEOMETRIC_PRESENTATION_REPRESENTATION (  '', ( #972 ), #808 ) ;
#369 = CARTESIAN_POINT ( 'NONE',  ( 0.2777390620621875694, -3.855966120751434190, 9.999999999999996447 ) ) ;
#370 = CARTESIAN_POINT ( 'NONE',  ( 2.005148972533157714, -2.800033364763973243, 9.800000000000002487 ) ) ;
#371 = CARTESIAN_POINT ( 'NONE',  ( -1.013549440335827612, -3.076518890758639824, 10.00000000000000000 ) ) ;
#372 = VECTOR ( 'NONE', #356, 1000.000000000000000 ) ;
#373 = CARTESIAN_POINT ( 'NONE',  ( 0.000000000000000000, 0.000000000000000000, 0.000000000000000000 ) ) ;
#374 = PRESENTATION_LAYER_ASSIGNMENT (  '', '', ( #2086 ) ) ;
#375 = CARTESIAN_POINT ( 'NONE',  ( 1.847990324490368819, -3.096450390031287192, 10.00000000000000178 ) ) ;
#376 = CARTESIAN_POINT ( 'NONE',  ( 2.052705178231459371, -4.167929763646030850, 9.799999999999998934 ) ) ;
#377 = CARTESIAN_POINT ( 'NONE',  ( 1.061069863639407806, 0.000000000000000000, 10.00000000000000000 ) ) ;
#378 = VERTEX_POINT ( 'NONE', #2285 ) ;
#379 = CARTESIAN_POINT ( 'NONE',  ( -0.5431232486549818494, -4.177555757215163368, 9.799999999999998934 ) ) ;
#380 = EDGE_CURVE ( 'NONE', #462, #154, #2778, .T. ) ;
#381 = UNCERTAINTY_MEASURE_WITH_UNIT (LENGTH_MEASURE( 1.000000000000000082E-05 ), #493, 'distance_accuracy_value', 'NONE');
#382 = CARTESIAN_POINT ( 'NONE',  ( -0.6539151622276117015, -2.387727475902478247, 9.800000000000002487 ) ) ;
#383 = CARTESIAN_POINT ( 'NONE',  ( 0.1828446715659403088, -3.995995532555364882, 9.999999999999992895 ) ) ;
#384 = PRESENTATION_STYLE_ASSIGNMENT (( #3264 ) ) ;
#385 = CARTESIAN_POINT ( 'NONE',  ( -0.8237224841048721435, -3.081182669904295235, 9.799999999999998934 ) ) ;
#386 = EDGE_LOOP ( 'NONE', ( #3315, #2554, #929, #2305 ) ) ;
#387 = ORIENTED_EDGE ( 'NONE', *, *, #1969, .F. ) ;
#388 = CARTESIAN_POINT ( 'NONE',  ( -3.000000000000001776, 3.142088514669752364, 10.00000000000000000 ) ) ;
#389 = CARTESIAN_POINT ( 'NONE',  ( -0.7875715424813783949, -2.680222859903251820, 10.00000000000000355 ) ) ;
#390 = CARTESIAN_POINT ( 'NONE',  ( 0.6144573149835962367, -4.167929763646030850, 10.00000000000000000 ) ) ;
#391 = CARTESIAN_POINT ( 'NONE',  ( -0.2294429257435405267, -4.002212414925865325, 9.799999999999998934 ) ) ;
#392 = EDGE_LOOP ( 'NONE', ( #331, #1950, #939, #139 ) ) ;
#393 = DIRECTION ( 'NONE',  ( 0.000000000000000000, -1.000000000000000000, 0.000000000000000000 ) ) ;
#394 = B_SPLINE_SURFACE_WITH_KNOTS ( 'NONE', 3, 1, ( 
 ( #2274, #720 ),
 ( #3340, #3095 ),
 ( #1268, #1796 ),
 ( #2341, #3325 ),
 ( #737, #2529 ),
 ( #2564, #1556 ),
 ( #3398, #3377 ),
 ( #1035, #225 ),
 ( #977, #959 ),
 ( #2037, #2089 ),
 ( #2824, #1234 ),
 ( #158, #1777 ),
 ( #3078, #1215 ),
 ( #2015, #440 ),
 ( #1522, #3062 ),
 ( #1016, #2056 ),
 ( #2787, #194 ),
 ( #3114, #3360 ),
 ( #1813, #2806 ),
 ( #424, #1288 ),
 ( #1000, #2857 ),
 ( #702, #2073 ),
 ( #1254, #1766 ) ),
 .UNSPECIFIED., .F., .F., .F.,
 ( 4, 1, 1, 1, 1, 1, 1, 1, 1, 1, 1, 1, 1, 1, 1, 1, 1, 1, 1, 1, 4 ),
 ( 2, 2 ),
 ( 0.000000000000000000, 0.07295106587586626390, 0.1415836941865451226, 0.2059264601708669651, 0.2653013571846051244, 0.3205972327139284261, 0.3718165030988100916, 0.4187897697094520311, 0.4616987286157646642, 0.5021335821035657343, 0.5408043152926482744, 0.5781805253279663770, 0.6142968652075146974, 0.6496782432647872918, 0.6842994600896377122, 0.7183589527723609480, 0.7520808646475969361, 0.8176524386023856783, 0.8797220764054372033, 0.9399655597309874988, 0.9999999999999998890 ),
 ( 0.000000000000000000, 1.000000000000000000 ),
 .UNSPECIFIED. ) ;
#395 = CARTESIAN_POINT ( 'NONE',  ( -0.2997120226232418694, -4.005109250825517719, 9.800000000000000711 ) ) ;
#396 = ADVANCED_FACE ( 'NONE', ( #1190 ), #1979, .F. ) ;
#397 = VERTEX_POINT ( 'NONE', #989 ) ;
#398 = CARTESIAN_POINT ( 'NONE',  ( 1.073048269714317327, -2.312053951612900615, 9.800000000000002487 ) ) ;
#399 = FACE_OUTER_BOUND ( 'NONE', #2800, .T. ) ;
#400 = FILL_AREA_STYLE_COLOUR ( '', #2182 ) ;
#401 = CARTESIAN_POINT ( 'NONE',  ( 0.8998932027631788566, -2.194830065886487880, 9.800000000000000711 ) ) ;
#402 = CARTESIAN_POINT ( 'NONE',  ( -0.7226995692752929967, -2.494078513786440521, 10.00000000000000000 ) ) ;
#403 = ORIENTED_EDGE ( 'NONE', *, *, #608, .F. ) ;
#404 = CARTESIAN_POINT ( 'NONE',  ( -1.013166408808082730, -3.209564996416256477, 10.00000000000000000 ) ) ;
#405 = COLOUR_RGB ( '',0.2980392156862745057, 0.2980392156862745057, 0.2980392156862745057 ) ;
#406 = VECTOR ( 'NONE', #1773, 1000.000000000000000 ) ;
#407 = CARTESIAN_POINT ( 'NONE',  ( -3.999999999999997335, -2.224999999999999645, 0.000000000000000000 ) ) ;
#408 = ADVANCED_FACE ( 'NONE', ( #672 ), #2114, .F. ) ;
#409 = DIRECTION ( 'NONE',  ( -0.000000000000000000, -0.000000000000000000, 1.000000000000000000 ) ) ;
#410 = CARTESIAN_POINT ( 'NONE',  ( -0.1610239162991056461, -3.983586511847169387, 10.00000000000000178 ) ) ;
#411 = VERTEX_POINT ( 'NONE', #813 ) ;
#412 = CARTESIAN_POINT ( 'NONE',  ( 1.392255790964513240, -2.214503982707228591, 9.799999999999998934 ) ) ;
#413 = CARTESIAN_POINT ( 'NONE',  ( -0.2294429257435405267, -4.002212414925865325, 9.799999999999998934 ) ) ;
#414 = VERTEX_POINT ( 'NONE', #1870 ) ;
#415 =( BOUNDED_CURVE ( )  B_SPLINE_CURVE ( 3, ( #3227, #1696, #1968, #677 ),
 .UNSPECIFIED., .F., .T. ) 
 B_SPLINE_CURVE_WITH_KNOTS ( ( 4, 4 ),
 ( 0.000000000000000000, 1.570796326794896558 ),
 .UNSPECIFIED. ) 
 CURVE ( )  GEOMETRIC_REPRESENTATION_ITEM ( )  RATIONAL_B_SPLINE_CURVE ( ( 1.000000000000000000, 0.8047378541243649375, 0.8047378541243649375, 1.000000000000000000 ) ) 
 REPRESENTATION_ITEM ( '' )  );
#416 = FILL_AREA_STYLE_COLOUR ( '', #3250 ) ;
#417 = CARTESIAN_POINT ( 'NONE',  ( 0.02426863679424133557, -4.130497438710488467, 9.999999999999996447 ) ) ;
#418 = DIRECTION ( 'NONE',  ( -1.000000000000000000, 0.000000000000000000, 0.000000000000000000 ) ) ;
#419 = VECTOR ( 'NONE', #2483, 1000.000000000000000 ) ;
#420 = CARTESIAN_POINT ( 'NONE',  ( 1.386158703872485187, -1.996989592705860295, 9.799999999999998934 ) ) ;
#421 = DIRECTION ( 'NONE',  ( -0.000000000000000000, 0.000000000000000000, -1.000000000000000000 ) ) ;
#422 = CARTESIAN_POINT ( 'NONE',  ( 1.061069863639407584, -5.672754441441019433E-17, 9.999999999999996447 ) ) ;
#423 = VECTOR ( 'NONE', #2575, 1000.000000000000000 ) ;
#424 = CARTESIAN_POINT ( 'NONE',  ( -0.4384010310602227678, -3.983232150536924809, 9.799999999999998934 ) ) ;
#425 = CARTESIAN_POINT ( 'NONE',  ( -0.3060721989052931913, -1.996989592705860295, 9.799999999999998934 ) ) ;
#426 = ORIENTED_EDGE ( 'NONE', *, *, #1305, .F. ) ;
#427 = CARTESIAN_POINT ( 'NONE',  ( -1.990670890144609073, -2.268357114073381364, 10.00000000000000000 ) ) ;
#428 = CARTESIAN_POINT ( 'NONE',  ( -0.6705317812659254972, -4.106022599607314305, 9.799999999999998934 ) ) ;
#429 = ORIENTED_EDGE ( 'NONE', *, *, #759, .T. ) ;
#430 = CARTESIAN_POINT ( 'NONE',  ( 0.9149415452882229127, -2.543534956610744580, 9.999999999999992895 ) ) ;
#431 = CARTESIAN_POINT ( 'NONE',  ( 0.1076193216389803309, -4.070785405965193782, 9.999999999999992895 ) ) ;
#432 = CARTESIAN_POINT ( 'NONE',  ( 1.247850479546193325, -2.008077647008190691, 9.999999999999996447 ) ) ;
#433 = CARTESIAN_POINT ( 'NONE',  ( -0.7230391474317446887, -3.724143925090818819, 9.799999999999998934 ) ) ;
#434 = DIRECTION ( 'NONE',  ( 1.000000000000000000, 0.000000000000000000, 0.000000000000000000 ) ) ;
#435 = ORIENTED_EDGE ( 'NONE', *, *, #110, .F. ) ;
#436 = EDGE_CURVE ( 'NONE', #3270, #2022, #2133, .T. ) ;
#437 = ORIENTED_EDGE ( 'NONE', *, *, #3076, .F. ) ;
#438 = CARTESIAN_POINT ( 'NONE',  ( -3.999999999999995559, -4.424999999999999822, 0.000000000000000000 ) ) ;
#439 = ORIENTED_EDGE ( 'NONE', *, *, #1490, .F. ) ;
#440 = CARTESIAN_POINT ( 'NONE',  ( -0.6793875096738759556, -3.797855659332998624, 10.00000000000000000 ) ) ;
#441 = DIRECTION ( 'NONE',  ( 0.000000000000000000, -1.000000000000000000, 0.000000000000000000 ) ) ;
#442 = ADVANCED_FACE ( 'NONE', ( #1617, #567 ), #3214, .T. ) ;
#443 = CARTESIAN_POINT ( 'NONE',  ( 0.2463046328390160744, -2.310970554364207175, 9.799999999999995381 ) ) ;
#444 = ORIENTED_EDGE ( 'NONE', *, *, #2103, .T. ) ;
#445 = CARTESIAN_POINT ( 'NONE',  ( 1.817675814810427504, -2.518289512752609038, 9.800000000000000711 ) ) ;
#446 = B_SPLINE_CURVE_WITH_KNOTS ( 'NONE', 3,
 ( #3397, #2924, #2679, #317, #2660, #1877, #1094, #277, #555, #1895, #2942, #2157, #2389, #27, #3201, #837, #1342, #2141, #822 ),
 .UNSPECIFIED., .F., .F.,
 ( 4, 1, 1, 1, 1, 1, 1, 1, 1, 1, 1, 1, 1, 1, 1, 1, 4 ),
 ( 0.000000000000000000, 0.06196540068706239690, 0.1221219056382957385, 0.1809884968498415569, 0.2399332164519027699, 0.2999058311065240789, 0.3599888474769867841, 0.4217757417416456711, 0.4865758264211264561, 0.5515348046197409149, 0.6150175427599793299, 0.6772586166616565428, 0.7397299623627131560, 0.8030501026629508488, 0.8664951320156979442, 0.9319734741771485975, 0.9999999999999998890 ),
 .UNSPECIFIED. ) ;
#447 = CARTESIAN_POINT ( 'NONE',  ( 1.926479437090761859, -2.281609793107618245, 9.799999999999997158 ) ) ;
#448 = CARTESIAN_POINT ( 'NONE',  ( -0.9641098550105948739, -3.629304786564951257, 9.799999999999998934 ) ) ;
#449 = ORIENTED_EDGE ( 'NONE', *, *, #3261, .T. ) ;
#450 = CARTESIAN_POINT ( 'NONE',  ( 1.109976778933410291, -2.285575362896838492, 9.999999999999991118 ) ) ;
#451 = B_SPLINE_SURFACE_WITH_KNOTS ( 'NONE', 3, 1, ( 
 ( #171, #1232 ),
 ( #975, #3077 ),
 ( #3376, #3113 ),
 ( #1015, #1267 ),
 ( #2071, #2324 ),
 ( #1194, #2542 ),
 ( #3074, #1168 ),
 ( #3310, #1997 ),
 ( #909, #3321 ),
 ( #1709, #136 ),
 ( #2766, #2524 ),
 ( #153, #402 ),
 ( #1480, #2819 ),
 ( #3022, #1463 ),
 ( #2782, #1760 ),
 ( #2031, #647 ),
 ( #456, #3057 ),
 ( #1495, #2751 ),
 ( #954, #1967 ),
 ( #2559, #2507 ),
 ( #2243, #2257 ),
 ( #385, #714 ),
 ( #2227, #168 ) ),
 .UNSPECIFIED., .F., .F., .F.,
 ( 4, 1, 1, 1, 1, 1, 1, 1, 1, 1, 1, 1, 1, 1, 1, 1, 1, 1, 1, 1, 4 ),
 ( 2, 2 ),
 ( 0.000000000000000000, 0.06038661931106220626, 0.1208832485859960976, 0.1827546186251396698, 0.2478110297583509536, 0.2812991000432487620, 0.3150876241506568864, 0.3497023955502750470, 0.3848565811185555297, 0.4209661972261025120, 0.4585111882611391243, 0.4971747221273122852, 0.5376020478662693058, 0.5805030184200115073, 0.6274675400267044623, 0.6783882095592431716, 0.7339832205925601594, 0.7937467045508348473, 0.8577136721607322434, 0.9266978643613856814, 1.000000000000000000 ),
 ( 0.000000000000000000, 1.000000000000000000 ),
 .UNSPECIFIED. ) ;
#452 = PLANE ( 'NONE',  #641 ) ;
#453 = FILL_AREA_STYLE_COLOUR ( '', #1845 ) ;
#454 = CARTESIAN_POINT ( 'NONE',  ( -0.3060721989052931913, -1.996989592705860295, 10.00000000000000000 ) ) ;
#455 = CARTESIAN_POINT ( 'NONE',  ( 2.999999999999998224, 3.142088514669751920, 9.799999999999998934 ) ) ;
#456 = CARTESIAN_POINT ( 'NONE',  ( -0.7993565698443624301, -2.738559337318617004, 9.799999999999998934 ) ) ;
#457 = CARTESIAN_POINT ( 'NONE',  ( 0.6856782954774544026, 1.864186103884450940, 9.999999999999996447 ) ) ;
#458 = VECTOR ( 'NONE', #3125, 1000.000000000000000 ) ;
#459 = ADVANCED_FACE ( 'NONE', ( #1548 ), #774, .T. ) ;
#460 = CARTESIAN_POINT ( 'NONE',  ( 0.07616725104164456805, -3.800818280393386761, 9.999999999999998224 ) ) ;
#461 = VECTOR ( 'NONE', #2901, 1000.000000000000000 ) ;
#462 = VERTEX_POINT ( 'NONE', #709 ) ;
#463 = CARTESIAN_POINT ( 'NONE',  ( 1.803194634943342090, -2.479386014524203485, 9.999999999999989342 ) ) ;
#464 = EDGE_CURVE ( 'NONE', #614, #1496, #2429, .T. ) ;
#465 = CARTESIAN_POINT ( 'NONE',  ( 1.376406433573339694, -2.214083609799877284, 9.799999999999998934 ) ) ;
#466 =( NAMED_UNIT ( * ) SI_UNIT ( $, .STERADIAN. ) SOLID_ANGLE_UNIT ( ) );
#467 = ORIENTED_EDGE ( 'NONE', *, *, #1618, .F. ) ;
#468 = CARTESIAN_POINT ( 'NONE',  ( 1.234089363057109479, -2.231553815650218375, 9.799999999999998934 ) ) ;
#469 = CARTESIAN_POINT ( 'NONE',  ( 2.036602043599778700, -2.225000000000000089, 0.000000000000000000 ) ) ;
#470 = CARTESIAN_POINT ( 'NONE',  ( -1.008877291195265258, -2.914591092940011841, 9.800000000000000711 ) ) ;
#471 = CARTESIAN_POINT ( 'NONE',  ( 2.036602043599778700, 2.224999999999999645, 0.1499999999999999944 ) ) ;
#472 = CARTESIAN_POINT ( 'NONE',  ( -4.499999999999995559, 5.649999999999998579, 10.00000000000000000 ) ) ;
#473 = CARTESIAN_POINT ( 'NONE',  ( 0.7502527980340947256, -2.421475992440409453, 9.800000000000000711 ) ) ;
#474 = CARTESIAN_POINT ( 'NONE',  ( 1.834727508948766239, -2.666151254544937288, 9.800000000000000711 ) ) ;
#475 = CARTESIAN_POINT ( 'NONE',  ( -4.999999999999997335, -5.149999999999998579, 10.00000000000000000 ) ) ;
#476 = COLOUR_RGB ( '',0.2980392156862745057, 0.2980392156862745057, 0.2980392156862745057 ) ;
#477 = CARTESIAN_POINT ( 'NONE',  ( 1.061069863639407584, -5.672754441441019433E-17, 9.799999999999998934 ) ) ;
#478 = VECTOR ( 'NONE', #1258, 1000.000000000000000 ) ;
#479 = CARTESIAN_POINT ( 'NONE',  ( 1.512689441684193836, -2.231138101184943157, 9.999999999999992895 ) ) ;
#480 = CYLINDRICAL_SURFACE ( 'NONE', #43, 0.4999999999999995559 ) ;
#481 = EDGE_CURVE ( 'NONE', #2124, #3163, #3165, .T. ) ;
#482 = EDGE_LOOP ( 'NONE', ( #3043, #1596, #1714, #3065 ) ) ;
#483 = VECTOR ( 'NONE', #2891, 1000.000000000000114 ) ;
#484 = FACE_OUTER_BOUND ( 'NONE', #766, .T. ) ;
#485 = DIRECTION ( 'NONE',  ( 0.6837766319733926679, 0.7296913851534245765, 0.000000000000000000 ) ) ;
#486 = DIRECTION ( 'NONE',  ( -0.000000000000000000, 0.000000000000000000, 1.000000000000000000 ) ) ;
#487 = CARTESIAN_POINT ( 'NONE',  ( 1.710916413596494490, -2.980669996297828916, 9.999999999999994671 ) ) ;
#488 = CARTESIAN_POINT ( 'NONE',  ( 1.003957352633689570, -2.107839411944112840, 10.00000000000000000 ) ) ;
#489 = CARTESIAN_POINT ( 'NONE',  ( 2.024544405224359522, -2.655703866167290261, 9.999999999999994671 ) ) ;
#490 = CARTESIAN_POINT ( 'NONE',  ( -0.4518010144721060772, -4.206361437841966477, 9.999999999999996447 ) ) ;
#491 = DIRECTION ( 'NONE',  ( 1.000000000000000000, 0.000000000000000000, 0.000000000000000000 ) ) ;
#492 = ORIENTED_EDGE ( 'NONE', *, *, #2142, .T. ) ;
#493 =( LENGTH_UNIT ( ) NAMED_UNIT ( * ) SI_UNIT ( .MILLI., .METRE. ) );
#494 = LINE ( 'NONE', #1560, #568 ) ;
#495 = ORIENTED_EDGE ( 'NONE', *, *, #1244, .F. ) ;
#496 = CARTESIAN_POINT ( 'NONE',  ( 0.2246464375639993238, -2.892277248329474748, 9.800000000000000711 ) ) ;
#497 = CARTESIAN_POINT ( 'NONE',  ( 0.000000000000000000, 0.000000000000000000, -0.2999999999999999889 ) ) ;
#498 = EDGE_CURVE ( 'NONE', #1582, #2855, #1420, .T. ) ;
#499 = LINE ( 'NONE', #3140, #1229 ) ;
#500 = CARTESIAN_POINT ( 'NONE',  ( 0.2234985974720072599, -3.329631257067556582, 10.00000000000000000 ) ) ;
#501 = DIRECTION ( 'NONE',  ( 0.000000000000000000, -1.000000000000000000, -2.073978509125549370E-12 ) ) ;
#502 = CARTESIAN_POINT ( 'NONE',  ( 5.000000000000000888, 5.149999999999995026, 10.00000000000000000 ) ) ;
#503 =( LENGTH_UNIT ( ) NAMED_UNIT ( * ) SI_UNIT ( .MILLI., .METRE. ) );
#504 = CARTESIAN_POINT ( 'NONE',  ( 0.9376362967356962619, -0.8297189128159200289, 10.00000000000000000 ) ) ;
#505 = CARTESIAN_POINT ( 'NONE',  ( -0.8760997103400856023, -2.354699838731618922, 9.799999999999998934 ) ) ;
#506 = CARTESIAN_POINT ( 'NONE',  ( 0.1737426613748890569, -3.584496812715066483, 9.800000000000000711 ) ) ;
#507 = ORIENTED_EDGE ( 'NONE', *, *, #1053, .T. ) ;
#508 = CARTESIAN_POINT ( 'NONE',  ( -0.01924947163176374612, -4.155422005373599070, 9.799999999999997158 ) ) ;
#509 = ORIENTED_EDGE ( 'NONE', *, *, #3297, .T. ) ;
#510 = AXIS2_PLACEMENT_3D ( 'NONE', #1055, #744, #535 ) ;
#511 = CARTESIAN_POINT ( 'NONE',  ( 0.000000000000000000, 2.524999999999999911, 0.000000000000000000 ) ) ;
#512 = CARTESIAN_POINT ( 'NONE',  ( 2.024939529917602510, -2.605282649368129810, 9.999999999999989342 ) ) ;
#513 = CARTESIAN_POINT ( 'NONE',  ( -1.013166408808082730, -3.209564996416256477, 9.799999999999998934 ) ) ;
#514 = VECTOR ( 'NONE', #2544, 1000.000000000000000 ) ;
#515 = DIRECTION ( 'NONE',  ( 0.000000000000000000, -1.000000000000000000, 0.000000000000000000 ) ) ;
#516 = VERTEX_POINT ( 'NONE', #199 ) ;
#517 = CARTESIAN_POINT ( 'NONE',  ( -0.8473343346648757324, -2.306233051078514951, 9.799999999999997158 ) ) ;
#518 = CARTESIAN_POINT ( 'NONE',  ( 0.2345427850690658678, -3.109596430312697724, 10.00000000000000000 ) ) ;
#519 = VECTOR ( 'NONE', #2695, 1000.000000000000000 ) ;
#520 = B_SPLINE_CURVE_WITH_KNOTS ( 'NONE', 3,
 ( #229, #3136, #1292, #3405, #60, #1660, #2963, #2680, #2700, #76, #2196, #1379, #2427, #860, #1119, #3249, #1913, #335, #3202 ),
 .UNSPECIFIED., .F., .F.,
 ( 4, 1, 1, 1, 1, 1, 1, 1, 1, 1, 1, 1, 1, 1, 1, 1, 4 ),
 ( 0.000000000000000000, 0.06196540068706239690, 0.1221219056382957385, 0.1809884968498415569, 0.2399332164519027699, 0.2999058311065240789, 0.3599888474769867841, 0.4217757417416456711, 0.4865758264211264561, 0.5515348046197409149, 0.6150175427599793299, 0.6772586166616565428, 0.7397299623627131560, 0.8030501026629508488, 0.8664951320156979442, 0.9319734741771485975, 0.9999999999999998890 ),
 .UNSPECIFIED. ) ;
#521 = DIRECTION ( 'NONE',  ( 3.942553354492742545E-16, 1.000000000000000000, 0.000000000000000000 ) ) ;
#522 = CARTESIAN_POINT ( 'NONE',  ( -0.5583960313772964312, -3.920418420097515178, 9.799999999999998934 ) ) ;
#523 = SURFACE_STYLE_FILL_AREA ( #1266 ) ;
#524 = CARTESIAN_POINT ( 'NONE',  ( 1.284581035956705586, -0.5337909945428578329, 10.00000000000000000 ) ) ;
#525 = CARTESIAN_POINT ( 'NONE',  ( -0.04304540462646471582, -2.298493907522738855, 10.00000000000000178 ) ) ;
#526 = EDGE_CURVE ( 'NONE', #3382, #1344, #179, .T. ) ;
#527 = EDGE_LOOP ( 'NONE', ( #3366, #1832, #1077, #1063 ) ) ;
#528 =( NAMED_UNIT ( * ) PLANE_ANGLE_UNIT ( ) SI_UNIT ( $, .RADIAN. ) );
#529 = EDGE_CURVE ( 'NONE', #2290, #3049, #695, .T. ) ;
#530 = VECTOR ( 'NONE', #895, 1000.000000000000000 ) ;
#531 = CARTESIAN_POINT ( 'NONE',  ( 1.521535643948548344, -2.007769425600017144, 9.999999999999991118 ) ) ;
#532 = CARTESIAN_POINT ( 'NONE',  ( -4.499999999999993783, -5.650000000000002132, 10.00000000000000000 ) ) ;
#533 = CARTESIAN_POINT ( 'NONE',  ( 1.455330170094622178, -3.271058222152104733, 10.00000000000000000 ) ) ;
#534 = ORIENTED_EDGE ( 'NONE', *, *, #2430, .T. ) ;
#535 = DIRECTION ( 'NONE',  ( 0.9828853044966117114, -0.1842185609665942247, 0.000000000000000000 ) ) ;
#536 = CIRCLE ( 'NONE', #976, 0.4999999999999995559 ) ;
#537 = CARTESIAN_POINT ( 'NONE',  ( 0.1904412105767175067, -3.525010223123530739, 10.00000000000000000 ) ) ;
#538 = CARTESIAN_POINT ( 'NONE',  ( 1.832970775095242866, -2.711812010283048302, 9.800000000000002487 ) ) ;
#539 = DIRECTION ( 'NONE',  ( -0.000000000000000000, -0.000000000000000000, 1.000000000000000000 ) ) ;
#540 = CARTESIAN_POINT ( 'NONE',  ( 0.8131699921013970656, -2.300742037625913117, 10.00000000000000000 ) ) ;
#541 = CARTESIAN_POINT ( 'NONE',  ( -4.999999999999999112, 5.149999999999995026, 0.000000000000000000 ) ) ;
#542 = ORIENTED_EDGE ( 'NONE', *, *, #1244, .T. ) ;
#543 = CARTESIAN_POINT ( 'NONE',  ( -0.9462366671732577172, -2.523697500658175663, 9.799999999999998934 ) ) ;
#544 = EDGE_CURVE ( 'NONE', #414, #1992, #2110, .T. ) ;
#545 = ORIENTED_EDGE ( 'NONE', *, *, #1575, .T. ) ;
#546 = CYLINDRICAL_SURFACE ( 'NONE', #1597, 0.2999999999999999889 ) ;
#547 = CARTESIAN_POINT ( 'NONE',  ( 4.000000000000004441, 2.225000000000000089, 0.000000000000000000 ) ) ;
#548 = CARTESIAN_POINT ( 'NONE',  ( 0.8911381184387242582, -2.646942642127167122, 10.00000000000000000 ) ) ;
#549 = CARTESIAN_POINT ( 'NONE',  ( 1.794310037142361258, -2.845017437073540378, 10.00000000000000000 ) ) ;
#550 = ORIENTED_EDGE ( 'NONE', *, *, #1969, .T. ) ;
#551 = CARTESIAN_POINT ( 'NONE',  ( 0.1956455963816886023, -2.705338642427614460, 9.799999999999997158 ) ) ;
#552 = CARTESIAN_POINT ( 'NONE',  ( -0.2062672153172233902, -2.003510056106087678, 10.00000000000000355 ) ) ;
#553 = CARTESIAN_POINT ( 'NONE',  ( -1.001859997736775920, -3.394713450527476528, 9.999999999999998224 ) ) ;
#554 = CARTESIAN_POINT ( 'NONE',  ( -1.001756012748727054, -2.824505584833405525, 9.799999999999998934 ) ) ;
#555 = CARTESIAN_POINT ( 'NONE',  ( 1.733967428779334963, -2.372480984149575978, 9.800000000000002487 ) ) ;
#556 = FACE_OUTER_BOUND ( 'NONE', #2212, .T. ) ;
#557 = VERTEX_POINT ( 'NONE', #2129 ) ;
#558 = DIRECTION ( 'NONE',  ( -1.000000000000000000, 0.000000000000000000, 0.000000000000000000 ) ) ;
#559 = CARTESIAN_POINT ( 'NONE',  ( 4.000000000000004441, -2.225000000000000089, -0.1757359312880714397 ) ) ;
#560 = CARTESIAN_POINT ( 'NONE',  ( 1.926479437090761859, -2.281609793107618245, 9.799999999999997158 ) ) ;
#561 = FACE_OUTER_BOUND ( 'NONE', #1661, .T. ) ;
#562 = CARTESIAN_POINT ( 'NONE',  ( -0.9882753115854143733, 1.588094620404299384, 10.00000000000000000 ) ) ;
#563 = CARTESIAN_POINT ( 'NONE',  ( 0.07928268320192587149, -2.425473753649842745, 9.800000000000000711 ) ) ;
#564 = ORIENTED_EDGE ( 'NONE', *, *, #3034, .F. ) ;
#565 = EDGE_CURVE ( 'NONE', #614, #2437, #2434, .T. ) ;
#566 = CARTESIAN_POINT ( 'NONE',  ( 1.548016465803522479, -3.172477709600894702, 9.800000000000000711 ) ) ;
#567 = FACE_OUTER_BOUND ( 'NONE', #578, .T. ) ;
#568 = VECTOR ( 'NONE', #515, 1000.000000000000000 ) ;
#569 = CARTESIAN_POINT ( 'NONE',  ( 2.005148972533157714, -2.800033364763973243, 9.800000000000002487 ) ) ;
#570 = VECTOR ( 'NONE', #521, 1000.000000000000000 ) ;
#571 = B_SPLINE_CURVE_WITH_KNOTS ( 'NONE', 3,
 ( #3146, #2158, #506, #2391, #241, #2872, #1847, #838, #3203, #1577, #2596 ),
 .UNSPECIFIED., .F., .F.,
 ( 4, 1, 1, 1, 1, 1, 1, 1, 4 ),
 ( 0.000000000000000000, 0.1105883385953361497, 0.2245417540535957490, 0.3425034940501041625, 0.4643240984173584440, 0.5907560327017663537, 0.7222274753555146809, 0.8588428362087243695, 1.000000000000000000 ),
 .UNSPECIFIED. ) ;
#572 = CARTESIAN_POINT ( 'NONE',  ( 0.1805483250849394816, -2.221630923471522578, 9.799999999999998934 ) ) ;
#573 = CARTESIAN_POINT ( 'NONE',  ( -0.9641098550105948739, -3.629304786564951257, 9.999999999999998224 ) ) ;
#574 = CARTESIAN_POINT ( 'NONE',  ( -4.499999999999999112, 5.149999999999999467, 0.000000000000000000 ) ) ;
#575 = ORIENTED_EDGE ( 'NONE', *, *, #526, .F. ) ;
#576 = CARTESIAN_POINT ( 'NONE',  ( -4.499999999999993783, -5.650000000000002132, 0.000000000000000000 ) ) ;
#577 = DIRECTION ( 'NONE',  ( 0.000000000000000000, 1.000000000000000000, 0.000000000000000000 ) ) ;
#578 = EDGE_LOOP ( 'NONE', ( #275, #743, #92, #2424, #1623, #1451, #1562, #1896 ) ) ;
#579 = CARTESIAN_POINT ( 'NONE',  ( 1.597316556436587431, -3.385628080953723362, 10.00000000000000000 ) ) ;
#580 = CARTESIAN_POINT ( 'NONE',  ( 1.849305568203488015, -2.183825666505336383, 9.799999999999997158 ) ) ;
#581 = CARTESIAN_POINT ( 'NONE',  ( 0.5600629428249882524, 1.193974136678510822, 9.799999999999998934 ) ) ;
#582 = CARTESIAN_POINT ( 'NONE',  ( 1.640337229602079283, -3.068255408039140431, 10.00000000000000000 ) ) ;
#583 = CARTESIAN_POINT ( 'NONE',  ( 0.7788618326853349316, -2.359403951877308891, 9.799999999999998934 ) ) ;
#584 = VECTOR ( 'NONE', #1512, 1000.000000000000000 ) ;
#585 = CARTESIAN_POINT ( 'NONE',  ( 1.804186227638038043, -2.139524550753215681, 10.00000000000000178 ) ) ;
#586 = ORIENTED_EDGE ( 'NONE', *, *, #79, .F. ) ;
#587 = ORIENTED_EDGE ( 'NONE', *, *, #1946, .F. ) ;
#588 = DIRECTION ( 'NONE',  ( 1.684197549492046824E-16, -1.000000000000000000, 0.000000000000000000 ) ) ;
#589 = VECTOR ( 'NONE', #3323, 1000.000000000000000 ) ;
#590 = CARTESIAN_POINT ( 'NONE',  ( 1.978027511061144272, -2.883244622973531790, 9.999999999999992895 ) ) ;
#591 = EDGE_CURVE ( 'NONE', #1196, #1886, #2381, .T. ) ;
#592 = LINE ( 'NONE', #294, #2574 ) ;
#593 = MECHANICAL_DESIGN_GEOMETRIC_PRESENTATION_REPRESENTATION (  '', ( #2086 ), #1311 ) ;
#594 = CARTESIAN_POINT ( 'NONE',  ( -0.3231227140281200949, -2.215312151343692637, 9.799999999999998934 ) ) ;
#595 = EDGE_CURVE ( 'NONE', #2290, #2124, #3189, .T. ) ;
#596 = CARTESIAN_POINT ( 'NONE',  ( -0.7474035304417152581, -4.040656321414505037, 9.799999999999998934 ) ) ;
#597 = EDGE_LOOP ( 'NONE', ( #3132, #723, #2070, #2012, #2409, #932, #2248, #2219, #127, #3246, #2062, #1086 ) ) ;
#598 = PLANE ( 'NONE',  #851 ) ;
#599 = CARTESIAN_POINT ( 'NONE',  ( 0.2342100515805762007, -3.084155565027976831, 10.00000000000000000 ) ) ;
#600 = CARTESIAN_POINT ( 'NONE',  ( 1.038349134167281029, -2.342074669008869403, 9.999999999999994671 ) ) ;
#601 = CARTESIAN_POINT ( 'NONE',  ( -4.999999999999997335, -5.149999999999998579, 0.000000000000000000 ) ) ;
#602 = CARTESIAN_POINT ( 'NONE',  ( 1.849305568203488015, -2.183825666505336383, 9.999999999999998224 ) ) ;
#603 = ORIENTED_EDGE ( 'NONE', *, *, #2477, .F. ) ;
#604 =( LENGTH_UNIT ( ) NAMED_UNIT ( * ) SI_UNIT ( .MILLI., .METRE. ) );
#605 = CARTESIAN_POINT ( 'NONE',  ( 0.4241100397203784733, -3.077933431633211647, 9.799999999999997158 ) ) ;
#606 = FACE_OUTER_BOUND ( 'NONE', #392, .T. ) ;
#607 = CARTESIAN_POINT ( 'NONE',  ( 0.4011851340891126605, -2.751874817831447384, 9.999999999999998224 ) ) ;
#608 = EDGE_CURVE ( 'NONE', #344, #2742, #1612, .T. ) ;
#609 = CARTESIAN_POINT ( 'NONE',  ( 0.3031192730933538471, -2.415301039008065143, 9.799999999999997158 ) ) ;
#610 = CARTESIAN_POINT ( 'NONE',  ( -0.9240768112163135761, -3.757093460412612718, 10.00000000000000000 ) ) ;
#611 = ORIENTED_EDGE ( 'NONE', *, *, #1464, .T. ) ;
#612 = CARTESIAN_POINT ( 'NONE',  ( -1.008877291195265258, -2.914591092940011841, 10.00000000000000178 ) ) ;
#613 = ORIENTED_EDGE ( 'NONE', *, *, #380, .F. ) ;
#614 = VERTEX_POINT ( 'NONE', #1226 ) ;
#615 = CARTESIAN_POINT ( 'NONE',  ( 0.3881420910745377317, -3.544185836117633936, 10.00000000000000000 ) ) ;
#616 = CARTESIAN_POINT ( 'NONE',  ( -0.6539151622276117015, -2.387727475902478247, 10.00000000000000355 ) ) ;
#617 = CARTESIAN_POINT ( 'NONE',  ( 3.700000000000004619, -4.125000000000000000, -0.2999999999999999889 ) ) ;
#618 = CARTESIAN_POINT ( 'NONE',  ( 0.8998932027631788566, -2.194830065886487880, 9.800000000000000711 ) ) ;
#619 = VERTEX_POINT ( 'NONE', #3336 ) ;
#620 = EDGE_LOOP ( 'NONE', ( #3348, #1221, #429, #1351 ) ) ;
#621 = CARTESIAN_POINT ( 'NONE',  ( 4.000000000000004441, 2.225000000000000089, -0.1757359312880714675 ) ) ;
#622 = CARTESIAN_POINT ( 'NONE',  ( 0.1544045639152195615, -3.641731179244321215, 10.00000000000000000 ) ) ;
#623 = EDGE_CURVE ( 'NONE', #2327, #2437, #3330, .T. ) ;
#624 = CARTESIAN_POINT ( 'NONE',  ( -0.3060721989052931913, -4.222203267919535818, 9.799999999999998934 ) ) ;
#625 = MECHANICAL_DESIGN_GEOMETRIC_PRESENTATION_REPRESENTATION (  '', ( #2717 ), #2280 ) ;
#626 = CARTESIAN_POINT ( 'NONE',  ( -0.7748147170994328370, -2.627143516158633840, 9.799999999999995381 ) ) ;
#627 = CARTESIAN_POINT ( 'NONE',  ( -0.2557279038167836749, -4.221470406658925256, 9.999999999999996447 ) ) ;
#628 = VECTOR ( 'NONE', #441, 1000.000000000000000 ) ;
#629 = CARTESIAN_POINT ( 'NONE',  ( -0.4983788060260933572, -2.026219995478336866, 10.00000000000000000 ) ) ;
#630 = VERTEX_POINT ( 'NONE', #2541 ) ;
#631 = CARTESIAN_POINT ( 'NONE',  ( -0.8455159912492145047, -3.914990077387308531, 10.00000000000000178 ) ) ;
#632 = CARTESIAN_POINT ( 'NONE',  ( 0.4245000500263306775, -3.110444453816971322, 10.00000000000000000 ) ) ;
#633 = CARTESIAN_POINT ( 'NONE',  ( -0.7226995692752929967, -2.494078513786440521, 10.00000000000000000 ) ) ;
#634 = DIRECTION ( 'NONE',  ( 0.000000000000000000, 1.000000000000000000, 0.000000000000000000 ) ) ;
#635 = LINE ( 'NONE', #1400, #201 ) ;
#636 = CARTESIAN_POINT ( 'NONE',  ( 1.006379013495518393, -2.375498408791834937, 9.800000000000002487 ) ) ;
#637 = EDGE_CURVE ( 'NONE', #1875, #1579, #2051, .T. ) ;
#638 = ORIENTED_EDGE ( 'NONE', *, *, #339, .F. ) ;
#639 = CARTESIAN_POINT ( 'NONE',  ( 0.1489289418603121917, -3.656501542243802305, 9.799999999999998934 ) ) ;
#640 = CARTESIAN_POINT ( 'NONE',  ( -0.02016430938626530278, -2.063184871410467469, 9.800000000000000711 ) ) ;
#641 = AXIS2_PLACEMENT_3D ( 'NONE', #183, #2254, #3319 ) ;
#642 = CARTESIAN_POINT ( 'NONE',  ( 0.4116746663990766830, -2.834368867219544619, 9.799999999999998934 ) ) ;
#643 = VECTOR ( 'NONE', #271, 1000.000000000000000 ) ;
#644 = CARTESIAN_POINT ( 'NONE',  ( 0.1461248659625605240, -4.035001237682723563, 10.00000000000000000 ) ) ;
#645 = CARTESIAN_POINT ( 'NONE',  ( 1.882742853060698884, -3.048610416291031022, 9.799999999999997158 ) ) ;
#646 = CARTESIAN_POINT ( 'NONE',  ( -0.2997120226232418694, -4.005109250825517719, 10.00000000000000000 ) ) ;
#647 = CARTESIAN_POINT ( 'NONE',  ( -0.7875715424813783949, -2.680222859903251820, 10.00000000000000355 ) ) ;
#648 = CARTESIAN_POINT ( 'NONE',  ( -0.7474035304417152581, -4.040656321414505037, 10.00000000000000000 ) ) ;
#649 = ORIENTED_EDGE ( 'NONE', *, *, #910, .T. ) ;
#650 = LINE ( 'NONE', #320, #2029 ) ;
#651 = EDGE_CURVE ( 'NONE', #2952, #1828, #987, .T. ) ;
#652 = CARTESIAN_POINT ( 'NONE',  ( 2.052705178231459371, -3.950835746552013639, 9.799999999999998934 ) ) ;
#653 = CARTESIAN_POINT ( 'NONE',  ( 1.327346557954591111, -2.215365243948322682, 9.799999999999998934 ) ) ;
#654 = ORIENTED_EDGE ( 'NONE', *, *, #2492, .T. ) ;
#655 = LINE ( 'NONE', #1422, #3252 ) ;
#656 = EDGE_CURVE ( 'NONE', #2313, #2017, #1590, .T. ) ;
#657 = FACE_OUTER_BOUND ( 'NONE', #2842, .T. ) ;
#658 = UNCERTAINTY_MEASURE_WITH_UNIT (LENGTH_MEASURE( 1.000000000000000082E-05 ), #1272, 'distance_accuracy_value', 'NONE');
#659 = DIRECTION ( 'NONE',  ( 0.000000000000000000, 1.000000000000000000, 0.000000000000000000 ) ) ;
#660 = CARTESIAN_POINT ( 'NONE',  ( 0.06685086063463936690, -4.102627104478023590, 9.799999999999997158 ) ) ;
#661 = DIRECTION ( 'NONE',  ( 0.000000000000000000, -0.000000000000000000, 1.000000000000000000 ) ) ;
#662 = SURFACE_STYLE_USAGE ( .BOTH. , #1445 ) ;
#663 = LINE ( 'NONE', #2464, #3338 ) ;
#664 = DIRECTION ( 'NONE',  ( 1.000000000000000000, -0.000000000000000000, -0.000000000000000000 ) ) ;
#665 = LINE ( 'NONE', #652, #2964 ) ;
#666 = CARTESIAN_POINT ( 'NONE',  ( 0.05146752005814175107, -3.833414521256214957, 10.00000000000000000 ) ) ;
#667 = ORIENTED_EDGE ( 'NONE', *, *, #2282, .F. ) ;
#668 = CARTESIAN_POINT ( 'NONE',  ( -0.002948374677447292407, -3.890607166416476304, 9.999999999999998224 ) ) ;
#669 = DIRECTION ( 'NONE',  ( 1.612553081895653688E-13, -2.161093640279653725E-12, -1.000000000000000000 ) ) ;
#670 = ORIENTED_EDGE ( 'NONE', *, *, #1882, .F. ) ;
#671 = CARTESIAN_POINT ( 'NONE',  ( 1.006379013495518393, -2.375498408791834937, 9.800000000000002487 ) ) ;
#672 = FACE_OUTER_BOUND ( 'NONE', #2076, .T. ) ;
#673 = FILL_AREA_STYLE ('',( #400 ) ) ;
#674 = CARTESIAN_POINT ( 'NONE',  ( 1.362524922993617160, -1.997511167587306513, 9.999999999999994671 ) ) ;
#675 = CARTESIAN_POINT ( 'NONE',  ( 4.500000000000001776, 5.149999999999998579, 10.00000000000000000 ) ) ;
#676 = VECTOR ( 'NONE', #3278, 1000.000000000000000 ) ;
#677 = CARTESIAN_POINT ( 'NONE',  ( -3.699999999999996625, 2.524999999999999911, -0.2999999999999999889 ) ) ;
#678 = PRESENTATION_LAYER_ASSIGNMENT (  '', '', ( #1901 ) ) ;
#679 = DIRECTION ( 'NONE',  ( -1.000000000000000000, 0.000000000000000000, 0.000000000000000000 ) ) ;
#680 = PLANE ( 'NONE',  #1811 ) ;
#681 = PRODUCT_DEFINITION_FORMATION_WITH_SPECIFIED_SOURCE ( 'ANY', '', #3061, .NOT_KNOWN. ) ;
#682 = CARTESIAN_POINT ( 'NONE',  ( 0.4241059965164343804, -3.142813674333613694, 9.800000000000000711 ) ) ;
#683 = ORIENTED_EDGE ( 'NONE', *, *, #1818, .T. ) ;
#684 = DIRECTION ( 'NONE',  ( -0.000000000000000000, 0.000000000000000000, 1.000000000000000000 ) ) ;
#685 = CARTESIAN_POINT ( 'NONE',  ( -0.3556832604355180671, -4.221365117875151896, 9.799999999999998934 ) ) ;
#686 = ORIENTED_EDGE ( 'NONE', *, *, #2739, .T. ) ;
#687 = CARTESIAN_POINT ( 'NONE',  ( 0.9323318911954219246, -2.496633384905828201, 9.999999999999996447 ) ) ;
#688 = EDGE_CURVE ( 'NONE', #1437, #2327, #3158, .T. ) ;
#689 = CARTESIAN_POINT ( 'NONE',  ( -2.316311915785634667, -2.268357114073381364, 10.00000000000000000 ) ) ;
#690 = CARTESIAN_POINT ( 'NONE',  ( 0.3300303483877665700, -3.744920422457624465, 9.799999999999998934 ) ) ;
#691 = LINE ( 'NONE', #746, #3242 ) ;
#692 = PLANE ( 'NONE',  #2234 ) ;
#693 = CARTESIAN_POINT ( 'NONE',  ( -4.499999999999999112, 5.149999999999999467, 10.00000000000000000 ) ) ;
#694 = ORIENTED_EDGE ( 'NONE', *, *, #2882, .F. ) ;
#695 = B_SPLINE_CURVE_WITH_KNOTS ( 'NONE', 3,
 ( #2312, #2019, #1783, #706, #1506, #2551, #2295, #3346, #3067, #2811, #982, #447, #3082, #64, #2376, #1067, #1920, #2652, #2183 ),
 .UNSPECIFIED., .F., .F.,
 ( 4, 1, 1, 1, 1, 1, 1, 1, 1, 1, 1, 1, 1, 1, 1, 1, 4 ),
 ( 0.000000000000000000, 0.06947546024967010680, 0.1365167976177988629, 0.2007888236092607026, 0.2638296728558257587, 0.3257350229654196738, 0.3872906922152909437, 0.4495092187626025249, 0.5129678195454413503, 0.5762752154930608217, 0.6375801002639238657, 0.6979026059171018481, 0.7571720884269853569, 0.8165985284886554396, 0.8766531708928194666, 0.9372896424102399315, 1.000000000000000000 ),
 .UNSPECIFIED. ) ;
#696 = EDGE_CURVE ( 'NONE', #3417, #735, #592, .T. ) ;
#697 = PRESENTATION_LAYER_ASSIGNMENT (  '', '', ( #2197 ) ) ;
#698 = CARTESIAN_POINT ( 'NONE',  ( 1.051505595073294108, 1.101864856195213571, 9.799999999999998934 ) ) ;
#699 = B_SPLINE_SURFACE_WITH_KNOTS ( 'NONE', 3, 1, ( 
 ( #2289, #1105 ),
 ( #2167, #3091 ),
 ( #1906, #2098 ),
 ( #566, #731 ),
 ( #3412, #3354 ),
 ( #1654, #1808 ),
 ( #1265, #1549 ),
 ( #1791, #487 ),
 ( #1044, #2081 ),
 ( #2592, #218 ),
 ( #2304, #3213 ),
 ( #994, #2049 ),
 ( #2836, #2349 ),
 ( #474, #1279 ),
 ( #2852, #1568 ) ),
 .UNSPECIFIED., .F., .F., .F.,
 ( 4, 1, 1, 1, 1, 1, 1, 1, 1, 1, 1, 1, 4 ),
 ( 2, 2 ),
 ( 0.000000000000000000, 0.1108026438013185178, 0.2128292023477704464, 0.3061013098231109564, 0.3906473211160100267, 0.4669244693608514130, 0.5344810392840304569, 0.5935869409656724383, 0.6445570045087177791, 0.7362004526293727258, 0.8250240256188645649, 0.9119855848297582224, 0.9999999999999998890 ),
 ( 0.000000000000000000, 1.000000000000000000 ),
 .UNSPECIFIED. ) ;
#700 = CARTESIAN_POINT ( 'NONE',  ( -3.000000000000001776, 3.142088514669752364, 9.799999999999998934 ) ) ;
#701 = AXIS2_PLACEMENT_3D ( 'NONE', #2446, #923, #77 ) ;
#702 = CARTESIAN_POINT ( 'NONE',  ( -0.3230005451759800361, -4.003942955171232221, 9.800000000000000711 ) ) ;
#703 = CARTESIAN_POINT ( 'NONE',  ( 0.4115227616118682374, -3.385213234574572905, 9.800000000000002487 ) ) ;
#704 = ORIENTED_EDGE ( 'NONE', *, *, #908, .F. ) ;
#705 = LINE ( 'NONE', #981, #2253 ) ;
#706 = CARTESIAN_POINT ( 'NONE',  ( 1.521535643948548344, -2.007769425600017144, 9.800000000000000711 ) ) ;
#707 = FACE_OUTER_BOUND ( 'NONE', #1054, .T. ) ;
#708 = VERTEX_POINT ( 'NONE', #258 ) ;
#709 = CARTESIAN_POINT ( 'NONE',  ( 1.597316556436587431, -3.385628080953723362, 10.00000000000000000 ) ) ;
#710 = LINE ( 'NONE', #689, #2896 ) ;
#711 = DIRECTION ( 'NONE',  ( 0.000000000000000000, 0.000000000000000000, 1.000000000000000000 ) ) ;
#712 = CARTESIAN_POINT ( 'NONE',  ( 1.120038029462098628, -2.045307688255546985, 9.800000000000000711 ) ) ;
#713 = ADVANCED_FACE ( 'NONE', ( #1323 ), #786, .F. ) ;
#714 = CARTESIAN_POINT ( 'NONE',  ( -0.8237224841048721435, -3.081182669904295235, 10.00000000000000000 ) ) ;
#715 = ORIENTED_EDGE ( 'NONE', *, *, #1197, .T. ) ;
#716 = CARTESIAN_POINT ( 'NONE',  ( -0.9641098550105948739, -3.629304786564951257, 10.00000000000000000 ) ) ;
#717 = FILL_AREA_STYLE_COLOUR ( '', #2451 ) ;
#718 = CARTESIAN_POINT ( 'NONE',  ( 1.051505595073294108, 1.101864856195213571, 10.00000000000000000 ) ) ;
#719 = CARTESIAN_POINT ( 'NONE',  ( 2.052705178231459371, -3.950835746552013639, 9.799999999999998934 ) ) ;
#720 = CARTESIAN_POINT ( 'NONE',  ( -0.8237905482642674526, -3.109596430312697724, 10.00000000000000000 ) ) ;
#721 = CARTESIAN_POINT ( 'NONE',  ( 0.02542523362469980772, -3.863625926722479065, 9.800000000000000711 ) ) ;
#722 = CARTESIAN_POINT ( 'NONE',  ( 1.668796599158114180, -2.310895355817916386, 9.999999999999989342 ) ) ;
#723 = ORIENTED_EDGE ( 'NONE', *, *, #759, .F. ) ;
#724 = EDGE_CURVE ( 'NONE', #1718, #411, #2088, .T. ) ;
#725 = CARTESIAN_POINT ( 'NONE',  ( 0.9323318911954219246, -2.496633384905828201, 9.800000000000000711 ) ) ;
#726 = SURFACE_STYLE_USAGE ( .BOTH. , #1754 ) ;
#727 = B_SPLINE_SURFACE_WITH_KNOTS ( 'NONE', 3, 1, ( 
 ( #933, #1735 ),
 ( #3291, #2814 ),
 ( #3070, #986 ),
 ( #131, #1473 ),
 ( #468, #2252 ),
 ( #2267, #3085 ),
 ( #3307, #2520 ),
 ( #1719, #450 ),
 ( #398, #1455 ),
 ( #1241, #3033 ),
 ( #671, #1207 ),
 ( #949, #2555 ),
 ( #2004, #3050 ),
 ( #725, #687 ),
 ( #1510, #430 ),
 ( #1491, #2536 ),
 ( #164, #1785 ),
 ( #249, #3153 ),
 ( #2094, #771 ) ),
 .UNSPECIFIED., .F., .F., .F.,
 ( 4, 1, 1, 1, 1, 1, 1, 1, 1, 1, 1, 1, 1, 1, 1, 1, 4 ),
 ( 2, 2 ),
 ( 0.000000000000000000, 0.06443867159524246935, 0.1265469112716773592, 0.1868871534365702525, 0.2458775355894552428, 0.3040408846912663332, 0.3621912180726602482, 0.4209759327916439697, 0.4806602832796654790, 0.5406002749537572871, 0.6006890983494527214, 0.6619357897571954696, 0.7244425059139824041, 0.7890383938817433496, 0.8563137570509936625, 0.9263520282058630428, 0.9999999999999998890 ),
 ( 0.000000000000000000, 1.000000000000000000 ),
 .UNSPECIFIED. ) ;
#728 = CARTESIAN_POINT ( 'NONE',  ( -0.9642663144689737065, -2.590015453228931452, 9.799999999999998934 ) ) ;
#729 = CARTESIAN_POINT ( 'NONE',  ( 0.8131699921013970656, -2.300742037625913117, 9.999999999999996447 ) ) ;
#730 = CARTESIAN_POINT ( 'NONE',  ( -0.8237905482642674526, -3.109596430312697724, 9.799999999999998934 ) ) ;
#731 = CARTESIAN_POINT ( 'NONE',  ( 1.548016465803522479, -3.172477709600894702, 10.00000000000000000 ) ) ;
#732 = ORIENTED_EDGE ( 'NONE', *, *, #2797, .F. ) ;
#733 = CARTESIAN_POINT ( 'NONE',  ( -0.9916247756104701327, -3.478578160808441400, 9.999999999999998224 ) ) ;
#734 = CARTESIAN_POINT ( 'NONE',  ( -0.6793875096738759556, -3.797855659332998624, 10.00000000000000000 ) ) ;
#735 = VERTEX_POINT ( 'NONE', #3130 ) ;
#736 = CARTESIAN_POINT ( 'NONE',  ( 0.05388529391959448467, -2.390377882460725356, 9.999999999999998224 ) ) ;
#737 = CARTESIAN_POINT ( 'NONE',  ( -0.8149261279102300026, -3.346839889080820640, 9.799999999999997158 ) ) ;
#738 = CARTESIAN_POINT ( 'NONE',  ( -0.09460275296364231701, -3.955483504647704596, 9.799999999999998934 ) ) ;
#739 = DIRECTION ( 'NONE',  ( 1.000000000000000000, 0.000000000000000000, -0.000000000000000000 ) ) ;
#740 = CARTESIAN_POINT ( 'NONE',  ( -0.2061638944694342557, -4.215076955450559382, 10.00000000000000000 ) ) ;
#741 = EDGE_CURVE ( 'NONE', #2003, #2874, #90, .T. ) ;
#742 = DIRECTION ( 'NONE',  ( -1.000000000000000000, 0.000000000000000000, 0.000000000000000000 ) ) ;
#743 = ORIENTED_EDGE ( 'NONE', *, *, #2903, .F. ) ;
#744 = DIRECTION ( 'NONE',  ( -0.1842185609665942525, -0.9828853044966118224, 0.000000000000000000 ) ) ;
#745 =( LENGTH_UNIT ( ) NAMED_UNIT ( * ) SI_UNIT ( .MILLI., .METRE. ) );
#746 = CARTESIAN_POINT ( 'NONE',  ( 4.000000000000004441, 4.424999999999999822, 0.000000000000000000 ) ) ;
#747 = LINE ( 'NONE', #2067, #953 ) ;
#748 = CARTESIAN_POINT ( 'NONE',  ( 0.3289635766537429840, -2.472862560035745894, 9.800000000000000711 ) ) ;
#749 = FACE_OUTER_BOUND ( 'NONE', #2708, .T. ) ;
#750 = ORIENTED_EDGE ( 'NONE', *, *, #945, .T. ) ;
#751 = CARTESIAN_POINT ( 'NONE',  ( 0.3049867283206325053, -3.802343607237760104, 9.799999999999998934 ) ) ;
#752 = EDGE_CURVE ( 'NONE', #1835, #2022, #2356, .T. ) ;
#753 = CARTESIAN_POINT ( 'NONE',  ( 3.700000000000004619, -2.524999999999999911, -0.2999999999999999889 ) ) ;
#754 = MECHANICAL_DESIGN_GEOMETRIC_PRESENTATION_REPRESENTATION (  '', ( #38 ), #1370 ) ;
#755 = CARTESIAN_POINT ( 'NONE',  ( -4.499999999999998224, -5.150000000000002132, 10.00000000000000000 ) ) ;
#756 = EDGE_LOOP ( 'NONE', ( #437, #2633, #2755, #1675 ) ) ;
#757 = VECTOR ( 'NONE', #1218, 1000.000000000000000 ) ;
#758 = CARTESIAN_POINT ( 'NONE',  ( -0.7118013550756357999, -2.146216136456055690, 9.799999999999998934 ) ) ;
#759 = EDGE_CURVE ( 'NONE', #630, #3382, #446, .T. ) ;
#760 = LINE ( 'NONE', #1043, #2122 ) ;
#761 = CARTESIAN_POINT ( 'NONE',  ( 1.386158703872485187, -1.996989592705860295, 9.799999999999998934 ) ) ;
#762 = CARTESIAN_POINT ( 'NONE',  ( 1.362524922993617160, -1.997511167587306513, 9.999999999999998224 ) ) ;
#763 = CARTESIAN_POINT ( 'NONE',  ( -0.6292316497692757027, -4.133113164000943307, 9.799999999999998934 ) ) ;
#764 = CARTESIAN_POINT ( 'NONE',  ( -0.6715199749405529328, -0.9464630998175950216, 10.00000000000000000 ) ) ;
#765 = CARTESIAN_POINT ( 'NONE',  ( -0.2997120226232418694, -2.214083609799877284, 9.799999999999998934 ) ) ;
#766 = EDGE_LOOP ( 'NONE', ( #25, #2436, #2826, #2130 ) ) ;
#767 = APPLICATION_PROTOCOL_DEFINITION ( 'draft international standard', 'automotive_design', 1998, #2567 ) ;
#768 = ORIENTED_EDGE ( 'NONE', *, *, #741, .F. ) ;
#769 = CARTESIAN_POINT ( 'NONE',  ( 1.097849395517412674, 1.349128976444787797, 9.799999999999998934 ) ) ;
#770 = PRESENTATION_STYLE_ASSIGNMENT (( #2279 ) ) ;
#771 = CARTESIAN_POINT ( 'NONE',  ( 0.8858248363511176393, -2.702545148261415786, 9.999999999999994671 ) ) ;
#772 = ORIENTED_EDGE ( 'NONE', *, *, #182, .F. ) ;
#773 = CARTESIAN_POINT ( 'NONE',  ( -0.9017623346815267782, -2.406966508085465417, 10.00000000000000000 ) ) ;
#774 = PLANE ( 'NONE',  #247 ) ;
#775 = FILL_AREA_STYLE ('',( #453 ) ) ;
#776 = CARTESIAN_POINT ( 'NONE',  ( 0.1607858711047825406, -3.622844622519445945, 10.00000000000000000 ) ) ;
#777 = CARTESIAN_POINT ( 'NONE',  ( 1.710916413596494490, -2.980669996297828916, 9.799999999999995381 ) ) ;
#778 = CARTESIAN_POINT ( 'NONE',  ( 1.386158703872485187, -1.996989592705860295, 10.00000000000000000 ) ) ;
#779 = EDGE_CURVE ( 'NONE', #2159, #1521, #300, .T. ) ;
#780 = CARTESIAN_POINT ( 'NONE',  ( -0.7098486596090612943, -4.074985200763001636, 9.800000000000000711 ) ) ;
#781 = CARTESIAN_POINT ( 'NONE',  ( -1.362837468137350960, 0.5021083044679804930, 10.00000000000000000 ) ) ;
#782 = CARTESIAN_POINT ( 'NONE',  ( 0.02621287130963759204, -2.359151246704780824, 10.00000000000000000 ) ) ;
#783 = B_SPLINE_SURFACE_WITH_KNOTS ( 'NONE', 3, 1, ( 
 ( #3221, #329 ),
 ( #1076, #1392 ),
 ( #3196, #70 ),
 ( #833, #2937 ),
 ( #874, #1933 ),
 ( #2459, #91 ),
 ( #274, #1154 ),
 ( #3262, #1209 ),
 ( #1948, #1757 ),
 ( #690, #2209 ),
 ( #920, #3020 ),
 ( #889, #369 ),
 ( #1980, #2505 ),
 ( #1459, #1722 ),
 ( #1191, #383 ),
 ( #3054, #644 ),
 ( #2239, #431 ),
 ( #660, #951 ),
 ( #1493, #417 ),
 ( #2538, #2007 ),
 ( #2748, #1428 ),
 ( #2764, #2988 ),
 ( #1707, #1994 ),
 ( #1165, #2493 ),
 ( #3036, #627 ),
 ( #2255, #3309 ),
 ( #2478, #936 ) ),
 .UNSPECIFIED., .F., .F., .F.,
 ( 4, 1, 1, 1, 1, 1, 1, 1, 1, 1, 1, 1, 1, 1, 1, 1, 1, 1, 1, 1, 1, 1, 1, 1, 4 ),
 ( 2, 2 ),
 ( 0.000000000000000000, 0.06506328961727907145, 0.1267731664665227298, 0.1855157632260789891, 0.2407646791677148790, 0.2929797960235979160, 0.3422503727797673867, 0.3889192861856601291, 0.4327756640583101388, 0.4746284326311177026, 0.5147746906379534471, 0.5536058934984424695, 0.5914264064311731683, 0.6280281199460672203, 0.6638036341103205062, 0.6989843361316636638, 0.7335914893067052578, 0.7676284691511395808, 0.8012083477865921122, 0.8342638397266231021, 0.8669806947287763688, 0.8997197415181604763, 0.9327019124985381771, 0.9661758834327495160, 1.000000000000000000 ),
 ( 0.000000000000000000, 1.000000000000000000 ),
 .UNSPECIFIED. ) ;
#784 = CARTESIAN_POINT ( 'NONE',  ( -1.800713625187343903, -2.051263096979364597, 9.799999999999998934 ) ) ;
#785 = CARTESIAN_POINT ( 'NONE',  ( 1.067725878017784291, -3.950835746552013639, 10.00000000000000000 ) ) ;
#786 = PLANE ( 'NONE',  #1083 ) ;
#787 = ORIENTED_EDGE ( 'NONE', *, *, #3236, .T. ) ;
#788 = AXIS2_PLACEMENT_3D ( 'NONE', #2241, #1659, #1246 ) ;
#789 = CARTESIAN_POINT ( 'NONE',  ( -4.499999999999995559, 5.649999999999998579, 0.000000000000000000 ) ) ;
#790 = CARTESIAN_POINT ( 'NONE',  ( 1.957088350238916918, -2.333757980182892933, 9.800000000000004263 ) ) ;
#791 = CARTESIAN_POINT ( 'NONE',  ( 4.500000000000001776, 5.149999999999998579, 10.00000000000000000 ) ) ;
#792 = MECHANICAL_DESIGN_GEOMETRIC_PRESENTATION_REPRESENTATION (  '', ( #1687 ), #2881 ) ;
#793 = CARTESIAN_POINT ( 'NONE',  ( 1.737505128142796007, -2.942718495397333101, 10.00000000000000178 ) ) ;
#794 = ORIENTED_EDGE ( 'NONE', *, *, #1305, .T. ) ;
#795 = CARTESIAN_POINT ( 'NONE',  ( -0.4044534616366460278, -2.003602024567689099, 9.800000000000000711 ) ) ;
#796 = CARTESIAN_POINT ( 'NONE',  ( 3.875735931288075697, -4.300735931288071967, -0.2999999999999999334 ) ) ;
#797 = DIRECTION ( 'NONE',  ( 0.000000000000000000, -0.000000000000000000, -1.000000000000000000 ) ) ;
#798 = CARTESIAN_POINT ( 'NONE',  ( 1.766361581725339081, -2.898727743174039695, 9.799999999999997158 ) ) ;
#799 = ADVANCED_FACE ( 'NONE', ( #42, #3384, #214, #2299, #1511, #988 ), #1360, .F. ) ;
#800 = CARTESIAN_POINT ( 'NONE',  ( -1.013747813221532290, -3.110444453816971322, 9.999999999999998224 ) ) ;
#801 = CARTESIAN_POINT ( 'NONE',  ( 2.036602043599778700, -2.224999999999999645, 0.000000000000000000 ) ) ;
#802 = CARTESIAN_POINT ( 'NONE',  ( -0.2997120226232418694, -2.214083609799877284, 10.00000000000000000 ) ) ;
#803 = ADVANCED_FACE ( 'NONE', ( #2616 ), #3205, .F. ) ;
#804 = ORIENTED_EDGE ( 'NONE', *, *, #3275, .F. ) ;
#805 = VECTOR ( 'NONE', #2449, 1000.000000000000000 ) ;
#806 = CARTESIAN_POINT ( 'NONE',  ( 1.460126783116674432, -0.3012533402591819343, 9.799999999999998934 ) ) ;
#807 = CARTESIAN_POINT ( 'NONE',  ( 1.521535643948548344, -2.007769425600017144, 9.800000000000000711 ) ) ;
#808 =( GEOMETRIC_REPRESENTATION_CONTEXT ( 3 ) GLOBAL_UNCERTAINTY_ASSIGNED_CONTEXT ( ( #1706 ) ) GLOBAL_UNIT_ASSIGNED_CONTEXT ( ( #1398, #109, #3228 ) ) REPRESENTATION_CONTEXT ( 'NONE', 'WORKASPACE' ) );
#809 = CARTESIAN_POINT ( 'NONE',  ( 0.9323318911954219246, -2.496633384905828201, 10.00000000000000178 ) ) ;
#810 = VERTEX_POINT ( 'NONE', #1433 ) ;
#811 = CARTESIAN_POINT ( 'NONE',  ( -0.6304974835114649512, -2.087375358812049164, 10.00000000000000355 ) ) ;
#812 = CARTESIAN_POINT ( 'NONE',  ( 0.2343016113497059794, -3.135041411148516310, 9.999999999999998224 ) ) ;
#813 = CARTESIAN_POINT ( 'NONE',  ( -0.3060721989052931913, -4.222203267919535818, 10.00000000000000000 ) ) ;
#814 = UNCERTAINTY_MEASURE_WITH_UNIT (LENGTH_MEASURE( 1.000000000000000082E-05 ), #2394, 'distance_accuracy_value', 'NONE');
#815 = CARTESIAN_POINT ( 'NONE',  ( 1.067725878017784291, -3.950835746552013639, 9.799999999999998934 ) ) ;
#816 = AXIS2_PLACEMENT_3D ( 'NONE', #3286, #125, #912 ) ;
#817 = CARTESIAN_POINT ( 'NONE',  ( -0.3060721989052931913, -1.996989592705860295, 10.00000000000000000 ) ) ;
#818 = SURFACE_SIDE_STYLE ('',( #3179 ) ) ;
#819 = CARTESIAN_POINT ( 'NONE',  ( 0.8998932027631788566, -2.194830065886487880, 10.00000000000000178 ) ) ;
#820 = CARTESIAN_POINT ( 'NONE',  ( -0.7822529467527407077, -4.002179306010832605, 9.800000000000006040 ) ) ;
#821 = CARTESIAN_POINT ( 'NONE',  ( 0.1249809113066511629, -2.505333570908562457, 9.799999999999997158 ) ) ;
#822 = CARTESIAN_POINT ( 'NONE',  ( 1.376406433573339694, -2.214083609799877284, 9.799999999999998934 ) ) ;
#823 = ORIENTED_EDGE ( 'NONE', *, *, #2754, .F. ) ;
#824 = CARTESIAN_POINT ( 'NONE',  ( 0.9376362967356962619, -0.8297189128159200289, 9.799999999999998934 ) ) ;
#825 = CARTESIAN_POINT ( 'NONE',  ( 1.386158703872485187, -1.996989592705860295, 9.799999999999998934 ) ) ;
#826 = CARTESIAN_POINT ( 'NONE',  ( -0.1089375858283083698, 1.827023191801874225, 9.799999999999998934 ) ) ;
#827 = CARTESIAN_POINT ( 'NONE',  ( 0.6898926180013672527, 2.158879340280067893, 10.00000000000000000 ) ) ;
#828 = ORIENTED_EDGE ( 'NONE', *, *, #86, .F. ) ;
#829 = LINE ( 'NONE', #189, #2447 ) ;
#830 = CARTESIAN_POINT ( 'NONE',  ( 2.025568426094707331, -2.626223032876800367, 9.999999999999994671 ) ) ;
#831 = CARTESIAN_POINT ( 'NONE',  ( -0.2557611565373731910, -1.997871290858971083, 10.00000000000000178 ) ) ;
#832 = CARTESIAN_POINT ( 'NONE',  ( -0.02016430938626530278, -2.063184871410467469, 9.800000000000000711 ) ) ;
#833 = CARTESIAN_POINT ( 'NONE',  ( 0.4193596480866248477, -3.298128703627347225, 9.799999999999997158 ) ) ;
#834 = CARTESIAN_POINT ( 'NONE',  ( -0.6898298768980360984, 1.950613924250427234, 10.00000000000000000 ) ) ;
#835 = VERTEX_POINT ( 'NONE', #388 ) ;
#836 = CARTESIAN_POINT ( 'NONE',  ( 0.2345427850690658678, -3.109596430312697724, 10.00000000000000000 ) ) ;
#837 = CARTESIAN_POINT ( 'NONE',  ( 1.468913905348270266, -2.221426484105254673, 9.799999999999998934 ) ) ;
#838 = CARTESIAN_POINT ( 'NONE',  ( 0.2299984655052064730, -3.258809777270890606, 9.800000000000000711 ) ) ;
#839 = ORIENTED_EDGE ( 'NONE', *, *, #2214, .F. ) ;
#840 = SURFACE_SIDE_STYLE ('',( #2358 ) ) ;
#841 = CARTESIAN_POINT ( 'NONE',  ( 2.025568426094707331, -2.626223032876800367, 10.00000000000000000 ) ) ;
#842 = ADVANCED_FACE ( 'NONE', ( #1744 ), #3373, .T. ) ;
#843 = CARTESIAN_POINT ( 'NONE',  ( 1.701192943689879611, -2.069361665068214506, 9.799999999999995381 ) ) ;
#844 = CARTESIAN_POINT ( 'NONE',  ( -0.8889923272982379610, 0.5561544651310413867, 10.00000000000000000 ) ) ;
#845 = DIRECTION ( 'NONE',  ( -0.000000000000000000, -0.000000000000000000, 1.000000000000000000 ) ) ;
#846 = FACE_OUTER_BOUND ( 'NONE', #146, .T. ) ;
#847 = CARTESIAN_POINT ( 'NONE',  ( 0.1454918553576565188, -2.550154765517937516, 9.800000000000000711 ) ) ;
#848 = VERTEX_POINT ( 'NONE', #2785 ) ;
#849 = CARTESIAN_POINT ( 'NONE',  ( 1.435344067120348122, -3.291921483731500953, 9.799999999999998934 ) ) ;
#850 = EDGE_CURVE ( 'NONE', #2298, #1857, #1482, .T. ) ;
#851 = AXIS2_PLACEMENT_3D ( 'NONE', #2697, #73, #877 ) ;
#852 = CARTESIAN_POINT ( 'NONE',  ( 1.912429107653047300, -3.004179342363377803, 9.800000000000000711 ) ) ;
#853 = CARTESIAN_POINT ( 'NONE',  ( -0.2892383619171440268, -1.997284604740666936, 10.00000000000000000 ) ) ;
#854 = STYLED_ITEM ( 'NONE', ( #1538 ), #2843 ) ;
#855 = CARTESIAN_POINT ( 'NONE',  ( -0.8076994229413670956, -2.802494468314040255, 9.799999999999997158 ) ) ;
#856 = CARTESIAN_POINT ( 'NONE',  ( -0.8146888045784564936, -3.960161704893302659, 9.999999999999992895 ) ) ;
#857 = CARTESIAN_POINT ( 'NONE',  ( 2.022514333600117897, -2.714148185863273000, 9.799999999999997158 ) ) ;
#858 = ORIENTED_EDGE ( 'NONE', *, *, #2723, .T. ) ;
#859 = EDGE_LOOP ( 'NONE', ( #137, #2455, #1633, #3080 ) ) ;
#860 = CARTESIAN_POINT ( 'NONE',  ( 1.554566463659722508, -2.245153688860824559, 9.999999999999998224 ) ) ;
#861 = DIRECTION ( 'NONE',  ( 7.228014483236695816E-17, 1.000000000000000000, 0.000000000000000000 ) ) ;
#862 = CARTESIAN_POINT ( 'NONE',  ( 1.061069863639407806, 0.000000000000000000, 10.00000000000000000 ) ) ;
#863 = LINE ( 'NONE', #3060, #3176 ) ;
#864 = CARTESIAN_POINT ( 'NONE',  ( -0.1089375858283083698, 1.827023191801874225, 10.00000000000000000 ) ) ;
#865 = CARTESIAN_POINT ( 'NONE',  ( 0.9149415452882229127, -2.543534956610744580, 9.799999999999997158 ) ) ;
#866 = CARTESIAN_POINT ( 'NONE',  ( -0.09594652274384649071, -2.265527310730544475, 9.799999999999997158 ) ) ;
#867 = EDGE_LOOP ( 'NONE', ( #2586, #787, #2698, #884, #550, #2985, #2959, #2000, #2050, #130, #3265, #686 ) ) ;
#868 = DIRECTION ( 'NONE',  ( -0.000000000000000000, -0.000000000000000000, 1.000000000000000000 ) ) ;
#869 = VECTOR ( 'NONE', #3416, 1000.000000000000000 ) ;
#870 = CARTESIAN_POINT ( 'NONE',  ( 1.762603162564630122, -3.202276612859901395, 9.999999999999994671 ) ) ;
#871 = FACE_OUTER_BOUND ( 'NONE', #955, .T. ) ;
#872 = EDGE_CURVE ( 'NONE', #971, #1923, #997, .T. ) ;
#873 = LINE ( 'NONE', #1134, #2137 ) ;
#874 = CARTESIAN_POINT ( 'NONE',  ( 0.4115227616118682374, -3.385213234574572905, 9.800000000000002487 ) ) ;
#875 = DIRECTION ( 'NONE',  ( -1.000000000000000000, 0.000000000000000000, 0.000000000000000000 ) ) ;
#876 = ORIENTED_EDGE ( 'NONE', *, *, #2591, .T. ) ;
#877 = DIRECTION ( 'NONE',  ( -1.000000000000000000, 0.000000000000000000, 0.000000000000000000 ) ) ;
#878 = PRESENTATION_LAYER_ASSIGNMENT (  '', '', ( #2967 ) ) ;
#879 = CARTESIAN_POINT ( 'NONE',  ( -4.999999999999997335, -5.149999999999998579, 10.00000000000000000 ) ) ;
#880 = DIRECTION ( 'NONE',  ( -0.000000000000000000, -0.000000000000000000, 1.000000000000000000 ) ) ;
#881 = CARTESIAN_POINT ( 'NONE',  ( 1.279619333273922299, -2.221305616933976879, 9.799999999999998934 ) ) ;
#882 = CARTESIAN_POINT ( 'NONE',  ( 1.386158703872485187, -1.996989592705860295, 10.00000000000000000 ) ) ;
#883 = ORIENTED_EDGE ( 'NONE', *, *, #741, .T. ) ;
#884 = ORIENTED_EDGE ( 'NONE', *, *, #481, .T. ) ;
#885 = CARTESIAN_POINT ( 'NONE',  ( -0.8455159912492145047, -3.914990077387308531, 9.800000000000000711 ) ) ;
#886 = CARTESIAN_POINT ( 'NONE',  ( 0.2148233907232803830, -2.264231479250566448, 10.00000000000000355 ) ) ;
#887 = ADVANCED_FACE ( 'NONE', ( #2053 ), #2026, .F. ) ;
#888 = CARTESIAN_POINT ( 'NONE',  ( 0.06543209958310337859, -2.115377483651843527, 9.800000000000000711 ) ) ;
#889 = CARTESIAN_POINT ( 'NONE',  ( 0.2777390620621875694, -3.855966120751434190, 9.799999999999998934 ) ) ;
#890 =( NAMED_UNIT ( * ) PLANE_ANGLE_UNIT ( ) SI_UNIT ( $, .RADIAN. ) );
#891 = ORIENTED_EDGE ( 'NONE', *, *, #366, .T. ) ;
#892 = EDGE_CURVE ( 'NONE', #1923, #1509, #2956, .T. ) ;
#893 = CARTESIAN_POINT ( 'NONE',  ( -0.8237224841048721435, -3.081182669904295235, 10.00000000000000000 ) ) ;
#894 = B_SPLINE_CURVE_WITH_KNOTS ( 'NONE', 3,
 ( #817, #2134, #2918, #552, #2400, #1028, #1009, #2066, #2331, #3194, #2672, #2456, #88, #886, #1372, #3260, #1110, #328, #2439, #1930, #365, #607, #103, #2712, #1163, #3274, #348 ),
 .UNSPECIFIED., .F., .F.,
 ( 4, 1, 1, 1, 1, 1, 1, 1, 1, 1, 1, 1, 1, 1, 1, 1, 1, 1, 1, 1, 1, 1, 1, 1, 4 ),
 ( 0.000000000000000000, 0.03378811616271044233, 0.06719393237388004980, 0.09986241085682520668, 0.1325666121262582264, 0.1651511732547863431, 0.1979131873557919696, 0.2313190035669616673, 0.2650832782673732679, 0.2992553087581146798, 0.3343985665049786227, 0.3699428235093076278, 0.4062835607000608307, 0.4440638196985081665, 0.4829977068727755452, 0.5233544466133042139, 0.5655365896041492091, 0.6096129240658192394, 0.6563908113764169716, 0.7058854949364573583, 0.7583245002617311492, 0.8138317829411499948, 0.8727945590393896280, 0.9347222295400738901, 1.000000000000000000 ),
 .UNSPECIFIED. ) ;
#895 = DIRECTION ( 'NONE',  ( -0.000000000000000000, -0.000000000000000000, 1.000000000000000000 ) ) ;
#896 = CARTESIAN_POINT ( 'NONE',  ( 1.073048269714317327, -2.312053951612900615, 9.800000000000002487 ) ) ;
#897 = CARTESIAN_POINT ( 'NONE',  ( 1.454974330446088260, -1.998600612662215781, 9.999999999999996447 ) ) ;
#898 = ORIENTED_EDGE ( 'NONE', *, *, #2090, .F. ) ;
#899 = LINE ( 'NONE', #362, #3126 ) ;
#900 = CARTESIAN_POINT ( 'NONE',  ( -0.2062672153172233902, -2.003510056106087678, 9.800000000000002487 ) ) ;
#901 = CARTESIAN_POINT ( 'NONE',  ( 3.700000000000004619, 2.524999999999999911, -0.2999999999999999889 ) ) ;
#902 = CIRCLE ( 'NONE', #3380, 0.4999999999999995559 ) ;
#903 = UNCERTAINTY_MEASURE_WITH_UNIT (LENGTH_MEASURE( 1.000000000000000082E-05 ), #1587, 'distance_accuracy_value', 'NONE');
#904 = CARTESIAN_POINT ( 'NONE',  ( 0.3876449551036682539, -2.674612707581547344, 9.799999999999997158 ) ) ;
#905 = CARTESIAN_POINT ( 'NONE',  ( -0.8237905482642674526, -3.109596430312697724, 9.799999999999998934 ) ) ;
#906 = PRESENTATION_LAYER_ASSIGNMENT (  '', '', ( #854 ) ) ;
#907 = CARTESIAN_POINT ( 'NONE',  ( -0.9801204420802442918, -2.662124092068503423, 10.00000000000000355 ) ) ;
#908 = EDGE_CURVE ( 'NONE', #1666, #344, #3392, .T. ) ;
#909 = CARTESIAN_POINT ( 'NONE',  ( -0.6539151622276117015, -2.387727475902478247, 9.800000000000002487 ) ) ;
#910 = EDGE_CURVE ( 'NONE', #325, #414, #1300, .T. ) ;
#911 = CARTESIAN_POINT ( 'NONE',  ( 0.1249809113066511629, -2.505333570908562457, 9.999999999999998224 ) ) ;
#912 = DIRECTION ( 'NONE',  ( 0.000000000000000000, 0.000000000000000000, 1.000000000000000000 ) ) ;
#913 = CARTESIAN_POINT ( 'NONE',  ( 1.362524922993617160, -1.997511167587306513, 9.799999999999997158 ) ) ;
#914 = ORIENTED_EDGE ( 'NONE', *, *, #1261, .T. ) ;
#915 = CARTESIAN_POINT ( 'NONE',  ( 0.07616725104164456805, -3.800818280393386761, 9.999999999999998224 ) ) ;
#916 = CARTESIAN_POINT ( 'NONE',  ( 1.435344067120348122, -3.291921483731500953, 10.00000000000000000 ) ) ;
#917 = CARTESIAN_POINT ( 'NONE',  ( 0.2463046328390160744, -2.310970554364207175, 9.999999999999998224 ) ) ;
#918 = MECHANICAL_DESIGN_GEOMETRIC_PRESENTATION_REPRESENTATION (  '', ( #3009 ), #1361 ) ;
#919 = B_SPLINE_SURFACE_WITH_KNOTS ( 'NONE', 3, 1, ( 
 ( #1162, #1669 ),
 ( #2973, #853 ),
 ( #3273, #831 ),
 ( #900, #2171 ),
 ( #2489, #1963 ),
 ( #1636, #2671 ),
 ( #2711, #3001 ),
 ( #640, #116 ),
 ( #1371, #1109 ),
 ( #2207, #3217 ),
 ( #1908, #174 ),
 ( #1768, #1236 ),
 ( #1977, #1503 ),
 ( #3290, #2808 ),
 ( #443, #917 ),
 ( #3017, #2170 ),
 ( #2593, #1668 ),
 ( #748, #87 ),
 ( #1130, #2917 ),
 ( #289, #3238 ),
 ( #1809, #1551 ),
 ( #2853, #1907 ),
 ( #220, #2152 ),
 ( #35, #1107 ),
 ( #3215, #1088 ),
 ( #605, #1619 ),
 ( #3193, #1408 ) ),
 .UNSPECIFIED., .F., .F., .F.,
 ( 4, 1, 1, 1, 1, 1, 1, 1, 1, 1, 1, 1, 1, 1, 1, 1, 1, 1, 1, 1, 1, 1, 1, 1, 4 ),
 ( 2, 2 ),
 ( 0.000000000000000000, 0.03378811616271044233, 0.06719393237388004980, 0.09986241085682520668, 0.1325666121262582264, 0.1651511732547863431, 0.1979131873557919696, 0.2313190035669616673, 0.2650832782673732679, 0.2992553087581146798, 0.3343985665049786227, 0.3699428235093076278, 0.4062835607000608307, 0.4440638196985081665, 0.4829977068727755452, 0.5233544466133042139, 0.5655365896041492091, 0.6096129240658192394, 0.6563908113764169716, 0.7058854949364573583, 0.7583245002617311492, 0.8138317829411499948, 0.8727945590393896280, 0.9347222295400738901, 1.000000000000000000 ),
 ( 0.000000000000000000, 1.000000000000000000 ),
 .UNSPECIFIED. ) ;
#920 = CARTESIAN_POINT ( 'NONE',  ( 0.3049867283206325053, -3.802343607237760104, 9.799999999999998934 ) ) ;
#921 = CARTESIAN_POINT ( 'NONE',  ( 0.000000000000000000, 4.125000000000000000, 0.000000000000000000 ) ) ;
#922 = ORIENTED_EDGE ( 'NONE', *, *, #2103, .F. ) ;
#923 = DIRECTION ( 'NONE',  ( 0.000000000000000000, 0.000000000000000000, 1.000000000000000000 ) ) ;
#924 = STYLED_ITEM ( 'NONE', ( #1172 ), #1569 ) ;
#925 = CARTESIAN_POINT ( 'NONE',  ( -0.2765827022775217414, -2.215310458735490595, 10.00000000000000000 ) ) ;
#926 = CARTESIAN_POINT ( 'NONE',  ( 2.036602043599778700, 2.224999999999999645, 0.000000000000000000 ) ) ;
#927 = DIRECTION ( 'NONE',  ( -0.000000000000000000, -0.000000000000000000, 1.000000000000000000 ) ) ;
#928 = CARTESIAN_POINT ( 'NONE',  ( 0.1382191854999179348, -3.685390860661470924, 10.00000000000000178 ) ) ;
#929 = ORIENTED_EDGE ( 'NONE', *, *, #1271, .F. ) ;
#930 = FILL_AREA_STYLE_COLOUR ( '', #142 ) ;
#931 = CARTESIAN_POINT ( 'NONE',  ( -3.875735931288067704, -4.300735931288071967, -0.3000000000000000444 ) ) ;
#932 = ORIENTED_EDGE ( 'NONE', *, *, #779, .F. ) ;
#933 = CARTESIAN_POINT ( 'NONE',  ( 1.376406433573339694, -2.214083609799877284, 9.799999999999998934 ) ) ;
#934 = B_SPLINE_CURVE_WITH_KNOTS ( 'NONE', 3,
 ( #1554, #41, #2870, #2905, #554, #1078, #2388, #26, #543, #1301, #2353, #505, #1624, #2612, #1594, #9, #1062, #1092, #1608, #3415, #2140, #3182, #2647, #299, #1876, #1046, #3199 ),
 .UNSPECIFIED., .F., .F.,
 ( 4, 1, 1, 1, 1, 1, 1, 1, 1, 1, 1, 1, 1, 1, 1, 1, 1, 1, 1, 1, 1, 1, 1, 1, 4 ),
 ( 0.000000000000000000, 0.06859462225874272956, 0.1332460424433010993, 0.1943125864682564152, 0.2512792231169664325, 0.3045134392563468850, 0.3542349066533248547, 0.4004805887739890102, 0.4434107549384919134, 0.4840148686163450176, 0.5232523007732031717, 0.5610423727283601059, 0.5979002393643999547, 0.6335184888561956607, 0.6683143511696514327, 0.7024956712863817954, 0.7366853535134584297, 0.7702931693607890651, 0.8034372550192492302, 0.8359129516660289694, 0.8684602457892910410, 0.9008465382431827262, 0.9334665246307077835, 0.9662575752981230615, 1.000000000000000000 ),
 .UNSPECIFIED. ) ;
#935 = LINE ( 'NONE', #3351, #1925 ) ;
#936 = CARTESIAN_POINT ( 'NONE',  ( -0.3060721989052931913, -4.222203267919535818, 9.999999999999996447 ) ) ;
#937 = DIRECTION ( 'NONE',  ( 1.000000000000000000, 0.000000000000000000, 0.000000000000000000 ) ) ;
#938 = CARTESIAN_POINT ( 'NONE',  ( 0.7272165377489501203, -2.486711607079202135, 9.999999999999996447 ) ) ;
#939 = ORIENTED_EDGE ( 'NONE', *, *, #1261, .F. ) ;
#940 = DIRECTION ( 'NONE',  ( 0.4966865118376850852, 0.8679300138597081382, 0.000000000000000000 ) ) ;
#941 = CARTESIAN_POINT ( 'NONE',  ( 4.500000000000001776, 5.149999999999998579, 10.00000000000000000 ) ) ;
#942 = FILL_AREA_STYLE ('',( #357 ) ) ;
#943 = CARTESIAN_POINT ( 'NONE',  ( 0.1194211610321299771, -3.726774220636940083, 10.00000000000000000 ) ) ;
#944 = EDGE_LOOP ( 'NONE', ( #3098, #2648, #2726, #1771 ) ) ;
#945 = EDGE_CURVE ( 'NONE', #3049, #2696, #187, .T. ) ;
#946 = PLANE ( 'NONE',  #2355 ) ;
#947 = CARTESIAN_POINT ( 'NONE',  ( 0.1194211610321299771, -3.726774220636940083, 9.799999999999998934 ) ) ;
#948 = ORIENTED_EDGE ( 'NONE', *, *, #2337, .T. ) ;
#949 = CARTESIAN_POINT ( 'NONE',  ( 0.9782897123772110737, -2.412757767408512777, 9.800000000000002487 ) ) ;
#950 = EDGE_CURVE ( 'NONE', #2472, #2855, #2442, .T. ) ;
#951 = CARTESIAN_POINT ( 'NONE',  ( 0.06685086063463936690, -4.102627104478023590, 9.999999999999994671 ) ) ;
#952 = CARTESIAN_POINT ( 'NONE',  ( 0.6995370894572399134, -2.627850157320830160, 9.799999999999998934 ) ) ;
#953 = VECTOR ( 'NONE', #1029, 1000.000000000000000 ) ;
#954 = CARTESIAN_POINT ( 'NONE',  ( -0.8151160752353552308, -2.871607961065908654, 9.800000000000002487 ) ) ;
#955 = EDGE_LOOP ( 'NONE', ( #222, #1500, #1005, #3032 ) ) ;
#956 = VECTOR ( 'NONE', #2275, 1000.000000000000000 ) ;
#957 = AXIS2_PLACEMENT_3D ( 'NONE', #221, #1326, #3092 ) ;
#958 = CARTESIAN_POINT ( 'NONE',  ( -0.7537969933293608982, -0.1342175010474762897, 9.999999999999996447 ) ) ;
#959 = CARTESIAN_POINT ( 'NONE',  ( -0.7751938010540171398, -3.591194220426262351, 10.00000000000000000 ) ) ;
#960 = CARTESIAN_POINT ( 'NONE',  ( -0.2997120226232418694, -4.005109250825517719, 10.00000000000000000 ) ) ;
#961 = ORIENTED_EDGE ( 'NONE', *, *, #2699, .F. ) ;
#962 = CARTESIAN_POINT ( 'NONE',  ( 1.668796599158114180, -2.310895355817916386, 9.799999999999997158 ) ) ;
#963 = EDGE_CURVE ( 'NONE', #1579, #2767, #1136, .T. ) ;
#964 = ORIENTED_EDGE ( 'NONE', *, *, #1575, .F. ) ;
#965 = DIRECTION ( 'NONE',  ( -1.000000000000000000, 0.000000000000000000, 0.000000000000000000 ) ) ;
#966 = CARTESIAN_POINT ( 'NONE',  ( 5.000000000000000888, 5.149999999999995026, 10.00000000000000000 ) ) ;
#967 = SURFACE_STYLE_FILL_AREA ( #775 ) ;
#968 = AXIS2_PLACEMENT_3D ( 'NONE', #355, #1413, #3266 ) ;
#969 = CARTESIAN_POINT ( 'NONE',  ( 0.7272165377489501203, -2.486711607079202135, 9.799999999999998934 ) ) ;
#970 = CARTESIAN_POINT ( 'NONE',  ( 0.1737426613748890569, -3.584496812715066483, 10.00000000000000178 ) ) ;
#971 = VERTEX_POINT ( 'NONE', #1672 ) ;
#972 = STYLED_ITEM ( 'NONE', ( #337 ), #803 ) ;
#973 = B_SPLINE_SURFACE_WITH_KNOTS ( 'NONE', 3, 1, ( 
 ( #1367, #2418 ),
 ( #1007, #2064 ),
 ( #3108, #2833 ),
 ( #470, #1804 ),
 ( #1025, #203 ),
 ( #990, #2850 ),
 ( #1275, #3087 ),
 ( #728, #2329 ),
 ( #2044, #2573 ),
 ( #1006, #18 ),
 ( #1260, #773 ),
 ( #2894, #2914 ),
 ( #517, #2847 ),
 ( #1069, #2640 ),
 ( #1836, #2379 ),
 ( #1024, #1563 ),
 ( #758, #2345 ),
 ( #266, #3174 ),
 ( #1868, #811 ),
 ( #1529, #1336 ),
 ( #2112, #3408 ),
 ( #2601, #2077 ),
 ( #202, #3122 ),
 ( #795, #1317 ),
 ( #2314, #1586 ),
 ( #4, #1803 ),
 ( #2590, #1274 ) ),
 .UNSPECIFIED., .F., .F., .F.,
 ( 4, 1, 1, 1, 1, 1, 1, 1, 1, 1, 1, 1, 1, 1, 1, 1, 1, 1, 1, 1, 1, 1, 1, 1, 4 ),
 ( 2, 2 ),
 ( 0.000000000000000000, 0.06859462225874272956, 0.1332460424433010993, 0.1943125864682564152, 0.2512792231169664325, 0.3045134392563468850, 0.3542349066533248547, 0.4004805887739890102, 0.4434107549384919134, 0.4840148686163450176, 0.5232523007732031717, 0.5610423727283601059, 0.5979002393643999547, 0.6335184888561956607, 0.6683143511696514327, 0.7024956712863817954, 0.7366853535134584297, 0.7702931693607890651, 0.8034372550192492302, 0.8359129516660289694, 0.8684602457892910410, 0.9008465382431827262, 0.9334665246307077835, 0.9662575752981230615, 1.000000000000000000 ),
 ( 0.000000000000000000, 1.000000000000000000 ),
 .UNSPECIFIED. ) ;
#974 = VECTOR ( 'NONE', #1962, 1000.000000000000000 ) ;
#975 = CARTESIAN_POINT ( 'NONE',  ( -0.3231227140281200949, -2.215312151343692637, 9.799999999999998934 ) ) ;
#976 = AXIS2_PLACEMENT_3D ( 'NONE', #2232, #341, #1712 ) ;
#977 = CARTESIAN_POINT ( 'NONE',  ( -0.7751938010540171398, -3.591194220426262351, 9.799999999999998934 ) ) ;
#978 = CARTESIAN_POINT ( 'NONE',  ( 0.1194211610321299771, -3.726774220636940083, 9.799999999999998934 ) ) ;
#979 = CARTESIAN_POINT ( 'NONE',  ( -0.8237905482642674526, -3.109596430312697724, 10.00000000000000178 ) ) ;
#980 = VERTEX_POINT ( 'NONE', #1443 ) ;
#981 = CARTESIAN_POINT ( 'NONE',  ( 4.000000000000004441, 4.424999999999999822, 0.000000000000000000 ) ) ;
#982 = CARTESIAN_POINT ( 'NONE',  ( 1.890736644693985946, -2.231119489494556962, 9.800000000000002487 ) ) ;
#983 = LINE ( 'NONE', #1204, #2553 ) ;
#984 = DIRECTION ( 'NONE',  ( -0.000000000000000000, -0.000000000000000000, -1.000000000000000000 ) ) ;
#985 = EDGE_LOOP ( 'NONE', ( #2042, #2589, #492, #28 ) ) ;
#986 = CARTESIAN_POINT ( 'NONE',  ( 1.327346557954591111, -2.215365243948322682, 9.999999999999994671 ) ) ;
#987 = B_SPLINE_CURVE_WITH_KNOTS ( 'NONE', 3,
 ( #730, #2010, #2364, #2798, #167, #2879, #6, #1056, #2113, #1338, #2380, #433, #19, #1070, #2132, #3175, #2383, #522, #312, #1889, #2421, #22, #1074 ),
 .UNSPECIFIED., .F., .F.,
 ( 4, 1, 1, 1, 1, 1, 1, 1, 1, 1, 1, 1, 1, 1, 1, 1, 1, 1, 1, 1, 4 ),
 ( 0.000000000000000000, 0.07295106587586626390, 0.1415836941865451226, 0.2059264601708669651, 0.2653013571846051244, 0.3205972327139284261, 0.3718165030988100916, 0.4187897697094520311, 0.4616987286157646642, 0.5021335821035657343, 0.5408043152926482744, 0.5781805253279663770, 0.6142968652075146974, 0.6496782432647872918, 0.6842994600896377122, 0.7183589527723609480, 0.7520808646475969361, 0.8176524386023856783, 0.8797220764054372033, 0.9399655597309874988, 0.9999999999999998890 ),
 .UNSPECIFIED. ) ;
#988 = FACE_BOUND ( 'NONE', #2195, .T. ) ;
#989 = CARTESIAN_POINT ( 'NONE',  ( 0.4245000500263306775, -3.110444453816971322, 9.799999999999998934 ) ) ;
#990 = CARTESIAN_POINT ( 'NONE',  ( -0.9919967444059412109, -2.740357159181593616, 9.799999999999997158 ) ) ;
#991 = LINE ( 'NONE', #3352, #2334 ) ;
#992 = CARTESIAN_POINT ( 'NONE',  ( 0.7788618326853349316, -2.359403951877308891, 9.799999999999998934 ) ) ;
#993 = CARTESIAN_POINT ( 'NONE',  ( 0.2035919996189533010, -3.462597123027731705, 9.999999999999996447 ) ) ;
#994 = CARTESIAN_POINT ( 'NONE',  ( 1.818326557223933104, -2.779380396425191524, 9.799999999999995381 ) ) ;
#995 = ORIENTED_EDGE ( 'NONE', *, *, #239, .F. ) ;
#996 = CARTESIAN_POINT ( 'NONE',  ( -0.3060721989052931913, -4.222203267919535818, 9.999999999999998224 ) ) ;
#997 = LINE ( 'NONE', #1212, #589 ) ;
#998 = ADVANCED_FACE ( 'NONE', ( #1166 ), #1411, .T. ) ;
#999 = CARTESIAN_POINT ( 'NONE',  ( 0.8470074025267810836, -0.2835590345117284250, 9.799999999999998934 ) ) ;
#1000 = CARTESIAN_POINT ( 'NONE',  ( -0.3696586821333142647, -4.001606302760275291, 9.799999999999998934 ) ) ;
#1001 = CARTESIAN_POINT ( 'NONE',  ( 0.1489289418603121917, -3.656501542243802305, 10.00000000000000000 ) ) ;
#1002 = ORIENTED_EDGE ( 'NONE', *, *, #724, .F. ) ;
#1003 = DIRECTION ( 'NONE',  ( -1.000000000000000000, 0.000000000000000000, -0.000000000000000000 ) ) ;
#1004 = ORIENTED_EDGE ( 'NONE', *, *, #651, .T. ) ;
#1005 = ORIENTED_EDGE ( 'NONE', *, *, #284, .T. ) ;
#1006 = CARTESIAN_POINT ( 'NONE',  ( -0.9253406642307149266, -2.462953976103630094, 9.800000000000000711 ) ) ;
#1007 = CARTESIAN_POINT ( 'NONE',  ( -1.013549440335827612, -3.076518890758639824, 9.799999999999998934 ) ) ;
#1008 = CARTESIAN_POINT ( 'NONE',  ( 1.460126783116674432, -0.3012533402591819343, 9.799999999999998934 ) ) ;
#1009 = CARTESIAN_POINT ( 'NONE',  ( -0.06487823210530160867, -2.042570281539684007, 10.00000000000000000 ) ) ;
#1010 = LINE ( 'NONE', #2332, #3042 ) ;
#1011 = CARTESIAN_POINT ( 'NONE',  ( -0.9789350835758254821, -3.556663425676934054, 10.00000000000000178 ) ) ;
#1012 = CARTESIAN_POINT ( 'NONE',  ( -0.6542807809591949519, -3.830456053796110538, 10.00000000000000000 ) ) ;
#1013 = ADVANCED_FACE ( 'NONE', ( #3263 ), #119, .T. ) ;
#1014 = VERTEX_POINT ( 'NONE', #454 ) ;
#1015 = CARTESIAN_POINT ( 'NONE',  ( -0.4392005086097742761, -2.235124059235769511, 9.799999999999997158 ) ) ;
#1016 = CARTESIAN_POINT ( 'NONE',  ( -0.6276874290046116078, -3.860834957152925018, 9.799999999999998934 ) ) ;
#1017 = FILL_AREA_STYLE ('',( #2144 ) ) ;
#1018 =( GEOMETRIC_REPRESENTATION_CONTEXT ( 3 ) GLOBAL_UNCERTAINTY_ASSIGNED_CONTEXT ( ( #2169 ) ) GLOBAL_UNIT_ASSIGNED_CONTEXT ( ( #503, #2629, #2562 ) ) REPRESENTATION_CONTEXT ( 'NONE', 'WORKASPACE' ) );
#1019 = ORIENTED_EDGE ( 'NONE', *, *, #3142, .F. ) ;
#1020 = CARTESIAN_POINT ( 'NONE',  ( 1.594625966118433880, -2.263020470488988689, 9.800000000000002487 ) ) ;
#1021 = COLOUR_RGB ( '',0.6470588235294117974, 0.6196078431372549211, 0.5882352941176470784 ) ;
#1022 = CARTESIAN_POINT ( 'NONE',  ( -3.699999999999997513, -1.458744741162313820E-15, 0.000000000000000000 ) ) ;
#1023 = ORIENTED_EDGE ( 'NONE', *, *, #1960, .F. ) ;
#1024 = CARTESIAN_POINT ( 'NONE',  ( -0.7495517278657558569, -2.180633590307979208, 9.800000000000002487 ) ) ;
#1025 = CARTESIAN_POINT ( 'NONE',  ( -1.001756012748727054, -2.824505584833405525, 9.799999999999998934 ) ) ;
#1026 = SURFACE_STYLE_USAGE ( .BOTH. , #2286 ) ;
#1027 = EDGE_CURVE ( 'NONE', #1798, #3212, #691, .T. ) ;
#1028 = CARTESIAN_POINT ( 'NONE',  ( -0.1109157239215269736, -2.026123372321841476, 10.00000000000000000 ) ) ;
#1029 = DIRECTION ( 'NONE',  ( -0.000000000000000000, -0.000000000000000000, -1.000000000000000000 ) ) ;
#1030 = CARTESIAN_POINT ( 'NONE',  ( 1.656681748455058001, -3.321996226111065820, 9.999999999999994671 ) ) ;
#1031 = CARTESIAN_POINT ( 'NONE',  ( -0.5867243362992018429, -4.156900910464788268, 9.799999999999998934 ) ) ;
#1032 = EDGE_LOOP ( 'NONE', ( #2913, #3393, #2803, #2186 ) ) ;
#1033 = CARTESIAN_POINT ( 'NONE',  ( 0.02621287130963759204, -2.359151246704780824, 9.799999999999998934 ) ) ;
#1034 = PRESENTATION_LAYER_ASSIGNMENT (  '', '', ( #3009 ) ) ;
#1035 = CARTESIAN_POINT ( 'NONE',  ( -0.7882252647761153197, -3.538049415124103980, 9.799999999999997158 ) ) ;
#1036 = CARTESIAN_POINT ( 'NONE',  ( 0.02426863679424133557, -4.130497438710488467, 9.799999999999998934 ) ) ;
#1037 = VECTOR ( 'NONE', #418, 1000.000000000000000 ) ;
#1038 = ORIENTED_EDGE ( 'NONE', *, *, #3312, .T. ) ;
#1039 = LINE ( 'NONE', #2634, #143 ) ;
#1040 = CARTESIAN_POINT ( 'NONE',  ( -1.013550475205011514, -3.144087561472404868, 9.800000000000000711 ) ) ;
#1041 = ORIENTED_EDGE ( 'NONE', *, *, #2477, .T. ) ;
#1042 = VECTOR ( 'NONE', #1270, 1000.000000000000000 ) ;
#1043 = CARTESIAN_POINT ( 'NONE',  ( 0.8858248363511176393, -2.702545148261415786, 9.799999999999998934 ) ) ;
#1044 = CARTESIAN_POINT ( 'NONE',  ( 1.737505128142796007, -2.942718495397333101, 9.800000000000000711 ) ) ;
#1045 = CARTESIAN_POINT ( 'NONE',  ( -0.6705317812659254972, -4.106022599607314305, 9.799999999999998934 ) ) ;
#1046 = CARTESIAN_POINT ( 'NONE',  ( -0.3227665785924652697, -1.997269818943131492, 9.799999999999997158 ) ) ;
#1047 = CARTESIAN_POINT ( 'NONE',  ( -1.990670890144609073, -2.268357114073381364, 10.00000000000000000 ) ) ;
#1048 = ORIENTED_EDGE ( 'NONE', *, *, #3142, .T. ) ;
#1049 = CARTESIAN_POINT ( 'NONE',  ( -0.2557279038167836749, -4.221470406658925256, 9.799999999999998934 ) ) ;
#1050 = CARTESIAN_POINT ( 'NONE',  ( 4.000000000000004441, -4.424999999999999822, 0.000000000000000000 ) ) ;
#1051 = CARTESIAN_POINT ( 'NONE',  ( 1.701192943689879611, -2.069361665068214506, 9.999999999999985789 ) ) ;
#1052 = CARTESIAN_POINT ( 'NONE',  ( 0.9537460466808233006, -2.453172442418648291, 9.999999999999998224 ) ) ;
#1053 = EDGE_CURVE ( 'NONE', #810, #1169, #133, .T. ) ;
#1054 = EDGE_LOOP ( 'NONE', ( #1068, #2771, #768, #2525 ) ) ;
#1055 = CARTESIAN_POINT ( 'NONE',  ( 0.5600629428249882524, 1.193974136678510822, 9.799999999999998934 ) ) ;
#1056 = CARTESIAN_POINT ( 'NONE',  ( -0.7882252647761153197, -3.538049415124103980, 9.799999999999997158 ) ) ;
#1057 = ADVANCED_FACE ( 'NONE', ( #185 ), #2834, .F. ) ;
#1058 = DIRECTION ( 'NONE',  ( 1.000000000000000000, -3.942553354492740573E-16, 0.000000000000000000 ) ) ;
#1059 = CARTESIAN_POINT ( 'NONE',  ( -0.7230391474317446887, -3.724143925090818819, 10.00000000000000000 ) ) ;
#1060 = CARTESIAN_POINT ( 'NONE',  ( 1.460126783116674432, -0.3012533402591819343, 10.00000000000000000 ) ) ;
#1061 = ORIENTED_EDGE ( 'NONE', *, *, #2115, .F. ) ;
#1062 = CARTESIAN_POINT ( 'NONE',  ( -0.7118013550756357999, -2.146216136456055690, 9.799999999999998934 ) ) ;
#1063 = ORIENTED_EDGE ( 'NONE', *, *, #963, .T. ) ;
#1064 = CARTESIAN_POINT ( 'NONE',  ( -4.499999999999993783, -5.650000000000002132, 10.00000000000000000 ) ) ;
#1065 = CARTESIAN_POINT ( 'NONE',  ( -1.057980171249780499, -0.5403567954897838810, 9.799999999999998934 ) ) ;
#1066 = CARTESIAN_POINT ( 'NONE',  ( 2.025568426094707331, -2.626223032876800367, 9.999999999999989342 ) ) ;
#1067 = CARTESIAN_POINT ( 'NONE',  ( 2.015642623619435803, -2.503240346677191752, 9.799999999999998934 ) ) ;
#1068 = ORIENTED_EDGE ( 'NONE', *, *, #10, .T. ) ;
#1069 = CARTESIAN_POINT ( 'NONE',  ( -0.8171102016089590858, -2.260792577824548566, 9.800000000000000711 ) ) ;
#1070 = CARTESIAN_POINT ( 'NONE',  ( -0.6793875096738759556, -3.797855659332998624, 9.799999999999998934 ) ) ;
#1071 = EDGE_CURVE ( 'NONE', #1521, #516, #2578, .T. ) ;
#1072 = CARTESIAN_POINT ( 'NONE',  ( 0.2167436404990178145, -3.952828439944632066, 10.00000000000000000 ) ) ;
#1073 = CARTESIAN_POINT ( 'NONE',  ( 1.596783853973405831, -3.118200606384137430, 9.799999999999998934 ) ) ;
#1074 = CARTESIAN_POINT ( 'NONE',  ( -0.2997120226232418694, -4.005109250825517719, 9.800000000000000711 ) ) ;
#1075 = ADVANCED_FACE ( 'NONE', ( #1477 ), #151, .T. ) ;
#1076 = CARTESIAN_POINT ( 'NONE',  ( 0.4241059965164343804, -3.142813674333613694, 9.800000000000000711 ) ) ;
#1077 = ORIENTED_EDGE ( 'NONE', *, *, #2670, .T. ) ;
#1078 = CARTESIAN_POINT ( 'NONE',  ( -0.9919967444059412109, -2.740357159181593616, 9.799999999999997158 ) ) ;
#1079 = CARTESIAN_POINT ( 'NONE',  ( -0.3060721989052931913, -4.222203267919535818, 9.799999999999998934 ) ) ;
#1080 = COLOUR_RGB ( '',0.2980392156862745057, 0.2980392156862745057, 0.2980392156862745057 ) ;
#1081 = CARTESIAN_POINT ( 'NONE',  ( 4.000000000000004441, 4.424999999999999822, -0.1757359312880714675 ) ) ;
#1082 = CARTESIAN_POINT ( 'NONE',  ( 1.584900960124022262, -2.022129854827072748, 9.999999999999991118 ) ) ;
#1083 = AXIS2_PLACEMENT_3D ( 'NONE', #1578, #1555, #2614 ) ;
#1084 = CARTESIAN_POINT ( 'NONE',  ( 1.234089363057109479, -2.231553815650218375, 10.00000000000000000 ) ) ;
#1085 = CARTESIAN_POINT ( 'NONE',  ( 1.097849395517412674, 1.349128976444787797, 10.00000000000000000 ) ) ;
#1086 = ORIENTED_EDGE ( 'NONE', *, *, #3097, .F. ) ;
#1087 = VECTOR ( 'NONE', #1871, 1000.000000000000000 ) ;
#1088 = CARTESIAN_POINT ( 'NONE',  ( 0.4233500347049145573, -3.014579875226070182, 9.999999999999998224 ) ) ;
#1089 = LINE ( 'NONE', #3018, #3102 ) ;
#1090 = CARTESIAN_POINT ( 'NONE',  ( -0.8146888045784564936, -3.960161704893302659, 9.799999999999993605 ) ) ;
#1091 = ORIENTED_EDGE ( 'NONE', *, *, #1824, .F. ) ;
#1092 = CARTESIAN_POINT ( 'NONE',  ( -0.6722360119769328346, -2.114861467870794876, 9.799999999999997158 ) ) ;
#1093 = ADVANCED_FACE ( 'NONE', ( #2656 ), #1755, .T. ) ;
#1094 = CARTESIAN_POINT ( 'NONE',  ( 1.784080082606019024, -2.442226024941325679, 9.800000000000000711 ) ) ;
#1095 = DIRECTION ( 'NONE',  ( 0.000000000000000000, -0.000000000000000000, 1.000000000000000000 ) ) ;
#1096 = VERTEX_POINT ( 'NONE', #2476 ) ;
#1097 = ADVANCED_FACE ( 'NONE', ( #606 ), #69, .T. ) ;
#1098 = CARTESIAN_POINT ( 'NONE',  ( 4.000000000000004441, -2.225000000000000089, 0.000000000000000000 ) ) ;
#1099 = CARTESIAN_POINT ( 'NONE',  ( 1.409368301058639972, -1.997532944937142618, 9.999999999999989342 ) ) ;
#1100 = DIRECTION ( 'NONE',  ( -0.000000000000000000, -0.000000000000000000, -1.000000000000000000 ) ) ;
#1101 = CARTESIAN_POINT ( 'NONE',  ( 0.7502527980340947256, -2.421475992440409453, 9.800000000000000711 ) ) ;
#1102 = CARTESIAN_POINT ( 'NONE',  ( 1.584900960124022262, -2.022129854827072748, 10.00000000000000178 ) ) ;
#1103 = ORIENTED_EDGE ( 'NONE', *, *, #2980, .F. ) ;
#1104 = ORIENTED_EDGE ( 'NONE', *, *, #688, .F. ) ;
#1105 = CARTESIAN_POINT ( 'NONE',  ( 1.435344067120348122, -3.291921483731500953, 9.999999999999998224 ) ) ;
#1106 =( LENGTH_UNIT ( ) NAMED_UNIT ( * ) SI_UNIT ( .MILLI., .METRE. ) );
#1107 = CARTESIAN_POINT ( 'NONE',  ( 0.4193144070846778204, -2.921918019933799737, 10.00000000000000711 ) ) ;
#1108 = CARTESIAN_POINT ( 'NONE',  ( 0.1076193216389803309, -4.070785405965193782, 9.999999999999996447 ) ) ;
#1109 = CARTESIAN_POINT ( 'NONE',  ( 0.02350378284487799133, -2.087181138804503178, 9.999999999999998224 ) ) ;
#1110 = CARTESIAN_POINT ( 'NONE',  ( 0.3031192730933538471, -2.415301039008065143, 9.999999999999998224 ) ) ;
#1111 = CARTESIAN_POINT ( 'NONE',  ( 5.000000000000000888, 5.149999999999995026, 10.00000000000000000 ) ) ;
#1112 = ADVANCED_BREP_SHAPE_REPRESENTATION ( 'XAL1010-332MEB', ( #2948, #3160 ), #1630 ) ;
#1113 = CARTESIAN_POINT ( 'NONE',  ( -0.7015443854795093692, -2.455985308452592886, 9.800000000000002487 ) ) ;
#1114 = FACE_OUTER_BOUND ( 'NONE', #1848, .T. ) ;
#1115 = DIRECTION ( 'NONE',  ( -1.000000000000000000, 0.000000000000000000, 0.000000000000000000 ) ) ;
#1116 = ORIENTED_EDGE ( 'NONE', *, *, #2670, .F. ) ;
#1117 = CARTESIAN_POINT ( 'NONE',  ( -1.013747813221532290, -3.110444453816971322, 10.00000000000000000 ) ) ;
#1118 = ORIENTED_EDGE ( 'NONE', *, *, #1214, .F. ) ;
#1119 = CARTESIAN_POINT ( 'NONE',  ( 1.512689441684193836, -2.231138101184943157, 10.00000000000000178 ) ) ;
#1120 = EDGE_CURVE ( 'NONE', #2560, #1666, #54, .T. ) ;
#1121 = EDGE_LOOP ( 'NONE', ( #2572, #1684, #3407, #1769 ) ) ;
#1122 = CARTESIAN_POINT ( 'NONE',  ( 2.005148972533157714, -2.800033364763973243, 10.00000000000000355 ) ) ;
#1123 = SURFACE_STYLE_USAGE ( .BOTH. , #1756 ) ;
#1124 = CARTESIAN_POINT ( 'NONE',  ( 0.8858248363511176393, -2.702545148261415786, 10.00000000000000000 ) ) ;
#1125 = CARTESIAN_POINT ( 'NONE',  ( 1.493719383637958975, -3.230984166443851890, 9.999999999999998224 ) ) ;
#1126 = CARTESIAN_POINT ( 'NONE',  ( 0.8911381184387242582, -2.646942642127167122, 9.799999999999998934 ) ) ;
#1127 = ORIENTED_EDGE ( 'NONE', *, *, #2674, .F. ) ;
#1128 = ORIENTED_EDGE ( 'NONE', *, *, #79, .T. ) ;
#1129 = MECHANICAL_DESIGN_GEOMETRIC_PRESENTATION_REPRESENTATION (  '', ( #2991 ), #2830 ) ;
#1130 = CARTESIAN_POINT ( 'NONE',  ( 0.3512714210150950089, -2.535312487028348549, 9.799999999999998934 ) ) ;
#1131 = CARTESIAN_POINT ( 'NONE',  ( 0.3300303483877665700, -3.744920422457624465, 10.00000000000000000 ) ) ;
#1132 = CARTESIAN_POINT ( 'NONE',  ( 0.000000000000000000, -4.125000000000000000, 0.000000000000000000 ) ) ;
#1133 = MECHANICAL_DESIGN_GEOMETRIC_PRESENTATION_REPRESENTATION (  '', ( #854 ), #1018 ) ;
#1134 = CARTESIAN_POINT ( 'NONE',  ( 0.6958675713938526908, -2.702545148261415786, 9.799999999999998934 ) ) ;
#1135 = CARTESIAN_POINT ( 'NONE',  ( -0.8455159912492145047, -3.914990077387308531, 9.800000000000000711 ) ) ;
#1136 = LINE ( 'NONE', #2479, #1250 ) ;
#1137 = ORIENTED_EDGE ( 'NONE', *, *, #2828, .F. ) ;
#1138 = EDGE_LOOP ( 'NONE', ( #1118, #2718, #2187, #545 ) ) ;
#1139 = ORIENTED_EDGE ( 'NONE', *, *, #2025, .T. ) ;
#1140 = CARTESIAN_POINT ( 'NONE',  ( -2.316311915785635556, -2.268357114073381364, 10.00000000000000000 ) ) ;
#1141 = CARTESIAN_POINT ( 'NONE',  ( 0.000000000000000000, 0.000000000000000000, 9.799999999999998934 ) ) ;
#1142 = DIRECTION ( 'NONE',  ( -1.000000000000000000, 0.000000000000000000, 0.000000000000000000 ) ) ;
#1143 = CARTESIAN_POINT ( 'NONE',  ( 2.023702535706997985, -2.564094399047827544, 10.00000000000000178 ) ) ;
#1144 = ORIENTED_EDGE ( 'NONE', *, *, #3419, .T. ) ;
#1145 = ADVANCED_FACE ( 'NONE', ( #871 ), #919, .T. ) ;
#1146 = PLANE ( 'NONE',  #1763 ) ;
#1147 = VECTOR ( 'NONE', #3162, 1000.000000000000000 ) ;
#1148 = CARTESIAN_POINT ( 'NONE',  ( 1.807665709055789272, -3.147539065490772892, 9.799999999999998934 ) ) ;
#1149 = DIRECTION ( 'NONE',  ( 0.000000000000000000, 0.000000000000000000, 1.000000000000000000 ) ) ;
#1150 = ADVANCED_FACE ( 'NONE', ( #2972 ), #1219, .T. ) ;
#1151 = VECTOR ( 'NONE', #172, 1000.000000000000000 ) ;
#1152 = PRESENTATION_LAYER_ASSIGNMENT (  '', '', ( #256 ) ) ;
#1153 = CARTESIAN_POINT ( 'NONE',  ( 0.02350378284487799133, -2.087181138804503178, 9.799999999999995381 ) ) ;
#1154 = CARTESIAN_POINT ( 'NONE',  ( 0.3881420910745377317, -3.544185836117633936, 9.999999999999996447 ) ) ;
#1155 = CARTESIAN_POINT ( 'NONE',  ( -0.6304974835114649512, -2.087375358812049164, 10.00000000000000178 ) ) ;
#1156 = CARTESIAN_POINT ( 'NONE',  ( -3.999999999999995559, -4.424999999999999822, 0.000000000000000000 ) ) ;
#1157 =( NAMED_UNIT ( * ) PLANE_ANGLE_UNIT ( ) SI_UNIT ( $, .RADIAN. ) );
#1158 = DIRECTION ( 'NONE',  ( -1.000000000000000000, 0.000000000000000000, 0.000000000000000000 ) ) ;
#1159 = ORIENTED_EDGE ( 'NONE', *, *, #3403, .T. ) ;
#1160 = CARTESIAN_POINT ( 'NONE',  ( -1.800713625187343903, -2.051263096979364597, 9.799999999999998934 ) ) ;
#1161 = EDGE_CURVE ( 'NONE', #212, #2159, #2190, .T. ) ;
#1162 = CARTESIAN_POINT ( 'NONE',  ( -0.3060721989052931913, -1.996989592705860295, 9.799999999999998934 ) ) ;
#1163 = CARTESIAN_POINT ( 'NONE',  ( 0.4233500347049145573, -3.014579875226070182, 9.999999999999996447 ) ) ;
#1164 = CARTESIAN_POINT ( 'NONE',  ( -0.1579166935183947129, -2.012866401978996134, 9.799999999999998934 ) ) ;
#1165 = CARTESIAN_POINT ( 'NONE',  ( -0.2061638944694342557, -4.215076955450559382, 9.799999999999998934 ) ) ;
#1166 = FACE_OUTER_BOUND ( 'NONE', #1465, .T. ) ;
#1167 = LINE ( 'NONE', #2226, #676 ) ;
#1168 = CARTESIAN_POINT ( 'NONE',  ( -0.5987434197014446235, -2.330255314141540079, 10.00000000000000178 ) ) ;
#1169 = VERTEX_POINT ( 'NONE', #2420 ) ;
#1170 = CARTESIAN_POINT ( 'NONE',  ( 5.000000000000000888, 5.149999999999995026, 10.00000000000000000 ) ) ;
#1171 = CARTESIAN_POINT ( 'NONE',  ( -0.3699867455131135574, -2.217771472539903588, 9.999999999999998224 ) ) ;
#1172 = PRESENTATION_STYLE_ASSIGNMENT (( #2995 ) ) ;
#1173 = PLANE ( 'NONE',  #1581 ) ;
#1174 = ORIENTED_EDGE ( 'NONE', *, *, #436, .F. ) ;
#1175 = CARTESIAN_POINT ( 'NONE',  ( 4.499999999999997335, 5.649999999999998579, 10.00000000000000000 ) ) ;
#1176 = CARTESIAN_POINT ( 'NONE',  ( 0.1544045639152195615, -3.641731179244321215, 9.799999999999998934 ) ) ;
#1177 = CARTESIAN_POINT ( 'NONE',  ( 0.2343016113497059794, -3.135041411148516310, 9.799999999999997158 ) ) ;
#1178 = VECTOR ( 'NONE', #2320, 1000.000000000000000 ) ;
#1179 = PRESENTATION_STYLE_ASSIGNMENT (( #3071 ) ) ;
#1180 = PLANE ( 'NONE',  #788 ) ;
#1181 = ORIENTED_EDGE ( 'NONE', *, *, #1932, .T. ) ;
#1182 = CARTESIAN_POINT ( 'NONE',  ( -0.8237905482642674526, -3.109596430312697724, 10.00000000000000178 ) ) ;
#1183 = DIRECTION ( 'NONE',  ( -0.000000000000000000, -0.000000000000000000, -1.000000000000000000 ) ) ;
#1184 = CARTESIAN_POINT ( 'NONE',  ( -0.1610239162991056461, -3.983586511847169387, 9.800000000000000711 ) ) ;
#1185 = VERTEX_POINT ( 'NONE', #2250 ) ;
#1186 = CARTESIAN_POINT ( 'NONE',  ( -2.192076472409566268, -2.051263096979364597, 9.799999999999998934 ) ) ;
#1187 = CARTESIAN_POINT ( 'NONE',  ( -0.5867243362992018429, -4.156900910464788268, 9.799999999999998934 ) ) ;
#1188 = VERTEX_POINT ( 'NONE', #3031 ) ;
#1189 = AXIS2_PLACEMENT_3D ( 'NONE', #2315, #3368, #3106 ) ;
#1190 = FACE_OUTER_BOUND ( 'NONE', #1293, .T. ) ;
#1191 = CARTESIAN_POINT ( 'NONE',  ( 0.1828446715659403088, -3.995995532555364882, 9.799999999999995381 ) ) ;
#1192 = SURFACE_STYLE_FILL_AREA ( #165 ) ;
#1193 = CARTESIAN_POINT ( 'NONE',  ( 1.316055004898567304, -1.998536714119429014, 9.799999999999997158 ) ) ;
#1194 = CARTESIAN_POINT ( 'NONE',  ( -0.5583067488135180501, -2.298603097222064129, 9.799999999999997158 ) ) ;
#1195 = VECTOR ( 'NONE', #3313, 1000.000000000000000 ) ;
#1196 = VERTEX_POINT ( 'NONE', #916 ) ;
#1197 = EDGE_CURVE ( 'NONE', #3417, #1701, #2236, .T. ) ;
#1198 = LINE ( 'NONE', #2055, #3248 ) ;
#1199 = DIRECTION ( 'NONE',  ( -0.000000000000000000, -0.000000000000000000, 1.000000000000000000 ) ) ;
#1200 = CARTESIAN_POINT ( 'NONE',  ( 0.1544045639152195615, -3.641731179244321215, 9.799999999999998934 ) ) ;
#1201 = ADVANCED_FACE ( 'NONE', ( #1945 ), #1205, .F. ) ;
#1202 = ORIENTED_EDGE ( 'NONE', *, *, #292, .T. ) ;
#1203 = CARTESIAN_POINT ( 'NONE',  ( 1.835611161137442382, -2.643183502962270115, 9.799999999999998934 ) ) ;
#1204 = CARTESIAN_POINT ( 'NONE',  ( 1.061069863639407806, 0.000000000000000000, 9.799999999999998934 ) ) ;
#1205 = PLANE ( 'NONE',  #2517 ) ;
#1206 = VERTEX_POINT ( 'NONE', #3016 ) ;
#1207 = CARTESIAN_POINT ( 'NONE',  ( 1.006379013495518393, -2.375498408791834937, 9.999999999999998224 ) ) ;
#1208 =( LENGTH_UNIT ( ) NAMED_UNIT ( * ) SI_UNIT ( .MILLI., .METRE. ) );
#1209 = CARTESIAN_POINT ( 'NONE',  ( 0.3714475381511456176, -3.615997954952988813, 9.999999999999994671 ) ) ;
#1210 = FACE_OUTER_BOUND ( 'NONE', #3075, .T. ) ;
#1211 = DIRECTION ( 'NONE',  ( -1.000000000000000000, 0.000000000000000000, 0.000000000000000000 ) ) ;
#1212 = CARTESIAN_POINT ( 'NONE',  ( -4.499999999999995559, 5.649999999999998579, 0.000000000000000000 ) ) ;
#1213 = CARTESIAN_POINT ( 'NONE',  ( -0.1089375858283083698, 1.827023191801874225, 9.799999999999998934 ) ) ;
#1214 = EDGE_CURVE ( 'NONE', #154, #2244, #3317, .T. ) ;
#1215 = CARTESIAN_POINT ( 'NONE',  ( -0.7024405197702014991, -3.762456762840076685, 10.00000000000000000 ) ) ;
#1216 = CARTESIAN_POINT ( 'NONE',  ( 0.4193596480866248477, -3.298128703627347225, 9.799999999999997158 ) ) ;
#1217 = ORIENTED_EDGE ( 'NONE', *, *, #2117, .F. ) ;
#1218 = DIRECTION ( 'NONE',  ( -0.000000000000000000, -0.000000000000000000, -1.000000000000000000 ) ) ;
#1219 = B_SPLINE_SURFACE_WITH_KNOTS ( 'NONE', 3, 1, ( 
 ( #68, #830 ),
 ( #1926, #489 ),
 ( #3111, #2710 ),
 ( #569, #1280 ),
 ( #2954, #590 ),
 ( #1888, #347 ),
 ( #852, #2655 ),
 ( #2935, #53 ),
 ( #1635, #2669 ),
 ( #1148, #309 ),
 ( #2335, #870 ),
 ( #3390, #2691 ),
 ( #327, #1030 ),
 ( #2082, #1388 ),
 ( #3177, #1369 ) ),
 .UNSPECIFIED., .F., .F., .F.,
 ( 4, 1, 1, 1, 1, 1, 1, 1, 1, 1, 1, 1, 4 ),
 ( 2, 2 ),
 ( 0.000000000000000000, 0.09870219630615208184, 0.1956723088106641917, 0.2924224265079543028, 0.3913425437998248047, 0.4444624406718920007, 0.5042287754493155472, 0.5703523379946781047, 0.6425457530977474185, 0.7222875053440183102, 0.8079211226827114345, 0.9004695379850143899, 1.000000000000000000 ),
 ( 0.000000000000000000, 1.000000000000000000 ),
 .UNSPECIFIED. ) ;
#1220 = SURFACE_SIDE_STYLE ('',( #3101 ) ) ;
#1221 = ORIENTED_EDGE ( 'NONE', *, *, #2993, .F. ) ;
#1222 = DIRECTION ( 'NONE',  ( -0.6837407958614053483, -0.7297249646783451338, 0.000000000000000000 ) ) ;
#1223 = CARTESIAN_POINT ( 'NONE',  ( -0.2997120226232418694, -4.005109250825517719, 9.799999999999998934 ) ) ;
#1224 = DIRECTION ( 'NONE',  ( 0.000000000000000000, 0.000000000000000000, -1.000000000000000000 ) ) ;
#1225 = AXIS2_PLACEMENT_3D ( 'NONE', #2047, #186, #661 ) ;
#1226 = CARTESIAN_POINT ( 'NONE',  ( 0.2345427850690658678, -3.109596430312697724, 9.799999999999998934 ) ) ;
#1227 = FACE_OUTER_BOUND ( 'NONE', #1421, .T. ) ;
#1228 = ORIENTED_EDGE ( 'NONE', *, *, #177, .F. ) ;
#1229 = VECTOR ( 'NONE', #2302, 1000.000000000000000 ) ;
#1230 = CARTESIAN_POINT ( 'NONE',  ( 1.083837726552957959, 1.765312808739345041, 10.00000000000000000 ) ) ;
#1231 =( BOUNDED_CURVE ( )  B_SPLINE_CURVE ( 3, ( #2753, #1446, #621, #1685 ),
 .UNSPECIFIED., .F., .T. ) 
 B_SPLINE_CURVE_WITH_KNOTS ( ( 4, 4 ),
 ( 1.570796326794896558, 3.141592653589793116 ),
 .UNSPECIFIED. ) 
 CURVE ( )  GEOMETRIC_REPRESENTATION_ITEM ( )  RATIONAL_B_SPLINE_CURVE ( ( 1.000000000000000000, 0.8047378541243649375, 0.8047378541243649375, 1.000000000000000000 ) ) 
 REPRESENTATION_ITEM ( '' )  );
#1232 = CARTESIAN_POINT ( 'NONE',  ( -0.2997120226232418694, -2.214083609799877284, 10.00000000000000000 ) ) ;
#1233 = DIRECTION ( 'NONE',  ( -0.000000000000000000, -0.000000000000000000, 1.000000000000000000 ) ) ;
#1234 = CARTESIAN_POINT ( 'NONE',  ( -0.7422136459369742534, -3.683261285466190138, 10.00000000000000000 ) ) ;
#1235 = CARTESIAN_POINT ( 'NONE',  ( 0.1489289418603121917, -3.656501542243802305, 9.799999999999998934 ) ) ;
#1236 = CARTESIAN_POINT ( 'NONE',  ( 0.1444518493279053906, -2.182351807532858068, 10.00000000000000355 ) ) ;
#1237 = CARTESIAN_POINT ( 'NONE',  ( -3.999999999999995559, 4.424999999999999822, 0.000000000000000000 ) ) ;
#1238 = DIRECTION ( 'NONE',  ( -0.000000000000000000, -0.000000000000000000, -1.000000000000000000 ) ) ;
#1239 = FILL_AREA_STYLE ('',( #3135 ) ) ;
#1240 = ORIENTED_EDGE ( 'NONE', *, *, #1484, .T. ) ;
#1241 = CARTESIAN_POINT ( 'NONE',  ( 1.038349134167281029, -2.342074669008869403, 9.799999999999993605 ) ) ;
#1242 = LINE ( 'NONE', #1223, #406 ) ;
#1243 = SURFACE_STYLE_USAGE ( .BOTH. , #3333 ) ;
#1244 = EDGE_CURVE ( 'NONE', #1828, #1437, #2468, .T. ) ;
#1245 =( GEOMETRIC_REPRESENTATION_CONTEXT ( 3 ) GLOBAL_UNCERTAINTY_ASSIGNED_CONTEXT ( ( #104 ) ) GLOBAL_UNIT_ASSIGNED_CONTEXT ( ( #1208, #2238, #1721 ) ) REPRESENTATION_CONTEXT ( 'NONE', 'WORKASPACE' ) );
#1246 = DIRECTION ( 'NONE',  ( 0.000000000000000000, -0.000000000000000000, -1.000000000000000000 ) ) ;
#1247 = CARTESIAN_POINT ( 'NONE',  ( 1.460126783116674432, -0.3012533402591819343, 10.00000000000000000 ) ) ;
#1248 = LINE ( 'NONE', #1887, #1456 ) ;
#1249 = ORIENTED_EDGE ( 'NONE', *, *, #2323, .F. ) ;
#1250 = VECTOR ( 'NONE', #875, 1000.000000000000000 ) ;
#1251 = CARTESIAN_POINT ( 'NONE',  ( -0.3230005451759800361, -4.003942955171232221, 10.00000000000000178 ) ) ;
#1252 = CARTESIAN_POINT ( 'NONE',  ( -0.04304540462646471582, -2.298493907522738855, 10.00000000000000178 ) ) ;
#1253 = VECTOR ( 'NONE', #2414, 1000.000000000000000 ) ;
#1254 = CARTESIAN_POINT ( 'NONE',  ( -0.2997120226232418694, -4.005109250825517719, 9.799999999999998934 ) ) ;
#1255 = DIRECTION ( 'NONE',  ( 0.000000000000000000, -1.000000000000000000, 0.000000000000000000 ) ) ;
#1256 = CARTESIAN_POINT ( 'NONE',  ( 1.376406433573339694, -2.214083609799877284, 9.799999999999998934 ) ) ;
#1257 = CARTESIAN_POINT ( 'NONE',  ( 0.02426863679424133557, -4.130497438710488467, 10.00000000000000000 ) ) ;
#1258 = DIRECTION ( 'NONE',  ( -0.000000000000000000, -0.000000000000000000, 1.000000000000000000 ) ) ;
#1259 = ORIENTED_EDGE ( 'NONE', *, *, #1490, .T. ) ;
#1260 = CARTESIAN_POINT ( 'NONE',  ( -0.9017623346815267782, -2.406966508085465417, 9.799999999999997158 ) ) ;
#1261 = EDGE_CURVE ( 'NONE', #2767, #1988, #2638, .T. ) ;
#1262 = LINE ( 'NONE', #1008, #1739 ) ;
#1263 =( NAMED_UNIT ( * ) SI_UNIT ( $, .STERADIAN. ) SOLID_ANGLE_UNIT ( ) );
#1264 = CARTESIAN_POINT ( 'NONE',  ( 1.003957352633689570, -2.107839411944112840, 9.999999999999996447 ) ) ;
#1265 = CARTESIAN_POINT ( 'NONE',  ( 1.677731778085220338, -3.021911555134232152, 9.800000000000000711 ) ) ;
#1266 = FILL_AREA_STYLE ('',( #717 ) ) ;
#1267 = CARTESIAN_POINT ( 'NONE',  ( -0.4392005086097742761, -2.235124059235769511, 9.999999999999998224 ) ) ;
#1268 = CARTESIAN_POINT ( 'NONE',  ( -0.8235781133256602216, -3.192738337158328665, 9.800000000000000711 ) ) ;
#1269 = ORIENTED_EDGE ( 'NONE', *, *, #688, .T. ) ;
#1270 = DIRECTION ( 'NONE',  ( -3.942553354492742545E-16, 1.000000000000000000, 0.000000000000000000 ) ) ;
#1271 = EDGE_CURVE ( 'NONE', #3185, #848, #3258, .T. ) ;
#1272 =( LENGTH_UNIT ( ) NAMED_UNIT ( * ) SI_UNIT ( .MILLI., .METRE. ) );
#1273 = EDGE_LOOP ( 'NONE', ( #2054, #2177, #694, #948 ) ) ;
#1274 = CARTESIAN_POINT ( 'NONE',  ( -0.3060721989052931913, -1.996989592705860295, 10.00000000000000178 ) ) ;
#1275 = CARTESIAN_POINT ( 'NONE',  ( -0.9801204420802442918, -2.662124092068503423, 9.800000000000002487 ) ) ;
#1276 =( NAMED_UNIT ( * ) SI_UNIT ( $, .STERADIAN. ) SOLID_ANGLE_UNIT ( ) );
#1277 = CARTESIAN_POINT ( 'NONE',  ( 0.2035919996189533010, -3.462597123027731705, 9.999999999999996447 ) ) ;
#1278 = CARTESIAN_POINT ( 'NONE',  ( 1.640337229602079283, -3.068255408039140431, 9.799999999999998934 ) ) ;
#1279 = CARTESIAN_POINT ( 'NONE',  ( 1.834727508948766239, -2.666151254544937288, 10.00000000000000000 ) ) ;
#1280 = CARTESIAN_POINT ( 'NONE',  ( 2.005148972533157714, -2.800033364763973243, 9.999999999999998224 ) ) ;
#1281 = CARTESIAN_POINT ( 'NONE',  ( 3.700000000000004619, 2.225000000000000089, -0.2999999999999999889 ) ) ;
#1282 = DIRECTION ( 'NONE',  ( 1.000000000000000000, 0.000000000000000000, 0.000000000000000000 ) ) ;
#1283 = ORIENTED_EDGE ( 'NONE', *, *, #2903, .T. ) ;
#1284 = CARTESIAN_POINT ( 'NONE',  ( 0.1641248088457136212, -2.598415161335084544, 9.800000000000002487 ) ) ;
#1285 = AXIS2_PLACEMENT_3D ( 'NONE', #257, #2865, #501 ) ;
#1286 = CARTESIAN_POINT ( 'NONE',  ( -0.3227661154582804892, -4.221921233903970005, 9.999999999999998224 ) ) ;
#1287 = CARTESIAN_POINT ( 'NONE',  ( -0.3060721989052931913, -4.222203267919535818, 9.799999999999998934 ) ) ;
#1288 = CARTESIAN_POINT ( 'NONE',  ( -0.4384010310602227678, -3.983232150536924809, 10.00000000000000000 ) ) ;
#1289 = VECTOR ( 'NONE', #184, 1000.000000000000000 ) ;
#1290 = ORIENTED_EDGE ( 'NONE', *, *, #1484, .F. ) ;
#1291 =( NAMED_UNIT ( * ) SI_UNIT ( $, .STERADIAN. ) SOLID_ANGLE_UNIT ( ) );
#1292 = CARTESIAN_POINT ( 'NONE',  ( 1.834468966504309906, -2.600277430609609919, 10.00000000000000178 ) ) ;
#1293 = EDGE_LOOP ( 'NONE', ( #163, #2143, #3355, #1144 ) ) ;
#1294 = CARTESIAN_POINT ( 'NONE',  ( 0.2175107799649903806, -2.826412343432484153, 9.800000000000000711 ) ) ;
#1295 = CARTESIAN_POINT ( 'NONE',  ( -3.999999999999995559, 4.424999999999999822, 0.000000000000000000 ) ) ;
#1296 = FACE_OUTER_BOUND ( 'NONE', #3084, .T. ) ;
#1297 = LINE ( 'NONE', #1826, #2569 ) ;
#1298 = CIRCLE ( 'NONE', #701, 0.4999999999999995559 ) ;
#1299 = CARTESIAN_POINT ( 'NONE',  ( -0.5583960313772964312, -3.920418420097515178, 10.00000000000000000 ) ) ;
#1300 = LINE ( 'NONE', #801, #3404 ) ;
#1301 = CARTESIAN_POINT ( 'NONE',  ( -0.9253406642307149266, -2.462953976103630094, 9.800000000000000711 ) ) ;
#1302 = CARTESIAN_POINT ( 'NONE',  ( -0.3060721989052931913, -4.222203267919535818, 10.00000000000000000 ) ) ;
#1303 = AXIS2_PLACEMENT_3D ( 'NONE', #2460, #2210, #2494 ) ;
#1304 = CARTESIAN_POINT ( 'NONE',  ( -0.4518010144721060772, -4.206361437841966477, 9.999999999999998224 ) ) ;
#1305 = EDGE_CURVE ( 'NONE', #1718, #2943, #1310, .T. ) ;
#1306 = DIRECTION ( 'NONE',  ( -0.000000000000000000, -0.000000000000000000, 1.000000000000000000 ) ) ;
#1307 = ORIENTED_EDGE ( 'NONE', *, *, #102, .T. ) ;
#1308 = FILL_AREA_STYLE ('',( #1642 ) ) ;
#1309 = CARTESIAN_POINT ( 'NONE',  ( 0.3529113905398862938, -3.683092703055414585, 9.800000000000000711 ) ) ;
#1310 = B_SPLINE_CURVE_WITH_KNOTS ( 'NONE', 3,
 ( #624, #2002, #685, #1424, #129, #2791, #379, #1187, #1704, #428, #1488, #2475, #2205, #101, #885, #2487, #2021, #2093, #1800, #448, #2845, #2876, #2860, #1584, #513, #1040, #3068 ),
 .UNSPECIFIED., .F., .F.,
 ( 4, 1, 1, 1, 1, 1, 1, 1, 1, 1, 1, 1, 1, 1, 1, 1, 1, 1, 1, 1, 1, 1, 1, 1, 4 ),
 ( 0.000000000000000000, 0.03378714634699110653, 0.06662165772429388955, 0.09928487809597215386, 0.1313611650426505240, 0.1635851875953432399, 0.1961039269870679114, 0.2289022543238169449, 0.2621580559050074033, 0.2959912222583163111, 0.3302178457247996191, 0.3650598258919536265, 0.4009507373401076102, 0.4376203820767377017, 0.4757075294370918805, 0.5153806916250484038, 0.5564135414931642432, 0.5997648298727309424, 0.6464241555840871678, 0.6964314445175665558, 0.7497815178015574400, 0.8065733069755325335, 0.8674355315653996534, 0.9318867532508743334, 1.000000000000000000 ),
 .UNSPECIFIED. ) ;
#1311 =( GEOMETRIC_REPRESENTATION_CONTEXT ( 3 ) GLOBAL_UNCERTAINTY_ASSIGNED_CONTEXT ( ( #288 ) ) GLOBAL_UNIT_ASSIGNED_CONTEXT ( ( #604, #2438, #1667 ) ) REPRESENTATION_CONTEXT ( 'NONE', 'WORKASPACE' ) );
#1312 = CARTESIAN_POINT ( 'NONE',  ( 1.644946418925362641, -2.042277749454637803, 9.999999999999992895 ) ) ;
#1313 = ADVANCED_FACE ( 'NONE', ( #707 ), #180, .T. ) ;
#1314 = CARTESIAN_POINT ( 'NONE',  ( 0.3907070077956327214, -0.5714903391801289256, 10.00000000000000000 ) ) ;
#1315 = CARTESIAN_POINT ( 'NONE',  ( 1.597316556436587431, -3.385628080953723362, 9.799999999999998934 ) ) ;
#1316 = ORIENTED_EDGE ( 'NONE', *, *, #177, .T. ) ;
#1317 = CARTESIAN_POINT ( 'NONE',  ( -0.4044534616366460278, -2.003602024567689099, 10.00000000000000355 ) ) ;
#1318 = CARTESIAN_POINT ( 'NONE',  ( 0.2234985974720072599, -3.329631257067556582, 10.00000000000000000 ) ) ;
#1319 = SURFACE_STYLE_FILL_AREA ( #307 ) ;
#1320 = DIRECTION ( 'NONE',  ( 1.000000000000000000, -0.000000000000000000, -0.000000000000000000 ) ) ;
#1321 = DIRECTION ( 'NONE',  ( -1.000000000000000000, 0.000000000000000000, -0.000000000000000000 ) ) ;
#1322 = CARTESIAN_POINT ( 'NONE',  ( 1.435344067120348122, -3.291921483731500953, 9.799999999999998934 ) ) ;
#1323 = FACE_OUTER_BOUND ( 'NONE', #2495, .T. ) ;
#1324 = B_SPLINE_CURVE_WITH_KNOTS ( 'NONE', 3,
 ( #1973, #95, #653, #881, #2687, #2217, #342, #3269, #896, #113, #636, #1386, #3013, #255, #865, #65, #1126, #3233, #2969 ),
 .UNSPECIFIED., .F., .F.,
 ( 4, 1, 1, 1, 1, 1, 1, 1, 1, 1, 1, 1, 1, 1, 1, 1, 4 ),
 ( 0.000000000000000000, 0.06443867159524246935, 0.1265469112716773592, 0.1868871534365702525, 0.2458775355894552428, 0.3040408846912663332, 0.3621912180726602482, 0.4209759327916439697, 0.4806602832796654790, 0.5406002749537572871, 0.6006890983494527214, 0.6619357897571954696, 0.7244425059139824041, 0.7890383938817433496, 0.8563137570509936625, 0.9263520282058630428, 0.9999999999999998890 ),
 .UNSPECIFIED. ) ;
#1325 = CARTESIAN_POINT ( 'NONE',  ( 0.7272165377489501203, -2.486711607079202135, 10.00000000000000000 ) ) ;
#1326 = DIRECTION ( 'NONE',  ( -0.000000000000000000, -0.000000000000000000, -1.000000000000000000 ) ) ;
#1327 = CARTESIAN_POINT ( 'NONE',  ( -1.251633462202664804, 1.084938090137812061, 10.00000000000000000 ) ) ;
#1328 = FACE_OUTER_BOUND ( 'NONE', #2535, .T. ) ;
#1329 = EDGE_LOOP ( 'NONE', ( #704, #2907, #1023, #403 ) ) ;
#1330 = CARTESIAN_POINT ( 'NONE',  ( 0.2777390620621875694, -3.855966120751434190, 9.799999999999998934 ) ) ;
#1331 = ADVANCED_FACE ( 'NONE', ( #228 ), #1508, .T. ) ;
#1332 = CARTESIAN_POINT ( 'NONE',  ( 1.083837726552957959, 1.765312808739345041, 9.799999999999998934 ) ) ;
#1333 = CARTESIAN_POINT ( 'NONE',  ( 1.409368301058639972, -1.997532944937142618, 9.799999999999998934 ) ) ;
#1334 = LINE ( 'NONE', #1613, #1863 ) ;
#1335 = ORIENTED_EDGE ( 'NONE', *, *, #2142, .F. ) ;
#1336 = CARTESIAN_POINT ( 'NONE',  ( -0.5877754901772419549, -2.063165083553945678, 10.00000000000000178 ) ) ;
#1337 = ADVANCED_FACE ( 'NONE', ( #2296 ), #480, .T. ) ;
#1338 = CARTESIAN_POINT ( 'NONE',  ( -0.7597753854868284362, -3.639325896423764028, 9.799999999999997158 ) ) ;
#1339 = SURFACE_SIDE_STYLE ('',( #1319 ) ) ;
#1340 = CARTESIAN_POINT ( 'NONE',  ( 4.499999999999998224, -5.650000000000002132, 0.000000000000000000 ) ) ;
#1341 = CARTESIAN_POINT ( 'NONE',  ( -0.002636916056923334101, -2.330826032658185110, 9.799999999999997158 ) ) ;
#1342 = CARTESIAN_POINT ( 'NONE',  ( 1.423360809786948122, -2.215328981908955441, 9.800000000000000711 ) ) ;
#1343 = EDGE_CURVE ( 'NONE', #1344, #2503, #2261, .T. ) ;
#1344 = VERTEX_POINT ( 'NONE', #2109 ) ;
#1345 = LINE ( 'NONE', #1544, #3284 ) ;
#1346 = AXIS2_PLACEMENT_3D ( 'NONE', #1858, #491, #3145 ) ;
#1347 = CARTESIAN_POINT ( 'NONE',  ( -1.251633462202664804, 1.084938090137812061, 9.799999999999998934 ) ) ;
#1348 = CARTESIAN_POINT ( 'NONE',  ( -0.3377225679468037756, -0.5732001984822500118, 9.799999999999998934 ) ) ;
#1349 = DIRECTION ( 'NONE',  ( -0.000000000000000000, -0.000000000000000000, 1.000000000000000000 ) ) ;
#1350 = ORIENTED_EDGE ( 'NONE', *, *, #656, .T. ) ;
#1351 = ORIENTED_EDGE ( 'NONE', *, *, #526, .T. ) ;
#1352 = CARTESIAN_POINT ( 'NONE',  ( 0.1804048632347424463, -2.650339765513055834, 9.799999999999998934 ) ) ;
#1353 = CARTESIAN_POINT ( 'NONE',  ( 1.794310037142361258, -2.845017437073540378, 9.799999999999998934 ) ) ;
#1354 = LINE ( 'NONE', #1620, #245 ) ;
#1355 = ADVANCED_FACE ( 'NONE', ( #561 ), #3188, .F. ) ;
#1356 = CARTESIAN_POINT ( 'NONE',  ( -0.9916247756104701327, -3.478578160808441400, 9.999999999999996447 ) ) ;
#1357 = CARTESIAN_POINT ( 'NONE',  ( -1.263165198337272699, -0.1055746581058352729, 10.00000000000000000 ) ) ;
#1358 = CARTESIAN_POINT ( 'NONE',  ( 0.1641248088457136212, -2.598415161335084544, 10.00000000000000355 ) ) ;
#1359 = ORIENTED_EDGE ( 'NONE', *, *, #1990, .F. ) ;
#1360 = PLANE ( 'NONE',  #308 ) ;
#1361 =( GEOMETRIC_REPRESENTATION_CONTEXT ( 3 ) GLOBAL_UNCERTAINTY_ASSIGNED_CONTEXT ( ( #3002 ) ) GLOBAL_UNIT_ASSIGNED_CONTEXT ( ( #2316, #319, #13 ) ) REPRESENTATION_CONTEXT ( 'NONE', 'WORKASPACE' ) );
#1362 = PRESENTATION_LAYER_ASSIGNMENT (  '', '', ( #38 ) ) ;
#1363 = LINE ( 'NONE', #322, #1253 ) ;
#1364 = CARTESIAN_POINT ( 'NONE',  ( -0.1617722237557004950, -2.235188970243576101, 9.799999999999993605 ) ) ;
#1365 = ORIENTED_EDGE ( 'NONE', *, *, #1824, .T. ) ;
#1366 = MECHANICAL_DESIGN_GEOMETRIC_PRESENTATION_REPRESENTATION (  '', ( #924 ), #1426 ) ;
#1367 = CARTESIAN_POINT ( 'NONE',  ( -1.013747813221532290, -3.110444453816971322, 9.799999999999998934 ) ) ;
#1368 = UNCERTAINTY_MEASURE_WITH_UNIT (LENGTH_MEASURE( 1.000000000000000082E-05 ), #2522, 'distance_accuracy_value', 'NONE');
#1369 = CARTESIAN_POINT ( 'NONE',  ( 1.597316556436587431, -3.385628080953723362, 9.999999999999994671 ) ) ;
#1370 =( GEOMETRIC_REPRESENTATION_CONTEXT ( 3 ) GLOBAL_UNCERTAINTY_ASSIGNED_CONTEXT ( ( #658 ) ) GLOBAL_UNIT_ASSIGNED_CONTEXT ( ( #1272, #3120, #1291 ) ) REPRESENTATION_CONTEXT ( 'NONE', 'WORKASPACE' ) );
#1371 = CARTESIAN_POINT ( 'NONE',  ( 0.02350378284487799133, -2.087181138804503178, 9.799999999999995381 ) ) ;
#1372 = CARTESIAN_POINT ( 'NONE',  ( 0.2463046328390160744, -2.310970554364207175, 9.999999999999996447 ) ) ;
#1373 = EDGE_CURVE ( 'NONE', #3270, #3417, #2162, .T. ) ;
#1374 = CARTESIAN_POINT ( 'NONE',  ( -0.8198824142350525923, -2.946161386852220954, 9.799999999999997158 ) ) ;
#1375 = CARTESIAN_POINT ( 'NONE',  ( -0.8455159912492145047, -3.914990077387308531, 10.00000000000000000 ) ) ;
#1376 = ORIENTED_EDGE ( 'NONE', *, *, #2300, .F. ) ;
#1377 = CARTESIAN_POINT ( 'NONE',  ( -0.3227665785924652697, -1.997269818943131492, 9.999999999999998224 ) ) ;
#1378 = EDGE_CURVE ( 'NONE', #2874, #1582, #2181, .T. ) ;
#1379 = CARTESIAN_POINT ( 'NONE',  ( 1.632756267266094019, -2.284815551781608001, 9.999999999999996447 ) ) ;
#1380 = CARTESIAN_POINT ( 'NONE',  ( -0.6292316497692757027, -4.133113164000943307, 10.00000000000000000 ) ) ;
#1381 = ORIENTED_EDGE ( 'NONE', *, *, #595, .F. ) ;
#1382 = CARTESIAN_POINT ( 'NONE',  ( -0.6785094380251416313, -2.420627681550072907, 9.999999999999996447 ) ) ;
#1383 = CARTESIAN_POINT ( 'NONE',  ( 1.982601851881343302, -2.387961702091710325, 9.999999999999989342 ) ) ;
#1384 = CARTESIAN_POINT ( 'NONE',  ( 1.149204081755982099, -2.263385593495867543, 10.00000000000000355 ) ) ;
#1385 = CARTESIAN_POINT ( 'NONE',  ( 1.596783853973405831, -3.118200606384137430, 10.00000000000000000 ) ) ;
#1386 = CARTESIAN_POINT ( 'NONE',  ( 0.9782897123772110737, -2.412757767408512777, 9.800000000000002487 ) ) ;
#1387 = ORIENTED_EDGE ( 'NONE', *, *, #2909, .T. ) ;
#1388 = CARTESIAN_POINT ( 'NONE',  ( 1.617578750379813801, -3.363909613617038996, 9.999999999999992895 ) ) ;
#1389 = CARTESIAN_POINT ( 'NONE',  ( -0.8199155539289606498, -3.272472118796160512, 10.00000000000000178 ) ) ;
#1390 = CARTESIAN_POINT ( 'NONE',  ( 0.2345427850690658678, -3.109596430312697724, 10.00000000000000000 ) ) ;
#1391 = CARTESIAN_POINT ( 'NONE',  ( -0.8235903651807311432, -3.026028893095552341, 9.800000000000000711 ) ) ;
#1392 = CARTESIAN_POINT ( 'NONE',  ( 0.4241059965164343804, -3.142813674333613694, 9.999999999999998224 ) ) ;
#1393 = VERTEX_POINT ( 'NONE', #1647 ) ;
#1394 = DIRECTION ( 'NONE',  ( 0.000000000000000000, -1.000000000000000000, 0.000000000000000000 ) ) ;
#1395 = B_SPLINE_CURVE_WITH_KNOTS ( 'NONE', 3,
 ( #841, #124, #93, #1122, #1953, #3206, #3010, #1449, #375, #1679, #1898, #2720, #2756, #2944, #579 ),
 .UNSPECIFIED., .F., .F.,
 ( 4, 1, 1, 1, 1, 1, 1, 1, 1, 1, 1, 1, 4 ),
 ( 0.000000000000000000, 0.09870219630615208184, 0.1956723088106641917, 0.2924224265079543028, 0.3913425437998248047, 0.4444624406718920007, 0.5042287754493155472, 0.5703523379946781047, 0.6425457530977474185, 0.7222875053440183102, 0.8079211226827114345, 0.9004695379850143899, 1.000000000000000000 ),
 .UNSPECIFIED. ) ;
#1396 = ORIENTED_EDGE ( 'NONE', *, *, #2180, .F. ) ;
#1397 = DIRECTION ( 'NONE',  ( 1.000000000000000000, 0.000000000000000000, 0.000000000000000000 ) ) ;
#1398 =( LENGTH_UNIT ( ) NAMED_UNIT ( * ) SI_UNIT ( .MILLI., .METRE. ) );
#1399 = CARTESIAN_POINT ( 'NONE',  ( -0.7993565698443624301, -2.738559337318617004, 10.00000000000000000 ) ) ;
#1400 = CARTESIAN_POINT ( 'NONE',  ( 1.061069863639407806, 0.000000000000000000, 9.799999999999998934 ) ) ;
#1401 = LINE ( 'NONE', #82, #2008 ) ;
#1402 = EDGE_CURVE ( 'NONE', #3167, #1666, #272, .T. ) ;
#1403 = CARTESIAN_POINT ( 'NONE',  ( 1.957088350238916918, -2.333757980182892933, 10.00000000000000533 ) ) ;
#1404 = COLOUR_RGB ( '',0.6431372549019607199, 0.6156862745098039547, 0.5999999999999999778 ) ;
#1405 = ORIENTED_EDGE ( 'NONE', *, *, #1643, .T. ) ;
#1406 = EDGE_LOOP ( 'NONE', ( #2543, #3304, #1217, #1350 ) ) ;
#1407 = CARTESIAN_POINT ( 'NONE',  ( 0.1489289418603121917, -3.656501542243802305, 10.00000000000000000 ) ) ;
#1408 = CARTESIAN_POINT ( 'NONE',  ( 0.4245000500263306775, -3.110444453816971322, 10.00000000000000178 ) ) ;
#1409 = CARTESIAN_POINT ( 'NONE',  ( 0.4193144070846778204, -2.921918019933799737, 9.800000000000004263 ) ) ;
#1410 = CARTESIAN_POINT ( 'NONE',  ( -1.013166408808082730, -3.209564996416256477, 9.799999999999998934 ) ) ;
#1411 = CYLINDRICAL_SURFACE ( 'NONE', #1303, 0.2999999999999999889 ) ;
#1412 = CARTESIAN_POINT ( 'NONE',  ( -1.013164098146048353, -3.010617995523265922, 9.999999999999996447 ) ) ;
#1413 = DIRECTION ( 'NONE',  ( 0.6025066805183638685, 0.7981138389545330281, 0.000000000000000000 ) ) ;
#1414 = CARTESIAN_POINT ( 'NONE',  ( 0.2175107799649903806, -2.826412343432484153, 10.00000000000000178 ) ) ;
#1415 = EDGE_CURVE ( 'NONE', #2943, #2689, #1334, .T. ) ;
#1416 = PLANE ( 'NONE',  #1736 ) ;
#1417 = DIRECTION ( 'NONE',  ( -0.000000000000000000, 0.000000000000000000, 1.000000000000000000 ) ) ;
#1418 = CARTESIAN_POINT ( 'NONE',  ( 0.7109237215345766137, -2.555687604403285462, 9.799999999999995381 ) ) ;
#1419 = MECHANICAL_DESIGN_GEOMETRIC_PRESENTATION_REPRESENTATION (  '', ( #2625 ), #2631 ) ;
#1420 = LINE ( 'NONE', #359, #2023 ) ;
#1421 = EDGE_LOOP ( 'NONE', ( #1819, #2357, #876, #3255 ) ) ;
#1422 = CARTESIAN_POINT ( 'NONE',  ( 1.067725878017784291, -3.950835746552013639, 9.799999999999998934 ) ) ;
#1423 = VECTOR ( 'NONE', #2116, 1000.000000000000000 ) ;
#1424 = CARTESIAN_POINT ( 'NONE',  ( -0.4044587748679478456, -4.215611575498960484, 9.799999999999998934 ) ) ;
#1425 = STYLED_ITEM ( 'NONE', ( #770 ), #1313 ) ;
#1426 =( GEOMETRIC_REPRESENTATION_CONTEXT ( 3 ) GLOBAL_UNCERTAINTY_ASSIGNED_CONTEXT ( ( #2490 ) ) GLOBAL_UNIT_ASSIGNED_CONTEXT ( ( #94, #1157, #1954 ) ) REPRESENTATION_CONTEXT ( 'NONE', 'WORKASPACE' ) );
#1427 = CARTESIAN_POINT ( 'NONE',  ( -0.2062672153172233902, -2.003510056106087678, 9.800000000000002487 ) ) ;
#1428 = CARTESIAN_POINT ( 'NONE',  ( -0.06447561298940641950, -4.175519873332317111, 9.999999999999998224 ) ) ;
#1429 = CARTESIAN_POINT ( 'NONE',  ( 1.656681748455058001, -3.321996226111065820, 9.799999999999998934 ) ) ;
#1430 = CARTESIAN_POINT ( 'NONE',  ( -0.7118013550756357999, -2.146216136456055690, 10.00000000000000000 ) ) ;
#1431 = EDGE_CURVE ( 'NONE', #3147, #2560, #2224, .T. ) ;
#1432 = FACE_OUTER_BOUND ( 'NONE', #3343, .T. ) ;
#1433 = CARTESIAN_POINT ( 'NONE',  ( -3.000000000000001776, 2.857911485330247636, 10.00000000000000000 ) ) ;
#1434 = CARTESIAN_POINT ( 'NONE',  ( 0.2335591537474637769, -3.034387793946389689, 10.00000000000000000 ) ) ;
#1435 = CARTESIAN_POINT ( 'NONE',  ( -4.999999999999999112, 5.149999999999995026, 0.000000000000000000 ) ) ;
#1436 = CARTESIAN_POINT ( 'NONE',  ( 2.999999999999998224, 3.142088514669751920, 9.799999999999998934 ) ) ;
#1437 = VERTEX_POINT ( 'NONE', #302 ) ;
#1438 = DIRECTION ( 'NONE',  ( -0.000000000000000000, -0.000000000000000000, 1.000000000000000000 ) ) ;
#1439 = DIRECTION ( 'NONE',  ( 1.000000000000000000, 0.000000000000000000, 0.000000000000000000 ) ) ;
#1440 = DIRECTION ( 'NONE',  ( 0.000000000000000000, -1.000000000000000000, 0.000000000000000000 ) ) ;
#1441 = CARTESIAN_POINT ( 'NONE',  ( -0.8151160752353552308, -2.871607961065908654, 9.800000000000002487 ) ) ;
#1442 = SURFACE_SIDE_STYLE ('',( #1691 ) ) ;
#1443 = CARTESIAN_POINT ( 'NONE',  ( 0.8858248363511176393, -2.702545148261415786, 9.799999999999998934 ) ) ;
#1444 = CARTESIAN_POINT ( 'NONE',  ( -0.9462366671732577172, -2.523697500658175663, 10.00000000000000000 ) ) ;
#1445 = SURFACE_SIDE_STYLE ('',( #1517 ) ) ;
#1446 = CARTESIAN_POINT ( 'NONE',  ( 3.875735931288075697, 2.349264068711928388, -0.2999999999999999334 ) ) ;
#1447 = EDGE_LOOP ( 'NONE', ( #2519, #2611, #2930, #3322 ) ) ;
#1448 = B_SPLINE_SURFACE_WITH_KNOTS ( 'NONE', 3, 1, ( 
 ( #825, #2092 ),
 ( #1333, #1099 ),
 ( #2161, #3207 ),
 ( #807, #531 ),
 ( #2635, #1082 ),
 ( #246, #1312 ),
 ( #843, #1051 ),
 ( #1899, #2945 ),
 ( #2108, #2374 ),
 ( #580, #1646 ),
 ( #2147, #2127 ),
 ( #560, #1864 ),
 ( #790, #321 ),
 ( #2684, #1383 ),
 ( #2432, #2361 ),
 ( #3134, #1628 ),
 ( #1834, #1850 ),
 ( #2663, #512 ),
 ( #1599, #1066 ) ),
 .UNSPECIFIED., .F., .F., .F.,
 ( 4, 1, 1, 1, 1, 1, 1, 1, 1, 1, 1, 1, 1, 1, 1, 1, 4 ),
 ( 2, 2 ),
 ( 0.000000000000000000, 0.06947546024967010680, 0.1365167976177988629, 0.2007888236092607026, 0.2638296728558257587, 0.3257350229654196738, 0.3872906922152909437, 0.4495092187626025249, 0.5129678195454413503, 0.5762752154930608217, 0.6375801002639238657, 0.6979026059171018481, 0.7571720884269853569, 0.8165985284886554396, 0.8766531708928194666, 0.9372896424102399315, 1.000000000000000000 ),
 ( 0.000000000000000000, 1.000000000000000000 ),
 .UNSPECIFIED. ) ;
#1449 = CARTESIAN_POINT ( 'NONE',  ( 1.882742853060698884, -3.048610416291031022, 9.999999999999998224 ) ) ;
#1450 = CARTESIAN_POINT ( 'NONE',  ( 0.6958675713938526908, -2.702545148261415786, 9.799999999999998934 ) ) ;
#1451 = ORIENTED_EDGE ( 'NONE', *, *, #2887, .F. ) ;
#1452 = DIRECTION ( 'NONE',  ( -0.000000000000000000, -0.000000000000000000, 1.000000000000000000 ) ) ;
#1453 = CARTESIAN_POINT ( 'NONE',  ( -0.1610239162991056461, -3.983586511847169387, 9.800000000000000711 ) ) ;
#1454 = ORIENTED_EDGE ( 'NONE', *, *, #2136, .T. ) ;
#1455 = CARTESIAN_POINT ( 'NONE',  ( 1.073048269714317327, -2.312053951612900615, 9.999999999999998224 ) ) ;
#1456 = VECTOR ( 'NONE', #2668, 1000.000000000000000 ) ;
#1457 = EDGE_CURVE ( 'NONE', #334, #2428, #1363, .T. ) ;
#1458 = CARTESIAN_POINT ( 'NONE',  ( 1.597316556436587431, -3.385628080953723362, 10.00000000000000000 ) ) ;
#1459 = CARTESIAN_POINT ( 'NONE',  ( 0.2167436404990178145, -3.952828439944632066, 9.799999999999998934 ) ) ;
#1460 = FILL_AREA_STYLE_COLOUR ( '', #1753 ) ;
#1461 = AXIS2_PLACEMENT_3D ( 'NONE', #2557, #232, #3369 ) ;
#1462 = CARTESIAN_POINT ( 'NONE',  ( 0.9499485225726327364, -2.148149963545938235, 9.799999999999998934 ) ) ;
#1463 = CARTESIAN_POINT ( 'NONE',  ( -0.7593492691026236807, -2.579015992619043462, 10.00000000000000000 ) ) ;
#1464 = EDGE_CURVE ( 'NONE', #2428, #1835, #47, .T. ) ;
#1465 = EDGE_LOOP ( 'NONE', ( #2792, #683, #1561, #2889 ) ) ;
#1466 = CARTESIAN_POINT ( 'NONE',  ( 2.036602043599778700, 2.224999999999999645, 0.1499999999999999944 ) ) ;
#1467 = CARTESIAN_POINT ( 'NONE',  ( -0.8237905482642674526, -3.109596430312697724, 10.00000000000000178 ) ) ;
#1468 = CARTESIAN_POINT ( 'NONE',  ( -0.002948374677447292407, -3.890607166416476304, 9.999999999999998224 ) ) ;
#1469 = VERTEX_POINT ( 'NONE', #81 ) ;
#1470 = CARTESIAN_POINT ( 'NONE',  ( 1.803194634943342090, -2.479386014524203485, 9.799999999999997158 ) ) ;
#1471 = CARTESIAN_POINT ( 'NONE',  ( 0.02542523362469980772, -3.863625926722479065, 9.800000000000000711 ) ) ;
#1472 = ORIENTED_EDGE ( 'NONE', *, *, #1431, .T. ) ;
#1473 = CARTESIAN_POINT ( 'NONE',  ( 1.279619333273922299, -2.221305616933976879, 9.999999999999994671 ) ) ;
#1474 = LINE ( 'NONE', #966, #423 ) ;
#1475 = AXIS2_PLACEMENT_3D ( 'NONE', #472, #1738, #1533 ) ;
#1476 = CARTESIAN_POINT ( 'NONE',  ( -1.013747813221532290, -3.110444453816971322, 9.799999999999998934 ) ) ;
#1477 = FACE_OUTER_BOUND ( 'NONE', #3028, .T. ) ;
#1478 = CARTESIAN_POINT ( 'NONE',  ( -3.999999999999995559, 4.424999999999999822, -0.1757359312880714397 ) ) ;
#1479 = ADVANCED_FACE ( 'NONE', ( #2216 ), #680, .T. ) ;
#1480 = CARTESIAN_POINT ( 'NONE',  ( -0.7417600496031876434, -2.535100338817990906, 9.799999999999997158 ) ) ;
#1481 = AXIS2_PLACEMENT_3D ( 'NONE', #268, #2933, #797 ) ;
#1482 = LINE ( 'NONE', #2526, #138 ) ;
#1483 = COLOUR_RGB ( '',0.6431372549019607199, 0.6156862745098039547, 0.5999999999999999778 ) ;
#1484 = EDGE_CURVE ( 'NONE', #1469, #325, #1680, .T. ) ;
#1485 = CARTESIAN_POINT ( 'NONE',  ( -0.7537969933293608982, -0.1342175010474762897, 9.799999999999998934 ) ) ;
#1486 = CARTESIAN_POINT ( 'NONE',  ( -0.8209055801016204024, 0.3717573135527361128, 9.800000000000000711 ) ) ;
#1487 = CARTESIAN_POINT ( 'NONE',  ( -1.800713625187343903, -2.051263096979364597, 10.00000000000000000 ) ) ;
#1488 = CARTESIAN_POINT ( 'NONE',  ( -0.7098486596090612943, -4.074985200763001636, 9.800000000000000711 ) ) ;
#1489 = VERTEX_POINT ( 'NONE', #1986 ) ;
#1490 = EDGE_CURVE ( 'NONE', #1710, #344, #3026, .T. ) ;
#1491 = CARTESIAN_POINT ( 'NONE',  ( 0.9016530209798899742, -2.593710663828617591, 9.800000000000000711 ) ) ;
#1492 = FILL_AREA_STYLE_COLOUR ( '', #476 ) ;
#1493 = CARTESIAN_POINT ( 'NONE',  ( 0.02426863679424133557, -4.130497438710488467, 9.799999999999998934 ) ) ;
#1494 = DIRECTION ( 'NONE',  ( -0.7297249646783451338, 0.6837407958614054593, 0.000000000000000000 ) ) ;
#1495 = CARTESIAN_POINT ( 'NONE',  ( -0.8076994229413670956, -2.802494468314040255, 9.799999999999997158 ) ) ;
#1496 = VERTEX_POINT ( 'NONE', #2740 ) ;
#1497 = CARTESIAN_POINT ( 'NONE',  ( 1.097849395517412674, 1.349128976444787797, 10.00000000000000000 ) ) ;
#1498 = LINE ( 'NONE', #2511, #349 ) ;
#1499 = EDGE_CURVE ( 'NONE', #2017, #971, #536, .T. ) ;
#1500 = ORIENTED_EDGE ( 'NONE', *, *, #3328, .F. ) ;
#1501 = LINE ( 'NONE', #2547, #1151 ) ;
#1502 = CARTESIAN_POINT ( 'NONE',  ( -0.2294429257435405267, -4.002212414925865325, 10.00000000000000000 ) ) ;
#1503 = CARTESIAN_POINT ( 'NONE',  ( 0.1805483250849394816, -2.221630923471522578, 10.00000000000000178 ) ) ;
#1504 = ORIENTED_EDGE ( 'NONE', *, *, #850, .F. ) ;
#1505 = CARTESIAN_POINT ( 'NONE',  ( 1.784080082606019024, -2.442226024941325679, 9.999999999999992895 ) ) ;
#1506 = CARTESIAN_POINT ( 'NONE',  ( 1.584900960124022262, -2.022129854827072748, 9.800000000000000711 ) ) ;
#1507 = EDGE_CURVE ( 'NONE', #378, #1509, #1728, .T. ) ;
#1508 = CYLINDRICAL_SURFACE ( 'NONE', #2849, 0.2999999999999999334 ) ;
#1509 = VERTEX_POINT ( 'NONE', #1435 ) ;
#1510 = CARTESIAN_POINT ( 'NONE',  ( 0.9149415452882229127, -2.543534956610744580, 9.799999999999997158 ) ) ;
#1511 = FACE_BOUND ( 'NONE', #867, .T. ) ;
#1512 = DIRECTION ( 'NONE',  ( -0.6837407958614053483, -0.7297249646783451338, 0.000000000000000000 ) ) ;
#1513 = PRESENTATION_STYLE_ASSIGNMENT (( #1026 ) ) ;
#1514 = DIRECTION ( 'NONE',  ( 1.000000000000000000, -0.000000000000000000, -0.000000000000000000 ) ) ;
#1515 = CARTESIAN_POINT ( 'NONE',  ( 0.8858248363511176393, -2.702545148261415786, 10.00000000000000000 ) ) ;
#1516 = VECTOR ( 'NONE', #2884, 1000.000000000000000 ) ;
#1517 = SURFACE_STYLE_FILL_AREA ( #1775 ) ;
#1518 = CARTESIAN_POINT ( 'NONE',  ( -0.3060721989052931913, -4.222203267919535818, 9.799999999999998934 ) ) ;
#1519 = STYLED_ITEM ( 'NONE', ( #2617 ), #1112 ) ;
#1520 = CARTESIAN_POINT ( 'NONE',  ( -0.8889923272982379610, 0.5561544651310413867, 9.799999999999998934 ) ) ;
#1521 = VERTEX_POINT ( 'NONE', #2199 ) ;
#1522 = CARTESIAN_POINT ( 'NONE',  ( -0.6542807809591949519, -3.830456053796110538, 9.799999999999998934 ) ) ;
#1523 = CARTESIAN_POINT ( 'NONE',  ( 0.1544045639152195615, -3.641731179244321215, 10.00000000000000000 ) ) ;
#1524 = ORIENTED_EDGE ( 'NONE', *, *, #2823, .T. ) ;
#1525 = EDGE_CURVE ( 'NONE', #1905, #3147, #635, .T. ) ;
#1526 = CARTESIAN_POINT ( 'NONE',  ( 1.632756267266094019, -2.284815551781608001, 9.799999999999995381 ) ) ;
#1527 = CARTESIAN_POINT ( 'NONE',  ( 2.999999999999998224, 3.142088514669751920, 10.00000000000000000 ) ) ;
#1528 = EDGE_LOOP ( 'NONE', ( #3, #1307, #3244, #1041, #1128, #995 ) ) ;
#1529 = CARTESIAN_POINT ( 'NONE',  ( -0.5877754901772419549, -2.063165083553945678, 9.799999999999998934 ) ) ;
#1530 = FILL_AREA_STYLE ('',( #1492 ) ) ;
#1531 = SURFACE_STYLE_FILL_AREA ( #3308 ) ;
#1532 = FACE_OUTER_BOUND ( 'NONE', #1893, .T. ) ;
#1533 = DIRECTION ( 'NONE',  ( 0.000000000000000000, -0.000000000000000000, -1.000000000000000000 ) ) ;
#1534 = CLOSED_SHELL ( 'NONE', ( #799, #442, #1337, #1057, #2974, #713, #1313, #396, #2843, #803, #459, #1840, #1013, #998, #224, #1951, #1097, #1331, #3356, #2426, #1890, #408, #1715, #1569, #2445, #2571, #2488, #1355, #37, #1479, #2693, #3156, #2531, #97, #1150, #2545, #2450, #1075, #2777, #2965, #2228, #1839, #1201, #2848, #2342, #1145, #2934, #2579, #2189, #2382, #1093, #3365, #1632, #842, #1674, #1788, #2527, #3159, #161, #333, #2202, #2072, #23, #887, #2377, #3334 ) ) ;
#1535 = CARTESIAN_POINT ( 'NONE',  ( 0.8131699921013970656, -2.300742037625913117, 9.799999999999998934 ) ) ;
#1536 = CARTESIAN_POINT ( 'NONE',  ( -1.800713625187343903, -2.051263096979364597, 10.00000000000000000 ) ) ;
#1537 = MECHANICAL_DESIGN_GEOMETRIC_PRESENTATION_REPRESENTATION (  '', ( #2247 ), #2403 ) ;
#1538 = PRESENTATION_STYLE_ASSIGNMENT (( #2369 ) ) ;
#1539 = DIRECTION ( 'NONE',  ( 0.8679300138597081382, -0.4966865118376850852, 0.000000000000000000 ) ) ;
#1540 = B_SPLINE_SURFACE_WITH_KNOTS ( 'NONE', 3, 1, ( 
 ( #1518, #996 ),
 ( #1794, #237 ),
 ( #8, #2837 ),
 ( #2594, #1810 ),
 ( #2854, #490 ),
 ( #1552, #2351 ),
 ( #2336, #3391 ),
 ( #1031, #2083 ),
 ( #763, #3414 ),
 ( #1045, #3144 ),
 ( #780, #1842 ),
 ( #596, #24 ),
 ( #820, #2921 ),
 ( #1090, #856 ),
 ( #1135, #1375 ),
 ( #2194, #1873 ),
 ( #1656, #1621 ),
 ( #2138, #610 ),
 ( #2385, #1606 ),
 ( #3181, #573 ),
 ( #2173, #2675 ),
 ( #2154, #1356 ),
 ( #351, #553 ),
 ( #2657, #313 ),
 ( #1410, #296 ),
 ( #2404, #1892 ),
 ( #2441, #800 ) ),
 .UNSPECIFIED., .F., .F., .F.,
 ( 4, 1, 1, 1, 1, 1, 1, 1, 1, 1, 1, 1, 1, 1, 1, 1, 1, 1, 1, 1, 1, 1, 1, 1, 4 ),
 ( 2, 2 ),
 ( 0.000000000000000000, 0.03378714634699110653, 0.06662165772429388955, 0.09928487809597215386, 0.1313611650426505240, 0.1635851875953432399, 0.1961039269870679114, 0.2289022543238169449, 0.2621580559050074033, 0.2959912222583163111, 0.3302178457247996191, 0.3650598258919536265, 0.4009507373401076102, 0.4376203820767377017, 0.4757075294370918805, 0.5153806916250484038, 0.5564135414931642432, 0.5997648298727309424, 0.6464241555840871678, 0.6964314445175665558, 0.7497815178015574400, 0.8065733069755325335, 0.8674355315653996534, 0.9318867532508743334, 1.000000000000000000 ),
 ( 0.000000000000000000, 1.000000000000000000 ),
 .UNSPECIFIED. ) ;
#1541 =( GEOMETRIC_REPRESENTATION_CONTEXT ( 3 ) GLOBAL_UNCERTAINTY_ASSIGNED_CONTEXT ( ( #381 ) ) GLOBAL_UNIT_ASSIGNED_CONTEXT ( ( #493, #2812, #466 ) ) REPRESENTATION_CONTEXT ( 'NONE', 'WORKASPACE' ) );
#1542 = CARTESIAN_POINT ( 'NONE',  ( -0.3377225679468037756, -0.5732001984822500118, 9.799999999999998934 ) ) ;
#1543 = FACE_OUTER_BOUND ( 'NONE', #301, .T. ) ;
#1544 = CARTESIAN_POINT ( 'NONE',  ( -1.990670890144609073, -2.268357114073381364, 9.799999999999998934 ) ) ;
#1545 = CARTESIAN_POINT ( 'NONE',  ( -3.699999999999997513, -1.458744741162313820E-15, -0.2999999999999999889 ) ) ;
#1546 = VERTEX_POINT ( 'NONE', #2983 ) ;
#1547 = CARTESIAN_POINT ( 'NONE',  ( 0.2345427850690658678, -3.109596430312697724, 9.799999999999998934 ) ) ;
#1548 = FACE_OUTER_BOUND ( 'NONE', #2515, .T. ) ;
#1549 = CARTESIAN_POINT ( 'NONE',  ( 1.677731778085220338, -3.021911555134232152, 10.00000000000000000 ) ) ;
#1550 = CARTESIAN_POINT ( 'NONE',  ( 1.060711250087788438, -2.073780629739491399, 9.999999999999998224 ) ) ;
#1551 = CARTESIAN_POINT ( 'NONE',  ( 0.3876449551036682539, -2.674612707581547344, 10.00000000000000000 ) ) ;
#1552 = CARTESIAN_POINT ( 'NONE',  ( -0.4979435942948484128, -4.193409491558310442, 9.800000000000000711 ) ) ;
#1553 = ORIENTED_EDGE ( 'NONE', *, *, #1525, .T. ) ;
#1554 = CARTESIAN_POINT ( 'NONE',  ( -1.013747813221532290, -3.110444453816971322, 9.799999999999998934 ) ) ;
#1555 = DIRECTION ( 'NONE',  ( 1.000000000000000000, 1.684197549492046824E-16, -0.000000000000000000 ) ) ;
#1556 = CARTESIAN_POINT ( 'NONE',  ( -0.8084906767554036477, -3.415936075419258255, 10.00000000000000000 ) ) ;
#1557 = CARTESIAN_POINT ( 'NONE',  ( 0.2485473100960869375, -3.906261926324360534, 9.799999999999998934 ) ) ;
#1558 = ORIENTED_EDGE ( 'NONE', *, *, #3048, .T. ) ;
#1559 = CARTESIAN_POINT ( 'NONE',  ( 0.3781708504766196355, -1.025467019014482117, 9.799999999999998934 ) ) ;
#1560 = CARTESIAN_POINT ( 'NONE',  ( -3.000000000000001776, 3.142088514669752364, 10.00000000000000000 ) ) ;
#1561 = ORIENTED_EDGE ( 'NONE', *, *, #2762, .F. ) ;
#1562 = ORIENTED_EDGE ( 'NONE', *, *, #892, .F. ) ;
#1563 = CARTESIAN_POINT ( 'NONE',  ( -0.7495517278657558569, -2.180633590307979208, 10.00000000000000533 ) ) ;
#1564 = CARTESIAN_POINT ( 'NONE',  ( 5.000000000000001776, -5.150000000000003020, 0.000000000000000000 ) ) ;
#1565 = CARTESIAN_POINT ( 'NONE',  ( -0.7422136459369742534, -3.683261285466190138, 10.00000000000000000 ) ) ;
#1566 = CARTESIAN_POINT ( 'NONE',  ( 0.2299984655052064730, -3.258809777270890606, 9.800000000000000711 ) ) ;
#1567 = CARTESIAN_POINT ( 'NONE',  ( 1.455330170094622178, -3.271058222152104733, 9.799999999999998934 ) ) ;
#1568 = CARTESIAN_POINT ( 'NONE',  ( 1.835611161137442382, -2.643183502962270115, 9.999999999999998224 ) ) ;
#1569 = ADVANCED_FACE ( 'NONE', ( #3268 ), #112, .F. ) ;
#1570 = CARTESIAN_POINT ( 'NONE',  ( 0.7109237215345766137, -2.555687604403285462, 9.999999999999996447 ) ) ;
#1571 = CARTESIAN_POINT ( 'NONE',  ( -0.2997120226232418694, -4.005109250825517719, 10.00000000000000000 ) ) ;
#1572 = ORIENTED_EDGE ( 'NONE', *, *, #544, .F. ) ;
#1573 = CARTESIAN_POINT ( 'NONE',  ( 0.05388529391959448467, -2.390377882460725356, 9.799999999999997158 ) ) ;
#1574 = CARTESIAN_POINT ( 'NONE',  ( -0.2892326598421145478, -4.221958134964465259, 10.00000000000000000 ) ) ;
#1575 = EDGE_CURVE ( 'NONE', #2159, #2244, #665, .T. ) ;
#1576 = AXIS2_PLACEMENT_3D ( 'NONE', #2581, #2866, #1825 ) ;
#1577 = CARTESIAN_POINT ( 'NONE',  ( 0.2343016113497059794, -3.135041411148516310, 9.799999999999997158 ) ) ;
#1578 = CARTESIAN_POINT ( 'NONE',  ( -4.999999999999999112, 5.149999999999995026, 10.00000000000000000 ) ) ;
#1579 = VERTEX_POINT ( 'NONE', #617 ) ;
#1580 = SURFACE_STYLE_FILL_AREA ( #1017 ) ;
#1581 = AXIS2_PLACEMENT_3D ( 'NONE', #49, #323, #2705 ) ;
#1582 = VERTEX_POINT ( 'NONE', #2769 ) ;
#1583 = CARTESIAN_POINT ( 'NONE',  ( -0.6715199749405529328, -0.9464630998175950216, 9.799999999999998934 ) ) ;
#1584 = CARTESIAN_POINT ( 'NONE',  ( -1.008847613524551656, -3.305023765623976928, 9.800000000000002487 ) ) ;
#1585 = VERTEX_POINT ( 'NONE', #390 ) ;
#1586 = CARTESIAN_POINT ( 'NONE',  ( -0.3556846367799167963, -1.997822370386012958, 10.00000000000000178 ) ) ;
#1587 =( LENGTH_UNIT ( ) NAMED_UNIT ( * ) SI_UNIT ( .MILLI., .METRE. ) );
#1588 = CARTESIAN_POINT ( 'NONE',  ( -3.699999999999995737, 4.424999999999999822, -0.2999999999999999889 ) ) ;
#1589 = CARTESIAN_POINT ( 'NONE',  ( 0.2154231779531312341, -3.397630504821816722, 10.00000000000000000 ) ) ;
#1590 = LINE ( 'NONE', #1111, #643 ) ;
#1591 = VECTOR ( 'NONE', #1397, 1000.000000000000000 ) ;
#1592 = DIRECTION ( 'NONE',  ( 0.000000000000000000, 0.000000000000000000, 1.000000000000000000 ) ) ;
#1593 = EDGE_CURVE ( 'NONE', #516, #1585, #3040, .T. ) ;
#1594 = CARTESIAN_POINT ( 'NONE',  ( -0.7842038535292812362, -2.219122248116801366, 9.799999999999998934 ) ) ;
#1595 = CARTESIAN_POINT ( 'NONE',  ( -0.4979435942948484128, -4.193409491558310442, 10.00000000000000178 ) ) ;
#1596 = ORIENTED_EDGE ( 'NONE', *, *, #1120, .F. ) ;
#1597 = AXIS2_PLACEMENT_3D ( 'NONE', #511, #2994, #2496 ) ;
#1598 =( NAMED_UNIT ( * ) PLANE_ANGLE_UNIT ( ) SI_UNIT ( $, .RADIAN. ) );
#1599 = CARTESIAN_POINT ( 'NONE',  ( 2.025568426094707331, -2.626223032876800367, 9.799999999999998934 ) ) ;
#1600 = CARTESIAN_POINT ( 'NONE',  ( 1.061069863639407806, 0.000000000000000000, 10.00000000000000000 ) ) ;
#1601 = CARTESIAN_POINT ( 'NONE',  ( 1.766361581725339081, -2.898727743174039695, 9.999999999999998224 ) ) ;
#1602 = ORIENTED_EDGE ( 'NONE', *, *, #2242, .T. ) ;
#1603 = CARTESIAN_POINT ( 'NONE',  ( 0.2342100515805762007, -3.084155565027976831, 9.799999999999998934 ) ) ;
#1604 = CARTESIAN_POINT ( 'NONE',  ( -0.07398397896931602213, -1.095166562227115614, 10.00000000000000000 ) ) ;
#1605 = CARTESIAN_POINT ( 'NONE',  ( -0.7882252647761153197, -3.538049415124103980, 9.999999999999998224 ) ) ;
#1606 = CARTESIAN_POINT ( 'NONE',  ( -0.9453333839134308025, -3.695918813564075478, 10.00000000000000000 ) ) ;
#1607 = ORIENTED_EDGE ( 'NONE', *, *, #481, .F. ) ;
#1608 = CARTESIAN_POINT ( 'NONE',  ( -0.6304974835114649512, -2.087375358812049164, 9.800000000000000711 ) ) ;
#1609 = ORIENTED_EDGE ( 'NONE', *, *, #1818, .F. ) ;
#1610 = CARTESIAN_POINT ( 'NONE',  ( -2.192076472409566268, -2.051263096979364597, 9.799999999999998934 ) ) ;
#1611 = CARTESIAN_POINT ( 'NONE',  ( -1.263165198337272699, -0.1055746581058352729, 9.799999999999998934 ) ) ;
#1612 = B_SPLINE_CURVE_WITH_KNOTS ( 'NONE', 3,
 ( #32, #1085, #2149, #827, #1884, #2929, #48, #562, #2665, #303, #2415, #2048, #2895, #1604, #1853, #2288, #188, #1247 ),
 .UNSPECIFIED., .F., .F.,
 ( 4, 1, 1, 1, 1, 1, 1, 1, 1, 1, 1, 1, 1, 1, 1, 4 ),
 ( 0.000000000000000000, 0.06250000000000000000, 0.09375000000000000000, 0.1250000000000000000, 0.1875000000000000000, 0.2500000000000000000, 0.3125000000000000000, 0.3750000000000000000, 0.5000000000000000000, 0.5625000000000000000, 0.6250000000000000000, 0.6875000000000000000, 0.7500000000000000000, 0.8125000000000000000, 0.8750000000000000000, 1.000000000000000000 ),
 .UNSPECIFIED. ) ;
#1613 = CARTESIAN_POINT ( 'NONE',  ( -1.013747813221532290, -3.110444453816971322, 9.799999999999998934 ) ) ;
#1614 = CARTESIAN_POINT ( 'NONE',  ( 1.834727508948766239, -2.666151254544937288, 10.00000000000000178 ) ) ;
#1615 = VERTEX_POINT ( 'NONE', #1467 ) ;
#1616 = CARTESIAN_POINT ( 'NONE',  ( 0.1956455963816886023, -2.705338642427614460, 9.999999999999998224 ) ) ;
#1617 = FACE_BOUND ( 'NONE', #2371, .T. ) ;
#1618 = EDGE_CURVE ( 'NONE', #2244, #2990, #2512, .T. ) ;
#1619 = CARTESIAN_POINT ( 'NONE',  ( 0.4241100397203784733, -3.077933431633211647, 10.00000000000000000 ) ) ;
#1620 = CARTESIAN_POINT ( 'NONE',  ( -3.000000000000001776, 2.857911485330247636, 9.799999999999998934 ) ) ;
#1621 = CARTESIAN_POINT ( 'NONE',  ( -0.9001019382882037290, -3.813528577820885612, 9.999999999999998224 ) ) ;
#1622 = CARTESIAN_POINT ( 'NONE',  ( -0.2126610159048048510, 2.216428011154425004, 9.799999999999998934 ) ) ;
#1623 = ORIENTED_EDGE ( 'NONE', *, *, #10, .F. ) ;
#1624 = CARTESIAN_POINT ( 'NONE',  ( -0.8473343346648757324, -2.306233051078514951, 9.799999999999997158 ) ) ;
#1625 = CARTESIAN_POINT ( 'NONE',  ( -1.990670890144609073, -2.268357114073381364, 9.799999999999998934 ) ) ;
#1626 = CIRCLE ( 'NONE', #1576, 0.4999999999999995559 ) ;
#1627 = CARTESIAN_POINT ( 'NONE',  ( 0.2439509165164328863, 2.293072518111348046, 9.799999999999998934 ) ) ;
#1628 = CARTESIAN_POINT ( 'NONE',  ( 2.015642623619435803, -2.503240346677191752, 9.999999999999989342 ) ) ;
#1629 = CARTESIAN_POINT ( 'NONE',  ( 0.3907070077956327214, -0.5714903391801289256, 9.799999999999998934 ) ) ;
#1630 =( GEOMETRIC_REPRESENTATION_CONTEXT ( 3 ) GLOBAL_UNCERTAINTY_ASSIGNED_CONTEXT ( ( #3200 ) ) GLOBAL_UNIT_ASSIGNED_CONTEXT ( ( #3115, #528, #210 ) ) REPRESENTATION_CONTEXT ( 'NONE', 'WORKASPACE' ) );
#1631 = CARTESIAN_POINT ( 'NONE',  ( 0.1956455963816886023, -2.705338642427614460, 9.799999999999997158 ) ) ;
#1632 = ADVANCED_FACE ( 'NONE', ( #1543 ), #394, .T. ) ;
#1633 = ORIENTED_EDGE ( 'NONE', *, *, #2632, .T. ) ;
#1634 = DIRECTION ( 'NONE',  ( -0.000000000000000000, -0.000000000000000000, 1.000000000000000000 ) ) ;
#1635 = CARTESIAN_POINT ( 'NONE',  ( 1.847990324490368819, -3.096450390031287192, 9.800000000000000711 ) ) ;
#1636 = CARTESIAN_POINT ( 'NONE',  ( -0.1109157239215269736, -2.026123372321841476, 9.799999999999998934 ) ) ;
#1637 = CARTESIAN_POINT ( 'NONE',  ( -2.036602043599778700, 2.224999999999999645, 0.1499999999999999944 ) ) ;
#1638 = ORIENTED_EDGE ( 'NONE', *, *, #1197, .F. ) ;
#1639 = CARTESIAN_POINT ( 'NONE',  ( -0.9642663144689737065, -2.590015453228931452, 10.00000000000000000 ) ) ;
#1640 = VECTOR ( 'NONE', #3230, 1000.000000000000000 ) ;
#1641 = ORIENTED_EDGE ( 'NONE', *, *, #1373, .F. ) ;
#1642 = FILL_AREA_STYLE_COLOUR ( '', #36 ) ;
#1643 = EDGE_CURVE ( 'NONE', #848, #835, #1501, .T. ) ;
#1644 = AXIS2_PLACEMENT_3D ( 'NONE', #2838, #1539, #940 ) ;
#1645 = CARTESIAN_POINT ( 'NONE',  ( -0.4392005086097742761, -2.235124059235769511, 9.999999999999998224 ) ) ;
#1646 = CARTESIAN_POINT ( 'NONE',  ( 1.849305568203488015, -2.183825666505336383, 9.999999999999987566 ) ) ;
#1647 = CARTESIAN_POINT ( 'NONE',  ( 4.000000000000004441, -2.225000000000000089, 0.000000000000000000 ) ) ;
#1648 = CARTESIAN_POINT ( 'NONE',  ( 1.832970775095242866, -2.711812010283048302, 10.00000000000000355 ) ) ;
#1649 = CARTESIAN_POINT ( 'NONE',  ( 0.9499485225726327364, -2.148149963545938235, 9.799999999999998934 ) ) ;
#1650 = CARTESIAN_POINT ( 'NONE',  ( 1.409368301058639972, -1.997532944937142618, 10.00000000000000000 ) ) ;
#1651 = ORIENTED_EDGE ( 'NONE', *, *, #752, .F. ) ;
#1652 = EDGE_LOOP ( 'NONE', ( #1249, #961, #2266, #98 ) ) ;
#1653 = VECTOR ( 'NONE', #868, 1000.000000000000000 ) ;
#1654 = CARTESIAN_POINT ( 'NONE',  ( 1.640337229602079283, -3.068255408039140431, 9.799999999999998934 ) ) ;
#1655 = AXIS2_PLACEMENT_3D ( 'NONE', #1, #2126, #2412 ) ;
#1656 = CARTESIAN_POINT ( 'NONE',  ( -0.9001019382882037290, -3.813528577820885612, 9.799999999999998934 ) ) ;
#1657 = CARTESIAN_POINT ( 'NONE',  ( 1.847990324490368819, -3.096450390031287192, 9.800000000000000711 ) ) ;
#1658 = ORIENTED_EDGE ( 'NONE', *, *, #244, .T. ) ;
#1659 = DIRECTION ( 'NONE',  ( 0.000000000000000000, -1.000000000000000000, 0.000000000000000000 ) ) ;
#1660 = CARTESIAN_POINT ( 'NONE',  ( 1.803194634943342090, -2.479386014524203485, 9.999999999999998224 ) ) ;
#1661 = EDGE_LOOP ( 'NONE', ( #858, #2034, #1335, #1405 ) ) ;
#1662 = CARTESIAN_POINT ( 'NONE',  ( 0.4017195782060866693, -3.467346228537703468, 10.00000000000000178 ) ) ;
#1663 = CARTESIAN_POINT ( 'NONE',  ( 0.2246464375639993238, -2.892277248329474748, 10.00000000000000178 ) ) ;
#1664 = CARTESIAN_POINT ( 'NONE',  ( 1.006379013495518393, -2.375498408791834937, 10.00000000000000355 ) ) ;
#1665 = CARTESIAN_POINT ( 'NONE',  ( -2.316311915785634667, -2.268357114073381364, 9.799999999999998934 ) ) ;
#1666 = VERTEX_POINT ( 'NONE', #2308 ) ;
#1667 =( NAMED_UNIT ( * ) SI_UNIT ( $, .STERADIAN. ) SOLID_ANGLE_UNIT ( ) );
#1668 = CARTESIAN_POINT ( 'NONE',  ( 0.3031192730933538471, -2.415301039008065143, 10.00000000000000000 ) ) ;
#1669 = CARTESIAN_POINT ( 'NONE',  ( -0.3060721989052931913, -1.996989592705860295, 10.00000000000000178 ) ) ;
#1670 = CARTESIAN_POINT ( 'NONE',  ( -0.7593492691026236807, -2.579015992619043462, 9.799999999999998934 ) ) ;
#1671 = CARTESIAN_POINT ( 'NONE',  ( -4.499999999999993783, -5.650000000000002132, 10.00000000000000000 ) ) ;
#1672 = CARTESIAN_POINT ( 'NONE',  ( 4.499999999999997335, 5.649999999999998579, 0.000000000000000000 ) ) ;
#1673 = SURFACE_STYLE_FILL_AREA ( #58 ) ;
#1674 = ADVANCED_FACE ( 'NONE', ( #2840 ), #2188, .T. ) ;
#1675 = ORIENTED_EDGE ( 'NONE', *, *, #121, .T. ) ;
#1676 = PLANE ( 'NONE',  #968 ) ;
#1677 = CARTESIAN_POINT ( 'NONE',  ( 0.4245000500263306775, -3.110444453816971322, 10.00000000000000000 ) ) ;
#1678 = EDGE_CURVE ( 'NONE', #2481, #2327, #2583, .T. ) ;
#1679 = CARTESIAN_POINT ( 'NONE',  ( 1.807665709055789272, -3.147539065490772892, 10.00000000000000000 ) ) ;
#1680 = LINE ( 'NONE', #1972, #2582 ) ;
#1681 = CARTESIAN_POINT ( 'NONE',  ( 1.316055004898567304, -1.998536714119429014, 9.799999999999997158 ) ) ;
#1682 = AXIS2_PLACEMENT_3D ( 'NONE', #332, #1394, #316 ) ;
#1683 = EDGE_LOOP ( 'NONE', ( #1607, #1381, #2677, #1602 ) ) ;
#1684 = ORIENTED_EDGE ( 'NONE', *, *, #2090, .T. ) ;
#1685 = CARTESIAN_POINT ( 'NONE',  ( 4.000000000000004441, 2.225000000000000089, 0.000000000000000000 ) ) ;
#1686 = CARTESIAN_POINT ( 'NONE',  ( -0.04254972241403133515, -3.922253346608437052, 9.999999999999998224 ) ) ;
#1687 = STYLED_ITEM ( 'NONE', ( #2731 ), #2948 ) ;
#1688 = B_SPLINE_CURVE_WITH_KNOTS ( 'NONE', 3,
 ( #1322, #1567, #2604, #217, #1073, #1278, #2097, #777, #2367, #798, #1353, #3387, #538, #2898, #2642 ),
 .UNSPECIFIED., .F., .F.,
 ( 4, 1, 1, 1, 1, 1, 1, 1, 1, 1, 1, 1, 4 ),
 ( 0.000000000000000000, 0.1108026438013185178, 0.2128292023477704464, 0.3061013098231109564, 0.3906473211160100267, 0.4669244693608514130, 0.5344810392840304569, 0.5935869409656724383, 0.6445570045087177791, 0.7362004526293727258, 0.8250240256188645649, 0.9119855848297582224, 0.9999999999999998890 ),
 .UNSPECIFIED. ) ;
#1689 = CARTESIAN_POINT ( 'NONE',  ( 1.067725878017784291, -3.950835746552013639, 10.00000000000000000 ) ) ;
#1690 = CARTESIAN_POINT ( 'NONE',  ( -0.7226995692752929967, -2.494078513786440521, 9.799999999999998934 ) ) ;
#1691 = SURFACE_STYLE_FILL_AREA ( #673 ) ;
#1692 = CARTESIAN_POINT ( 'NONE',  ( -0.7495517278657558569, -2.180633590307979208, 10.00000000000000355 ) ) ;
#1693 = ORIENTED_EDGE ( 'NONE', *, *, #892, .T. ) ;
#1694 = CARTESIAN_POINT ( 'NONE',  ( -0.8738728979708562106, -3.866047680355077176, 10.00000000000000000 ) ) ;
#1695 = EDGE_CURVE ( 'NONE', #1496, #3007, #3237, .T. ) ;
#1696 = CARTESIAN_POINT ( 'NONE',  ( -3.999999999999996891, 2.225000000000000089, -0.1757359312880714675 ) ) ;
#1697 = CARTESIAN_POINT ( 'NONE',  ( -0.7417600496031876434, -2.535100338817990906, 9.999999999999998224 ) ) ;
#1698 = DIRECTION ( 'NONE',  ( 0.000000000000000000, -0.000000000000000000, 1.000000000000000000 ) ) ;
#1699 = DIRECTION ( 'NONE',  ( -0.7981138389545330281, 0.6025066805183638685, -0.000000000000000000 ) ) ;
#1700 = PLANE ( 'NONE',  #3225 ) ;
#1701 = VERTEX_POINT ( 'NONE', #1160 ) ;
#1702 = LINE ( 'NONE', #2743, #1812 ) ;
#1703 = VECTOR ( 'NONE', #937, 1000.000000000000000 ) ;
#1704 = CARTESIAN_POINT ( 'NONE',  ( -0.6292316497692757027, -4.133113164000943307, 9.799999999999998934 ) ) ;
#1705 = LINE ( 'NONE', #2746, #2120 ) ;
#1706 = UNCERTAINTY_MEASURE_WITH_UNIT (LENGTH_MEASURE( 1.000000000000000082E-05 ), #1398, 'distance_accuracy_value', 'NONE');
#1707 = CARTESIAN_POINT ( 'NONE',  ( -0.1576339343858187692, -4.205960861873816015, 9.799999999999998934 ) ) ;
#1708 = CARTESIAN_POINT ( 'NONE',  ( -0.9017623346815267782, -2.406966508085465417, 9.999999999999998224 ) ) ;
#1709 = CARTESIAN_POINT ( 'NONE',  ( -0.6785094380251416313, -2.420627681550072907, 9.799999999999995381 ) ) ;
#1710 = VERTEX_POINT ( 'NONE', #2204 ) ;
#1711 = CARTESIAN_POINT ( 'NONE',  ( -0.5055455212696383649, -2.265369995778994561, 10.00000000000000533 ) ) ;
#1712 = DIRECTION ( 'NONE',  ( -1.000000000000000000, 0.000000000000000000, 0.000000000000000000 ) ) ;
#1713 = CARTESIAN_POINT ( 'NONE',  ( 2.025568426094707331, -2.626223032876800367, 10.00000000000000000 ) ) ;
#1714 = ORIENTED_EDGE ( 'NONE', *, *, #1431, .F. ) ;
#1715 = ADVANCED_FACE ( 'NONE', ( #1976 ), #1146, .F. ) ;
#1716 = CARTESIAN_POINT ( 'NONE',  ( -0.2294429257435405267, -4.002212414925865325, 10.00000000000000000 ) ) ;
#1717 = CARTESIAN_POINT ( 'NONE',  ( -0.2762728592885767553, -4.004142973858533239, 9.799999999999998934 ) ) ;
#1718 = VERTEX_POINT ( 'NONE', #2221 ) ;
#1719 = CARTESIAN_POINT ( 'NONE',  ( 1.109976778933410291, -2.285575362896838492, 9.799999999999995381 ) ) ;
#1720 = EDGE_CURVE ( 'NONE', #2014, #1096, #899, .T. ) ;
#1721 =( NAMED_UNIT ( * ) SI_UNIT ( $, .STERADIAN. ) SOLID_ANGLE_UNIT ( ) );
#1722 = CARTESIAN_POINT ( 'NONE',  ( 0.2167436404990178145, -3.952828439944632066, 9.999999999999996447 ) ) ;
#1723 = CARTESIAN_POINT ( 'NONE',  ( 1.120038029462098628, -2.045307688255546985, 9.999999999999998224 ) ) ;
#1724 =( NAMED_UNIT ( * ) SI_UNIT ( $, .STERADIAN. ) SOLID_ANGLE_UNIT ( ) );
#1725 = ORIENTED_EDGE ( 'NONE', *, *, #2744, .F. ) ;
#1726 = CARTESIAN_POINT ( 'NONE',  ( 0.07928268320192587149, -2.425473753649842745, 10.00000000000000178 ) ) ;
#1727 = CARTESIAN_POINT ( 'NONE',  ( 1.435344067120348122, -3.291921483731500953, 9.799999999999998934 ) ) ;
#1728 = LINE ( 'NONE', #1939, #3123 ) ;
#1729 = CARTESIAN_POINT ( 'NONE',  ( -1.800713625187343903, -2.051263096979364597, 9.799999999999998934 ) ) ;
#1730 = ORIENTED_EDGE ( 'NONE', *, *, #1861, .F. ) ;
#1731 = CARTESIAN_POINT ( 'NONE',  ( 1.827781692305676220, -2.558545376345968236, 9.999999999999991118 ) ) ;
#1732 = DIRECTION ( 'NONE',  ( 0.000000000000000000, 1.000000000000000000, -2.161093640279653725E-12 ) ) ;
#1733 = EDGE_CURVE ( 'NONE', #212, #154, #655, .T. ) ;
#1734 = ORIENTED_EDGE ( 'NONE', *, *, #872, .T. ) ;
#1735 = CARTESIAN_POINT ( 'NONE',  ( 1.376406433573339694, -2.214083609799877284, 9.999999999999994671 ) ) ;
#1736 = AXIS2_PLACEMENT_3D ( 'NONE', #376, #634, #1698 ) ;
#1737 = DIRECTION ( 'NONE',  ( -1.000000000000000000, 0.000000000000000000, 0.000000000000000000 ) ) ;
#1738 = DIRECTION ( 'NONE',  ( 0.000000000000000000, -1.000000000000000000, 0.000000000000000000 ) ) ;
#1739 = VECTOR ( 'NONE', #2602, 1000.000000000000000 ) ;
#1740 = CARTESIAN_POINT ( 'NONE',  ( -3.999999999999995559, 4.424999999999999822, 0.000000000000000000 ) ) ;
#1741 =( LENGTH_UNIT ( ) NAMED_UNIT ( * ) SI_UNIT ( .MILLI., .METRE. ) );
#1742 = CARTESIAN_POINT ( 'NONE',  ( -0.8084906767554036477, -3.415936075419258255, 10.00000000000000000 ) ) ;
#1743 = CARTESIAN_POINT ( 'NONE',  ( -0.9240768112163135761, -3.757093460412612718, 10.00000000000000178 ) ) ;
#1744 = FACE_OUTER_BOUND ( 'NONE', #2940, .T. ) ;
#1745 = ORIENTED_EDGE ( 'NONE', *, *, #656, .F. ) ;
#1746 = CARTESIAN_POINT ( 'NONE',  ( 1.386158703872485187, -1.996989592705860295, 10.00000000000000000 ) ) ;
#1747 = CARTESIAN_POINT ( 'NONE',  ( -0.002948374677447292407, -3.890607166416476304, 9.799999999999997158 ) ) ;
#1748 = EDGE_LOOP ( 'NONE', ( #170, #2981, #898, #509 ) ) ;
#1749 = CARTESIAN_POINT ( 'NONE',  ( 1.376406433573339694, -2.214083609799877284, 9.999999999999991118 ) ) ;
#1750 = VECTOR ( 'NONE', #2624, 1000.000000000000000 ) ;
#1751 = CARTESIAN_POINT ( 'NONE',  ( 0.09882107299741001161, -3.765214444726385334, 9.799999999999998934 ) ) ;
#1752 = ORIENTED_EDGE ( 'NONE', *, *, #1695, .F. ) ;
#1753 = COLOUR_RGB ( '',0.2980392156862745057, 0.2980392156862745057, 0.2980392156862745057 ) ;
#1754 = SURFACE_SIDE_STYLE ('',( #3052 ) ) ;
#1755 = B_SPLINE_SURFACE_WITH_KNOTS ( 'NONE', 3, 1, ( 
 ( #1823, #1806 ),
 ( #216, #776 ),
 ( #291, #20 ),
 ( #270, #537 ),
 ( #2603, #1277 ),
 ( #3386, #1589 ),
 ( #2348, #500 ),
 ( #1566, #234 ),
 ( #3411, #3141 ),
 ( #1177, #2692 ),
 ( #311, #1390 ) ),
 .UNSPECIFIED., .F., .F., .F.,
 ( 4, 1, 1, 1, 1, 1, 1, 1, 4 ),
 ( 2, 2 ),
 ( 0.000000000000000000, 0.1105883385953361497, 0.2245417540535957490, 0.3425034940501041625, 0.4643240984173584440, 0.5907560327017663537, 0.7222274753555146809, 0.8588428362087243695, 1.000000000000000000 ),
 ( 0.000000000000000000, 1.000000000000000000 ),
 .UNSPECIFIED. ) ;
#1756 = SURFACE_SIDE_STYLE ('',( #2006 ) ) ;
#1757 = CARTESIAN_POINT ( 'NONE',  ( 0.3529113905398862938, -3.683092703055414585, 9.999999999999998224 ) ) ;
#1758 = CARTESIAN_POINT ( 'NONE',  ( 0.6971056115462673786, -2.677344182801844052, 9.999999999999998224 ) ) ;
#1759 = CARTESIAN_POINT ( 'NONE',  ( 0.1607858711047825406, -3.622844622519445945, 10.00000000000000000 ) ) ;
#1760 = CARTESIAN_POINT ( 'NONE',  ( -0.7748147170994328370, -2.627143516158633840, 9.999999999999996447 ) ) ;
#1761 = ORIENTED_EDGE ( 'NONE', *, *, #1990, .T. ) ;
#1762 = EDGE_CURVE ( 'NONE', #1521, #2990, #1702, .T. ) ;
#1763 = AXIS2_PLACEMENT_3D ( 'NONE', #3257, #1959, #2760 ) ;
#1764 = EDGE_CURVE ( 'NONE', #1206, #971, #115, .T. ) ;
#1765 = DIRECTION ( 'NONE',  ( 0.000000000000000000, -1.000000000000000000, 0.000000000000000000 ) ) ;
#1766 = CARTESIAN_POINT ( 'NONE',  ( -0.2997120226232418694, -4.005109250825517719, 10.00000000000000000 ) ) ;
#1767 = CARTESIAN_POINT ( 'NONE',  ( -0.2762728592885767553, -4.004142973858533239, 9.799999999999998934 ) ) ;
#1768 = CARTESIAN_POINT ( 'NONE',  ( 0.1444518493279053906, -2.182351807532858068, 9.800000000000000711 ) ) ;
#1769 = ORIENTED_EDGE ( 'NONE', *, *, #1946, .T. ) ;
#1770 = CARTESIAN_POINT ( 'NONE',  ( 1.834468966504309906, -2.600277430609609919, 9.800000000000000711 ) ) ;
#1771 = ORIENTED_EDGE ( 'NONE', *, *, #1720, .F. ) ;
#1772 = CARTESIAN_POINT ( 'NONE',  ( 0.2342100515805762007, -3.084155565027976831, 9.799999999999998934 ) ) ;
#1773 = DIRECTION ( 'NONE',  ( -0.000000000000000000, -0.000000000000000000, 1.000000000000000000 ) ) ;
#1774 = DIRECTION ( 'NONE',  ( -0.6837407958614053483, -0.7297249646783450228, 0.000000000000000000 ) ) ;
#1775 = FILL_AREA_STYLE ('',( #2271 ) ) ;
#1776 = CARTESIAN_POINT ( 'NONE',  ( 0.3907070077956327214, -0.5714903391801289256, 9.999999999999996447 ) ) ;
#1777 = CARTESIAN_POINT ( 'NONE',  ( -0.7230391474317446887, -3.724143925090818819, 10.00000000000000000 ) ) ;
#1778 = PLANE ( 'NONE',  #2556 ) ;
#1779 = EDGE_CURVE ( 'NONE', #2767, #2298, #3289, .T. ) ;
#1780 = ORIENTED_EDGE ( 'NONE', *, *, #1071, .T. ) ;
#1781 = CARTESIAN_POINT ( 'NONE',  ( 1.733967428779334963, -2.372480984149575978, 9.999999999999994671 ) ) ;
#1782 = B_SPLINE_SURFACE_WITH_KNOTS ( 'NONE', 3, 1, ( 
 ( #3370, #2319 ),
 ( #2303, #1758 ),
 ( #952, #1996 ),
 ( #3353, #1982 ),
 ( #969, #938 ),
 ( #473, #3089 ),
 ( #992, #2781 ),
 ( #1535, #729 ),
 ( #1789, #2835 ),
 ( #401, #2030 ),
 ( #1462, #2580 ),
 ( #207, #1264 ),
 ( #3021, #3335 ),
 ( #712, #1723 ),
 ( #2506, #2558 ),
 ( #134, #432 ),
 ( #1193, #2256 ),
 ( #3037, #674 ),
 ( #420, #152 ) ),
 .UNSPECIFIED., .F., .F., .F.,
 ( 4, 1, 1, 1, 1, 1, 1, 1, 1, 1, 1, 1, 1, 1, 1, 1, 4 ),
 ( 2, 2 ),
 ( 0.000000000000000000, 0.06879079439061823453, 0.1351032894311280375, 0.1989786743106514710, 0.2619042997808562756, 0.3234949693679693983, 0.3851953779660511890, 0.4469692387407744327, 0.5097647767031322497, 0.5722505688473684682, 0.6334051756611528416, 0.6932511629217525950, 0.7525831627856701678, 0.8125792661534213535, 0.8732750849201917909, 0.9355499428950291296, 1.000000000000000000 ),
 ( 0.000000000000000000, 1.000000000000000000 ),
 .UNSPECIFIED. ) ;
#1783 = CARTESIAN_POINT ( 'NONE',  ( 1.454974330446088260, -1.998600612662215781, 9.799999999999995381 ) ) ;
#1784 = ORIENTED_EDGE ( 'NONE', *, *, #1678, .T. ) ;
#1785 = CARTESIAN_POINT ( 'NONE',  ( 0.8911381184387242582, -2.646942642127167122, 9.999999999999994671 ) ) ;
#1786 = PRESENTATION_STYLE_ASSIGNMENT (( #726 ) ) ;
#1787 = LINE ( 'NONE', #471, #2390 ) ;
#1788 = ADVANCED_FACE ( 'NONE', ( #2827 ), #946, .T. ) ;
#1789 = CARTESIAN_POINT ( 'NONE',  ( 0.8538062731261810701, -2.245714033022318645, 9.799999999999998934 ) ) ;
#1790 = AXIS2_PLACEMENT_3D ( 'NONE', #2009, #1494, #1774 ) ;
#1791 = CARTESIAN_POINT ( 'NONE',  ( 1.710916413596494490, -2.980669996297828916, 9.799999999999995381 ) ) ;
#1792 = ORIENTED_EDGE ( 'NONE', *, *, #696, .T. ) ;
#1793 = AXIS2_PLACEMENT_3D ( 'NONE', #2057, #1255, #126 ) ;
#1794 = CARTESIAN_POINT ( 'NONE',  ( -0.3227661154582804892, -4.221921233903970005, 9.799999999999997158 ) ) ;
#1795 = CARTESIAN_POINT ( 'NONE',  ( -0.2302739943266261802, -2.217766812325220105, 10.00000000000000533 ) ) ;
#1796 = CARTESIAN_POINT ( 'NONE',  ( -0.8235781133256602216, -3.192738337158328665, 10.00000000000000178 ) ) ;
#1797 = CARTESIAN_POINT ( 'NONE',  ( -0.06447561298940641950, -4.175519873332317111, 9.800000000000000711 ) ) ;
#1798 = VERTEX_POINT ( 'NONE', #1237 ) ;
#1799 = LINE ( 'NONE', #1487, #2087 ) ;
#1800 = CARTESIAN_POINT ( 'NONE',  ( -0.9453333839134308025, -3.695918813564075478, 9.800000000000000711 ) ) ;
#1801 = ORIENTED_EDGE ( 'NONE', *, *, #292, .F. ) ;
#1802 = ORIENTED_EDGE ( 'NONE', *, *, #623, .F. ) ;
#1803 = CARTESIAN_POINT ( 'NONE',  ( -0.3227665785924652697, -1.997269818943131492, 10.00000000000000000 ) ) ;
#1804 = CARTESIAN_POINT ( 'NONE',  ( -1.008877291195265258, -2.914591092940011841, 10.00000000000000355 ) ) ;
#1805 = PLANE ( 'NONE',  #2501 ) ;
#1806 = CARTESIAN_POINT ( 'NONE',  ( 0.1544045639152195615, -3.641731179244321215, 10.00000000000000000 ) ) ;
#1807 = VECTOR ( 'NONE', #1306, 1000.000000000000000 ) ;
#1808 = CARTESIAN_POINT ( 'NONE',  ( 1.640337229602079283, -3.068255408039140431, 9.999999999999998224 ) ) ;
#1809 = CARTESIAN_POINT ( 'NONE',  ( 0.3876449551036682539, -2.674612707581547344, 9.799999999999997158 ) ) ;
#1810 = CARTESIAN_POINT ( 'NONE',  ( -0.4044587748679478456, -4.215611575498960484, 9.999999999999998224 ) ) ;
#1811 = AXIS2_PLACEMENT_3D ( 'NONE', #1141, #1417, #3012 ) ;
#1812 = VECTOR ( 'NONE', #1438, 1000.000000000000000 ) ;
#1813 = CARTESIAN_POINT ( 'NONE',  ( -0.5053000682714148262, -3.953994277162558468, 9.800000000000000711 ) ) ;
#1814 = LINE ( 'NONE', #1064, #293 ) ;
#1815 = ORIENTED_EDGE ( 'NONE', *, *, #284, .F. ) ;
#1816 = CARTESIAN_POINT ( 'NONE',  ( 3.875735931288075697, -2.349264068711928388, -0.2999999999999998779 ) ) ;
#1817 = FILL_AREA_STYLE_COLOUR ( '', #3409 ) ;
#1818 = EDGE_CURVE ( 'NONE', #3212, #2759, #705, .T. ) ;
#1819 = ORIENTED_EDGE ( 'NONE', *, *, #591, .F. ) ;
#1820 = CARTESIAN_POINT ( 'NONE',  ( 0.2335591537474637769, -3.034387793946389689, 9.799999999999998934 ) ) ;
#1821 =( NAMED_UNIT ( * ) SI_UNIT ( $, .STERADIAN. ) SOLID_ANGLE_UNIT ( ) );
#1822 = LINE ( 'NONE', #2028, #3383 ) ;
#1823 = CARTESIAN_POINT ( 'NONE',  ( 0.1544045639152195615, -3.641731179244321215, 9.799999999999998934 ) ) ;
#1824 = EDGE_CURVE ( 'NONE', #1546, #3116, #2587, .T. ) ;
#1825 = DIRECTION ( 'NONE',  ( 1.000000000000000000, 0.000000000000000000, 0.000000000000000000 ) ) ;
#1826 = CARTESIAN_POINT ( 'NONE',  ( 1.597316556436587431, -3.385628080953723362, 9.799999999999998934 ) ) ;
#1827 = CARTESIAN_POINT ( 'NONE',  ( 0.3781708504766196355, -1.025467019014482117, 10.00000000000000000 ) ) ;
#1828 = VERTEX_POINT ( 'NONE', #2278 ) ;
#1829 = CYLINDRICAL_SURFACE ( 'NONE', #1346, 0.2999999999999999889 ) ;
#1830 = CARTESIAN_POINT ( 'NONE',  ( -4.499999999999998224, -5.150000000000002132, 10.00000000000000000 ) ) ;
#1831 = ORIENTED_EDGE ( 'NONE', *, *, #5, .F. ) ;
#1832 = ORIENTED_EDGE ( 'NONE', *, *, #850, .T. ) ;
#1833 = CARTESIAN_POINT ( 'NONE',  ( 4.500000000000002665, -5.150000000000003020, 0.000000000000000000 ) ) ;
#1834 = CARTESIAN_POINT ( 'NONE',  ( 2.023702535706997985, -2.564094399047827544, 9.800000000000000711 ) ) ;
#1835 = VERTEX_POINT ( 'NONE', #427 ) ;
#1836 = CARTESIAN_POINT ( 'NONE',  ( -0.7842038535292812362, -2.219122248116801366, 9.799999999999998934 ) ) ;
#1837 = CARTESIAN_POINT ( 'NONE',  ( 0.1544045639152195615, -3.641731179244321215, 10.00000000000000000 ) ) ;
#1838 = DIRECTION ( 'NONE',  ( 0.000000000000000000, 0.000000000000000000, -1.000000000000000000 ) ) ;
#1839 = ADVANCED_FACE ( 'NONE', ( #2040 ), #3345, .T. ) ;
#1840 = ADVANCED_FACE ( 'NONE', ( #2310 ), #3363, .F. ) ;
#1841 = LINE ( 'NONE', #273, #2733 ) ;
#1842 = CARTESIAN_POINT ( 'NONE',  ( -0.7098486596090612943, -4.074985200763001636, 10.00000000000000000 ) ) ;
#1843 = VECTOR ( 'NONE', #1765, 1000.000000000000000 ) ;
#1844 = CARTESIAN_POINT ( 'NONE',  ( 0.05388529391959448467, -2.390377882460725356, 9.999999999999998224 ) ) ;
#1845 = COLOUR_RGB ( '',0.2980392156862745057, 0.2980392156862745057, 0.2980392156862745057 ) ;
#1846 = B_SPLINE_CURVE_WITH_KNOTS ( 'NONE', 3,
 ( #1117, #371, #1412, #612, #3245, #2979, #907, #1639, #1444, #2941, #1708, #2715, #2461, #2176, #2678, #1692, #1430, #3224, #1155, #120, #1949, #629, #2732, #2480, #1912, #1377, #108 ),
 .UNSPECIFIED., .F., .F.,
 ( 4, 1, 1, 1, 1, 1, 1, 1, 1, 1, 1, 1, 1, 1, 1, 1, 1, 1, 1, 1, 1, 1, 1, 1, 4 ),
 ( 0.000000000000000000, 0.06859462225874272956, 0.1332460424433010993, 0.1943125864682564152, 0.2512792231169664325, 0.3045134392563468850, 0.3542349066533248547, 0.4004805887739890102, 0.4434107549384919134, 0.4840148686163450176, 0.5232523007732031717, 0.5610423727283601059, 0.5979002393643999547, 0.6335184888561956607, 0.6683143511696514327, 0.7024956712863817954, 0.7366853535134584297, 0.7702931693607890651, 0.8034372550192492302, 0.8359129516660289694, 0.8684602457892910410, 0.9008465382431827262, 0.9334665246307077835, 0.9662575752981230615, 1.000000000000000000 ),
 .UNSPECIFIED. ) ;
#1847 = CARTESIAN_POINT ( 'NONE',  ( 0.2234985974720072599, -3.329631257067556582, 9.799999999999998934 ) ) ;
#1848 = EDGE_LOOP ( 'NONE', ( #1725, #2998, #230, #2862 ) ) ;
#1849 = SURFACE_SIDE_STYLE ('',( #2146 ) ) ;
#1850 = CARTESIAN_POINT ( 'NONE',  ( 2.023702535706997985, -2.564094399047827544, 9.999999999999991118 ) ) ;
#1851 = CARTESIAN_POINT ( 'NONE',  ( 0.9149415452882229127, -2.543534956610744580, 9.999999999999998224 ) ) ;
#1852 = ORIENTED_EDGE ( 'NONE', *, *, #135, .F. ) ;
#1853 = CARTESIAN_POINT ( 'NONE',  ( 0.3781708504766196355, -1.025467019014482117, 10.00000000000000000 ) ) ;
#1854 = PLANE ( 'NONE',  #1285 ) ;
#1855 = MECHANICAL_DESIGN_GEOMETRIC_PRESENTATION_REPRESENTATION (  '', ( #2354 ), #1245 ) ;
#1856 = DIRECTION ( 'NONE',  ( -0.000000000000000000, -0.000000000000000000, 1.000000000000000000 ) ) ;
#1857 = VERTEX_POINT ( 'NONE', #2790 ) ;
#1858 = CARTESIAN_POINT ( 'NONE',  ( 0.000000000000000000, -2.524999999999999911, 0.000000000000000000 ) ) ;
#1859 = AXIS2_PLACEMENT_3D ( 'NONE', #1830, #242, #2340 ) ;
#1860 = ORIENTED_EDGE ( 'NONE', *, *, #3186, .F. ) ;
#1861 = EDGE_CURVE ( 'NONE', #2259, #1489, #1799, .T. ) ;
#1862 = DIRECTION ( 'NONE',  ( -1.000000000000000000, 0.000000000000000000, 0.000000000000000000 ) ) ;
#1863 = VECTOR ( 'NONE', #2375, 1000.000000000000000 ) ;
#1864 = CARTESIAN_POINT ( 'NONE',  ( 1.926479437090761859, -2.281609793107618245, 9.999999999999987566 ) ) ;
#1865 = CARTESIAN_POINT ( 'NONE',  ( -0.3377225679468037756, -0.5732001984822500118, 10.00000000000000000 ) ) ;
#1866 = CARTESIAN_POINT ( 'NONE',  ( 1.435344067120348122, -3.291921483731500953, 10.00000000000000000 ) ) ;
#1867 = EDGE_LOOP ( 'NONE', ( #2101, #2462, #542, #1269 ) ) ;
#1868 = CARTESIAN_POINT ( 'NONE',  ( -0.6304974835114649512, -2.087375358812049164, 9.800000000000000711 ) ) ;
#1869 = CARTESIAN_POINT ( 'NONE',  ( 4.000000000000004441, -4.424999999999999822, -0.1757359312880714397 ) ) ;
#1870 = CARTESIAN_POINT ( 'NONE',  ( -2.036602043599778700, -2.224999999999999645, 0.000000000000000000 ) ) ;
#1871 = DIRECTION ( 'NONE',  ( 1.000000000000000000, 0.000000000000000000, 0.000000000000000000 ) ) ;
#1872 = SURFACE_STYLE_USAGE ( .BOTH. , #818 ) ;
#1873 = CARTESIAN_POINT ( 'NONE',  ( -0.8738728979708562106, -3.866047680355077176, 9.999999999999998224 ) ) ;
#1874 = CARTESIAN_POINT ( 'NONE',  ( -0.07398397896931602213, -1.095166562227115614, 10.00000000000000000 ) ) ;
#1875 = VERTEX_POINT ( 'NONE', #1050 ) ;
#1876 = CARTESIAN_POINT ( 'NONE',  ( -0.3556846367799167963, -1.997822370386012958, 9.799999999999998934 ) ) ;
#1877 = CARTESIAN_POINT ( 'NONE',  ( 1.803194634943342090, -2.479386014524203485, 9.799999999999997158 ) ) ;
#1878 = EDGE_CURVE ( 'NONE', #2855, #3116, #2521, .T. ) ;
#1879 = ORIENTED_EDGE ( 'NONE', *, *, #2297, .F. ) ;
#1880 = DIRECTION ( 'NONE',  ( 0.000000000000000000, 0.000000000000000000, 1.000000000000000000 ) ) ;
#1881 = B_SPLINE_CURVE_WITH_KNOTS ( 'NONE', 3,
 ( #1677, #2230, #1916, #3283, #3296, #1662, #615, #2702, #338, #1131, #3239, #2206, #1927, #1072, #290, #310, #1108, #3216, #1257, #2311, #3364, #2060, #3100, #740, #2871, #1574, #1302 ),
 .UNSPECIFIED., .F., .F.,
 ( 4, 1, 1, 1, 1, 1, 1, 1, 1, 1, 1, 1, 1, 1, 1, 1, 1, 1, 1, 1, 1, 1, 1, 1, 4 ),
 ( 0.000000000000000000, 0.06506328961727907145, 0.1267731664665227298, 0.1855157632260789891, 0.2407646791677148790, 0.2929797960235979160, 0.3422503727797673867, 0.3889192861856601291, 0.4327756640583101388, 0.4746284326311177026, 0.5147746906379534471, 0.5536058934984424695, 0.5914264064311731683, 0.6280281199460672203, 0.6638036341103205062, 0.6989843361316636638, 0.7335914893067052578, 0.7676284691511395808, 0.8012083477865921122, 0.8342638397266231021, 0.8669806947287763688, 0.8997197415181604763, 0.9327019124985381771, 0.9661758834327495160, 1.000000000000000000 ),
 .UNSPECIFIED. ) ;
#1882 = EDGE_CURVE ( 'NONE', #1710, #1905, #2784, .T. ) ;
#1883 = CARTESIAN_POINT ( 'NONE',  ( -0.7537969933293608982, -0.1342175010474762897, 10.00000000000000000 ) ) ;
#1884 = CARTESIAN_POINT ( 'NONE',  ( 0.2439509165164328863, 2.293072518111348046, 10.00000000000000000 ) ) ;
#1885 = CARTESIAN_POINT ( 'NONE',  ( 0.2310711707091602229, -2.961502989450720769, 9.799999999999995381 ) ) ;
#1886 = VERTEX_POINT ( 'NONE', #30 ) ;
#1887 = CARTESIAN_POINT ( 'NONE',  ( -3.000000000000001776, 3.142088514669752364, 10.00000000000000000 ) ) ;
#1888 = CARTESIAN_POINT ( 'NONE',  ( 1.945371966680825349, -2.950214324710316749, 9.799999999999998934 ) ) ;
#1889 = CARTESIAN_POINT ( 'NONE',  ( -0.4384010310602227678, -3.983232150536924809, 9.799999999999998934 ) ) ;
#1890 = ADVANCED_FACE ( 'NONE', ( #2662 ), #3169, .F. ) ;
#1891 = CARTESIAN_POINT ( 'NONE',  ( -0.06487823210530160867, -2.042570281539684007, 9.799999999999998934 ) ) ;
#1892 = CARTESIAN_POINT ( 'NONE',  ( -1.013550475205011514, -3.144087561472404868, 10.00000000000000000 ) ) ;
#1893 = EDGE_LOOP ( 'NONE', ( #1693, #50, #839, #3306 ) ) ;
#1894 = CARTESIAN_POINT ( 'NONE',  ( 0.07928268320192587149, -2.425473753649842745, 9.800000000000000711 ) ) ;
#1895 = CARTESIAN_POINT ( 'NONE',  ( 1.702912137326856978, -2.340335894371596392, 9.800000000000000711 ) ) ;
#1896 = ORIENTED_EDGE ( 'NONE', *, *, #872, .F. ) ;
#1897 = SURFACE_STYLE_USAGE ( .BOTH. , #840 ) ;
#1898 = CARTESIAN_POINT ( 'NONE',  ( 1.762603162564630122, -3.202276612859901395, 10.00000000000000000 ) ) ;
#1899 = CARTESIAN_POINT ( 'NONE',  ( 1.754063070635862420, -2.101896367018619483, 9.800000000000000711 ) ) ;
#1900 = CARTESIAN_POINT ( 'NONE',  ( 1.073048269714317327, -2.312053951612900615, 10.00000000000000355 ) ) ;
#1901 = STYLED_ITEM ( 'NONE', ( #1513 ), #2974 ) ;
#1902 = DIRECTION ( 'NONE',  ( -0.000000000000000000, 1.000000000000000000, -0.000000000000000000 ) ) ;
#1903 = CARTESIAN_POINT ( 'NONE',  ( 4.000000000000004441, -2.225000000000000089, 0.000000000000000000 ) ) ;
#1904 = CARTESIAN_POINT ( 'NONE',  ( -0.04304540462646471582, -2.298493907522738855, 9.800000000000000711 ) ) ;
#1905 = VERTEX_POINT ( 'NONE', #806 ) ;
#1906 = CARTESIAN_POINT ( 'NONE',  ( 1.493719383637958975, -3.230984166443851890, 9.799999999999997158 ) ) ;
#1907 = CARTESIAN_POINT ( 'NONE',  ( 0.4011851340891126605, -2.751874817831447384, 10.00000000000000000 ) ) ;
#1908 = CARTESIAN_POINT ( 'NONE',  ( 0.1060809383876364226, -2.146814384018456590, 9.799999999999995381 ) ) ;
#1909 = CARTESIAN_POINT ( 'NONE',  ( -0.7417600496031876434, -2.535100338817990906, 9.799999999999997158 ) ) ;
#1910 = LINE ( 'NONE', #541, #1961 ) ;
#1911 = ORIENTED_EDGE ( 'NONE', *, *, #2277, .F. ) ;
#1912 = CARTESIAN_POINT ( 'NONE',  ( -0.3556846367799167963, -1.997822370386012958, 10.00000000000000000 ) ) ;
#1913 = CARTESIAN_POINT ( 'NONE',  ( 1.423360809786948122, -2.215328981908955441, 10.00000000000000178 ) ) ;
#1914 = AXIS2_PLACEMENT_3D ( 'NONE', #1984, #861, #3023 ) ;
#1915 = DIRECTION ( 'NONE',  ( 0.9828853044966117114, -0.1842185609665942525, 0.000000000000000000 ) ) ;
#1916 = CARTESIAN_POINT ( 'NONE',  ( 0.4233381993223385154, -3.205883780457761123, 10.00000000000000178 ) ) ;
#1917 = CARTESIAN_POINT ( 'NONE',  ( 0.2345427850690658678, -3.109596430312697724, 10.00000000000000000 ) ) ;
#1918 = AXIS2_PLACEMENT_3D ( 'NONE', #2269, #1321, #486 ) ;
#1919 = CARTESIAN_POINT ( 'NONE',  ( 1.327346557954591111, -2.215365243948322682, 10.00000000000000000 ) ) ;
#1920 = CARTESIAN_POINT ( 'NONE',  ( 2.023702535706997985, -2.564094399047827544, 9.800000000000000711 ) ) ;
#1921 = CARTESIAN_POINT ( 'NONE',  ( 1.247850479546193325, -2.008077647008190691, 9.799999999999998934 ) ) ;
#1922 = CARTESIAN_POINT ( 'NONE',  ( -0.2765827022775217414, -2.215310458735490595, 9.799999999999998934 ) ) ;
#1923 = VERTEX_POINT ( 'NONE', #789 ) ;
#1924 = PRESENTATION_STYLE_ASSIGNMENT (( #100 ) ) ;
#1925 = VECTOR ( 'NONE', #1737, 1000.000000000000000 ) ;
#1926 = CARTESIAN_POINT ( 'NONE',  ( 2.024544405224359522, -2.655703866167290261, 9.799999999999998934 ) ) ;
#1927 = CARTESIAN_POINT ( 'NONE',  ( 0.2485473100960869375, -3.906261926324360534, 10.00000000000000000 ) ) ;
#1928 = EDGE_CURVE ( 'NONE', #1096, #3212, #2772, .T. ) ;
#1929 = AXIS2_PLACEMENT_3D ( 'NONE', #1833, #2890, #2650 ) ;
#1930 = CARTESIAN_POINT ( 'NONE',  ( 0.3713895788702548661, -2.602298794579765318, 10.00000000000000000 ) ) ;
#1931 = CARTESIAN_POINT ( 'NONE',  ( -0.7875715424813783949, -2.680222859903251820, 9.800000000000002487 ) ) ;
#1932 = EDGE_CURVE ( 'NONE', #1393, #1857, #2164, .T. ) ;
#1933 = CARTESIAN_POINT ( 'NONE',  ( 0.4115227616118682374, -3.385213234574572905, 10.00000000000000000 ) ) ;
#1934 = CARTESIAN_POINT ( 'NONE',  ( 1.597316556436587431, -3.385628080953723362, 9.799999999999998934 ) ) ;
#1935 = ORIENTED_EDGE ( 'NONE', *, *, #2214, .T. ) ;
#1936 = SURFACE_SIDE_STYLE ('',( #1673 ) ) ;
#1937 = PRODUCT_DEFINITION_CONTEXT ( 'detailed design', #3093, 'design' ) ;
#1938 = CARTESIAN_POINT ( 'NONE',  ( -0.6272172390292893862, -2.357703312548323993, 9.999999999999996447 ) ) ;
#1939 = CARTESIAN_POINT ( 'NONE',  ( -4.999999999999999112, 5.149999999999995026, 10.00000000000000000 ) ) ;
#1940 = CARTESIAN_POINT ( 'NONE',  ( 0.8858248363511176393, -2.702545148261415786, 9.799999999999998934 ) ) ;
#1941 = CARTESIAN_POINT ( 'NONE',  ( -0.002636916056923334101, -2.330826032658185110, 9.799999999999997158 ) ) ;
#1942 = EDGE_LOOP ( 'NONE', ( #3288, #2454, #1780, #2707 ) ) ;
#1943 = ORIENTED_EDGE ( 'NONE', *, *, #1120, .T. ) ;
#1944 = SURFACE_STYLE_FILL_AREA ( #1989 ) ;
#1945 = FACE_OUTER_BOUND ( 'NONE', #597, .T. ) ;
#1946 = EDGE_CURVE ( 'NONE', #1188, #250, #1039, .T. ) ;
#1947 = CARTESIAN_POINT ( 'NONE',  ( -0.5055455212696383649, -2.265369995778994561, 9.800000000000004263 ) ) ;
#1948 = CARTESIAN_POINT ( 'NONE',  ( 0.3529113905398862938, -3.683092703055414585, 9.800000000000000711 ) ) ;
#1949 = CARTESIAN_POINT ( 'NONE',  ( -0.5437759737786517222, -2.042482306688631954, 10.00000000000000000 ) ) ;
#1950 = ORIENTED_EDGE ( 'NONE', *, *, #1974, .T. ) ;
#1951 = ADVANCED_FACE ( 'NONE', ( #3133 ), #546, .T. ) ;
#1952 = LINE ( 'NONE', #2701, #1591 ) ;
#1953 = CARTESIAN_POINT ( 'NONE',  ( 1.978027511061144272, -2.883244622973531790, 9.999999999999998224 ) ) ;
#1954 =( NAMED_UNIT ( * ) SI_UNIT ( $, .STERADIAN. ) SOLID_ANGLE_UNIT ( ) );
#1955 = CARTESIAN_POINT ( 'NONE',  ( 0.6958675713938526908, -2.702545148261415786, 9.799999999999998934 ) ) ;
#1956 = CARTESIAN_POINT ( 'NONE',  ( 2.025568426094707331, -2.626223032876800367, 10.00000000000000000 ) ) ;
#1957 = PRESENTATION_LAYER_ASSIGNMENT (  '', '', ( #2717 ) ) ;
#1958 = ORIENTED_EDGE ( 'NONE', *, *, #2033, .F. ) ;
#1959 = DIRECTION ( 'NONE',  ( 1.000000000000000000, 0.000000000000000000, -0.000000000000000000 ) ) ;
#1960 = EDGE_CURVE ( 'NONE', #2742, #3167, #2431, .T. ) ;
#1961 = VECTOR ( 'NONE', #2976, 1000.000000000000000 ) ;
#1962 = DIRECTION ( 'NONE',  ( 1.000000000000000000, 0.000000000000000000, 0.000000000000000000 ) ) ;
#1963 = CARTESIAN_POINT ( 'NONE',  ( -0.1579166935183947129, -2.012866401978996134, 10.00000000000000178 ) ) ;
#1964 = CARTESIAN_POINT ( 'NONE',  ( 0.4011851340891126605, -2.751874817831447384, 9.799999999999997158 ) ) ;
#1965 = DIRECTION ( 'NONE',  ( -0.000000000000000000, -0.000000000000000000, 1.000000000000000000 ) ) ;
#1966 = FACE_OUTER_BOUND ( 'NONE', #1121, .T. ) ;
#1967 = CARTESIAN_POINT ( 'NONE',  ( -0.8151160752353552308, -2.871607961065908654, 10.00000000000000355 ) ) ;
#1968 = CARTESIAN_POINT ( 'NONE',  ( -3.875735931288068148, 2.349264068711928388, -0.2999999999999999889 ) ) ;
#1969 = EDGE_CURVE ( 'NONE', #3163, #462, #1395, .T. ) ;
#1970 = CARTESIAN_POINT ( 'NONE',  ( -0.5987434197014446235, -2.330255314141540079, 10.00000000000000178 ) ) ;
#1971 = B_SPLINE_SURFACE_WITH_KNOTS ( 'NONE', 3, 1, ( 
 ( #2016, #960 ),
 ( #1767, #2758 ),
 ( #391, #1502 ),
 ( #1184, #410 ),
 ( #738, #2246 ),
 ( #3079, #2807 ),
 ( #1747, #1468 ),
 ( #721, #3302 ),
 ( #2548, #666 ),
 ( #3361, #460 ),
 ( #2825, #145 ),
 ( #978, #943 ),
 ( #2038, #928 ),
 ( #1235, #1001 ),
 ( #1200, #1523 ) ),
 .UNSPECIFIED., .F., .F., .F.,
 ( 4, 1, 1, 1, 1, 1, 1, 1, 1, 1, 1, 1, 4 ),
 ( 2, 2 ),
 ( 0.000000000000000000, 0.1128134007444582532, 0.2253938839207289824, 0.3395948145627009640, 0.4596754102248638008, 0.5217351900879330096, 0.5839258387389156812, 0.6481741447653692756, 0.7138810381130660243, 0.7810044549073887898, 0.8514509275565546043, 0.9240506926641779417, 1.000000000000000000 ),
 ( 0.000000000000000000, 1.000000000000000000 ),
 .UNSPECIFIED. ) ;
#1972 = CARTESIAN_POINT ( 'NONE',  ( 2.036602043599778700, 2.224999999999999645, 0.000000000000000000 ) ) ;
#1973 = CARTESIAN_POINT ( 'NONE',  ( 1.376406433573339694, -2.214083609799877284, 9.799999999999998934 ) ) ;
#1974 = EDGE_CURVE ( 'NONE', #1875, #1988, #650, .T. ) ;
#1975 = EDGE_LOOP ( 'NONE', ( #2229, #2281, #1935, #2378, #883, #3374, #2155, #891 ) ) ;
#1976 = FACE_OUTER_BOUND ( 'NONE', #2877, .T. ) ;
#1977 = CARTESIAN_POINT ( 'NONE',  ( 0.1805483250849394816, -2.221630923471522578, 9.799999999999998934 ) ) ;
#1978 = VECTOR ( 'NONE', #364, 1000.000000000000000 ) ;
#1979 = PLANE ( 'NONE',  #2510 ) ;
#1980 = CARTESIAN_POINT ( 'NONE',  ( 0.2485473100960869375, -3.906261926324360534, 9.799999999999998934 ) ) ;
#1981 = CARTESIAN_POINT ( 'NONE',  ( 1.978027511061144272, -2.883244622973531790, 9.799999999999997158 ) ) ;
#1982 = CARTESIAN_POINT ( 'NONE',  ( 0.7109237215345766137, -2.555687604403285462, 9.999999999999992895 ) ) ;
#1983 = CARTESIAN_POINT ( 'NONE',  ( -0.6705317812659254972, -4.106022599607314305, 10.00000000000000000 ) ) ;
#1984 = CARTESIAN_POINT ( 'NONE',  ( -3.000000000000001776, 3.142088514669752364, 9.799999999999998934 ) ) ;
#1985 = CARTESIAN_POINT ( 'NONE',  ( -0.1617722237557004950, -2.235188970243576101, 9.999999999999994671 ) ) ;
#1986 = CARTESIAN_POINT ( 'NONE',  ( -1.800713625187343903, -4.167929763646030850, 10.00000000000000000 ) ) ;
#1987 = LINE ( 'NONE', #2770, #2883 ) ;
#1988 = VERTEX_POINT ( 'NONE', #1156 ) ;
#1989 = FILL_AREA_STYLE ('',( #930 ) ) ;
#1990 = EDGE_CURVE ( 'NONE', #3007, #1615, #2005, .T. ) ;
#1991 = CARTESIAN_POINT ( 'NONE',  ( 0.1382191854999179348, -3.685390860661470924, 9.800000000000000711 ) ) ;
#1992 = VERTEX_POINT ( 'NONE', #3229 ) ;
#1993 = CARTESIAN_POINT ( 'NONE',  ( -1.990670890144609073, -4.167929763646030850, 9.799999999999998934 ) ) ;
#1994 = CARTESIAN_POINT ( 'NONE',  ( -0.1576339343858187692, -4.205960861873816015, 9.999999999999996447 ) ) ;
#1995 = PRESENTATION_STYLE_ASSIGNMENT (( #1243 ) ) ;
#1996 = CARTESIAN_POINT ( 'NONE',  ( 0.6995370894572399134, -2.627850157320830160, 9.999999999999996447 ) ) ;
#1997 = CARTESIAN_POINT ( 'NONE',  ( -0.6272172390292893862, -2.357703312548323993, 9.999999999999996447 ) ) ;
#1998 = CARTESIAN_POINT ( 'NONE',  ( -0.09594652274384649071, -2.265527310730544475, 9.999999999999998224 ) ) ;
#1999 = CARTESIAN_POINT ( 'NONE',  ( 1.376406433573339694, -2.214083609799877284, 9.799999999999998934 ) ) ;
#2000 = ORIENTED_EDGE ( 'NONE', *, *, #1618, .T. ) ;
#2001 = CARTESIAN_POINT ( 'NONE',  ( 1.702912137326856978, -2.340335894371596392, 9.999999999999992895 ) ) ;
#2002 = CARTESIAN_POINT ( 'NONE',  ( -0.3227661154582804892, -4.221921233903970005, 9.799999999999997158 ) ) ;
#2003 = VERTEX_POINT ( 'NONE', #879 ) ;
#2004 = CARTESIAN_POINT ( 'NONE',  ( 0.9537460466808233006, -2.453172442418648291, 9.799999999999997158 ) ) ;
#2005 = B_SPLINE_CURVE_WITH_KNOTS ( 'NONE', 3,
 ( #78, #3251, #1171, #1645, #1711, #2682, #1970, #1938, #616, #1382, #62, #633, #1697, #2179, #2198, #389, #1399, #2215, #2966, #2738, #3267, #893, #1182 ),
 .UNSPECIFIED., .F., .F.,
 ( 4, 1, 1, 1, 1, 1, 1, 1, 1, 1, 1, 1, 1, 1, 1, 1, 1, 1, 1, 1, 4 ),
 ( 0.000000000000000000, 0.06038661931106220626, 0.1208832485859960976, 0.1827546186251396698, 0.2478110297583509536, 0.2812991000432487620, 0.3150876241506568864, 0.3497023955502750470, 0.3848565811185555297, 0.4209661972261025120, 0.4585111882611391243, 0.4971747221273122852, 0.5376020478662693058, 0.5805030184200115073, 0.6274675400267044623, 0.6783882095592431716, 0.7339832205925601594, 0.7937467045508348473, 0.8577136721607322434, 0.9266978643613856814, 1.000000000000000000 ),
 .UNSPECIFIED. ) ;
#2006 = SURFACE_STYLE_FILL_AREA ( #2268 ) ;
#2007 = CARTESIAN_POINT ( 'NONE',  ( -0.01924947163176374612, -4.155422005373599070, 9.999999999999994671 ) ) ;
#2008 = VECTOR ( 'NONE', #1142, 1000.000000000000000 ) ;
#2009 = CARTESIAN_POINT ( 'NONE',  ( 1.597316556436587431, -3.385628080953723362, 9.799999999999998934 ) ) ;
#2010 = CARTESIAN_POINT ( 'NONE',  ( -0.8237183112281984965, -3.137868262446456669, 9.799999999999998934 ) ) ;
#2011 =( NAMED_UNIT ( * ) PLANE_ANGLE_UNIT ( ) SI_UNIT ( $, .RADIAN. ) );
#2012 = ORIENTED_EDGE ( 'NONE', *, *, #3029, .F. ) ;
#2013 = LINE ( 'NONE', #3059, #2605 ) ;
#2014 = VERTEX_POINT ( 'NONE', #2448 ) ;
#2015 = CARTESIAN_POINT ( 'NONE',  ( -0.6793875096738759556, -3.797855659332998624, 9.799999999999998934 ) ) ;
#2016 = CARTESIAN_POINT ( 'NONE',  ( -0.2997120226232418694, -4.005109250825517719, 9.799999999999998934 ) ) ;
#2017 = VERTEX_POINT ( 'NONE', #2231 ) ;
#2018 = DIRECTION ( 'NONE',  ( 0.000000000000000000, -1.000000000000000000, 0.000000000000000000 ) ) ;
#2019 = CARTESIAN_POINT ( 'NONE',  ( 1.409368301058639972, -1.997532944937142618, 9.799999999999998934 ) ) ;
#2020 = COLOUR_RGB ( '',0.2980392156862745057, 0.2980392156862745057, 0.2980392156862745057 ) ;
#2021 = CARTESIAN_POINT ( 'NONE',  ( -0.9001019382882037290, -3.813528577820885612, 9.799999999999998934 ) ) ;
#2022 = VERTEX_POINT ( 'NONE', #1140 ) ;
#2023 = VECTOR ( 'NONE', #1238, 1000.000000000000000 ) ;
#2024 = CARTESIAN_POINT ( 'NONE',  ( 0.2345427850690658678, -3.109596430312697724, 9.799999999999998934 ) ) ;
#2025 = EDGE_CURVE ( 'NONE', #2437, #3007, #2620, .T. ) ;
#2026 = B_SPLINE_SURFACE_WITH_KNOTS ( 'NONE', 3, 1, ( 
 ( #698, #718 ),
 ( #2802, #1497 ),
 ( #169, #1230 ),
 ( #2291, #3337 ),
 ( #2820, #238 ),
 ( #1622, #2386 ),
 ( #2119, #834 ),
 ( #297, #40 ),
 ( #2902, #1327 ),
 ( #2646, #781 ),
 ( #2869, #1357 ),
 ( #2885, #2084 ),
 ( #3197, #764 ),
 ( #2938, #1874 ),
 ( #2405, #1827 ),
 ( #2139, #504 ),
 ( #2676, #524 ),
 ( #2352, #1060 ) ),
 .UNSPECIFIED., .F., .F., .F.,
 ( 4, 1, 1, 1, 1, 1, 1, 1, 1, 1, 1, 1, 1, 1, 1, 4 ),
 ( 2, 2 ),
 ( 0.000000000000000000, 0.06250000000000000000, 0.09375000000000000000, 0.1250000000000000000, 0.1875000000000000000, 0.2500000000000000000, 0.3125000000000000000, 0.3750000000000000000, 0.5000000000000000000, 0.5625000000000000000, 0.6250000000000000000, 0.6875000000000000000, 0.7500000000000000000, 0.8125000000000000000, 0.8750000000000000000, 1.000000000000000000 ),
 ( 0.000000000000000000, 1.000000000000000000 ),
 .UNSPECIFIED. ) ;
#2027 = FILL_AREA_STYLE_COLOUR ( '', #1080 ) ;
#2028 = CARTESIAN_POINT ( 'NONE',  ( 1.835611161137442382, -2.643183502962270115, 9.799999999999998934 ) ) ;
#2029 = VECTOR ( 'NONE', #2467, 1000.000000000000000 ) ;
#2030 = CARTESIAN_POINT ( 'NONE',  ( 0.8998932027631788566, -2.194830065886487880, 9.999999999999998224 ) ) ;
#2031 = CARTESIAN_POINT ( 'NONE',  ( -0.7875715424813783949, -2.680222859903251820, 9.800000000000002487 ) ) ;
#2032 = VERTEX_POINT ( 'NONE', #407 ) ;
#2033 = EDGE_CURVE ( 'NONE', #1185, #1188, #1198, .T. ) ;
#2034 = ORIENTED_EDGE ( 'NONE', *, *, #192, .F. ) ;
#2035 = CARTESIAN_POINT ( 'NONE',  ( -0.6634059133432648192, 1.221620983167684082, 9.999999999999996447 ) ) ;
#2036 = ORIENTED_EDGE ( 'NONE', *, *, #2282, .T. ) ;
#2037 = CARTESIAN_POINT ( 'NONE',  ( -0.7597753854868284362, -3.639325896423764028, 9.799999999999997158 ) ) ;
#2038 = CARTESIAN_POINT ( 'NONE',  ( 0.1382191854999179348, -3.685390860661470924, 9.800000000000000711 ) ) ;
#2039 = ORIENTED_EDGE ( 'NONE', *, *, #3034, .T. ) ;
#2040 = FACE_OUTER_BOUND ( 'NONE', #620, .T. ) ;
#2041 = SURFACE_SIDE_STYLE ('',( #3347 ) ) ;
#2042 = ORIENTED_EDGE ( 'NONE', *, *, #110, .T. ) ;
#2043 = CARTESIAN_POINT ( 'NONE',  ( 1.597316556436587431, -3.385628080953723362, 9.799999999999998934 ) ) ;
#2044 = CARTESIAN_POINT ( 'NONE',  ( -0.9462366671732577172, -2.523697500658175663, 9.799999999999998934 ) ) ;
#2045 = DIRECTION ( 'NONE',  ( -1.000000000000000000, 0.000000000000000000, 0.000000000000000000 ) ) ;
#2046 =( NAMED_UNIT ( * ) PLANE_ANGLE_UNIT ( ) SI_UNIT ( $, .RADIAN. ) );
#2047 = CARTESIAN_POINT ( 'NONE',  ( -1.800713625187343903, -4.167929763646030850, 9.799999999999998934 ) ) ;
#2048 = CARTESIAN_POINT ( 'NONE',  ( -1.057980171249780499, -0.5403567954897838810, 10.00000000000000000 ) ) ;
#2049 = CARTESIAN_POINT ( 'NONE',  ( 1.818326557223933104, -2.779380396425191524, 9.999999999999994671 ) ) ;
#2050 = ORIENTED_EDGE ( 'NONE', *, *, #2321, .T. ) ;
#2051 =( BOUNDED_CURVE ( )  B_SPLINE_CURVE ( 3, ( #267, #1869, #796, #2623 ),
 .UNSPECIFIED., .F., .T. ) 
 B_SPLINE_CURVE_WITH_KNOTS ( ( 4, 4 ),
 ( 0.000000000000000000, 1.570796326794896558 ),
 .UNSPECIFIED. ) 
 CURVE ( )  GEOMETRIC_REPRESENTATION_ITEM ( )  RATIONAL_B_SPLINE_CURVE ( ( 1.000000000000000000, 0.8047378541243649375, 0.8047378541243649375, 1.000000000000000000 ) ) 
 REPRESENTATION_ITEM ( '' )  );
#2052 = CARTESIAN_POINT ( 'NONE',  ( -0.4384010310602227678, -3.983232150536924809, 10.00000000000000000 ) ) ;
#2053 = FACE_OUTER_BOUND ( 'NONE', #2258, .T. ) ;
#2054 = ORIENTED_EDGE ( 'NONE', *, *, #544, .T. ) ;
#2055 = CARTESIAN_POINT ( 'NONE',  ( 2.036602043599778700, 2.224999999999999645, 0.1499999999999999944 ) ) ;
#2056 = CARTESIAN_POINT ( 'NONE',  ( -0.6276874290046116078, -3.860834957152925018, 10.00000000000000000 ) ) ;
#2057 = CARTESIAN_POINT ( 'NONE',  ( 3.700000000000004619, 0.000000000000000000, 0.000000000000000000 ) ) ;
#2058 = CARTESIAN_POINT ( 'NONE',  ( -0.8237183112281984965, -3.137868262446456669, 10.00000000000000000 ) ) ;
#2059 = CARTESIAN_POINT ( 'NONE',  ( 0.000000000000000000, 0.000000000000000000, -0.2999999999999999889 ) ) ;
#2060 = CARTESIAN_POINT ( 'NONE',  ( -0.1103848748782029904, -4.192776779066480941, 9.999999999999996447 ) ) ;
#2061 = B_SPLINE_SURFACE_WITH_KNOTS ( 'NONE', 3, 1, ( 
 ( #477, #422 ),
 ( #999, #3024 ),
 ( #2273, #1776 ),
 ( #1542, #3311 ),
 ( #1485, #958 ),
 ( #1520, #3094 ),
 ( #2307, #2035 ),
 ( #1213, #209 ),
 ( #2260, #457 ),
 ( #2584, #3324 ) ),
 .UNSPECIFIED., .F., .F., .F.,
 ( 4, 1, 1, 1, 1, 1, 1, 4 ),
 ( 2, 2 ),
 ( 0.000000000000000000, 0.1998779620209042429, 0.3017891810263175767, 0.3883970634200896166, 0.5249017164445681782, 0.6896823911091853887, 0.7707437648934249985, 1.000000000000000000 ),
 ( 0.000000000000000000, 1.000000000000000000 ),
 .UNSPECIFIED. ) ;
#2062 = ORIENTED_EDGE ( 'NONE', *, *, #3259, .F. ) ;
#2063 = CARTESIAN_POINT ( 'NONE',  ( -3.999999999999996891, -2.225000000000000089, -0.1757359312880714675 ) ) ;
#2064 = CARTESIAN_POINT ( 'NONE',  ( -1.013549440335827612, -3.076518890758639824, 10.00000000000000178 ) ) ;
#2065 = CARTESIAN_POINT ( 'NONE',  ( 1.061069863639407806, 0.000000000000000000, 9.799999999999998934 ) ) ;
#2066 = CARTESIAN_POINT ( 'NONE',  ( -0.02016430938626530278, -2.063184871410467469, 10.00000000000000178 ) ) ;
#2067 = CARTESIAN_POINT ( 'NONE',  ( -2.036602043599778700, -2.224999999999999645, 0.1499999999999999944 ) ) ;
#2068 = CARTESIAN_POINT ( 'NONE',  ( -1.001859997736775920, -3.394713450527476528, 10.00000000000000000 ) ) ;
#2069 = MECHANICAL_DESIGN_GEOMETRIC_PRESENTATION_REPRESENTATION (  '', ( #1901 ), #3046 ) ;
#2070 = ORIENTED_EDGE ( 'NONE', *, *, #2591, .F. ) ;
#2071 = CARTESIAN_POINT ( 'NONE',  ( -0.5055455212696383649, -2.265369995778994561, 9.800000000000004263 ) ) ;
#2072 = ADVANCED_FACE ( 'NONE', ( #2822 ), #2061, .F. ) ;
#2073 = CARTESIAN_POINT ( 'NONE',  ( -0.3230005451759800361, -4.003942955171232221, 10.00000000000000178 ) ) ;
#2074 = ORIENTED_EDGE ( 'NONE', *, *, #2365, .F. ) ;
#2075 = CARTESIAN_POINT ( 'NONE',  ( 1.554566463659722508, -2.245153688860824559, 9.999999999999989342 ) ) ;
#2076 = EDGE_LOOP ( 'NONE', ( #649, #2752, #587, #2508 ) ) ;
#2077 = CARTESIAN_POINT ( 'NONE',  ( -0.4983788060260933572, -2.026219995478336866, 10.00000000000000178 ) ) ;
#2078 =( GEOMETRIC_REPRESENTATION_CONTEXT ( 3 ) GLOBAL_UNCERTAINTY_ASSIGNED_CONTEXT ( ( #2729 ) ) GLOBAL_UNIT_ASSIGNED_CONTEXT ( ( #1106, #2284, #1821 ) ) REPRESENTATION_CONTEXT ( 'NONE', 'WORKASPACE' ) );
#2079 = DIRECTION ( 'NONE',  ( 0.6837766319733927789, 0.7296913851534246875, 0.000000000000000000 ) ) ;
#2080 = VECTOR ( 'NONE', #845, 1000.000000000000000 ) ;
#2081 = CARTESIAN_POINT ( 'NONE',  ( 1.737505128142796007, -2.942718495397333101, 10.00000000000000000 ) ) ;
#2082 = CARTESIAN_POINT ( 'NONE',  ( 1.617578750379813801, -3.363909613617038996, 9.799999999999997158 ) ) ;
#2083 = CARTESIAN_POINT ( 'NONE',  ( -0.5867243362992018429, -4.156900910464788268, 9.999999999999998224 ) ) ;
#2084 = CARTESIAN_POINT ( 'NONE',  ( -1.057980171249780499, -0.5403567954897838810, 10.00000000000000000 ) ) ;
#2085 = CARTESIAN_POINT ( 'NONE',  ( -0.2302739943266261802, -2.217766812325220105, 9.800000000000004263 ) ) ;
#2086 = STYLED_ITEM ( 'NONE', ( #1924 ), #1715 ) ;
#2087 = VECTOR ( 'NONE', #2844, 1000.000000000000000 ) ;
#2088 = LINE ( 'NONE', #1287, #1807 ) ;
#2089 = CARTESIAN_POINT ( 'NONE',  ( -0.7597753854868284362, -3.639325896423764028, 9.999999999999998224 ) ) ;
#2090 = EDGE_CURVE ( 'NONE', #557, #1185, #2292, .T. ) ;
#2091 = CARTESIAN_POINT ( 'NONE',  ( -0.2126610159048048510, 2.216428011154425004, 9.799999999999998934 ) ) ;
#2092 = CARTESIAN_POINT ( 'NONE',  ( 1.386158703872485187, -1.996989592705860295, 9.999999999999989342 ) ) ;
#2093 = CARTESIAN_POINT ( 'NONE',  ( -0.9240768112163135761, -3.757093460412612718, 9.800000000000000711 ) ) ;
#2094 = CARTESIAN_POINT ( 'NONE',  ( 0.8858248363511176393, -2.702545148261415786, 9.799999999999998934 ) ) ;
#2095 = ORIENTED_EDGE ( 'NONE', *, *, #2951, .F. ) ;
#2096 = LINE ( 'NONE', #1295, #1289 ) ;
#2097 = CARTESIAN_POINT ( 'NONE',  ( 1.677731778085220338, -3.021911555134232152, 9.800000000000000711 ) ) ;
#2098 = CARTESIAN_POINT ( 'NONE',  ( 1.493719383637958975, -3.230984166443851890, 9.999999999999996447 ) ) ;
#2099 = CARTESIAN_POINT ( 'NONE',  ( -1.013747813221532290, -3.110444453816971322, 10.00000000000000000 ) ) ;
#2100 = CARTESIAN_POINT ( 'NONE',  ( -0.6276874290046116078, -3.860834957152925018, 10.00000000000000000 ) ) ;
#2101 = ORIENTED_EDGE ( 'NONE', *, *, #1678, .F. ) ;
#2102 = CARTESIAN_POINT ( 'NONE',  ( 0.07928268320192587149, -2.425473753649842745, 10.00000000000000178 ) ) ;
#2103 = EDGE_CURVE ( 'NONE', #84, #1835, #2563, .T. ) ;
#2104 = LINE ( 'NONE', #784, #2499 ) ;
#2105 = ORIENTED_EDGE ( 'NONE', *, *, #2980, .T. ) ;
#2106 = CARTESIAN_POINT ( 'NONE',  ( 0.1828446715659403088, -3.995995532555364882, 9.799999999999995381 ) ) ;
#2107 = FILL_AREA_STYLE_COLOUR ( '', #1483 ) ;
#2108 = CARTESIAN_POINT ( 'NONE',  ( 1.804186227638038043, -2.139524550753215681, 9.800000000000000711 ) ) ;
#2109 = CARTESIAN_POINT ( 'NONE',  ( 1.376406433573339694, -2.214083609799877284, 10.00000000000000000 ) ) ;
#2110 = LINE ( 'NONE', #2947, #3295 ) ;
#2111 = ORIENTED_EDGE ( 'NONE', *, *, #244, .F. ) ;
#2112 = CARTESIAN_POINT ( 'NONE',  ( -0.5437759737786517222, -2.042482306688631954, 9.799999999999998934 ) ) ;
#2113 = CARTESIAN_POINT ( 'NONE',  ( -0.7751938010540171398, -3.591194220426262351, 9.799999999999998934 ) ) ;
#2114 = PLANE ( 'NONE',  #1481 ) ;
#2115 = EDGE_CURVE ( 'NONE', #1206, #3173, #1498, .T. ) ;
#2116 = DIRECTION ( 'NONE',  ( -0.000000000000000000, -0.000000000000000000, 1.000000000000000000 ) ) ;
#2117 = EDGE_CURVE ( 'NONE', #2313, #1206, #902, .T. ) ;
#2118 = CARTESIAN_POINT ( 'NONE',  ( -0.5986149613915230372, -3.887926464913024294, 10.00000000000000000 ) ) ;
#2119 = CARTESIAN_POINT ( 'NONE',  ( -0.6898298768980360984, 1.950613924250427234, 9.799999999999998934 ) ) ;
#2120 = VECTOR ( 'NONE', #1440, 1000.000000000000000 ) ;
#2121 = CARTESIAN_POINT ( 'NONE',  ( 0.1804048632347424463, -2.650339765513055834, 10.00000000000000000 ) ) ;
#2122 = VECTOR ( 'NONE', #2045, 1000.000000000000000 ) ;
#2123 = CARTESIAN_POINT ( 'NONE',  ( -0.3060721989052931913, -4.222203267919535818, 10.00000000000000000 ) ) ;
#2124 = VERTEX_POINT ( 'NONE', #1746 ) ;
#2125 = SURFACE_STYLE_USAGE ( .BOTH. , #3418 ) ;
#2126 = DIRECTION ( 'NONE',  ( -1.000000000000000000, 0.000000000000000000, 0.000000000000000000 ) ) ;
#2127 = CARTESIAN_POINT ( 'NONE',  ( 1.890736644693985946, -2.231119489494556962, 9.999999999999992895 ) ) ;
#2128 = CARTESIAN_POINT ( 'NONE',  ( 1.061069863639407806, 0.000000000000000000, 9.799999999999998934 ) ) ;
#2129 = CARTESIAN_POINT ( 'NONE',  ( -2.036602043599778700, 2.224999999999999645, 0.1499999999999999944 ) ) ;
#2130 = ORIENTED_EDGE ( 'NONE', *, *, #1695, .T. ) ;
#2131 = FACE_OUTER_BOUND ( 'NONE', #2600, .T. ) ;
#2132 = CARTESIAN_POINT ( 'NONE',  ( -0.6542807809591949519, -3.830456053796110538, 9.799999999999998934 ) ) ;
#2133 = LINE ( 'NONE', #2915, #1750 ) ;
#2134 = CARTESIAN_POINT ( 'NONE',  ( -0.2892383619171440268, -1.997284604740666936, 9.999999999999998224 ) ) ;
#2135 = FILL_AREA_STYLE_COLOUR ( '', #2514 ) ;
#2136 = EDGE_CURVE ( 'NONE', #708, #1489, #2013, .T. ) ;
#2137 = VECTOR ( 'NONE', #3220, 1000.000000000000000 ) ;
#2138 = CARTESIAN_POINT ( 'NONE',  ( -0.9240768112163135761, -3.757093460412612718, 9.800000000000000711 ) ) ;
#2139 = CARTESIAN_POINT ( 'NONE',  ( 0.9376362967356962619, -0.8297189128159200289, 9.799999999999998934 ) ) ;
#2140 = CARTESIAN_POINT ( 'NONE',  ( -0.5437759737786517222, -2.042482306688631954, 9.799999999999998934 ) ) ;
#2141 = CARTESIAN_POINT ( 'NONE',  ( 1.392255790964513240, -2.214503982707228591, 9.799999999999998934 ) ) ;
#2142 = EDGE_CURVE ( 'NONE', #848, #2338, #157, .T. ) ;
#2143 = ORIENTED_EDGE ( 'NONE', *, *, #498, .F. ) ;
#2144 = FILL_AREA_STYLE_COLOUR ( '', #1021 ) ;
#2145 = AXIS2_PLACEMENT_3D ( 'NONE', #755, #984, #742 ) ;
#2146 = SURFACE_STYLE_FILL_AREA ( #2360 ) ;
#2147 = CARTESIAN_POINT ( 'NONE',  ( 1.890736644693985946, -2.231119489494556962, 9.800000000000002487 ) ) ;
#2148 = DIRECTION ( 'NONE',  ( -1.000000000000000000, 0.000000000000000000, 0.000000000000000000 ) ) ;
#2149 = CARTESIAN_POINT ( 'NONE',  ( 1.083837726552957959, 1.765312808739345041, 10.00000000000000000 ) ) ;
#2150 = EDGE_LOOP ( 'NONE', ( #507, #1852, #1831, #3154 ) ) ;
#2151 =( NAMED_UNIT ( * ) PLANE_ANGLE_UNIT ( ) SI_UNIT ( $, .RADIAN. ) );
#2152 = CARTESIAN_POINT ( 'NONE',  ( 0.4116746663990766830, -2.834368867219544619, 10.00000000000000178 ) ) ;
#2153 = CARTESIAN_POINT ( 'NONE',  ( -2.036602043599778700, -2.224999999999999645, 0.1499999999999999944 ) ) ;
#2154 = CARTESIAN_POINT ( 'NONE',  ( -0.9916247756104701327, -3.478578160808441400, 9.799999999999997158 ) ) ;
#2155 = ORIENTED_EDGE ( 'NONE', *, *, #2297, .T. ) ;
#2156 = CARTESIAN_POINT ( 'NONE',  ( 0.1454918553576565188, -2.550154765517937516, 10.00000000000000178 ) ) ;
#2157 = CARTESIAN_POINT ( 'NONE',  ( 1.632756267266094019, -2.284815551781608001, 9.799999999999995381 ) ) ;
#2158 = CARTESIAN_POINT ( 'NONE',  ( 0.1607858711047825406, -3.622844622519445945, 9.799999999999998934 ) ) ;
#2159 = VERTEX_POINT ( 'NONE', #719 ) ;
#2160 = SURFACE_STYLE_USAGE ( .BOTH. , #1849 ) ;
#2161 = CARTESIAN_POINT ( 'NONE',  ( 1.454974330446088260, -1.998600612662215781, 9.799999999999995381 ) ) ;
#2162 = LINE ( 'NONE', #3151, #483 ) ;
#2163 = CARTESIAN_POINT ( 'NONE',  ( 0.6995370894572399134, -2.627850157320830160, 9.799999999999998934 ) ) ;
#2164 =( BOUNDED_CURVE ( )  B_SPLINE_CURVE ( 3, ( #1098, #559, #1816, #753 ),
 .UNSPECIFIED., .F., .T. ) 
 B_SPLINE_CURVE_WITH_KNOTS ( ( 4, 4 ),
 ( 3.141592653589793116, 4.712388980384689674 ),
 .UNSPECIFIED. ) 
 CURVE ( )  GEOMETRIC_REPRESENTATION_ITEM ( )  RATIONAL_B_SPLINE_CURVE ( ( 1.000000000000000000, 0.8047378541243649375, 0.8047378541243649375, 1.000000000000000000 ) ) 
 REPRESENTATION_ITEM ( '' )  );
#2165 = CARTESIAN_POINT ( 'NONE',  ( 0.05388529391959448467, -2.390377882460725356, 9.799999999999997158 ) ) ;
#2166 = ORIENTED_EDGE ( 'NONE', *, *, #2180, .T. ) ;
#2167 = CARTESIAN_POINT ( 'NONE',  ( 1.455330170094622178, -3.271058222152104733, 9.799999999999998934 ) ) ;
#2168 = SURFACE_STYLE_USAGE ( .BOTH. , #1339 ) ;
#2169 = UNCERTAINTY_MEASURE_WITH_UNIT (LENGTH_MEASURE( 1.000000000000000082E-05 ), #503, 'distance_accuracy_value', 'NONE');
#2170 = CARTESIAN_POINT ( 'NONE',  ( 0.2762847561433003363, -2.361035230299429966, 10.00000000000000355 ) ) ;
#2171 = CARTESIAN_POINT ( 'NONE',  ( -0.2062672153172233902, -2.003510056106087678, 10.00000000000000533 ) ) ;
#2172 = CARTESIAN_POINT ( 'NONE',  ( -0.5583067488135180501, -2.298603097222064129, 9.799999999999997158 ) ) ;
#2173 = CARTESIAN_POINT ( 'NONE',  ( -0.9789350835758254821, -3.556663425676934054, 9.800000000000000711 ) ) ;
#2174 = CARTESIAN_POINT ( 'NONE',  ( 2.025568426094707331, -2.626223032876800367, 9.799999999999998934 ) ) ;
#2175 = ORIENTED_EDGE ( 'NONE', *, *, #3350, .F. ) ;
#2176 = CARTESIAN_POINT ( 'NONE',  ( -0.8171102016089590858, -2.260792577824548566, 10.00000000000000178 ) ) ;
#2177 = ORIENTED_EDGE ( 'NONE', *, *, #3297, .F. ) ;
#2178 = PRODUCT_CONTEXT ( 'NONE', #2567, 'mechanical' ) ;
#2179 = CARTESIAN_POINT ( 'NONE',  ( -0.7593492691026236807, -2.579015992619043462, 10.00000000000000000 ) ) ;
#2180 = EDGE_CURVE ( 'NONE', #1988, #2032, #2805, .T. ) ;
#2181 = LINE ( 'NONE', #532, #2413 ) ;
#2182 = COLOUR_RGB ( '',0.6470588235294117974, 0.6196078431372549211, 0.5882352941176470784 ) ;
#2183 = CARTESIAN_POINT ( 'NONE',  ( 2.025568426094707331, -2.626223032876800367, 9.799999999999998934 ) ) ;
#2184 = CARTESIAN_POINT ( 'NONE',  ( 1.386158703872485187, -1.996989592705860295, 9.799999999999998934 ) ) ;
#2185 = CARTESIAN_POINT ( 'NONE',  ( 0.1641248088457136212, -2.598415161335084544, 9.800000000000002487 ) ) ;
#2186 = ORIENTED_EDGE ( 'NONE', *, *, #595, .T. ) ;
#2187 = ORIENTED_EDGE ( 'NONE', *, *, #1161, .T. ) ;
#2188 = PLANE ( 'NONE',  #2793 ) ;
#2189 = ADVANCED_FACE ( 'NONE', ( #3339 ), #451, .T. ) ;
#2190 = LINE ( 'NONE', #815, #1087 ) ;
#2191 = CARTESIAN_POINT ( 'NONE',  ( -0.8149261279102300026, -3.346839889080820640, 9.999999999999998224 ) ) ;
#2192 = CARTESIAN_POINT ( 'NONE',  ( 0.5600629428249882524, 1.193974136678510822, 9.799999999999998934 ) ) ;
#2193 = CARTESIAN_POINT ( 'NONE',  ( 0.2148233907232803830, -2.264231479250566448, 9.800000000000002487 ) ) ;
#2194 = CARTESIAN_POINT ( 'NONE',  ( -0.8738728979708562106, -3.866047680355077176, 9.799999999999998934 ) ) ;
#2195 = EDGE_LOOP ( 'NONE', ( #3211, #85, #2725, #2775, #444, #2344 ) ) ;
#2196 = CARTESIAN_POINT ( 'NONE',  ( 1.668796599158114180, -2.310895355817916386, 9.999999999999998224 ) ) ;
#2197 = STYLED_ITEM ( 'NONE', ( #1995 ), #1057 ) ;
#2198 = CARTESIAN_POINT ( 'NONE',  ( -0.7748147170994328370, -2.627143516158633840, 9.999999999999996447 ) ) ;
#2199 = CARTESIAN_POINT ( 'NONE',  ( 2.052705178231459371, -4.167929763646030850, 9.799999999999998934 ) ) ;
#2200 = LINE ( 'NONE', #195, #3105 ) ;
#2201 = CARTESIAN_POINT ( 'NONE',  ( 2.024939529917602510, -2.605282649368129810, 10.00000000000000000 ) ) ;
#2202 = ADVANCED_FACE ( 'NONE', ( #3006 ), #3038, .F. ) ;
#2203 = ORIENTED_EDGE ( 'NONE', *, *, #608, .T. ) ;
#2204 = CARTESIAN_POINT ( 'NONE',  ( 1.051505595073294108, 1.101864856195213571, 9.799999999999998934 ) ) ;
#2205 = CARTESIAN_POINT ( 'NONE',  ( -0.7822529467527407077, -4.002179306010832605, 9.800000000000006040 ) ) ;
#2206 = CARTESIAN_POINT ( 'NONE',  ( 0.2777390620621875694, -3.855966120751434190, 10.00000000000000000 ) ) ;
#2207 = CARTESIAN_POINT ( 'NONE',  ( 0.06543209958310337859, -2.115377483651843527, 9.800000000000000711 ) ) ;
#2208 = CARTESIAN_POINT ( 'NONE',  ( 0.3512714210150950089, -2.535312487028348549, 9.799999999999998934 ) ) ;
#2209 = CARTESIAN_POINT ( 'NONE',  ( 0.3300303483877665700, -3.744920422457624465, 9.999999999999996447 ) ) ;
#2210 = DIRECTION ( 'NONE',  ( 0.000000000000000000, 1.000000000000000000, 0.000000000000000000 ) ) ;
#2211 = PLANE ( 'NONE',  #1682 ) ;
#2212 = EDGE_LOOP ( 'NONE', ( #1651, #2931, #1159, #3235 ) ) ;
#2213 = SHAPE_DEFINITION_REPRESENTATION ( #2272, #1112 ) ;
#2214 = EDGE_CURVE ( 'NONE', #3173, #378, #3281, .T. ) ;
#2215 = CARTESIAN_POINT ( 'NONE',  ( -0.8076994229413670956, -2.802494468314040255, 9.999999999999998224 ) ) ;
#2216 = FACE_OUTER_BOUND ( 'NONE', #985, .T. ) ;
#2217 = CARTESIAN_POINT ( 'NONE',  ( 1.190642116985583421, -2.245570185398558127, 9.799999999999998934 ) ) ;
#2218 = CARTESIAN_POINT ( 'NONE',  ( 1.521535643948548344, -2.007769425600017144, 10.00000000000000178 ) ) ;
#2219 = ORIENTED_EDGE ( 'NONE', *, *, #354, .F. ) ;
#2220 = ORIENTED_EDGE ( 'NONE', *, *, #696, .F. ) ;
#2221 = CARTESIAN_POINT ( 'NONE',  ( -0.3060721989052931913, -4.222203267919535818, 9.799999999999998934 ) ) ;
#2222 = DIRECTION ( 'NONE',  ( -1.000000000000000000, 0.000000000000000000, 0.000000000000000000 ) ) ;
#2223 = UNCERTAINTY_MEASURE_WITH_UNIT (LENGTH_MEASURE( 1.000000000000000082E-05 ), #2401, 'distance_accuracy_value', 'NONE');
#2224 = B_SPLINE_CURVE_WITH_KNOTS ( 'NONE', 3,
 ( #2128, #2651, #1629, #1348, #3208, #2664, #2395, #826, #31, #581 ),
 .UNSPECIFIED., .F., .F.,
 ( 4, 1, 1, 1, 1, 1, 1, 4 ),
 ( 0.000000000000000000, 0.1998779620209042429, 0.3017891810263175767, 0.3883970634200896166, 0.5249017164445681782, 0.6896823911091853887, 0.7707437648934249985, 1.000000000000000000 ),
 .UNSPECIFIED. ) ;
#2225 = CARTESIAN_POINT ( 'NONE',  ( 0.1060809383876364226, -2.146814384018456590, 9.799999999999995381 ) ) ;
#2226 = CARTESIAN_POINT ( 'NONE',  ( 4.000000000000004441, 2.225000000000000089, 0.000000000000000000 ) ) ;
#2227 = CARTESIAN_POINT ( 'NONE',  ( -0.8237905482642674526, -3.109596430312697724, 9.799999999999998934 ) ) ;
#2228 = ADVANCED_FACE ( 'NONE', ( #1227 ), #699, .T. ) ;
#2229 = ORIENTED_EDGE ( 'NONE', *, *, #2117, .T. ) ;
#2230 = CARTESIAN_POINT ( 'NONE',  ( 0.4241059965164343804, -3.142813674333613694, 10.00000000000000178 ) ) ;
#2231 = CARTESIAN_POINT ( 'NONE',  ( 5.000000000000000888, 5.149999999999995026, 0.000000000000000000 ) ) ;
#2232 = CARTESIAN_POINT ( 'NONE',  ( 4.500000000000001776, 5.149999999999998579, 0.000000000000000000 ) ) ;
#2233 = CARTESIAN_POINT ( 'NONE',  ( -4.499999999999995559, 5.649999999999998579, 10.00000000000000000 ) ) ;
#2234 = AXIS2_PLACEMENT_3D ( 'NONE', #455, #2796, #1224 ) ;
#2235 = DIRECTION ( 'NONE',  ( -0.000000000000000000, -0.000000000000000000, -1.000000000000000000 ) ) ;
#2236 = LINE ( 'NONE', #2986, #3011 ) ;
#2237 = CARTESIAN_POINT ( 'NONE',  ( -1.013747813221532290, -3.110444453816971322, 10.00000000000000000 ) ) ;
#2238 =( NAMED_UNIT ( * ) PLANE_ANGLE_UNIT ( ) SI_UNIT ( $, .RADIAN. ) );
#2239 = CARTESIAN_POINT ( 'NONE',  ( 0.1076193216389803309, -4.070785405965193782, 9.799999999999995381 ) ) ;
#2240 = CARTESIAN_POINT ( 'NONE',  ( 2.024544405224359522, -2.655703866167290261, 9.799999999999998934 ) ) ;
#2241 = CARTESIAN_POINT ( 'NONE',  ( -3.000000000000001776, 2.857911485330247636, 9.799999999999998934 ) ) ;
#2242 = EDGE_CURVE ( 'NONE', #3049, #3163, #2953, .T. ) ;
#2243 = CARTESIAN_POINT ( 'NONE',  ( -0.8235903651807311432, -3.026028893095552341, 9.800000000000000711 ) ) ;
#2244 = VERTEX_POINT ( 'NONE', #3191 ) ;
#2245 = DIRECTION ( 'NONE',  ( 0.000000000000000000, -1.000000000000000000, 0.000000000000000000 ) ) ;
#2246 = CARTESIAN_POINT ( 'NONE',  ( -0.09460275296364231701, -3.955483504647704596, 10.00000000000000000 ) ) ;
#2247 = STYLED_ITEM ( 'NONE', ( #2919 ), #713 ) ;
#2248 = ORIENTED_EDGE ( 'NONE', *, *, #1161, .F. ) ;
#2249 = CARTESIAN_POINT ( 'NONE',  ( -0.2762728592885767553, -4.004142973858533239, 10.00000000000000000 ) ) ;
#2250 = CARTESIAN_POINT ( 'NONE',  ( 2.036602043599778700, 2.224999999999999645, 0.1499999999999999944 ) ) ;
#2251 = ORIENTED_EDGE ( 'NONE', *, *, #1779, .F. ) ;
#2252 = CARTESIAN_POINT ( 'NONE',  ( 1.234089363057109479, -2.231553815650218375, 9.999999999999994671 ) ) ;
#2253 = VECTOR ( 'NONE', #2018, 1000.000000000000000 ) ;
#2254 = DIRECTION ( 'NONE',  ( 0.000000000000000000, 0.000000000000000000, -1.000000000000000000 ) ) ;
#2255 = CARTESIAN_POINT ( 'NONE',  ( -0.2892326598421145478, -4.221958134964465259, 9.799999999999998934 ) ) ;
#2256 = CARTESIAN_POINT ( 'NONE',  ( 1.316055004898567304, -1.998536714119429014, 9.999999999999994671 ) ) ;
#2257 = CARTESIAN_POINT ( 'NONE',  ( -0.8235903651807311432, -3.026028893095552341, 10.00000000000000178 ) ) ;
#2258 = EDGE_LOOP ( 'NONE', ( #2203, #1019, #670, #1259 ) ) ;
#2259 = VERTEX_POINT ( 'NONE', #1536 ) ;
#2260 = CARTESIAN_POINT ( 'NONE',  ( 0.6856782954774544026, 1.864186103884450940, 9.799999999999998934 ) ) ;
#2261 = B_SPLINE_CURVE_WITH_KNOTS ( 'NONE', 3,
 ( #3171, #282, #1919, #2911, #1084, #2433, #1384, #2968, #1900, #600, #1664, #63, #1052, #809, #1851, #16, #548, #248, #1124 ),
 .UNSPECIFIED., .F., .F.,
 ( 4, 1, 1, 1, 1, 1, 1, 1, 1, 1, 1, 1, 1, 1, 1, 1, 4 ),
 ( 0.000000000000000000, 0.06443867159524246935, 0.1265469112716773592, 0.1868871534365702525, 0.2458775355894552428, 0.3040408846912663332, 0.3621912180726602482, 0.4209759327916439697, 0.4806602832796654790, 0.5406002749537572871, 0.6006890983494527214, 0.6619357897571954696, 0.7244425059139824041, 0.7890383938817433496, 0.8563137570509936625, 0.9263520282058630428, 0.9999999999999998890 ),
 .UNSPECIFIED. ) ;
#2262 = CARTESIAN_POINT ( 'NONE',  ( 2.052705178231459371, -3.950835746552013639, 10.00000000000000000 ) ) ;
#2263 = CARTESIAN_POINT ( 'NONE',  ( 2.999999999999998224, 2.857911485330247636, 9.799999999999998934 ) ) ;
#2264 = EDGE_LOOP ( 'NONE', ( #1802, #1104, #1316, #2813 ) ) ;
#2265 = CARTESIAN_POINT ( 'NONE',  ( 1.784080082606019024, -2.442226024941325679, 9.800000000000000711 ) ) ;
#2266 = ORIENTED_EDGE ( 'NONE', *, *, #1053, .F. ) ;
#2267 = CARTESIAN_POINT ( 'NONE',  ( 1.190642116985583421, -2.245570185398558127, 9.799999999999998934 ) ) ;
#2268 = FILL_AREA_STYLE ('',( #416 ) ) ;
#2269 = CARTESIAN_POINT ( 'NONE',  ( 2.052705178231459371, -3.950835746552013639, 9.799999999999998934 ) ) ;
#2270 = PLANE ( 'NONE',  #1790 ) ;
#2271 = FILL_AREA_STYLE_COLOUR ( '', #405 ) ;
#2272 = PRODUCT_DEFINITION_SHAPE ( 'NONE', 'NONE',  #2561 ) ;
#2273 = CARTESIAN_POINT ( 'NONE',  ( 0.3907070077956327214, -0.5714903391801289256, 9.799999999999998934 ) ) ;
#2274 = CARTESIAN_POINT ( 'NONE',  ( -0.8237905482642674526, -3.109596430312697724, 9.799999999999998934 ) ) ;
#2275 = DIRECTION ( 'NONE',  ( -0.000000000000000000, -0.000000000000000000, 1.000000000000000000 ) ) ;
#2276 = VERTEX_POINT ( 'NONE', #849 ) ;
#2277 = EDGE_CURVE ( 'NONE', #378, #2003, #1010, .T. ) ;
#2278 = CARTESIAN_POINT ( 'NONE',  ( -0.2997120226232418694, -4.005109250825517719, 9.800000000000000711 ) ) ;
#2279 = SURFACE_STYLE_USAGE ( .BOTH. , #1220 ) ;
#2280 =( GEOMETRIC_REPRESENTATION_CONTEXT ( 3 ) GLOBAL_UNCERTAINTY_ASSIGNED_CONTEXT ( ( #52 ) ) GLOBAL_UNIT_ASSIGNED_CONTEXT ( ( #2425, #890, #352 ) ) REPRESENTATION_CONTEXT ( 'NONE', 'WORKASPACE' ) );
#2281 = ORIENTED_EDGE ( 'NONE', *, *, #2115, .T. ) ;
#2282 = EDGE_CURVE ( 'NONE', #334, #84, #829, .T. ) ;
#2283 = VECTOR ( 'NONE', #2079, 999.9999999999998863 ) ;
#2284 =( NAMED_UNIT ( * ) PLANE_ANGLE_UNIT ( ) SI_UNIT ( $, .RADIAN. ) );
#2285 = CARTESIAN_POINT ( 'NONE',  ( -4.999999999999999112, 5.149999999999995026, 10.00000000000000000 ) ) ;
#2286 = SURFACE_SIDE_STYLE ('',( #967 ) ) ;
#2287 = FACE_OUTER_BOUND ( 'NONE', #1032, .T. ) ;
#2288 = CARTESIAN_POINT ( 'NONE',  ( 0.9376362967356962619, -0.8297189128159200289, 10.00000000000000000 ) ) ;
#2289 = CARTESIAN_POINT ( 'NONE',  ( 1.435344067120348122, -3.291921483731500953, 9.799999999999998934 ) ) ;
#2290 = VERTEX_POINT ( 'NONE', #761 ) ;
#2291 = CARTESIAN_POINT ( 'NONE',  ( 0.6898926180013672527, 2.158879340280067893, 9.799999999999998934 ) ) ;
#2292 = LINE ( 'NONE', #1466, #2880 ) ;
#2293 = LINE ( 'NONE', #425, #956 ) ;
#2294 = CARTESIAN_POINT ( 'NONE',  ( 1.554566463659722508, -2.245153688860824559, 9.799999999999997158 ) ) ;
#2295 = CARTESIAN_POINT ( 'NONE',  ( 1.701192943689879611, -2.069361665068214506, 9.799999999999995381 ) ) ;
#2296 = FACE_OUTER_BOUND ( 'NONE', #1406, .T. ) ;
#2297 = EDGE_CURVE ( 'NONE', #1582, #1546, #1626, .T. ) ;
#2298 = VERTEX_POINT ( 'NONE', #51 ) ;
#2299 = FACE_BOUND ( 'NONE', #1652, .T. ) ;
#2300 = EDGE_CURVE ( 'NONE', #1188, #325, #3110, .T. ) ;
#2301 = MECHANICAL_DESIGN_GEOMETRIC_PRESENTATION_REPRESENTATION (  '', ( #1425 ), #1541 ) ;
#2302 = DIRECTION ( 'NONE',  ( -0.000000000000000000, -0.000000000000000000, 1.000000000000000000 ) ) ;
#2303 = CARTESIAN_POINT ( 'NONE',  ( 0.6971056115462673786, -2.677344182801844052, 9.800000000000000711 ) ) ;
#2304 = CARTESIAN_POINT ( 'NONE',  ( 1.794310037142361258, -2.845017437073540378, 9.799999999999998934 ) ) ;
#2305 = ORIENTED_EDGE ( 'NONE', *, *, #2927, .T. ) ;
#2306 = FACE_OUTER_BOUND ( 'NONE', #2971, .T. ) ;
#2307 = CARTESIAN_POINT ( 'NONE',  ( -0.6634059133432648192, 1.221620983167684082, 9.799999999999998934 ) ) ;
#2308 = CARTESIAN_POINT ( 'NONE',  ( 0.5600629428249878083, 1.193974136678510822, 10.00000000000000000 ) ) ;
#2309 = FACE_OUTER_BOUND ( 'NONE', #261, .T. ) ;
#2310 = FACE_OUTER_BOUND ( 'NONE', #527, .T. ) ;
#2311 = CARTESIAN_POINT ( 'NONE',  ( -0.01924947163176374612, -4.155422005373599070, 9.999999999999998224 ) ) ;
#2312 = CARTESIAN_POINT ( 'NONE',  ( 1.386158703872485187, -1.996989592705860295, 9.799999999999998934 ) ) ;
#2313 = VERTEX_POINT ( 'NONE', #502 ) ;
#2314 = CARTESIAN_POINT ( 'NONE',  ( -0.3556846367799167963, -1.997822370386012958, 9.799999999999998934 ) ) ;
#2315 = CARTESIAN_POINT ( 'NONE',  ( 4.500000000000001776, 5.149999999999998579, 0.000000000000000000 ) ) ;
#2316 =( LENGTH_UNIT ( ) NAMED_UNIT ( * ) SI_UNIT ( .MILLI., .METRE. ) );
#2317 = LINE ( 'NONE', #2626, #2283 ) ;
#2318 = CARTESIAN_POINT ( 'NONE',  ( -3.000000000000001776, 2.857911485330247636, 10.00000000000000000 ) ) ;
#2319 = CARTESIAN_POINT ( 'NONE',  ( 0.6958675713938526908, -2.702545148261415786, 9.999999999999996447 ) ) ;
#2320 = DIRECTION ( 'NONE',  ( -1.000000000000000000, 0.000000000000000000, 0.000000000000000000 ) ) ;
#2321 = EDGE_CURVE ( 'NONE', #2990, #1585, #208, .T. ) ;
#2322 = CYLINDRICAL_SURFACE ( 'NONE', #957, 0.4999999999999995559 ) ;
#2323 = EDGE_CURVE ( 'NONE', #2783, #835, #1248, .T. ) ;
#2324 = CARTESIAN_POINT ( 'NONE',  ( -0.5055455212696383649, -2.265369995778994561, 10.00000000000000533 ) ) ;
#2325 =( NAMED_UNIT ( * ) SI_UNIT ( $, .STERADIAN. ) SOLID_ANGLE_UNIT ( ) );
#2326 = CARTESIAN_POINT ( 'NONE',  ( 1.827781692305676220, -2.558545376345968236, 9.799999999999998934 ) ) ;
#2327 = VERTEX_POINT ( 'NONE', #306 ) ;
#2328 = CARTESIAN_POINT ( 'NONE',  ( 0.2342100515805762007, -3.084155565027976831, 10.00000000000000000 ) ) ;
#2329 = CARTESIAN_POINT ( 'NONE',  ( -0.9642663144689737065, -2.590015453228931452, 10.00000000000000178 ) ) ;
#2330 = CARTESIAN_POINT ( 'NONE',  ( 2.052705178231459371, -4.167929763646030850, 10.00000000000000000 ) ) ;
#2331 = CARTESIAN_POINT ( 'NONE',  ( 0.02350378284487799133, -2.087181138804503178, 9.999999999999996447 ) ) ;
#2332 = CARTESIAN_POINT ( 'NONE',  ( -4.999999999999999112, 5.149999999999995026, 10.00000000000000000 ) ) ;
#2333 = CARTESIAN_POINT ( 'NONE',  ( 0.7502527980340947256, -2.421475992440409453, 10.00000000000000178 ) ) ;
#2334 = VECTOR ( 'NONE', #3124, 999.9999999999998863 ) ;
#2335 = CARTESIAN_POINT ( 'NONE',  ( 1.762603162564630122, -3.202276612859901395, 9.799999999999998934 ) ) ;
#2336 = CARTESIAN_POINT ( 'NONE',  ( -0.5431232486549818494, -4.177555757215163368, 9.799999999999998934 ) ) ;
#2337 = EDGE_CURVE ( 'NONE', #250, #414, #747, .T. ) ;
#2338 = VERTEX_POINT ( 'NONE', #235 ) ;
#2339 = CARTESIAN_POINT ( 'NONE',  ( -0.2302739943266261802, -2.217766812325220105, 10.00000000000000533 ) ) ;
#2340 = DIRECTION ( 'NONE',  ( 1.000000000000000000, 0.000000000000000000, 0.000000000000000000 ) ) ;
#2341 = CARTESIAN_POINT ( 'NONE',  ( -0.8199155539289606498, -3.272472118796160512, 9.800000000000000711 ) ) ;
#2342 = ADVANCED_FACE ( 'NONE', ( #1296 ), #973, .T. ) ;
#2343 = ORIENTED_EDGE ( 'NONE', *, *, #239, .T. ) ;
#2344 = ORIENTED_EDGE ( 'NONE', *, *, #752, .T. ) ;
#2345 = CARTESIAN_POINT ( 'NONE',  ( -0.7118013550756357999, -2.146216136456055690, 10.00000000000000178 ) ) ;
#2346 = VECTOR ( 'NONE', #1222, 1000.000000000000000 ) ;
#2347 = CARTESIAN_POINT ( 'NONE',  ( 2.025568426094707331, -2.626223032876800367, 9.799999999999998934 ) ) ;
#2348 = CARTESIAN_POINT ( 'NONE',  ( 0.2234985974720072599, -3.329631257067556582, 9.799999999999998934 ) ) ;
#2349 = CARTESIAN_POINT ( 'NONE',  ( 1.832970775095242866, -2.711812010283048302, 10.00000000000000178 ) ) ;
#2350 = CARTESIAN_POINT ( 'NONE',  ( -3.699999999999997513, 1.458744741162313820E-15, 0.000000000000000000 ) ) ;
#2351 = CARTESIAN_POINT ( 'NONE',  ( -0.4979435942948484128, -4.193409491558310442, 10.00000000000000000 ) ) ;
#2352 = CARTESIAN_POINT ( 'NONE',  ( 1.460126783116674432, -0.3012533402591819343, 9.799999999999998934 ) ) ;
#2353 = CARTESIAN_POINT ( 'NONE',  ( -0.9017623346815267782, -2.406966508085465417, 9.799999999999997158 ) ) ;
#2354 = STYLED_ITEM ( 'NONE', ( #1179 ), #396 ) ;
#2355 = AXIS2_PLACEMENT_3D ( 'NONE', #148, #1003, #684 ) ;
#2356 = LINE ( 'NONE', #1047, #869 ) ;
#2357 = ORIENTED_EDGE ( 'NONE', *, *, #121, .F. ) ;
#2358 = SURFACE_STYLE_FILL_AREA ( #1308 ) ;
#2359 = CARTESIAN_POINT ( 'NONE',  ( 0.2167436404990178145, -3.952828439944632066, 9.799999999999998934 ) ) ;
#2360 = FILL_AREA_STYLE ('',( #2107 ) ) ;
#2361 = CARTESIAN_POINT ( 'NONE',  ( 2.001383421620722913, -2.444731324036528264, 9.999999999999989342 ) ) ;
#2362 = DIRECTION ( 'NONE',  ( -1.000000000000000000, 0.000000000000000000, -0.000000000000000000 ) ) ;
#2363 = ORIENTED_EDGE ( 'NONE', *, *, #1974, .F. ) ;
#2364 = CARTESIAN_POINT ( 'NONE',  ( -0.8235781133256602216, -3.192738337158328665, 9.800000000000000711 ) ) ;
#2365 = EDGE_CURVE ( 'NONE', #2298, #2032, #3218, .T. ) ;
#2366 = CARTESIAN_POINT ( 'NONE',  ( 0.6971056115462673786, -2.677344182801844052, 9.800000000000000711 ) ) ;
#2367 = CARTESIAN_POINT ( 'NONE',  ( 1.737505128142796007, -2.942718495397333101, 9.800000000000000711 ) ) ;
#2368 = CARTESIAN_POINT ( 'NONE',  ( 0.6995370894572399134, -2.627850157320830160, 10.00000000000000000 ) ) ;
#2369 = SURFACE_STYLE_USAGE ( .BOTH. , #3358 ) ;
#2370 = CARTESIAN_POINT ( 'NONE',  ( -0.002636916056923334101, -2.330826032658185110, 9.999999999999998224 ) ) ;
#2371 = EDGE_LOOP ( 'NONE', ( #1572, #3318, #1396, #2363, #828, #1860, #1290, #2485, #1609, #2992, #564, #603 ) ) ;
#2372 = CARTESIAN_POINT ( 'NONE',  ( -0.1103848748782029904, -4.192776779066480941, 9.799999999999995381 ) ) ;
#2373 = CARTESIAN_POINT ( 'NONE',  ( 3.875735931288075697, 4.300735931288071967, -0.2999999999999999334 ) ) ;
#2374 = CARTESIAN_POINT ( 'NONE',  ( 1.804186227638038043, -2.139524550753215681, 9.999999999999991118 ) ) ;
#2375 = DIRECTION ( 'NONE',  ( -0.000000000000000000, -0.000000000000000000, 1.000000000000000000 ) ) ;
#2376 = CARTESIAN_POINT ( 'NONE',  ( 2.001383421620722913, -2.444731324036528264, 9.799999999999998934 ) ) ;
#2377 = ADVANCED_FACE ( 'NONE', ( #2131 ), #3367, .F. ) ;
#2378 = ORIENTED_EDGE ( 'NONE', *, *, #2277, .T. ) ;
#2379 = CARTESIAN_POINT ( 'NONE',  ( -0.7842038535292812362, -2.219122248116801366, 10.00000000000000178 ) ) ;
#2380 = CARTESIAN_POINT ( 'NONE',  ( -0.7422136459369742534, -3.683261285466190138, 9.799999999999998934 ) ) ;
#2381 = B_SPLINE_CURVE_WITH_KNOTS ( 'NONE', 3,
 ( #1866, #533, #1125, #3152, #1385, #582, #2912, #2396, #793, #1601, #549, #2637, #1648, #1614, #2686 ),
 .UNSPECIFIED., .F., .F.,
 ( 4, 1, 1, 1, 1, 1, 1, 1, 1, 1, 1, 1, 4 ),
 ( 0.000000000000000000, 0.1108026438013185178, 0.2128292023477704464, 0.3061013098231109564, 0.3906473211160100267, 0.4669244693608514130, 0.5344810392840304569, 0.5935869409656724383, 0.6445570045087177791, 0.7362004526293727258, 0.8250240256188645649, 0.9119855848297582224, 0.9999999999999998890 ),
 .UNSPECIFIED. ) ;
#2382 = ADVANCED_FACE ( 'NONE', ( #484 ), #2821, .T. ) ;
#2383 = CARTESIAN_POINT ( 'NONE',  ( -0.5986149613915230372, -3.887926464913024294, 9.799999999999998934 ) ) ;
#2384 = B_SPLINE_CURVE_WITH_KNOTS ( 'NONE', 3,
 ( #1955, #2366, #2163, #1418, #3287, #1101, #583, #2484, #2452, #618, #1649, #2984, #3254, #3209, #2470, #1921, #1681, #913, #2184 ),
 .UNSPECIFIED., .F., .F.,
 ( 4, 1, 1, 1, 1, 1, 1, 1, 1, 1, 1, 1, 1, 1, 1, 1, 4 ),
 ( 0.000000000000000000, 0.06879079439061823453, 0.1351032894311280375, 0.1989786743106514710, 0.2619042997808562756, 0.3234949693679693983, 0.3851953779660511890, 0.4469692387407744327, 0.5097647767031322497, 0.5722505688473684682, 0.6334051756611528416, 0.6932511629217525950, 0.7525831627856701678, 0.8125792661534213535, 0.8732750849201917909, 0.9355499428950291296, 1.000000000000000000 ),
 .UNSPECIFIED. ) ;
#2385 = CARTESIAN_POINT ( 'NONE',  ( -0.9453333839134308025, -3.695918813564075478, 9.800000000000000711 ) ) ;
#2386 = CARTESIAN_POINT ( 'NONE',  ( -0.2126610159048048510, 2.216428011154425004, 10.00000000000000000 ) ) ;
#2387 = VECTOR ( 'NONE', #2868, 1000.000000000000000 ) ;
#2388 = CARTESIAN_POINT ( 'NONE',  ( -0.9801204420802442918, -2.662124092068503423, 9.800000000000002487 ) ) ;
#2389 = CARTESIAN_POINT ( 'NONE',  ( 1.594625966118433880, -2.263020470488988689, 9.800000000000002487 ) ) ;
#2390 = VECTOR ( 'NONE', #205, 1000.000000000000000 ) ;
#2391 = CARTESIAN_POINT ( 'NONE',  ( 0.1904412105767175067, -3.525010223123530739, 9.799999999999998934 ) ) ;
#2392 = ORIENTED_EDGE ( 'NONE', *, *, #3303, .F. ) ;
#2393 = CARTESIAN_POINT ( 'NONE',  ( 0.3300303483877665700, -3.744920422457624465, 9.799999999999998934 ) ) ;
#2394 =( LENGTH_UNIT ( ) NAMED_UNIT ( * ) SI_UNIT ( .MILLI., .METRE. ) );
#2395 = CARTESIAN_POINT ( 'NONE',  ( -0.6634059133432648192, 1.221620983167684082, 9.799999999999998934 ) ) ;
#2396 = CARTESIAN_POINT ( 'NONE',  ( 1.710916413596494490, -2.980669996297828916, 9.999999999999996447 ) ) ;
#2397 =( BOUNDED_CURVE ( )  B_SPLINE_CURVE ( 3, ( #1740, #1478, #3320, #3073 ),
 .UNSPECIFIED., .F., .T. ) 
 B_SPLINE_CURVE_WITH_KNOTS ( ( 4, 4 ),
 ( 3.141592653589793116, 4.712388980384689674 ),
 .UNSPECIFIED. ) 
 CURVE ( )  GEOMETRIC_REPRESENTATION_ITEM ( )  RATIONAL_B_SPLINE_CURVE ( ( 1.000000000000000000, 0.8047378541243649375, 0.8047378541243649375, 1.000000000000000000 ) ) 
 REPRESENTATION_ITEM ( '' )  );
#2398 = ORIENTED_EDGE ( 'NONE', *, *, #1764, .T. ) ;
#2399 = CARTESIAN_POINT ( 'NONE',  ( 0.2069896033997711826, -2.764272874654053691, 10.00000000000000000 ) ) ;
#2400 = CARTESIAN_POINT ( 'NONE',  ( -0.1579166935183947129, -2.012866401978996134, 10.00000000000000000 ) ) ;
#2401 =( LENGTH_UNIT ( ) NAMED_UNIT ( * ) SI_UNIT ( .MILLI., .METRE. ) );
#2402 = CARTESIAN_POINT ( 'NONE',  ( 0.9499485225726327364, -2.148149963545938235, 10.00000000000000000 ) ) ;
#2403 =( GEOMETRIC_REPRESENTATION_CONTEXT ( 3 ) GLOBAL_UNCERTAINTY_ASSIGNED_CONTEXT ( ( #2223 ) ) GLOBAL_UNIT_ASSIGNED_CONTEXT ( ( #2401, #2597, #2856 ) ) REPRESENTATION_CONTEXT ( 'NONE', 'WORKASPACE' ) );
#2404 = CARTESIAN_POINT ( 'NONE',  ( -1.013550475205011514, -3.144087561472404868, 9.800000000000000711 ) ) ;
#2405 = CARTESIAN_POINT ( 'NONE',  ( 0.3781708504766196355, -1.025467019014482117, 9.799999999999998934 ) ) ;
#2406 = EDGE_LOOP ( 'NONE', ( #2549, #1228, #495, #17, #2111 ) ) ;
#2407 = CARTESIAN_POINT ( 'NONE',  ( -0.09594652274384649071, -2.265527310730544475, 9.999999999999998224 ) ) ;
#2408 = CARTESIAN_POINT ( 'NONE',  ( 2.052705178231459371, -3.950835746552013639, 9.799999999999998934 ) ) ;
#2409 = ORIENTED_EDGE ( 'NONE', *, *, #1071, .F. ) ;
#2410 = DIRECTION ( 'NONE',  ( 1.000000000000000000, 0.000000000000000000, 0.000000000000000000 ) ) ;
#2411 =( GEOMETRIC_REPRESENTATION_CONTEXT ( 3 ) GLOBAL_UNCERTAINTY_ASSIGNED_CONTEXT ( ( #3292 ) ) GLOBAL_UNIT_ASSIGNED_CONTEXT ( ( #206, #2046, #1263 ) ) REPRESENTATION_CONTEXT ( 'NONE', 'WORKASPACE' ) );
#2412 = DIRECTION ( 'NONE',  ( 0.000000000000000000, 0.000000000000000000, 1.000000000000000000 ) ) ;
#2413 = VECTOR ( 'NONE', #2685, 1000.000000000000000 ) ;
#2414 = DIRECTION ( 'NONE',  ( 0.000000000000000000, 1.000000000000000000, 0.000000000000000000 ) ) ;
#2415 = CARTESIAN_POINT ( 'NONE',  ( -1.263165198337272699, -0.1055746581058352729, 10.00000000000000000 ) ) ;
#2416 = CARTESIAN_POINT ( 'NONE',  ( 0.1030753714796710380, -2.463735189746113718, 9.799999999999998934 ) ) ;
#2417 = VERTEX_POINT ( 'NONE', #3129 ) ;
#2418 = CARTESIAN_POINT ( 'NONE',  ( -1.013747813221532290, -3.110444453816971322, 10.00000000000000178 ) ) ;
#2419 = PRESENTATION_STYLE_ASSIGNMENT (( #2168 ) ) ;
#2420 = CARTESIAN_POINT ( 'NONE',  ( 2.999999999999998224, 2.857911485330247636, 10.00000000000000000 ) ) ;
#2421 = CARTESIAN_POINT ( 'NONE',  ( -0.3696586821333142647, -4.001606302760275291, 9.799999999999998934 ) ) ;
#2422 = CARTESIAN_POINT ( 'NONE',  ( -0.5987434197014446235, -2.330255314141540079, 9.800000000000000711 ) ) ;
#2423 = LINE ( 'NONE', #56, #519 ) ;
#2424 = ORIENTED_EDGE ( 'NONE', *, *, #950, .F. ) ;
#2425 =( LENGTH_UNIT ( ) NAMED_UNIT ( * ) SI_UNIT ( .MILLI., .METRE. ) );
#2426 = ADVANCED_FACE ( 'NONE', ( #1328 ), #1829, .T. ) ;
#2427 = CARTESIAN_POINT ( 'NONE',  ( 1.594625966118433880, -2.263020470488988689, 10.00000000000000355 ) ) ;
#2428 = VERTEX_POINT ( 'NONE', #240 ) ;
#2429 = B_SPLINE_CURVE_WITH_KNOTS ( 'NONE', 3,
 ( #2024, #1772, #2970, #1885, #2706, #2997, #2666, #1631, #304, #2185, #847, #3234, #2416, #563, #2165, #66, #1941, #1904, #866, #1364, #96, #1922, #343 ),
 .UNSPECIFIED., .F., .F.,
 ( 4, 1, 1, 1, 1, 1, 1, 1, 1, 1, 1, 1, 1, 1, 1, 1, 1, 1, 1, 1, 4 ),
 ( 0.000000000000000000, 0.06568119799063905362, 0.1284864641740648961, 0.1881751303280079779, 0.2451061306699862108, 0.2994484245294752878, 0.3508229360093824134, 0.3999416805337777103, 0.4466717436323718315, 0.4912545333734981701, 0.5333763442704366753, 0.5738527549682239659, 0.6125263117194527096, 0.6495971364453293484, 0.6855320415538501688, 0.7201057860682004153, 0.7538376629736499579, 0.8189254160467136501, 0.8804934616501637334, 0.9403113338460570292, 1.000000000000000000 ),
 .UNSPECIFIED. ) ;
#2430 = EDGE_CURVE ( 'NONE', #2943, #345, #934, .T. ) ;
#2431 = LINE ( 'NONE', #862, #372 ) ;
#2432 = CARTESIAN_POINT ( 'NONE',  ( 2.001383421620722913, -2.444731324036528264, 9.799999999999998934 ) ) ;
#2433 = CARTESIAN_POINT ( 'NONE',  ( 1.190642116985583421, -2.245570185398558127, 10.00000000000000000 ) ) ;
#2434 = LINE ( 'NONE', #3172, #2080 ) ;
#2435 = CARTESIAN_POINT ( 'NONE',  ( 0.8858248363511176393, -2.702545148261415786, 10.00000000000000000 ) ) ;
#2436 = ORIENTED_EDGE ( 'NONE', *, *, #565, .F. ) ;
#2437 = VERTEX_POINT ( 'NONE', #836 ) ;
#2438 =( NAMED_UNIT ( * ) PLANE_ANGLE_UNIT ( ) SI_UNIT ( $, .RADIAN. ) );
#2439 = CARTESIAN_POINT ( 'NONE',  ( 0.3512714210150950089, -2.535312487028348549, 10.00000000000000000 ) ) ;
#2440 = CARTESIAN_POINT ( 'NONE',  ( -0.2557611565373731910, -1.997871290858971083, 9.799999999999998934 ) ) ;
#2441 = CARTESIAN_POINT ( 'NONE',  ( -1.013747813221532290, -3.110444453816971322, 9.799999999999998934 ) ) ;
#2442 = LINE ( 'NONE', #2749, #2466 ) ;
#2443 = ORIENTED_EDGE ( 'NONE', *, *, #135, .T. ) ;
#2444 = CARTESIAN_POINT ( 'NONE',  ( -0.8146888045784564936, -3.960161704893302659, 9.999999999999994671 ) ) ;
#2445 = ADVANCED_FACE ( 'NONE', ( #1966 ), #598, .T. ) ;
#2446 = CARTESIAN_POINT ( 'NONE',  ( -4.499999999999998224, -5.150000000000002132, 0.000000000000000000 ) ) ;
#2447 = VECTOR ( 'NONE', #1634, 1000.000000000000000 ) ;
#2448 = CARTESIAN_POINT ( 'NONE',  ( -3.699999999999995737, 4.125000000000000000, -0.2999999999999999889 ) ) ;
#2449 = DIRECTION ( 'NONE',  ( -1.000000000000000000, 0.000000000000000000, 0.000000000000000000 ) ) ;
#2450 = ADVANCED_FACE ( 'NONE', ( #2960 ), #2211, .T. ) ;
#2451 = COLOUR_RGB ( '',0.2980392156862745057, 0.2980392156862745057, 0.2980392156862745057 ) ;
#2452 = CARTESIAN_POINT ( 'NONE',  ( 0.8538062731261810701, -2.245714033022318645, 9.799999999999998934 ) ) ;
#2453 = CARTESIAN_POINT ( 'NONE',  ( 2.001383421620722913, -2.444731324036528264, 10.00000000000000000 ) ) ;
#2454 = ORIENTED_EDGE ( 'NONE', *, *, #1762, .F. ) ;
#2455 = ORIENTED_EDGE ( 'NONE', *, *, #2457, .T. ) ;
#2456 = CARTESIAN_POINT ( 'NONE',  ( 0.1444518493279053906, -2.182351807532858068, 10.00000000000000178 ) ) ;
#2457 = EDGE_CURVE ( 'NONE', #2689, #1014, #1846, .T. ) ;
#2458 = CARTESIAN_POINT ( 'NONE',  ( 0.4233500347049145573, -3.014579875226070182, 9.799999999999995381 ) ) ;
#2459 = CARTESIAN_POINT ( 'NONE',  ( 0.4017195782060866693, -3.467346228537703468, 9.800000000000000711 ) ) ;
#2460 = CARTESIAN_POINT ( 'NONE',  ( 3.700000000000004619, 0.000000000000000000, 0.000000000000000000 ) ) ;
#2461 = CARTESIAN_POINT ( 'NONE',  ( -0.8473343346648757324, -2.306233051078514951, 9.999999999999998224 ) ) ;
#2462 = ORIENTED_EDGE ( 'NONE', *, *, #3048, .F. ) ;
#2463 = AXIS2_PLACEMENT_3D ( 'NONE', #2350, #3413, #1058 ) ;
#2464 = CARTESIAN_POINT ( 'NONE',  ( 0.5600629428249882524, 1.193974136678510822, 9.799999999999998934 ) ) ;
#2465 = DIRECTION ( 'NONE',  ( -1.000000000000000000, -8.420987747460234118E-17, 0.000000000000000000 ) ) ;
#2466 = VECTOR ( 'NONE', #2977, 1000.000000000000000 ) ;
#2467 = DIRECTION ( 'NONE',  ( -1.000000000000000000, 0.000000000000000000, 0.000000000000000000 ) ) ;
#2468 = B_SPLINE_CURVE_WITH_KNOTS ( 'NONE', 3,
 ( #395, #1717, #413, #1453, #3000, #2761, #363, #1471, #2518, #3047, #1751, #947, #1991, #639, #1176 ),
 .UNSPECIFIED., .F., .F.,
 ( 4, 1, 1, 1, 1, 1, 1, 1, 1, 1, 1, 1, 4 ),
 ( 0.000000000000000000, 0.1128134007444582532, 0.2253938839207289824, 0.3395948145627009640, 0.4596754102248638008, 0.5217351900879330096, 0.5839258387389156812, 0.6481741447653692756, 0.7138810381130660243, 0.7810044549073887898, 0.8514509275565546043, 0.9240506926641779417, 1.000000000000000000 ),
 .UNSPECIFIED. ) ;
#2469 = SURFACE_STYLE_FILL_AREA ( #942 ) ;
#2470 = CARTESIAN_POINT ( 'NONE',  ( 1.182607036948053247, -2.023935495721445488, 9.799999999999995381 ) ) ;
#2471 = CARTESIAN_POINT ( 'NONE',  ( 1.890736644693985946, -2.231119489494556962, 10.00000000000000355 ) ) ;
#2472 = VERTEX_POINT ( 'NONE', #576 ) ;
#2473 = ORIENTED_EDGE ( 'NONE', *, *, #219, .T. ) ;
#2474 = CARTESIAN_POINT ( 'NONE',  ( 0.09882107299741001161, -3.765214444726385334, 10.00000000000000000 ) ) ;
#2475 = CARTESIAN_POINT ( 'NONE',  ( -0.7474035304417152581, -4.040656321414505037, 9.799999999999998934 ) ) ;
#2476 = CARTESIAN_POINT ( 'NONE',  ( 3.700000000000004619, 4.125000000000000000, -0.2999999999999999889 ) ) ;
#2477 = EDGE_CURVE ( 'NONE', #1992, #619, #1167, .T. ) ;
#2478 = CARTESIAN_POINT ( 'NONE',  ( -0.3060721989052931913, -4.222203267919535818, 9.799999999999998934 ) ) ;
#2479 = CARTESIAN_POINT ( 'NONE',  ( 0.000000000000000000, -4.125000000000000000, -0.2999999999999999889 ) ) ;
#2480 = CARTESIAN_POINT ( 'NONE',  ( -0.4044534616366460278, -2.003602024567689099, 10.00000000000000178 ) ) ;
#2481 = VERTEX_POINT ( 'NONE', #646 ) ;
#2482 = CARTESIAN_POINT ( 'NONE',  ( 0.1956455963816886023, -2.705338642427614460, 9.999999999999998224 ) ) ;
#2483 = DIRECTION ( 'NONE',  ( -0.000000000000000000, 1.000000000000000000, -0.000000000000000000 ) ) ;
#2484 = CARTESIAN_POINT ( 'NONE',  ( 0.8131699921013970656, -2.300742037625913117, 9.799999999999998934 ) ) ;
#2485 = ORIENTED_EDGE ( 'NONE', *, *, #102, .F. ) ;
#2486 = CARTESIAN_POINT ( 'NONE',  ( -0.1610239162991056461, -3.983586511847169387, 10.00000000000000178 ) ) ;
#2487 = CARTESIAN_POINT ( 'NONE',  ( -0.8738728979708562106, -3.866047680355077176, 9.799999999999998934 ) ) ;
#2488 = ADVANCED_FACE ( 'NONE', ( #2750 ), #1180, .F. ) ;
#2489 = CARTESIAN_POINT ( 'NONE',  ( -0.1579166935183947129, -2.012866401978996134, 9.799999999999998934 ) ) ;
#2490 = UNCERTAINTY_MEASURE_WITH_UNIT (LENGTH_MEASURE( 1.000000000000000082E-05 ), #94, 'distance_accuracy_value', 'NONE');
#2491 = CARTESIAN_POINT ( 'NONE',  ( -0.7993565698443624301, -2.738559337318617004, 9.799999999999998934 ) ) ;
#2492 = EDGE_CURVE ( 'NONE', #1798, #2014, #2397, .T. ) ;
#2493 = CARTESIAN_POINT ( 'NONE',  ( -0.2061638944694342557, -4.215076955450559382, 9.999999999999996447 ) ) ;
#2494 = DIRECTION ( 'NONE',  ( 0.000000000000000000, 0.000000000000000000, 1.000000000000000000 ) ) ;
#2495 = EDGE_LOOP ( 'NONE', ( #279, #1137, #1911, #2831 ) ) ;
#2496 = DIRECTION ( 'NONE',  ( 0.000000000000000000, 0.000000000000000000, -1.000000000000000000 ) ) ;
#2497 = PRODUCT_RELATED_PRODUCT_CATEGORY ( 'part', '', ( #3061 ) ) ;
#2498 = FACE_OUTER_BOUND ( 'NONE', #1867, .T. ) ;
#2499 = VECTOR ( 'NONE', #2613, 1000.000000000000000 ) ;
#2500 = ORIENTED_EDGE ( 'NONE', *, *, #1932, .F. ) ;
#2501 = AXIS2_PLACEMENT_3D ( 'NONE', #3385, #2816, #485 ) ;
#2502 = CARTESIAN_POINT ( 'NONE',  ( -3.699999999999995737, -4.125000000000000000, -0.2999999999999999889 ) ) ;
#2503 = VERTEX_POINT ( 'NONE', #1515 ) ;
#2504 = B_SPLINE_CURVE_WITH_KNOTS ( 'NONE', 3,
 ( #2123, #1286, #11, #3395, #1304, #1595, #278, #336, #1380, #1983, #3226, #648, #3280, #2444, #631, #1694, #2734, #1743, #3357, #716, #1011, #733, #2068, #2801, #404, #155, #2099 ),
 .UNSPECIFIED., .F., .F.,
 ( 4, 1, 1, 1, 1, 1, 1, 1, 1, 1, 1, 1, 1, 1, 1, 1, 1, 1, 1, 1, 1, 1, 1, 1, 4 ),
 ( 0.000000000000000000, 0.03378714634699110653, 0.06662165772429388955, 0.09928487809597215386, 0.1313611650426505240, 0.1635851875953432399, 0.1961039269870679114, 0.2289022543238169449, 0.2621580559050074033, 0.2959912222583163111, 0.3302178457247996191, 0.3650598258919536265, 0.4009507373401076102, 0.4376203820767377017, 0.4757075294370918805, 0.5153806916250484038, 0.5564135414931642432, 0.5997648298727309424, 0.6464241555840871678, 0.6964314445175665558, 0.7497815178015574400, 0.8065733069755325335, 0.8674355315653996534, 0.9318867532508743334, 1.000000000000000000 ),
 .UNSPECIFIED. ) ;
#2505 = CARTESIAN_POINT ( 'NONE',  ( 0.2485473100960869375, -3.906261926324360534, 9.999999999999996447 ) ) ;
#2506 = CARTESIAN_POINT ( 'NONE',  ( 1.182607036948053247, -2.023935495721445488, 9.799999999999995381 ) ) ;
#2507 = CARTESIAN_POINT ( 'NONE',  ( -0.8198824142350525923, -2.946161386852220954, 9.999999999999998224 ) ) ;
#2508 = ORIENTED_EDGE ( 'NONE', *, *, #2300, .T. ) ;
#2509 = PLANE ( 'NONE',  #1914 ) ;
#2510 = AXIS2_PLACEMENT_3D ( 'NONE', #2815, #659, #3086 ) ;
#2511 = CARTESIAN_POINT ( 'NONE',  ( -4.499999999999995559, 5.649999999999998579, 10.00000000000000000 ) ) ;
#2512 = LINE ( 'NONE', #2262, #1195 ) ;
#2513 = DIRECTION ( 'NONE',  ( 1.000000000000000000, 0.000000000000000000, 0.000000000000000000 ) ) ;
#2514 = COLOUR_RGB ( '',0.2980392156862745057, 0.2980392156862745057, 0.2980392156862745057 ) ;
#2515 = EDGE_LOOP ( 'NONE', ( #1524, #2343, #2105, #2922 ) ) ;
#2516 = CARTESIAN_POINT ( 'NONE',  ( 1.392255790964513240, -2.214503982707228591, 9.999999999999991118 ) ) ;
#2517 = AXIS2_PLACEMENT_3D ( 'NONE', #2774, #669, #1732 ) ;
#2518 = CARTESIAN_POINT ( 'NONE',  ( 0.05146752005814175107, -3.833414521256214957, 9.799999999999998934 ) ) ;
#2519 = ORIENTED_EDGE ( 'NONE', *, *, #3236, .F. ) ;
#2520 = CARTESIAN_POINT ( 'NONE',  ( 1.149204081755982099, -2.263385593495867543, 9.999999999999998224 ) ) ;
#2521 = CIRCLE ( 'NONE', #1929, 0.4999999999999995559 ) ;
#2522 =( LENGTH_UNIT ( ) NAMED_UNIT ( * ) SI_UNIT ( .MILLI., .METRE. ) );
#2523 = PLANE ( 'NONE',  #1225 ) ;
#2524 = CARTESIAN_POINT ( 'NONE',  ( -0.7015443854795093692, -2.455985308452592886, 10.00000000000000355 ) ) ;
#2525 = ORIENTED_EDGE ( 'NONE', *, *, #2828, .T. ) ;
#2526 = CARTESIAN_POINT ( 'NONE',  ( 0.000000000000000000, -2.524999999999999911, -0.2999999999999999889 ) ) ;
#2527 = ADVANCED_FACE ( 'NONE', ( #2765 ), #2523, .T. ) ;
#2528 = CARTESIAN_POINT ( 'NONE',  ( -1.990670890144609073, -4.167929763646030850, 10.00000000000000000 ) ) ;
#2529 = CARTESIAN_POINT ( 'NONE',  ( -0.8149261279102300026, -3.346839889080820640, 9.999999999999998224 ) ) ;
#2530 = CARTESIAN_POINT ( 'NONE',  ( 0.4233381993223385154, -3.205883780457761123, 9.800000000000000711 ) ) ;
#2531 = ADVANCED_FACE ( 'NONE', ( #2287 ), #1782, .T. ) ;
#2532 = DIRECTION ( 'NONE',  ( 0.000000000000000000, -0.000000000000000000, 1.000000000000000000 ) ) ;
#2533 = B_SPLINE_CURVE_WITH_KNOTS ( 'NONE', 3,
 ( #979, #2058, #2841, #1389, #2191, #1742, #3107, #1605, #3166, #132, #1565, #1059, #3112, #734, #1012, #2100, #2118, #1299, #3128, #2052, #191, #1251, #1571 ),
 .UNSPECIFIED., .F., .F.,
 ( 4, 1, 1, 1, 1, 1, 1, 1, 1, 1, 1, 1, 1, 1, 1, 1, 1, 1, 1, 1, 4 ),
 ( 0.000000000000000000, 0.07295106587586626390, 0.1415836941865451226, 0.2059264601708669651, 0.2653013571846051244, 0.3205972327139284261, 0.3718165030988100916, 0.4187897697094520311, 0.4616987286157646642, 0.5021335821035657343, 0.5408043152926482744, 0.5781805253279663770, 0.6142968652075146974, 0.6496782432647872918, 0.6842994600896377122, 0.7183589527723609480, 0.7520808646475969361, 0.8176524386023856783, 0.8797220764054372033, 0.9399655597309874988, 0.9999999999999998890 ),
 .UNSPECIFIED. ) ;
#2534 = CARTESIAN_POINT ( 'NONE',  ( -3.000000000000001776, 3.142088514669752364, 9.799999999999998934 ) ) ;
#2535 = EDGE_LOOP ( 'NONE', ( #33, #1038, #3069, #2653, #1181, #1504 ) ) ;
#2536 = CARTESIAN_POINT ( 'NONE',  ( 0.9016530209798899742, -2.593710663828617591, 9.999999999999996447 ) ) ;
#2537 = LINE ( 'NONE', #2043, #2346 ) ;
#2538 = CARTESIAN_POINT ( 'NONE',  ( -0.01924947163176374612, -4.155422005373599070, 9.799999999999997158 ) ) ;
#2539 = DIRECTION ( 'NONE',  ( -1.000000000000000000, 0.000000000000000000, 0.000000000000000000 ) ) ;
#2540 = FACE_BOUND ( 'NONE', #2406, .T. ) ;
#2541 = CARTESIAN_POINT ( 'NONE',  ( 1.835611161137442382, -2.643183502962270115, 9.799999999999998934 ) ) ;
#2542 = CARTESIAN_POINT ( 'NONE',  ( -0.5583067488135180501, -2.298603097222064129, 9.999999999999998224 ) ) ;
#2543 = ORIENTED_EDGE ( 'NONE', *, *, #1499, .T. ) ;
#2544 = DIRECTION ( 'NONE',  ( -3.942553354492743038E-16, 1.000000000000000000, 0.000000000000000000 ) ) ;
#2545 = ADVANCED_FACE ( 'NONE', ( #1210 ), #2270, .T. ) ;
#2546 = B_SPLINE_CURVE_WITH_KNOTS ( 'NONE', 3,
 ( #2730, #3195, #2440, #1427, #1164, #367, #1891, #832, #1153, #888, #2225, #350, #572, #2193, #3241, #2975, #609, #3276, #2208, #2713, #904, #1964, #642, #1409, #2458, #89, #2747 ),
 .UNSPECIFIED., .F., .F.,
 ( 4, 1, 1, 1, 1, 1, 1, 1, 1, 1, 1, 1, 1, 1, 1, 1, 1, 1, 1, 1, 1, 1, 1, 1, 4 ),
 ( 0.000000000000000000, 0.03378811616271044233, 0.06719393237388004980, 0.09986241085682520668, 0.1325666121262582264, 0.1651511732547863431, 0.1979131873557919696, 0.2313190035669616673, 0.2650832782673732679, 0.2992553087581146798, 0.3343985665049786227, 0.3699428235093076278, 0.4062835607000608307, 0.4440638196985081665, 0.4829977068727755452, 0.5233544466133042139, 0.5655365896041492091, 0.6096129240658192394, 0.6563908113764169716, 0.7058854949364573583, 0.7583245002617311492, 0.8138317829411499948, 0.8727945590393896280, 0.9347222295400738901, 1.000000000000000000 ),
 .UNSPECIFIED. ) ;
#2547 = CARTESIAN_POINT ( 'NONE',  ( -3.000000000000001776, 3.142088514669752364, 9.799999999999998934 ) ) ;
#2548 = CARTESIAN_POINT ( 'NONE',  ( 0.05146752005814175107, -3.833414521256214957, 9.799999999999998934 ) ) ;
#2549 = ORIENTED_EDGE ( 'NONE', *, *, #464, .F. ) ;
#2550 = CARTESIAN_POINT ( 'NONE',  ( 1.817675814810427504, -2.518289512752609038, 9.999999999999992895 ) ) ;
#2551 = CARTESIAN_POINT ( 'NONE',  ( 1.644946418925362641, -2.042277749454637803, 9.800000000000002487 ) ) ;
#2552 = DIRECTION ( 'NONE',  ( -3.942553354492742545E-16, 1.000000000000000000, 0.000000000000000000 ) ) ;
#2553 = VECTOR ( 'NONE', #3045, 1000.000000000000000 ) ;
#2554 = ORIENTED_EDGE ( 'NONE', *, *, #1643, .F. ) ;
#2555 = CARTESIAN_POINT ( 'NONE',  ( 0.9782897123772110737, -2.412757767408512777, 9.999999999999998224 ) ) ;
#2556 = AXIS2_PLACEMENT_3D ( 'NONE', #1486, #3063, #3027 ) ;
#2557 = CARTESIAN_POINT ( 'NONE',  ( -4.499999999999999112, 5.149999999999999467, 10.00000000000000000 ) ) ;
#2558 = CARTESIAN_POINT ( 'NONE',  ( 1.182607036948053247, -2.023935495721445488, 9.999999999999992895 ) ) ;
#2559 = CARTESIAN_POINT ( 'NONE',  ( -0.8198824142350525923, -2.946161386852220954, 9.799999999999997158 ) ) ;
#2560 = VERTEX_POINT ( 'NONE', #3055 ) ;
#2561 = PRODUCT_DEFINITION ( 'UNKNOWN', '', #681, #1937 ) ;
#2562 =( NAMED_UNIT ( * ) SI_UNIT ( $, .STERADIAN. ) SOLID_ANGLE_UNIT ( ) );
#2563 = LINE ( 'NONE', #2528, #71 ) ;
#2564 = CARTESIAN_POINT ( 'NONE',  ( -0.8084906767554036477, -3.415936075419258255, 9.799999999999998934 ) ) ;
#2565 = CARTESIAN_POINT ( 'NONE',  ( -2.192076472409566268, -2.051263096979364597, 10.00000000000000000 ) ) ;
#2566 = ORIENTED_EDGE ( 'NONE', *, *, #3403, .F. ) ;
#2567 = APPLICATION_CONTEXT ( 'automotive_design' ) ;
#2568 = CARTESIAN_POINT ( 'NONE',  ( 1.423360809786948122, -2.215328981908955441, 9.999999999999992895 ) ) ;
#2569 = VECTOR ( 'NONE', #2867, 1000.000000000000000 ) ;
#2570 = FILL_AREA_STYLE ('',( #1817 ) ) ;
#2571 = ADVANCED_FACE ( 'NONE', ( #2817 ), #692, .F. ) ;
#2572 = ORIENTED_EDGE ( 'NONE', *, *, #2882, .T. ) ;
#2573 = CARTESIAN_POINT ( 'NONE',  ( -0.9462366671732577172, -2.523697500658175663, 10.00000000000000178 ) ) ;
#2574 = VECTOR ( 'NONE', #539, 1000.000000000000000 ) ;
#2575 = DIRECTION ( 'NONE',  ( -8.420987747460234118E-17, 1.000000000000000000, -0.000000000000000000 ) ) ;
#2576 = COLOUR_RGB ( '',0.2980392156862745057, 0.2980392156862745057, 0.2980392156862745057 ) ;
#2577 = CARTESIAN_POINT ( 'NONE',  ( -0.2997120226232418694, -2.214083609799877284, 10.00000000000000000 ) ) ;
#2578 = LINE ( 'NONE', #2780, #1037 ) ;
#2579 = ADVANCED_FACE ( 'NONE', ( #2540, #166 ), #1854, .T. ) ;
#2580 = CARTESIAN_POINT ( 'NONE',  ( 0.9499485225726327364, -2.148149963545938235, 9.999999999999996447 ) ) ;
#2581 = CARTESIAN_POINT ( 'NONE',  ( 4.500000000000002665, -5.150000000000003020, 10.00000000000000000 ) ) ;
#2582 = VECTOR ( 'NONE', #3253, 1000.000000000000000 ) ;
#2583 = B_SPLINE_CURVE_WITH_KNOTS ( 'NONE', 3,
 ( #128, #2249, #1716, #2486, #2709, #1686, #668, #3030, #346, #915, #2474, #3305, #2727, #1407, #622 ),
 .UNSPECIFIED., .F., .F.,
 ( 4, 1, 1, 1, 1, 1, 1, 1, 1, 1, 1, 1, 4 ),
 ( 0.000000000000000000, 0.1128134007444582532, 0.2253938839207289824, 0.3395948145627009640, 0.4596754102248638008, 0.5217351900879330096, 0.5839258387389156812, 0.6481741447653692756, 0.7138810381130660243, 0.7810044549073887898, 0.8514509275565546043, 0.9240506926641779417, 1.000000000000000000 ),
 .UNSPECIFIED. ) ;
#2584 = CARTESIAN_POINT ( 'NONE',  ( 0.5600629428249882524, 1.193974136678510822, 9.799999999999998934 ) ) ;
#2585 = CARTESIAN_POINT ( 'NONE',  ( -0.2061638944694342557, -4.215076955450559382, 9.799999999999998934 ) ) ;
#2586 = ORIENTED_EDGE ( 'NONE', *, *, #1343, .T. ) ;
#2587 = LINE ( 'NONE', #3316, #757 ) ;
#2588 = SURFACE_STYLE_USAGE ( .BOTH. , #2041 ) ;
#2589 = ORIENTED_EDGE ( 'NONE', *, *, #1271, .T. ) ;
#2590 = CARTESIAN_POINT ( 'NONE',  ( -0.3060721989052931913, -1.996989592705860295, 9.799999999999998934 ) ) ;
#2591 = EDGE_CURVE ( 'NONE', #2276, #630, #1688, .T. ) ;
#2592 = CARTESIAN_POINT ( 'NONE',  ( 1.766361581725339081, -2.898727743174039695, 9.799999999999997158 ) ) ;
#2593 = CARTESIAN_POINT ( 'NONE',  ( 0.3031192730933538471, -2.415301039008065143, 9.799999999999997158 ) ) ;
#2594 = CARTESIAN_POINT ( 'NONE',  ( -0.4044587748679478456, -4.215611575498960484, 9.799999999999998934 ) ) ;
#2595 = CARTESIAN_POINT ( 'NONE',  ( -0.09594652274384649071, -2.265527310730544475, 9.799999999999997158 ) ) ;
#2596 = CARTESIAN_POINT ( 'NONE',  ( 0.2345427850690658678, -3.109596430312697724, 9.799999999999998934 ) ) ;
#2597 =( NAMED_UNIT ( * ) PLANE_ANGLE_UNIT ( ) SI_UNIT ( $, .RADIAN. ) );
#2598 = CARTESIAN_POINT ( 'NONE',  ( 1.284581035956705586, -0.5337909945428578329, 9.799999999999998934 ) ) ;
#2599 = DIRECTION ( 'NONE',  ( -0.000000000000000000, 1.000000000000000000, -0.000000000000000000 ) ) ;
#2600 = EDGE_LOOP ( 'NONE', ( #3190, #439, #57, #1943 ) ) ;
#2601 = CARTESIAN_POINT ( 'NONE',  ( -0.4983788060260933572, -2.026219995478336866, 9.799999999999998934 ) ) ;
#2602 = DIRECTION ( 'NONE',  ( -0.000000000000000000, -0.000000000000000000, 1.000000000000000000 ) ) ;
#2603 = CARTESIAN_POINT ( 'NONE',  ( 0.2035919996189533010, -3.462597123027731705, 9.799999999999995381 ) ) ;
#2604 = CARTESIAN_POINT ( 'NONE',  ( 1.493719383637958975, -3.230984166443851890, 9.799999999999997158 ) ) ;
#2605 = VECTOR ( 'NONE', #2786, 1000.000000000000000 ) ;
#2606 = CARTESIAN_POINT ( 'NONE',  ( 2.052705178231459371, -4.167929763646030850, 10.00000000000000000 ) ) ;
#2607 = FACE_OUTER_BOUND ( 'NONE', #2690, .T. ) ;
#2608 = VECTOR ( 'NONE', #1856, 1000.000000000000000 ) ;
#2609 = LINE ( 'NONE', #475, #2387 ) ;
#2610 = CARTESIAN_POINT ( 'NONE',  ( 0.5600629428249882524, 1.193974136678510822, 10.00000000000000000 ) ) ;
#2611 = ORIENTED_EDGE ( 'NONE', *, *, #2909, .F. ) ;
#2612 = CARTESIAN_POINT ( 'NONE',  ( -0.8171102016089590858, -2.260792577824548566, 9.800000000000000711 ) ) ;
#2613 = DIRECTION ( 'NONE',  ( -0.000000000000000000, -0.000000000000000000, 1.000000000000000000 ) ) ;
#2614 = DIRECTION ( 'NONE',  ( -1.684197549492046824E-16, 1.000000000000000000, 0.000000000000000000 ) ) ;
#2615 = EDGE_LOOP ( 'NONE', ( #1734, #1127, #1061, #2398 ) ) ;
#2616 = FACE_OUTER_BOUND ( 'NONE', #12, .T. ) ;
#2617 = PRESENTATION_STYLE_ASSIGNMENT (( #2125 ) ) ;
#2618 = ORIENTED_EDGE ( 'NONE', *, *, #1733, .T. ) ;
#2619 = CARTESIAN_POINT ( 'NONE',  ( -0.07398397896931602213, -1.095166562227115614, 9.799999999999998934 ) ) ;
#2620 = B_SPLINE_CURVE_WITH_KNOTS ( 'NONE', 3,
 ( #1917, #599, #1434, #2982, #1663, #1414, #2703, #2482, #3285, #340, #111, #911, #141, #1726, #736, #3359, #3298, #1252, #1998, #1985, #1795, #925, #2839 ),
 .UNSPECIFIED., .F., .F.,
 ( 4, 1, 1, 1, 1, 1, 1, 1, 1, 1, 1, 1, 1, 1, 1, 1, 1, 1, 1, 1, 4 ),
 ( 0.000000000000000000, 0.06568119799063905362, 0.1284864641740648961, 0.1881751303280079779, 0.2451061306699862108, 0.2994484245294752878, 0.3508229360093824134, 0.3999416805337777103, 0.4466717436323718315, 0.4912545333734981701, 0.5333763442704366753, 0.5738527549682239659, 0.6125263117194527096, 0.6495971364453293484, 0.6855320415538501688, 0.7201057860682004153, 0.7538376629736499579, 0.8189254160467136501, 0.8804934616501637334, 0.9403113338460570292, 1.000000000000000000 ),
 .UNSPECIFIED. ) ;
#2621 = ORIENTED_EDGE ( 'NONE', *, *, #219, .F. ) ;
#2622 = CARTESIAN_POINT ( 'NONE',  ( 0.2335591537474637769, -3.034387793946389689, 10.00000000000000000 ) ) ;
#2623 = CARTESIAN_POINT ( 'NONE',  ( 3.700000000000004619, -4.125000000000000000, -0.2999999999999999889 ) ) ;
#2624 = DIRECTION ( 'NONE',  ( -0.000000000000000000, -0.000000000000000000, 1.000000000000000000 ) ) ;
#2625 = STYLED_ITEM ( 'NONE', ( #3231 ), #408 ) ;
#2626 = CARTESIAN_POINT ( 'NONE',  ( 0.6144573149835962367, -4.167929763646030850, 9.799999999999998934 ) ) ;
#2627 = PRESENTATION_LAYER_ASSIGNMENT (  '', '', ( #972 ) ) ;
#2628 = MECHANICAL_DESIGN_GEOMETRIC_PRESENTATION_REPRESENTATION (  '', ( #2967 ), #140 ) ;
#2629 =( NAMED_UNIT ( * ) PLANE_ANGLE_UNIT ( ) SI_UNIT ( $, .RADIAN. ) );
#2630 = CARTESIAN_POINT ( 'NONE',  ( -0.1617722237557004950, -2.235188970243576101, 9.999999999999994671 ) ) ;
#2631 =( GEOMETRIC_REPRESENTATION_CONTEXT ( 3 ) GLOBAL_UNCERTAINTY_ASSIGNED_CONTEXT ( ( #903 ) ) GLOBAL_UNIT_ASSIGNED_CONTEXT ( ( #1587, #2151, #2641 ) ) REPRESENTATION_CONTEXT ( 'NONE', 'WORKASPACE' ) );
#2632 = EDGE_CURVE ( 'NONE', #1014, #74, #894, .T. ) ;
#2633 = ORIENTED_EDGE ( 'NONE', *, *, #1593, .F. ) ;
#2634 = CARTESIAN_POINT ( 'NONE',  ( 2.036602043599778700, -2.224999999999999645, 0.1499999999999999944 ) ) ;
#2635 = CARTESIAN_POINT ( 'NONE',  ( 1.584900960124022262, -2.022129854827072748, 9.800000000000000711 ) ) ;
#2636 = CARTESIAN_POINT ( 'NONE',  ( -0.6634059133432648192, 1.221620983167684082, 10.00000000000000000 ) ) ;
#2637 = CARTESIAN_POINT ( 'NONE',  ( 1.818326557223933104, -2.779380396425191524, 9.999999999999996447 ) ) ;
#2638 =( BOUNDED_CURVE ( )  B_SPLINE_CURVE ( 3, ( #2502, #931, #162, #2745 ),
 .UNSPECIFIED., .F., .F. ) 
 B_SPLINE_CURVE_WITH_KNOTS ( ( 4, 4 ),
 ( 4.712388980384689674, 6.283185307179586232 ),
 .UNSPECIFIED. ) 
 CURVE ( )  GEOMETRIC_REPRESENTATION_ITEM ( )  RATIONAL_B_SPLINE_CURVE ( ( 1.000000000000000000, 0.8047378541243649375, 0.8047378541243649375, 1.000000000000000000 ) ) 
 REPRESENTATION_ITEM ( '' )  );
#2639 = VERTEX_POINT ( 'NONE', #901 ) ;
#2640 = CARTESIAN_POINT ( 'NONE',  ( -0.8171102016089590858, -2.260792577824548566, 10.00000000000000355 ) ) ;
#2641 =( NAMED_UNIT ( * ) SI_UNIT ( $, .STERADIAN. ) SOLID_ANGLE_UNIT ( ) );
#2642 = CARTESIAN_POINT ( 'NONE',  ( 1.835611161137442382, -2.643183502962270115, 9.799999999999998934 ) ) ;
#2643 = FILL_AREA_STYLE ('',( #2135 ) ) ;
#2644 = CARTESIAN_POINT ( 'NONE',  ( 0.6971056115462673786, -2.677344182801844052, 10.00000000000000178 ) ) ;
#2645 = LINE ( 'NONE', #1637, #2719 ) ;
#2646 = CARTESIAN_POINT ( 'NONE',  ( -1.362837468137350960, 0.5021083044679804930, 9.799999999999998934 ) ) ;
#2647 = CARTESIAN_POINT ( 'NONE',  ( -0.4519920210166168406, -2.012787721477758307, 9.799999999999998934 ) ) ;
#2648 = ORIENTED_EDGE ( 'NONE', *, *, #1027, .T. ) ;
#2649 = DIRECTION ( 'NONE',  ( -0.000000000000000000, -0.000000000000000000, -1.000000000000000000 ) ) ;
#2650 = DIRECTION ( 'NONE',  ( 1.000000000000000000, 0.000000000000000000, 0.000000000000000000 ) ) ;
#2651 = CARTESIAN_POINT ( 'NONE',  ( 0.8470074025267810836, -0.2835590345117284250, 9.799999999999998934 ) ) ;
#2652 = CARTESIAN_POINT ( 'NONE',  ( 2.024939529917602510, -2.605282649368129810, 9.799999999999998934 ) ) ;
#2653 = ORIENTED_EDGE ( 'NONE', *, *, #3186, .T. ) ;
#2654 = CARTESIAN_POINT ( 'NONE',  ( 0.2175107799649903806, -2.826412343432484153, 10.00000000000000178 ) ) ;
#2655 = CARTESIAN_POINT ( 'NONE',  ( 1.912429107653047300, -3.004179342363377803, 9.999999999999996447 ) ) ;
#2656 = FACE_OUTER_BOUND ( 'NONE', #2264, .T. ) ;
#2657 = CARTESIAN_POINT ( 'NONE',  ( -1.008847613524551656, -3.305023765623976928, 9.800000000000002487 ) ) ;
#2658 = AXIS2_PLACEMENT_3D ( 'NONE', #693, #2799, #434 ) ;
#2659 = CARTESIAN_POINT ( 'NONE',  ( -0.1617722237557004950, -2.235188970243576101, 9.799999999999993605 ) ) ;
#2660 = CARTESIAN_POINT ( 'NONE',  ( 1.817675814810427504, -2.518289512752609038, 9.800000000000000711 ) ) ;
#2661 = ORIENTED_EDGE ( 'NONE', *, *, #1415, .F. ) ;
#2662 = FACE_OUTER_BOUND ( 'NONE', #1273, .T. ) ;
#2663 = CARTESIAN_POINT ( 'NONE',  ( 2.024939529917602510, -2.605282649368129810, 9.799999999999998934 ) ) ;
#2664 = CARTESIAN_POINT ( 'NONE',  ( -0.8889923272982379610, 0.5561544651310413867, 9.799999999999998934 ) ) ;
#2665 = CARTESIAN_POINT ( 'NONE',  ( -1.251633462202664804, 1.084938090137812061, 10.00000000000000000 ) ) ;
#2666 = CARTESIAN_POINT ( 'NONE',  ( 0.2069896033997711826, -2.764272874654053691, 9.799999999999998934 ) ) ;
#2667 = EDGE_LOOP ( 'NONE', ( #1472, #2873, #2789, #1553 ) ) ;
#2668 = DIRECTION ( 'NONE',  ( -1.000000000000000000, 7.228014483236695816E-17, -0.000000000000000000 ) ) ;
#2669 = CARTESIAN_POINT ( 'NONE',  ( 1.847990324490368819, -3.096450390031287192, 9.999999999999996447 ) ) ;
#2670 = EDGE_CURVE ( 'NONE', #1857, #1579, #1705, .T. ) ;
#2671 = CARTESIAN_POINT ( 'NONE',  ( -0.1109157239215269736, -2.026123372321841476, 10.00000000000000178 ) ) ;
#2672 = CARTESIAN_POINT ( 'NONE',  ( 0.1060809383876364226, -2.146814384018456590, 9.999999999999996447 ) ) ;
#2673 = DIRECTION ( 'NONE',  ( -1.000000000000000000, -0.000000000000000000, 0.000000000000000000 ) ) ;
#2674 = EDGE_CURVE ( 'NONE', #3173, #1923, #1089, .T. ) ;
#2675 = CARTESIAN_POINT ( 'NONE',  ( -0.9789350835758254821, -3.556663425676934054, 10.00000000000000000 ) ) ;
#2676 = CARTESIAN_POINT ( 'NONE',  ( 1.284581035956705586, -0.5337909945428578329, 9.799999999999998934 ) ) ;
#2677 = ORIENTED_EDGE ( 'NONE', *, *, #529, .T. ) ;
#2678 = CARTESIAN_POINT ( 'NONE',  ( -0.7842038535292812362, -2.219122248116801366, 10.00000000000000000 ) ) ;
#2679 = CARTESIAN_POINT ( 'NONE',  ( 1.834468966504309906, -2.600277430609609919, 9.800000000000000711 ) ) ;
#2680 = CARTESIAN_POINT ( 'NONE',  ( 1.760812848084423843, -2.406764310722956157, 9.999999999999998224 ) ) ;
#2681 = ORIENTED_EDGE ( 'NONE', *, *, #3328, .T. ) ;
#2682 = CARTESIAN_POINT ( 'NONE',  ( -0.5583067488135180501, -2.298603097222064129, 9.999999999999998224 ) ) ;
#2683 = AXIS2_PLACEMENT_3D ( 'NONE', #2059, #2532, #739 ) ;
#2684 = CARTESIAN_POINT ( 'NONE',  ( 1.982601851881343302, -2.387961702091710325, 9.799999999999998934 ) ) ;
#2685 = DIRECTION ( 'NONE',  ( 1.000000000000000000, 0.000000000000000000, 0.000000000000000000 ) ) ;
#2686 = CARTESIAN_POINT ( 'NONE',  ( 1.835611161137442382, -2.643183502962270115, 10.00000000000000000 ) ) ;
#2687 = CARTESIAN_POINT ( 'NONE',  ( 1.234089363057109479, -2.231553815650218375, 9.799999999999998934 ) ) ;
#2688 = CARTESIAN_POINT ( 'NONE',  ( 1.926479437090761859, -2.281609793107618245, 9.999999999999998224 ) ) ;
#2689 = VERTEX_POINT ( 'NONE', #2237 ) ;
#2690 = EDGE_LOOP ( 'NONE', ( #654, #1103, #586, #2039 ) ) ;
#2691 = CARTESIAN_POINT ( 'NONE',  ( 1.712394520915618390, -3.260629965315130718, 9.999999999999996447 ) ) ;
#2692 = CARTESIAN_POINT ( 'NONE',  ( 0.2343016113497059794, -3.135041411148516310, 9.999999999999998224 ) ) ;
#2693 = ADVANCED_FACE ( 'NONE', ( #657 ), #727, .T. ) ;
#2694 = CARTESIAN_POINT ( 'NONE',  ( -0.6272172390292893862, -2.357703312548323993, 9.799999999999995381 ) ) ;
#2695 = DIRECTION ( 'NONE',  ( -0.000000000000000000, -0.000000000000000000, 1.000000000000000000 ) ) ;
#2696 = VERTEX_POINT ( 'NONE', #1315 ) ;
#2697 = CARTESIAN_POINT ( 'NONE',  ( 0.000000000000000000, 0.000000000000000000, 0.1499999999999999944 ) ) ;
#2698 = ORIENTED_EDGE ( 'NONE', *, *, #204, .T. ) ;
#2699 = EDGE_CURVE ( 'NONE', #1169, #2783, #2892, .T. ) ;
#2700 = CARTESIAN_POINT ( 'NONE',  ( 1.733967428779334963, -2.372480984149575978, 10.00000000000000355 ) ) ;
#2701 = CARTESIAN_POINT ( 'NONE',  ( -3.000000000000001776, 2.857911485330247636, 9.799999999999998934 ) ) ;
#2702 = CARTESIAN_POINT ( 'NONE',  ( 0.3714475381511456176, -3.615997954952988813, 9.999999999999998224 ) ) ;
#2703 = CARTESIAN_POINT ( 'NONE',  ( 0.2069896033997711826, -2.764272874654053691, 10.00000000000000000 ) ) ;
#2704 = CARTESIAN_POINT ( 'NONE',  ( -1.990670890144609073, -2.268357114073381364, 9.799999999999998934 ) ) ;
#2705 = DIRECTION ( 'NONE',  ( 0.000000000000000000, 0.000000000000000000, -1.000000000000000000 ) ) ;
#2706 = CARTESIAN_POINT ( 'NONE',  ( 0.2246464375639993238, -2.892277248329474748, 9.800000000000000711 ) ) ;
#2707 = ORIENTED_EDGE ( 'NONE', *, *, #1593, .T. ) ;
#2708 = EDGE_LOOP ( 'NONE', ( #772, #1002, #794, #298 ) ) ;
#2709 = CARTESIAN_POINT ( 'NONE',  ( -0.09460275296364231701, -3.955483504647704596, 10.00000000000000000 ) ) ;
#2710 = CARTESIAN_POINT ( 'NONE',  ( 2.022514333600117897, -2.714148185863273000, 9.999999999999992895 ) ) ;
#2711 = CARTESIAN_POINT ( 'NONE',  ( -0.06487823210530160867, -2.042570281539684007, 9.799999999999998934 ) ) ;
#2712 = CARTESIAN_POINT ( 'NONE',  ( 0.4193144070846778204, -2.921918019933799737, 10.00000000000000533 ) ) ;
#2713 = CARTESIAN_POINT ( 'NONE',  ( 0.3713895788702548661, -2.602298794579765318, 9.799999999999998934 ) ) ;
#2714 = DIRECTION ( 'NONE',  ( -0.000000000000000000, 1.000000000000000000, -0.000000000000000000 ) ) ;
#2715 = CARTESIAN_POINT ( 'NONE',  ( -0.8760997103400856023, -2.354699838731618922, 10.00000000000000000 ) ) ;
#2716 = CARTESIAN_POINT ( 'NONE',  ( 4.000000000000004441, 2.225000000000000089, 0.000000000000000000 ) ) ;
#2717 = STYLED_ITEM ( 'NONE', ( #384 ), #2445 ) ;
#2718 = ORIENTED_EDGE ( 'NONE', *, *, #1733, .F. ) ;
#2719 = VECTOR ( 'NONE', #2714, 1000.000000000000000 ) ;
#2720 = CARTESIAN_POINT ( 'NONE',  ( 1.712394520915618390, -3.260629965315130718, 10.00000000000000178 ) ) ;
#2721 = CARTESIAN_POINT ( 'NONE',  ( 1.051505595073294108, 1.101864856195213571, 9.799999999999998934 ) ) ;
#2722 = LINE ( 'NONE', #2435, #75 ) ;
#2723 = EDGE_CURVE ( 'NONE', #835, #810, #494, .T. ) ;
#2724 = CARTESIAN_POINT ( 'NONE',  ( 2.015642623619435803, -2.503240346677191752, 10.00000000000000000 ) ) ;
#2725 = ORIENTED_EDGE ( 'NONE', *, *, #1861, .T. ) ;
#2726 = ORIENTED_EDGE ( 'NONE', *, *, #1928, .F. ) ;
#2727 = CARTESIAN_POINT ( 'NONE',  ( 0.1382191854999179348, -3.685390860661470924, 10.00000000000000178 ) ) ;
#2728 = DIRECTION ( 'NONE',  ( -1.000000000000000000, 7.228014483236695816E-17, -0.000000000000000000 ) ) ;
#2729 = UNCERTAINTY_MEASURE_WITH_UNIT (LENGTH_MEASURE( 1.000000000000000082E-05 ), #1106, 'distance_accuracy_value', 'NONE');
#2730 = CARTESIAN_POINT ( 'NONE',  ( -0.3060721989052931913, -1.996989592705860295, 9.799999999999998934 ) ) ;
#2731 = PRESENTATION_STYLE_ASSIGNMENT (( #2795 ) ) ;
#2732 = CARTESIAN_POINT ( 'NONE',  ( -0.4519920210166168406, -2.012787721477758307, 10.00000000000000000 ) ) ;
#2733 = VECTOR ( 'NONE', #2673, 1000.000000000000000 ) ;
#2734 = CARTESIAN_POINT ( 'NONE',  ( -0.9001019382882037290, -3.813528577820885612, 10.00000000000000000 ) ) ;
#2735 = DIRECTION ( 'NONE',  ( 8.420987747460234118E-17, -1.000000000000000000, 0.000000000000000000 ) ) ;
#2736 = APPLICATION_PROTOCOL_DEFINITION ( 'draft international standard', 'automotive_design', 1998, #3093 ) ;
#2737 = AXIS2_PLACEMENT_3D ( 'NONE', #574, #1592, #1282 ) ;
#2738 = CARTESIAN_POINT ( 'NONE',  ( -0.8198824142350525923, -2.946161386852220954, 9.999999999999998224 ) ) ;
#2739 = EDGE_CURVE ( 'NONE', #1886, #1344, #520, .T. ) ;
#2740 = CARTESIAN_POINT ( 'NONE',  ( -0.2997120226232418694, -2.214083609799877284, 9.799999999999998934 ) ) ;
#2741 = DIRECTION ( 'NONE',  ( 0.000000000000000000, -0.000000000000000000, 1.000000000000000000 ) ) ;
#2742 = VERTEX_POINT ( 'NONE', #3008 ) ;
#2743 = CARTESIAN_POINT ( 'NONE',  ( 2.052705178231459371, -4.167929763646030850, 9.799999999999998934 ) ) ;
#2744 = EDGE_CURVE ( 'NONE', #74, #411, #1881, .T. ) ;
#2745 = CARTESIAN_POINT ( 'NONE',  ( -3.999999999999995559, -4.424999999999999822, 0.000000000000000000 ) ) ;
#2746 = CARTESIAN_POINT ( 'NONE',  ( 3.700000000000004619, 0.000000000000000000, -0.2999999999999999889 ) ) ;
#2747 = CARTESIAN_POINT ( 'NONE',  ( 0.4245000500263306775, -3.110444453816971322, 9.799999999999998934 ) ) ;
#2748 = CARTESIAN_POINT ( 'NONE',  ( -0.06447561298940641950, -4.175519873332317111, 9.800000000000000711 ) ) ;
#2749 = CARTESIAN_POINT ( 'NONE',  ( -4.499999999999993783, -5.650000000000002132, 0.000000000000000000 ) ) ;
#2750 = FACE_OUTER_BOUND ( 'NONE', #2150, .T. ) ;
#2751 = CARTESIAN_POINT ( 'NONE',  ( -0.8076994229413670956, -2.802494468314040255, 9.999999999999998224 ) ) ;
#2752 = ORIENTED_EDGE ( 'NONE', *, *, #2337, .F. ) ;
#2753 = CARTESIAN_POINT ( 'NONE',  ( 3.700000000000004619, 2.524999999999999911, -0.2999999999999999889 ) ) ;
#2754 = EDGE_CURVE ( 'NONE', #1701, #2259, #2104, .T. ) ;
#2755 = ORIENTED_EDGE ( 'NONE', *, *, #3029, .T. ) ;
#2756 = CARTESIAN_POINT ( 'NONE',  ( 1.656681748455058001, -3.321996226111065820, 10.00000000000000000 ) ) ;
#2757 = LINE ( 'NONE', #3025, #419 ) ;
#2758 = CARTESIAN_POINT ( 'NONE',  ( -0.2762728592885767553, -4.004142973858533239, 10.00000000000000000 ) ) ;
#2759 = VERTEX_POINT ( 'NONE', #2716 ) ;
#2760 = DIRECTION ( 'NONE',  ( -0.000000000000000000, 0.000000000000000000, -1.000000000000000000 ) ) ;
#2761 = CARTESIAN_POINT ( 'NONE',  ( -0.04254972241403133515, -3.922253346608437052, 9.799999999999997158 ) ) ;
#2762 = EDGE_CURVE ( 'NONE', #2639, #2759, #1231, .T. ) ;
#2763 = ORIENTED_EDGE ( 'NONE', *, *, #2754, .T. ) ;
#2764 = CARTESIAN_POINT ( 'NONE',  ( -0.1103848748782029904, -4.192776779066480941, 9.799999999999995381 ) ) ;
#2765 = FACE_OUTER_BOUND ( 'NONE', #243, .T. ) ;
#2766 = CARTESIAN_POINT ( 'NONE',  ( -0.7015443854795093692, -2.455985308452592886, 9.800000000000002487 ) ) ;
#2767 = VERTEX_POINT ( 'NONE', #361 ) ;
#2768 = DIRECTION ( 'NONE',  ( 0.000000000000000000, 1.000000000000000000, 0.000000000000000000 ) ) ;
#2769 = CARTESIAN_POINT ( 'NONE',  ( 4.499999999999998224, -5.650000000000002132, 10.00000000000000000 ) ) ;
#2770 = CARTESIAN_POINT ( 'NONE',  ( 4.000000000000004441, -2.225000000000000089, 0.000000000000000000 ) ) ;
#2771 = ORIENTED_EDGE ( 'NONE', *, *, #3419, .F. ) ;
#2772 =( BOUNDED_CURVE ( )  B_SPLINE_CURVE ( 3, ( #262, #2373, #1081, #227 ),
 .UNSPECIFIED., .F., .T. ) 
 B_SPLINE_CURVE_WITH_KNOTS ( ( 4, 4 ),
 ( 1.570796326794896558, 3.141592653589793116 ),
 .UNSPECIFIED. ) 
 CURVE ( )  GEOMETRIC_REPRESENTATION_ITEM ( )  RATIONAL_B_SPLINE_CURVE ( ( 1.000000000000000000, 0.8047378541243649375, 0.8047378541243649375, 1.000000000000000000 ) ) 
 REPRESENTATION_ITEM ( '' )  );
#2773 = CARTESIAN_POINT ( 'NONE',  ( 1.468913905348270266, -2.221426484105254673, 9.799999999999998934 ) ) ;
#2774 = CARTESIAN_POINT ( 'NONE',  ( 1.028251253507470153, -2.353002752171945655, 9.799999999999997158 ) ) ;
#2775 = ORIENTED_EDGE ( 'NONE', *, *, #3275, .T. ) ;
#2776 = PRESENTATION_LAYER_ASSIGNMENT (  '', '', ( #1519 ) ) ;
#2777 = ADVANCED_FACE ( 'NONE', ( #3271 ), #1416, .T. ) ;
#2778 = LINE ( 'NONE', #1458, #584 ) ;
#2779 =( NAMED_UNIT ( * ) PLANE_ANGLE_UNIT ( ) SI_UNIT ( $, .RADIAN. ) );
#2780 = CARTESIAN_POINT ( 'NONE',  ( 2.052705178231459371, -4.167929763646030850, 9.799999999999998934 ) ) ;
#2781 = CARTESIAN_POINT ( 'NONE',  ( 0.7788618326853349316, -2.359403951877308891, 9.999999999999996447 ) ) ;
#2782 = CARTESIAN_POINT ( 'NONE',  ( -0.7748147170994328370, -2.627143516158633840, 9.799999999999995381 ) ) ;
#2783 = VERTEX_POINT ( 'NONE', #1527 ) ;
#2784 = B_SPLINE_CURVE_WITH_KNOTS ( 'NONE', 3,
 ( #3402, #769, #1332, #2859, #1627, #2091, #15, #3187, #1347, #280, #1611, #1065, #1583, #2619, #1559, #824, #2598, #3149 ),
 .UNSPECIFIED., .F., .F.,
 ( 4, 1, 1, 1, 1, 1, 1, 1, 1, 1, 1, 1, 1, 1, 1, 4 ),
 ( 0.000000000000000000, 0.06250000000000000000, 0.09375000000000000000, 0.1250000000000000000, 0.1875000000000000000, 0.2500000000000000000, 0.3125000000000000000, 0.3750000000000000000, 0.5000000000000000000, 0.5625000000000000000, 0.6250000000000000000, 0.6875000000000000000, 0.7500000000000000000, 0.8125000000000000000, 0.8750000000000000000, 1.000000000000000000 ),
 .UNSPECIFIED. ) ;
#2785 = CARTESIAN_POINT ( 'NONE',  ( -3.000000000000001776, 3.142088514669752364, 9.799999999999998934 ) ) ;
#2786 = DIRECTION ( 'NONE',  ( -0.000000000000000000, -0.000000000000000000, 1.000000000000000000 ) ) ;
#2787 = CARTESIAN_POINT ( 'NONE',  ( -0.5986149613915230372, -3.887926464913024294, 9.799999999999998934 ) ) ;
#2788 = DIRECTION ( 'NONE',  ( 1.000000000000000000, -0.000000000000000000, -0.000000000000000000 ) ) ;
#2789 = ORIENTED_EDGE ( 'NONE', *, *, #1882, .T. ) ;
#2790 = CARTESIAN_POINT ( 'NONE',  ( 3.700000000000004619, -2.524999999999999911, -0.2999999999999999889 ) ) ;
#2791 = CARTESIAN_POINT ( 'NONE',  ( -0.4979435942948484128, -4.193409491558310442, 9.800000000000000711 ) ) ;
#2792 = ORIENTED_EDGE ( 'NONE', *, *, #1928, .T. ) ;
#2793 = AXIS2_PLACEMENT_3D ( 'NONE', #1186, #393, #326 ) ;
#2794 = DIRECTION ( 'NONE',  ( -0.000000000000000000, -0.000000000000000000, -1.000000000000000000 ) ) ;
#2795 = SURFACE_STYLE_USAGE ( .BOTH. , #1442 ) ;
#2796 = DIRECTION ( 'NONE',  ( 1.000000000000000000, 0.000000000000000000, 0.000000000000000000 ) ) ;
#2797 = EDGE_CURVE ( 'NONE', #3147, #3167, #983, .T. ) ;
#2798 = CARTESIAN_POINT ( 'NONE',  ( -0.8199155539289606498, -3.272472118796160512, 9.800000000000000711 ) ) ;
#2799 = DIRECTION ( 'NONE',  ( 0.000000000000000000, 0.000000000000000000, 1.000000000000000000 ) ) ;
#2800 = EDGE_LOOP ( 'NONE', ( #1641, #2566, #45, #1801, #2392, #1638 ) ) ;
#2801 = CARTESIAN_POINT ( 'NONE',  ( -1.008847613524551656, -3.305023765623976928, 10.00000000000000355 ) ) ;
#2802 = CARTESIAN_POINT ( 'NONE',  ( 1.097849395517412674, 1.349128976444787797, 9.799999999999998934 ) ) ;
#2803 = ORIENTED_EDGE ( 'NONE', *, *, #3259, .T. ) ;
#2804 = EDGE_CURVE ( 'NONE', #1615, #2481, #2533, .T. ) ;
#2805 = LINE ( 'NONE', #438, #514 ) ;
#2806 = CARTESIAN_POINT ( 'NONE',  ( -0.5053000682714148262, -3.953994277162558468, 10.00000000000000178 ) ) ;
#2807 = CARTESIAN_POINT ( 'NONE',  ( -0.04254972241403133515, -3.922253346608437052, 9.999999999999998224 ) ) ;
#2808 = CARTESIAN_POINT ( 'NONE',  ( 0.2148233907232803830, -2.264231479250566448, 10.00000000000000533 ) ) ;
#2809 = EDGE_LOOP ( 'NONE', ( #387, #360, #750, #2473 ) ) ;
#2810 = CARTESIAN_POINT ( 'NONE',  ( 1.835226688413508001, -2.628740942970970718, 9.999999999999991118 ) ) ;
#2811 = CARTESIAN_POINT ( 'NONE',  ( 1.849305568203488015, -2.183825666505336383, 9.799999999999997158 ) ) ;
#2812 =( NAMED_UNIT ( * ) PLANE_ANGLE_UNIT ( ) SI_UNIT ( $, .RADIAN. ) );
#2813 = ORIENTED_EDGE ( 'NONE', *, *, #565, .T. ) ;
#2814 = CARTESIAN_POINT ( 'NONE',  ( 1.359853596620705041, -2.214516034073779061, 9.999999999999992895 ) ) ;
#2815 = CARTESIAN_POINT ( 'NONE',  ( -4.499999999999993783, -5.650000000000002132, 10.00000000000000000 ) ) ;
#2816 = DIRECTION ( 'NONE',  ( 0.7296913851534245765, -0.6837766319733926679, 0.000000000000000000 ) ) ;
#2817 = FACE_OUTER_BOUND ( 'NONE', #2961, .T. ) ;
#2818 = CARTESIAN_POINT ( 'NONE',  ( 0.1904412105767175067, -3.525010223123530739, 10.00000000000000000 ) ) ;
#2819 = CARTESIAN_POINT ( 'NONE',  ( -0.7417600496031876434, -2.535100338817990906, 9.999999999999998224 ) ) ;
#2820 = CARTESIAN_POINT ( 'NONE',  ( 0.2439509165164328863, 2.293072518111348046, 9.799999999999998934 ) ) ;
#2821 = B_SPLINE_SURFACE_WITH_KNOTS ( 'NONE', 3, 1, ( 
 ( #1547, #213 ),
 ( #1603, #2328 ),
 ( #1820, #2622 ),
 ( #2878, #2863 ),
 ( #496, #231 ),
 ( #1294, #2654 ),
 ( #287, #2399 ),
 ( #551, #1616 ),
 ( #1352, #2121 ),
 ( #1284, #1358 ),
 ( #3164, #2156 ),
 ( #821, #3394 ),
 ( #276, #223 ),
 ( #1894, #2102 ),
 ( #1573, #1844 ),
 ( #1033, #782 ),
 ( #1341, #2370 ),
 ( #2886, #525 ),
 ( #2595, #2407 ),
 ( #2659, #2630 ),
 ( #2085, #2339 ),
 ( #2923, #260 ),
 ( #765, #802 ) ),
 .UNSPECIFIED., .F., .F., .F.,
 ( 4, 1, 1, 1, 1, 1, 1, 1, 1, 1, 1, 1, 1, 1, 1, 1, 1, 1, 1, 1, 4 ),
 ( 2, 2 ),
 ( 0.000000000000000000, 0.06568119799063905362, 0.1284864641740648961, 0.1881751303280079779, 0.2451061306699862108, 0.2994484245294752878, 0.3508229360093824134, 0.3999416805337777103, 0.4466717436323718315, 0.4912545333734981701, 0.5333763442704366753, 0.5738527549682239659, 0.6125263117194527096, 0.6495971364453293484, 0.6855320415538501688, 0.7201057860682004153, 0.7538376629736499579, 0.8189254160467136501, 0.8804934616501637334, 0.9403113338460570292, 1.000000000000000000 ),
 ( 0.000000000000000000, 1.000000000000000000 ),
 .UNSPECIFIED. ) ;
#2822 = FACE_OUTER_BOUND ( 'NONE', #482, .T. ) ;
#2823 = EDGE_CURVE ( 'NONE', #1096, #2639, #3372, .T. ) ;
#2824 = CARTESIAN_POINT ( 'NONE',  ( -0.7422136459369742534, -3.683261285466190138, 9.799999999999998934 ) ) ;
#2825 = CARTESIAN_POINT ( 'NONE',  ( 0.09882107299741001161, -3.765214444726385334, 9.799999999999998934 ) ) ;
#2826 = ORIENTED_EDGE ( 'NONE', *, *, #464, .T. ) ;
#2827 = FACE_OUTER_BOUND ( 'NONE', #99, .T. ) ;
#2828 = EDGE_CURVE ( 'NONE', #2003, #3256, #2609, .T. ) ;
#2829 = DIRECTION ( 'NONE',  ( -1.000000000000000000, -3.942553354492740573E-16, 0.000000000000000000 ) ) ;
#2830 =( GEOMETRIC_REPRESENTATION_CONTEXT ( 3 ) GLOBAL_UNCERTAINTY_ASSIGNED_CONTEXT ( ( #3192 ) ) GLOBAL_UNIT_ASSIGNED_CONTEXT ( ( #1741, #2011, #1724 ) ) REPRESENTATION_CONTEXT ( 'NONE', 'WORKASPACE' ) );
#2831 = ORIENTED_EDGE ( 'NONE', *, *, #1507, .T. ) ;
#2832 = VECTOR ( 'NONE', #2513, 1000.000000000000000 ) ;
#2833 = CARTESIAN_POINT ( 'NONE',  ( -1.013164098146048353, -3.010617995523265922, 9.999999999999998224 ) ) ;
#2834 = PLANE ( 'NONE',  #1475 ) ;
#2835 = CARTESIAN_POINT ( 'NONE',  ( 0.8538062731261810701, -2.245714033022318645, 9.999999999999996447 ) ) ;
#2836 = CARTESIAN_POINT ( 'NONE',  ( 1.832970775095242866, -2.711812010283048302, 9.800000000000002487 ) ) ;
#2837 = CARTESIAN_POINT ( 'NONE',  ( -0.3556832604355180671, -4.221365117875151896, 9.999999999999998224 ) ) ;
#2838 = CARTESIAN_POINT ( 'NONE',  ( -2.316311915785634667, -2.268357114073381364, 9.799999999999998934 ) ) ;
#2839 = CARTESIAN_POINT ( 'NONE',  ( -0.2997120226232418694, -2.214083609799877284, 10.00000000000000000 ) ) ;
#2840 = FACE_OUTER_BOUND ( 'NONE', #2846, .T. ) ;
#2841 = CARTESIAN_POINT ( 'NONE',  ( -0.8235781133256602216, -3.192738337158328665, 10.00000000000000178 ) ) ;
#2842 = EDGE_LOOP ( 'NONE', ( #3058, #575, #449, #1387 ) ) ;
#2843 = ADVANCED_FACE ( 'NONE', ( #2306 ), #2322, .T. ) ;
#2844 = DIRECTION ( 'NONE',  ( 0.000000000000000000, -1.000000000000000000, 0.000000000000000000 ) ) ;
#2845 = CARTESIAN_POINT ( 'NONE',  ( -0.9789350835758254821, -3.556663425676934054, 9.800000000000000711 ) ) ;
#2846 = EDGE_LOOP ( 'NONE', ( #2175, #2220, #715, #2763 ) ) ;
#2847 = CARTESIAN_POINT ( 'NONE',  ( -0.8473343346648757324, -2.306233051078514951, 10.00000000000000000 ) ) ;
#2848 = ADVANCED_FACE ( 'NONE', ( #749 ), #1540, .T. ) ;
#2849 = AXIS2_PLACEMENT_3D ( 'NONE', #1022, #2552, #2829 ) ;
#2850 = CARTESIAN_POINT ( 'NONE',  ( -0.9919967444059412109, -2.740357159181593616, 10.00000000000000000 ) ) ;
#2851 = PRESENTATION_LAYER_ASSIGNMENT (  '', '', ( #924 ) ) ;
#2852 = CARTESIAN_POINT ( 'NONE',  ( 1.835611161137442382, -2.643183502962270115, 9.799999999999998934 ) ) ;
#2853 = CARTESIAN_POINT ( 'NONE',  ( 0.4011851340891126605, -2.751874817831447384, 9.799999999999997158 ) ) ;
#2854 = CARTESIAN_POINT ( 'NONE',  ( -0.4518010144721060772, -4.206361437841966477, 9.799999999999997158 ) ) ;
#2855 = VERTEX_POINT ( 'NONE', #1340 ) ;
#2856 =( NAMED_UNIT ( * ) SI_UNIT ( $, .STERADIAN. ) SOLID_ANGLE_UNIT ( ) );
#2857 = CARTESIAN_POINT ( 'NONE',  ( -0.3696586821333142647, -4.001606302760275291, 10.00000000000000000 ) ) ;
#2858 = CARTESIAN_POINT ( 'NONE',  ( 0.1076193216389803309, -4.070785405965193782, 9.799999999999995381 ) ) ;
#2859 = CARTESIAN_POINT ( 'NONE',  ( 0.6898926180013672527, 2.158879340280067893, 9.799999999999998934 ) ) ;
#2860 = CARTESIAN_POINT ( 'NONE',  ( -1.001859997736775920, -3.394713450527476528, 9.799999999999998934 ) ) ;
#2861 = CARTESIAN_POINT ( 'NONE',  ( 2.999999999999998224, 3.142088514669751920, 10.00000000000000000 ) ) ;
#2862 = ORIENTED_EDGE ( 'NONE', *, *, #724, .T. ) ;
#2863 = CARTESIAN_POINT ( 'NONE',  ( 0.2310711707091602229, -2.961502989450720769, 9.999999999999996447 ) ) ;
#2864 = LINE ( 'NONE', #1588, #570 ) ;
#2865 = DIRECTION ( 'NONE',  ( -1.389521719327619811E-13, -2.073978509125549370E-12, 1.000000000000000000 ) ) ;
#2866 = DIRECTION ( 'NONE',  ( 0.000000000000000000, 0.000000000000000000, 1.000000000000000000 ) ) ;
#2867 = DIRECTION ( 'NONE',  ( -0.000000000000000000, -0.000000000000000000, 1.000000000000000000 ) ) ;
#2868 = DIRECTION ( 'NONE',  ( -0.000000000000000000, -0.000000000000000000, -1.000000000000000000 ) ) ;
#2869 = CARTESIAN_POINT ( 'NONE',  ( -1.263165198337272699, -0.1055746581058352729, 9.799999999999998934 ) ) ;
#2870 = CARTESIAN_POINT ( 'NONE',  ( -1.013164098146048353, -3.010617995523265922, 9.799999999999995381 ) ) ;
#2871 = CARTESIAN_POINT ( 'NONE',  ( -0.2557279038167836749, -4.221470406658925256, 10.00000000000000000 ) ) ;
#2872 = CARTESIAN_POINT ( 'NONE',  ( 0.2154231779531312341, -3.397630504821816722, 9.799999999999998934 ) ) ;
#2873 = ORIENTED_EDGE ( 'NONE', *, *, #44, .T. ) ;
#2874 = VERTEX_POINT ( 'NONE', #1671 ) ;
#2875 = PRESENTATION_STYLE_ASSIGNMENT (( #2160 ) ) ;
#2876 = CARTESIAN_POINT ( 'NONE',  ( -0.9916247756104701327, -3.478578160808441400, 9.799999999999997158 ) ) ;
#2877 = EDGE_LOOP ( 'NONE', ( #1240, #1376, #1958, #265 ) ) ;
#2878 = CARTESIAN_POINT ( 'NONE',  ( 0.2310711707091602229, -2.961502989450720769, 9.799999999999995381 ) ) ;
#2879 = CARTESIAN_POINT ( 'NONE',  ( -0.8084906767554036477, -3.415936075419258255, 9.799999999999998934 ) ) ;
#2880 = VECTOR ( 'NONE', #664, 1000.000000000000000 ) ;
#2881 =( GEOMETRIC_REPRESENTATION_CONTEXT ( 3 ) GLOBAL_UNCERTAINTY_ASSIGNED_CONTEXT ( ( #1368 ) ) GLOBAL_UNIT_ASSIGNED_CONTEXT ( ( #2522, #2779, #118 ) ) REPRESENTATION_CONTEXT ( 'NONE', 'WORKASPACE' ) );
#2882 = EDGE_CURVE ( 'NONE', #250, #557, #2645, .T. ) ;
#2883 = VECTOR ( 'NONE', #2788, 1000.000000000000000 ) ;
#2884 = DIRECTION ( 'NONE',  ( 0.000000000000000000, -1.000000000000000000, 0.000000000000000000 ) ) ;
#2885 = CARTESIAN_POINT ( 'NONE',  ( -1.057980171249780499, -0.5403567954897838810, 9.799999999999998934 ) ) ;
#2886 = CARTESIAN_POINT ( 'NONE',  ( -0.04304540462646471582, -2.298493907522738855, 9.800000000000000711 ) ) ;
#2887 = EDGE_CURVE ( 'NONE', #1509, #3256, #1910, .T. ) ;
#2888 = PLANE ( 'NONE',  #3401 ) ;
#2889 = ORIENTED_EDGE ( 'NONE', *, *, #2823, .F. ) ;
#2890 = DIRECTION ( 'NONE',  ( 0.000000000000000000, 0.000000000000000000, 1.000000000000000000 ) ) ;
#2891 = DIRECTION ( 'NONE',  ( 0.4966865118376850297, 0.8679300138597081382, 0.000000000000000000 ) ) ;
#2892 = LINE ( 'NONE', #2861, #2939 ) ;
#2893 = ORIENTED_EDGE ( 'NONE', *, *, #2804, .F. ) ;
#2894 = CARTESIAN_POINT ( 'NONE',  ( -0.8760997103400856023, -2.354699838731618922, 9.799999999999998934 ) ) ;
#2895 = CARTESIAN_POINT ( 'NONE',  ( -0.6715199749405529328, -0.9464630998175950216, 10.00000000000000000 ) ) ;
#2896 = VECTOR ( 'NONE', #3035, 1000.000000000000114 ) ;
#2897 = MECHANICAL_DESIGN_GEOMETRIC_PRESENTATION_REPRESENTATION (  '', ( #2197 ), #2411 ) ;
#2898 = CARTESIAN_POINT ( 'NONE',  ( 1.834727508948766239, -2.666151254544937288, 9.800000000000000711 ) ) ;
#2899 = AXIS2_PLACEMENT_3D ( 'NONE', #1132, #2222, #1149 ) ;
#2900 = CARTESIAN_POINT ( 'NONE',  ( 1.067725878017784291, -3.950835746552013639, 9.799999999999998934 ) ) ;
#2901 = DIRECTION ( 'NONE',  ( -8.420987747460234118E-17, 1.000000000000000000, -0.000000000000000000 ) ) ;
#2902 = CARTESIAN_POINT ( 'NONE',  ( -1.251633462202664804, 1.084938090137812061, 9.799999999999998934 ) ) ;
#2903 = EDGE_CURVE ( 'NONE', #3116, #2017, #2957, .T. ) ;
#2904 = EDGE_LOOP ( 'NONE', ( #1359, #1752, #1658, #286 ) ) ;
#2905 = CARTESIAN_POINT ( 'NONE',  ( -1.008877291195265258, -2.914591092940011841, 9.800000000000000711 ) ) ;
#2906 = VECTOR ( 'NONE', #409, 1000.000000000000000 ) ;
#2907 = ORIENTED_EDGE ( 'NONE', *, *, #1402, .F. ) ;
#2908 =( NAMED_UNIT ( * ) PLANE_ANGLE_UNIT ( ) SI_UNIT ( $, .RADIAN. ) );
#2909 = EDGE_CURVE ( 'NONE', #980, #2503, #2423, .T. ) ;
#2910 = FACE_OUTER_BOUND ( 'NONE', #1683, .T. ) ;
#2911 = CARTESIAN_POINT ( 'NONE',  ( 1.279619333273922299, -2.221305616933976879, 10.00000000000000000 ) ) ;
#2912 = CARTESIAN_POINT ( 'NONE',  ( 1.677731778085220338, -3.021911555134232152, 10.00000000000000178 ) ) ;
#2913 = ORIENTED_EDGE ( 'NONE', *, *, #204, .F. ) ;
#2914 = CARTESIAN_POINT ( 'NONE',  ( -0.8760997103400856023, -2.354699838731618922, 10.00000000000000178 ) ) ;
#2915 = CARTESIAN_POINT ( 'NONE',  ( -2.316311915785634667, -2.268357114073381364, 9.799999999999998934 ) ) ;
#2916 = UNCERTAINTY_MEASURE_WITH_UNIT (LENGTH_MEASURE( 1.000000000000000082E-05 ), #745, 'distance_accuracy_value', 'NONE');
#2917 = CARTESIAN_POINT ( 'NONE',  ( 0.3512714210150950089, -2.535312487028348549, 10.00000000000000178 ) ) ;
#2918 = CARTESIAN_POINT ( 'NONE',  ( -0.2557611565373731910, -1.997871290858971083, 10.00000000000000000 ) ) ;
#2919 = PRESENTATION_STYLE_ASSIGNMENT (( #1872 ) ) ;
#2920 = CARTESIAN_POINT ( 'NONE',  ( 1.247850479546193325, -2.008077647008190691, 10.00000000000000000 ) ) ;
#2921 = CARTESIAN_POINT ( 'NONE',  ( -0.7822529467527407077, -4.002179306010832605, 10.00000000000000533 ) ) ;
#2922 = ORIENTED_EDGE ( 'NONE', *, *, #1720, .T. ) ;
#2923 = CARTESIAN_POINT ( 'NONE',  ( -0.2765827022775217414, -2.215310458735490595, 9.799999999999998934 ) ) ;
#2924 = CARTESIAN_POINT ( 'NONE',  ( 1.835226688413508001, -2.628740942970970718, 9.799999999999998934 ) ) ;
#2925 = DIRECTION ( 'NONE',  ( -0.000000000000000000, 0.000000000000000000, -1.000000000000000000 ) ) ;
#2926 =( NAMED_UNIT ( * ) SI_UNIT ( $, .STERADIAN. ) SOLID_ANGLE_UNIT ( ) );
#2927 = EDGE_CURVE ( 'NONE', #3185, #2783, #3243, .T. ) ;
#2928 = CARTESIAN_POINT ( 'NONE',  ( 0.5600629428249878083, 1.193974136678510822, 10.00000000000000000 ) ) ;
#2929 = CARTESIAN_POINT ( 'NONE',  ( -0.2126610159048048510, 2.216428011154425004, 10.00000000000000000 ) ) ;
#2930 = ORIENTED_EDGE ( 'NONE', *, *, #3097, .T. ) ;
#2931 = ORIENTED_EDGE ( 'NONE', *, *, #1464, .F. ) ;
#2932 = DIRECTION ( 'NONE',  ( -0.000000000000000000, -0.000000000000000000, -1.000000000000000000 ) ) ;
#2933 = DIRECTION ( 'NONE',  ( 0.000000000000000000, -1.000000000000000000, 0.000000000000000000 ) ) ;
#2934 = ADVANCED_FACE ( 'NONE', ( #1114 ), #783, .T. ) ;
#2935 = CARTESIAN_POINT ( 'NONE',  ( 1.882742853060698884, -3.048610416291031022, 9.799999999999997158 ) ) ;
#2936 = CARTESIAN_POINT ( 'NONE',  ( -0.8237905482642674526, -3.109596430312697724, 9.799999999999998934 ) ) ;
#2937 = CARTESIAN_POINT ( 'NONE',  ( 0.4193596480866248477, -3.298128703627347225, 9.999999999999994671 ) ) ;
#2938 = CARTESIAN_POINT ( 'NONE',  ( -0.07398397896931602213, -1.095166562227115614, 9.799999999999998934 ) ) ;
#2939 = VECTOR ( 'NONE', #2599, 1000.000000000000000 ) ;
#2940 = EDGE_LOOP ( 'NONE', ( #638, #1174, #176, #1792 ) ) ;
#2941 = CARTESIAN_POINT ( 'NONE',  ( -0.9253406642307149266, -2.462953976103630094, 10.00000000000000178 ) ) ;
#2942 = CARTESIAN_POINT ( 'NONE',  ( 1.668796599158114180, -2.310895355817916386, 9.799999999999997158 ) ) ;
#2943 = VERTEX_POINT ( 'NONE', #1476 ) ;
#2944 = CARTESIAN_POINT ( 'NONE',  ( 1.617578750379813801, -3.363909613617038996, 9.999999999999998224 ) ) ;
#2945 = CARTESIAN_POINT ( 'NONE',  ( 1.754063070635862420, -2.101896367018619483, 9.999999999999991118 ) ) ;
#2946 = CARTESIAN_POINT ( 'NONE',  ( 0.8470074025267810836, -0.2835590345117284250, 10.00000000000000000 ) ) ;
#2947 = CARTESIAN_POINT ( 'NONE',  ( -2.036602043599778700, 2.224999999999999645, 0.000000000000000000 ) ) ;
#2948 = MANIFOLD_SOLID_BREP ( 'Cut-Extrude4', #1534 ) ;
#2949 = CARTESIAN_POINT ( 'NONE',  ( 4.000000000000004441, 4.424999999999999822, 0.000000000000000000 ) ) ;
#2950 = CARTESIAN_POINT ( 'NONE',  ( 1.701192943689879611, -2.069361665068214506, 9.999999999999996447 ) ) ;
#2951 = EDGE_CURVE ( 'NONE', #2952, #1615, #3293, .T. ) ;
#2952 = VERTEX_POINT ( 'NONE', #106 ) ;
#2953 = LINE ( 'NONE', #3371, #458 ) ;
#2954 = CARTESIAN_POINT ( 'NONE',  ( 1.978027511061144272, -2.883244622973531790, 9.799999999999997158 ) ) ;
#2955 = CARTESIAN_POINT ( 'NONE',  ( -0.2997120226232418694, -2.214083609799877284, 9.799999999999998934 ) ) ;
#2956 = CIRCLE ( 'NONE', #2737, 0.5000000000000004441 ) ;
#2957 = LINE ( 'NONE', #39, #461 ) ;
#2958 = CARTESIAN_POINT ( 'NONE',  ( 1.912429107653047300, -3.004179342363377803, 9.800000000000000711 ) ) ;
#2959 = ORIENTED_EDGE ( 'NONE', *, *, #1214, .T. ) ;
#2960 = FACE_OUTER_BOUND ( 'NONE', #1138, .T. ) ;
#2961 = EDGE_LOOP ( 'NONE', ( #318, #3138, #435, #2443 ) ) ;
#2962 = VECTOR ( 'NONE', #2728, 1000.000000000000000 ) ;
#2963 = CARTESIAN_POINT ( 'NONE',  ( 1.784080082606019024, -2.442226024941325679, 10.00000000000000178 ) ) ;
#2964 = VECTOR ( 'NONE', #927, 1000.000000000000000 ) ;
#2965 = ADVANCED_FACE ( 'NONE', ( #3004 ), #1805, .T. ) ;
#2966 = CARTESIAN_POINT ( 'NONE',  ( -0.8151160752353552308, -2.871607961065908654, 10.00000000000000355 ) ) ;
#2967 = STYLED_ITEM ( 'NONE', ( #2875 ), #1890 ) ;
#2968 = CARTESIAN_POINT ( 'NONE',  ( 1.109976778933410291, -2.285575362896838492, 9.999999999999996447 ) ) ;
#2969 = CARTESIAN_POINT ( 'NONE',  ( 0.8858248363511176393, -2.702545148261415786, 9.799999999999998934 ) ) ;
#2970 = CARTESIAN_POINT ( 'NONE',  ( 0.2335591537474637769, -3.034387793946389689, 9.799999999999998934 ) ) ;
#2971 = EDGE_LOOP ( 'NONE', ( #315, #1091, #1879, #72 ) ) ;
#2972 = FACE_OUTER_BOUND ( 'NONE', #2809, .T. ) ;
#2973 = CARTESIAN_POINT ( 'NONE',  ( -0.2892383619171440268, -1.997284604740666936, 9.799999999999997158 ) ) ;
#2974 = ADVANCED_FACE ( 'NONE', ( #1532 ), #3332, .T. ) ;
#2975 = CARTESIAN_POINT ( 'NONE',  ( 0.2762847561433003363, -2.361035230299429966, 9.800000000000000711 ) ) ;
#2976 = DIRECTION ( 'NONE',  ( 1.684197549492046824E-16, -1.000000000000000000, 0.000000000000000000 ) ) ;
#2977 = DIRECTION ( 'NONE',  ( 1.000000000000000000, 0.000000000000000000, 0.000000000000000000 ) ) ;
#2978 = EDGE_LOOP ( 'NONE', ( #914, #2166, #2074, #2251 ) ) ;
#2979 = CARTESIAN_POINT ( 'NONE',  ( -0.9919967444059412109, -2.740357159181593616, 9.999999999999998224 ) ) ;
#2980 = EDGE_CURVE ( 'NONE', #3103, #2014, #2864, .T. ) ;
#2981 = ORIENTED_EDGE ( 'NONE', *, *, #3137, .F. ) ;
#2982 = CARTESIAN_POINT ( 'NONE',  ( 0.2310711707091602229, -2.961502989450720769, 9.999999999999996447 ) ) ;
#2983 = CARTESIAN_POINT ( 'NONE',  ( 5.000000000000001776, -5.150000000000003020, 10.00000000000000000 ) ) ;
#2984 = CARTESIAN_POINT ( 'NONE',  ( 1.003957352633689570, -2.107839411944112840, 9.799999999999998934 ) ) ;
#2985 = ORIENTED_EDGE ( 'NONE', *, *, #380, .T. ) ;
#2986 = CARTESIAN_POINT ( 'NONE',  ( -2.192076472409566268, -2.051263096979364597, 9.799999999999998934 ) ) ;
#2987 = CARTESIAN_POINT ( 'NONE',  ( -0.3699867455131135574, -2.217771472539903588, 9.799999999999997158 ) ) ;
#2988 = CARTESIAN_POINT ( 'NONE',  ( -0.1103848748782029904, -4.192776779066480941, 9.999999999999992895 ) ) ;
#2989 = EDGE_CURVE ( 'NONE', #397, #74, #499, .T. ) ;
#2990 = VERTEX_POINT ( 'NONE', #2330 ) ;
#2991 = STYLED_ITEM ( 'NONE', ( #3279 ), #2202 ) ;
#2992 = ORIENTED_EDGE ( 'NONE', *, *, #1027, .F. ) ;
#2993 = EDGE_CURVE ( 'NONE', #630, #1886, #1822, .T. ) ;
#2994 = DIRECTION ( 'NONE',  ( 1.000000000000000000, 0.000000000000000000, 0.000000000000000000 ) ) ;
#2995 = SURFACE_STYLE_USAGE ( .BOTH. , #3301 ) ;
#2996 = DIRECTION ( 'NONE',  ( 0.000000000000000000, 1.000000000000000000, 0.000000000000000000 ) ) ;
#2997 = CARTESIAN_POINT ( 'NONE',  ( 0.2175107799649903806, -2.826412343432484153, 9.800000000000000711 ) ) ;
#2998 = ORIENTED_EDGE ( 'NONE', *, *, #2989, .F. ) ;
#2999 = CARTESIAN_POINT ( 'NONE',  ( -0.2997120226232418694, -2.214083609799877284, 9.799999999999998934 ) ) ;
#3000 = CARTESIAN_POINT ( 'NONE',  ( -0.09460275296364231701, -3.955483504647704596, 9.799999999999998934 ) ) ;
#3001 = CARTESIAN_POINT ( 'NONE',  ( -0.06487823210530160867, -2.042570281539684007, 10.00000000000000178 ) ) ;
#3002 = UNCERTAINTY_MEASURE_WITH_UNIT (LENGTH_MEASURE( 1.000000000000000082E-05 ), #2316, 'distance_accuracy_value', 'NONE');
#3003 = CARTESIAN_POINT ( 'NONE',  ( -0.8237224841048721435, -3.081182669904295235, 9.799999999999998934 ) ) ;
#3004 = FACE_OUTER_BOUND ( 'NONE', #756, .T. ) ;
#3005 = FILL_AREA_STYLE_COLOUR ( '', #1404 ) ;
#3006 = FACE_OUTER_BOUND ( 'NONE', #3223, .T. ) ;
#3007 = VERTEX_POINT ( 'NONE', #2577 ) ;
#3008 = CARTESIAN_POINT ( 'NONE',  ( 1.460126783116674432, -0.3012533402591819343, 10.00000000000000000 ) ) ;
#3009 = STYLED_ITEM ( 'NONE', ( #1786 ), #799 ) ;
#3010 = CARTESIAN_POINT ( 'NONE',  ( 1.912429107653047300, -3.004179342363377803, 10.00000000000000178 ) ) ;
#3011 = VECTOR ( 'NONE', #1439, 1000.000000000000000 ) ;
#3012 = DIRECTION ( 'NONE',  ( 1.000000000000000000, 0.000000000000000000, 0.000000000000000000 ) ) ;
#3013 = CARTESIAN_POINT ( 'NONE',  ( 0.9537460466808233006, -2.453172442418648291, 9.799999999999997158 ) ) ;
#3014 = VECTOR ( 'NONE', #880, 1000.000000000000000 ) ;
#3015 = DIRECTION ( 'NONE',  ( 1.000000000000000000, 0.000000000000000000, 0.000000000000000000 ) ) ;
#3016 = CARTESIAN_POINT ( 'NONE',  ( 4.499999999999997335, 5.649999999999998579, 10.00000000000000000 ) ) ;
#3017 = CARTESIAN_POINT ( 'NONE',  ( 0.2762847561433003363, -2.361035230299429966, 9.800000000000000711 ) ) ;
#3018 = CARTESIAN_POINT ( 'NONE',  ( -4.499999999999995559, 5.649999999999998579, 10.00000000000000000 ) ) ;
#3019 = CARTESIAN_POINT ( 'NONE',  ( -0.3060721989052931913, -1.996989592705860295, 9.799999999999998934 ) ) ;
#3020 = CARTESIAN_POINT ( 'NONE',  ( 0.3049867283206325053, -3.802343607237760104, 9.999999999999996447 ) ) ;
#3021 = CARTESIAN_POINT ( 'NONE',  ( 1.060711250087788438, -2.073780629739491399, 9.799999999999997158 ) ) ;
#3022 = CARTESIAN_POINT ( 'NONE',  ( -0.7593492691026236807, -2.579015992619043462, 9.799999999999998934 ) ) ;
#3023 = DIRECTION ( 'NONE',  ( -1.000000000000000000, 7.228014483236695816E-17, 0.000000000000000000 ) ) ;
#3024 = CARTESIAN_POINT ( 'NONE',  ( 0.8470074025267810836, -0.2835590345117284250, 9.999999999999996447 ) ) ;
#3025 = CARTESIAN_POINT ( 'NONE',  ( 2.999999999999998224, 3.142088514669751920, 9.799999999999998934 ) ) ;
#3026 = LINE ( 'NONE', #2721, #3184 ) ;
#3027 = DIRECTION ( 'NONE',  ( -1.000000000000000000, 0.000000000000000000, -0.000000000000000000 ) ) ;
#3028 = EDGE_LOOP ( 'NONE', ( #467, #964, #285, #197 ) ) ;
#3029 = EDGE_CURVE ( 'NONE', #516, #2276, #2317, .T. ) ;
#3030 = CARTESIAN_POINT ( 'NONE',  ( 0.02542523362469980772, -3.863625926722479065, 10.00000000000000178 ) ) ;
#3031 = CARTESIAN_POINT ( 'NONE',  ( 2.036602043599778700, -2.224999999999999645, 0.1499999999999999944 ) ) ;
#3032 = ORIENTED_EDGE ( 'NONE', *, *, #2989, .T. ) ;
#3033 = CARTESIAN_POINT ( 'NONE',  ( 1.038349134167281029, -2.342074669008869403, 9.999999999999989342 ) ) ;
#3034 = EDGE_CURVE ( 'NONE', #619, #1798, #2096, .T. ) ;
#3035 = DIRECTION ( 'NONE',  ( 0.4966865118376850297, 0.8679300138597081382, 0.000000000000000000 ) ) ;
#3036 = CARTESIAN_POINT ( 'NONE',  ( -0.2557279038167836749, -4.221470406658925256, 9.799999999999998934 ) ) ;
#3037 = CARTESIAN_POINT ( 'NONE',  ( 1.362524922993617160, -1.997511167587306513, 9.799999999999997158 ) ) ;
#3038 = PLANE ( 'NONE',  #3222 ) ;
#3039 = DIRECTION ( 'NONE',  ( 0.000000000000000000, 0.000000000000000000, 1.000000000000000000 ) ) ;
#3040 = LINE ( 'NONE', #144, #2906 ) ;
#3041 = CARTESIAN_POINT ( 'NONE',  ( 0.4245000500263306775, -3.110444453816971322, 9.799999999999998934 ) ) ;
#3042 = VECTOR ( 'NONE', #588, 1000.000000000000000 ) ;
#3043 = ORIENTED_EDGE ( 'NONE', *, *, #1402, .T. ) ;
#3044 = CARTESIAN_POINT ( 'NONE',  ( 1.423360809786948122, -2.215328981908955441, 9.800000000000000711 ) ) ;
#3045 = DIRECTION ( 'NONE',  ( -0.000000000000000000, -0.000000000000000000, 1.000000000000000000 ) ) ;
#3046 =( GEOMETRIC_REPRESENTATION_CONTEXT ( 3 ) GLOBAL_UNCERTAINTY_ASSIGNED_CONTEXT ( ( #2916 ) ) GLOBAL_UNIT_ASSIGNED_CONTEXT ( ( #745, #215, #1276 ) ) REPRESENTATION_CONTEXT ( 'NONE', 'WORKASPACE' ) );
#3047 = CARTESIAN_POINT ( 'NONE',  ( 0.07616725104164456805, -3.800818280393386761, 9.799999999999997158 ) ) ;
#3048 = EDGE_CURVE ( 'NONE', #1828, #2481, #1242, .T. ) ;
#3049 = VERTEX_POINT ( 'NONE', #2347 ) ;
#3050 = CARTESIAN_POINT ( 'NONE',  ( 0.9537460466808233006, -2.453172442418648291, 9.999999999999992895 ) ) ;
#3051 = MECHANICAL_DESIGN_GEOMETRIC_PRESENTATION_REPRESENTATION (  '', ( #1519 ), #3331 ) ;
#3052 = SURFACE_STYLE_FILL_AREA ( #1530 ) ;
#3053 = CARTESIAN_POINT ( 'NONE',  ( 1.051505595073294108, 1.101864856195213571, 10.00000000000000000 ) ) ;
#3054 = CARTESIAN_POINT ( 'NONE',  ( 0.1461248659625605240, -4.035001237682723563, 9.800000000000002487 ) ) ;
#3055 = CARTESIAN_POINT ( 'NONE',  ( 0.5600629428249882524, 1.193974136678510822, 9.799999999999998934 ) ) ;
#3056 = CARTESIAN_POINT ( 'NONE',  ( 0.2338270237970433429, -3.185112667728500657, 10.00000000000000000 ) ) ;
#3057 = CARTESIAN_POINT ( 'NONE',  ( -0.7993565698443624301, -2.738559337318617004, 10.00000000000000000 ) ) ;
#3058 = ORIENTED_EDGE ( 'NONE', *, *, #1343, .F. ) ;
#3059 = CARTESIAN_POINT ( 'NONE',  ( -1.800713625187343903, -4.167929763646030850, 9.799999999999998934 ) ) ;
#3060 = CARTESIAN_POINT ( 'NONE',  ( 2.999999999999998224, 2.857911485330247636, 9.799999999999998934 ) ) ;
#3061 = PRODUCT ( 'XAL1010-332MEB', 'XAL1010-332MEB', '', ( #2178 ) ) ;
#3062 = CARTESIAN_POINT ( 'NONE',  ( -0.6542807809591949519, -3.830456053796110538, 10.00000000000000000 ) ) ;
#3063 = DIRECTION ( 'NONE',  ( 0.000000000000000000, 0.000000000000000000, -1.000000000000000000 ) ) ;
#3064 = VECTOR ( 'NONE', #1349, 1000.000000000000000 ) ;
#3065 = ORIENTED_EDGE ( 'NONE', *, *, #2797, .T. ) ;
#3066 = CARTESIAN_POINT ( 'NONE',  ( 1.632756267266094019, -2.284815551781608001, 9.999999999999987566 ) ) ;
#3067 = CARTESIAN_POINT ( 'NONE',  ( 1.804186227638038043, -2.139524550753215681, 9.800000000000000711 ) ) ;
#3068 = CARTESIAN_POINT ( 'NONE',  ( -1.013747813221532290, -3.110444453816971322, 9.799999999999998934 ) ) ;
#3069 = ORIENTED_EDGE ( 'NONE', *, *, #910, .F. ) ;
#3070 = CARTESIAN_POINT ( 'NONE',  ( 1.327346557954591111, -2.215365243948322682, 9.799999999999998934 ) ) ;
#3071 = SURFACE_STYLE_USAGE ( .BOTH. , #150 ) ;
#3072 = DIRECTION ( 'NONE',  ( -0.000000000000000000, -0.000000000000000000, 1.000000000000000000 ) ) ;
#3073 = CARTESIAN_POINT ( 'NONE',  ( -3.699999999999995737, 4.125000000000000000, -0.2999999999999999889 ) ) ;
#3074 = CARTESIAN_POINT ( 'NONE',  ( -0.5987434197014446235, -2.330255314141540079, 9.800000000000000711 ) ) ;
#3075 = EDGE_LOOP ( 'NONE', ( #613, #2621, #3204, #2618 ) ) ;
#3076 = EDGE_CURVE ( 'NONE', #1585, #1196, #991, .T. ) ;
#3077 = CARTESIAN_POINT ( 'NONE',  ( -0.3231227140281200949, -2.215312151343692637, 10.00000000000000000 ) ) ;
#3078 = CARTESIAN_POINT ( 'NONE',  ( -0.7024405197702014991, -3.762456762840076685, 9.799999999999998934 ) ) ;
#3079 = CARTESIAN_POINT ( 'NONE',  ( -0.04254972241403133515, -3.922253346608437052, 9.799999999999997158 ) ) ;
#3080 = ORIENTED_EDGE ( 'NONE', *, *, #2744, .T. ) ;
#3081 = CARTESIAN_POINT ( 'NONE',  ( 1.760812848084423843, -2.406764310722956157, 9.999999999999989342 ) ) ;
#3082 = CARTESIAN_POINT ( 'NONE',  ( 1.957088350238916918, -2.333757980182892933, 9.800000000000004263 ) ) ;
#3083 = PRESENTATION_STYLE_ASSIGNMENT (( #2588 ) ) ;
#3084 = EDGE_LOOP ( 'NONE', ( #353, #2661, #534, #2681 ) ) ;
#3085 = CARTESIAN_POINT ( 'NONE',  ( 1.190642116985583421, -2.245570185398558127, 9.999999999999994671 ) ) ;
#3086 = DIRECTION ( 'NONE',  ( 0.000000000000000000, -0.000000000000000000, 1.000000000000000000 ) ) ;
#3087 = CARTESIAN_POINT ( 'NONE',  ( -0.9801204420802442918, -2.662124092068503423, 10.00000000000000533 ) ) ;
#3088 = CARTESIAN_POINT ( 'NONE',  ( -3.699999999999996625, 2.524999999999999911, -0.2999999999999999889 ) ) ;
#3089 = CARTESIAN_POINT ( 'NONE',  ( 0.7502527980340947256, -2.421475992440409453, 9.999999999999998224 ) ) ;
#3090 = CARTESIAN_POINT ( 'NONE',  ( 0.2154231779531312341, -3.397630504821816722, 10.00000000000000000 ) ) ;
#3091 = CARTESIAN_POINT ( 'NONE',  ( 1.455330170094622178, -3.271058222152104733, 9.999999999999998224 ) ) ;
#3092 = DIRECTION ( 'NONE',  ( -1.000000000000000000, 0.000000000000000000, 0.000000000000000000 ) ) ;
#3093 = APPLICATION_CONTEXT ( 'automotive_design' ) ;
#3094 = CARTESIAN_POINT ( 'NONE',  ( -0.8889923272982379610, 0.5561544651310413867, 9.999999999999996447 ) ) ;
#3095 = CARTESIAN_POINT ( 'NONE',  ( -0.8237183112281984965, -3.137868262446456669, 10.00000000000000000 ) ) ;
#3096 = CYLINDRICAL_SURFACE ( 'NONE', #1793, 0.2999999999999999889 ) ;
#3097 = EDGE_CURVE ( 'NONE', #980, #3362, #760, .T. ) ;
#3098 = ORIENTED_EDGE ( 'NONE', *, *, #2492, .F. ) ;
#3099 = CARTESIAN_POINT ( 'NONE',  ( 1.834468966504309906, -2.600277430609609919, 9.999999999999992895 ) ) ;
#3100 = CARTESIAN_POINT ( 'NONE',  ( -0.1576339343858187692, -4.205960861873816015, 10.00000000000000000 ) ) ;
#3101 = SURFACE_STYLE_FILL_AREA ( #2570 ) ;
#3102 = VECTOR ( 'NONE', #2794, 1000.000000000000000 ) ;
#3103 = VERTEX_POINT ( 'NONE', #3088 ) ;
#3104 = CARTESIAN_POINT ( 'NONE',  ( -3.875735931288068148, -2.349264068711928388, -0.3000000000000000444 ) ) ;
#3105 = VECTOR ( 'NONE', #159, 1000.000000000000000 ) ;
#3106 = DIRECTION ( 'NONE',  ( -1.000000000000000000, 0.000000000000000000, 0.000000000000000000 ) ) ;
#3107 = CARTESIAN_POINT ( 'NONE',  ( -0.7989336555039526777, -3.479526797270429128, 10.00000000000000355 ) ) ;
#3108 = CARTESIAN_POINT ( 'NONE',  ( -1.013164098146048353, -3.010617995523265922, 9.799999999999995381 ) ) ;
#3109 = FACE_OUTER_BOUND ( 'NONE', #1447, .T. ) ;
#3110 = LINE ( 'NONE', #3388, #3155 ) ;
#3111 = CARTESIAN_POINT ( 'NONE',  ( 2.022514333600117897, -2.714148185863273000, 9.799999999999997158 ) ) ;
#3112 = CARTESIAN_POINT ( 'NONE',  ( -0.7024405197702014991, -3.762456762840076685, 10.00000000000000000 ) ) ;
#3113 = CARTESIAN_POINT ( 'NONE',  ( -0.3699867455131135574, -2.217771472539903588, 9.999999999999998224 ) ) ;
#3114 = CARTESIAN_POINT ( 'NONE',  ( -0.5583960313772964312, -3.920418420097515178, 9.799999999999998934 ) ) ;
#3115 =( LENGTH_UNIT ( ) NAMED_UNIT ( * ) SI_UNIT ( .MILLI., .METRE. ) );
#3116 = VERTEX_POINT ( 'NONE', #1564 ) ;
#3117 = MECHANICAL_DESIGN_GEOMETRIC_PRESENTATION_REPRESENTATION (  '', ( #256 ), #2078 ) ;
#3118 = CARTESIAN_POINT ( 'NONE',  ( 1.468913905348270266, -2.221426484105254673, 9.999999999999991118 ) ) ;
#3119 = AXIS2_PLACEMENT_3D ( 'NONE', #1170, #2465, #2735 ) ;
#3120 =( NAMED_UNIT ( * ) PLANE_ANGLE_UNIT ( ) SI_UNIT ( $, .RADIAN. ) );
#3121 = ORIENTED_EDGE ( 'NONE', *, *, #1960, .T. ) ;
#3122 = CARTESIAN_POINT ( 'NONE',  ( -0.4519920210166168406, -2.012787721477758307, 10.00000000000000178 ) ) ;
#3123 = VECTOR ( 'NONE', #1183, 1000.000000000000000 ) ;
#3124 = DIRECTION ( 'NONE',  ( 0.6837766319733927789, 0.7296913851534246875, 0.000000000000000000 ) ) ;
#3125 = DIRECTION ( 'NONE',  ( -0.000000000000000000, -0.000000000000000000, 1.000000000000000000 ) ) ;
#3126 = VECTOR ( 'NONE', #3015, 1000.000000000000000 ) ;
#3127 = CARTESIAN_POINT ( 'NONE',  ( 1.182607036948053247, -2.023935495721445488, 9.999999999999996447 ) ) ;
#3128 = CARTESIAN_POINT ( 'NONE',  ( -0.5053000682714148262, -3.953994277162558468, 10.00000000000000178 ) ) ;
#3129 = CARTESIAN_POINT ( 'NONE',  ( 0.6958675713938526908, -2.702545148261415786, 10.00000000000000000 ) ) ;
#3130 = CARTESIAN_POINT ( 'NONE',  ( -2.192076472409566268, -2.051263096979364597, 10.00000000000000000 ) ) ;
#3131 = CARTESIAN_POINT ( 'NONE',  ( 0.3881420910745377317, -3.544185836117633936, 9.799999999999998934 ) ) ;
#3132 = ORIENTED_EDGE ( 'NONE', *, *, #3261, .F. ) ;
#3133 = FACE_OUTER_BOUND ( 'NONE', #1528, .T. ) ;
#3134 = CARTESIAN_POINT ( 'NONE',  ( 2.015642623619435803, -2.503240346677191752, 9.799999999999998934 ) ) ;
#3135 = FILL_AREA_STYLE_COLOUR ( '', #2576 ) ;
#3136 = CARTESIAN_POINT ( 'NONE',  ( 1.835226688413508001, -2.628740942970970718, 10.00000000000000000 ) ) ;
#3137 = EDGE_CURVE ( 'NONE', #1185, #1469, #1787, .T. ) ;
#3138 = ORIENTED_EDGE ( 'NONE', *, *, #2927, .F. ) ;
#3139 = CARTESIAN_POINT ( 'NONE',  ( -3.699999999999996625, -2.524999999999999911, -0.2999999999999999889 ) ) ;
#3140 = CARTESIAN_POINT ( 'NONE',  ( 0.4245000500263306775, -3.110444453816971322, 9.799999999999998934 ) ) ;
#3141 = CARTESIAN_POINT ( 'NONE',  ( 0.2338270237970433429, -3.185112667728500657, 10.00000000000000000 ) ) ;
#3142 = EDGE_CURVE ( 'NONE', #1905, #2742, #1262, .T. ) ;
#3143 = CARTESIAN_POINT ( 'NONE',  ( 0.6958675713938526908, -2.702545148261415786, 10.00000000000000000 ) ) ;
#3144 = CARTESIAN_POINT ( 'NONE',  ( -0.6705317812659254972, -4.106022599607314305, 9.999999999999998224 ) ) ;
#3145 = DIRECTION ( 'NONE',  ( 0.000000000000000000, 0.000000000000000000, -1.000000000000000000 ) ) ;
#3146 = CARTESIAN_POINT ( 'NONE',  ( 0.1544045639152195615, -3.641731179244321215, 9.799999999999998934 ) ) ;
#3147 = VERTEX_POINT ( 'NONE', #2065 ) ;
#3148 = CARTESIAN_POINT ( 'NONE',  ( -0.1576339343858187692, -4.205960861873816015, 9.799999999999998934 ) ) ;
#3149 = CARTESIAN_POINT ( 'NONE',  ( 1.460126783116674432, -0.3012533402591819343, 9.799999999999998934 ) ) ;
#3150 = DIRECTION ( 'NONE',  ( -0.000000000000000000, -1.000000000000000000, -0.000000000000000000 ) ) ;
#3151 = CARTESIAN_POINT ( 'NONE',  ( -2.316311915785634667, -2.268357114073381364, 9.799999999999998934 ) ) ;
#3152 = CARTESIAN_POINT ( 'NONE',  ( 1.548016465803522479, -3.172477709600894702, 10.00000000000000178 ) ) ;
#3153 = CARTESIAN_POINT ( 'NONE',  ( 0.8876253464538865767, -2.683703145826143110, 9.999999999999996447 ) ) ;
#3154 = ORIENTED_EDGE ( 'NONE', *, *, #192, .T. ) ;
#3155 = VECTOR ( 'NONE', #2932, 1000.000000000000000 ) ;
#3156 = ADVANCED_FACE ( 'NONE', ( #3109 ), #1700, .T. ) ;
#3157 = VECTOR ( 'NONE', #1320, 1000.000000000000000 ) ;
#3158 = LINE ( 'NONE', #3219, #1423 ) ;
#3159 = ADVANCED_FACE ( 'NONE', ( #846 ), #1173, .T. ) ;
#3160 = AXIS2_PLACEMENT_3D ( 'NONE', #373, #1880, #2410 ) ;
#3161 = CARTESIAN_POINT ( 'NONE',  ( 2.999999999999998224, 3.142088514669751920, 9.799999999999998934 ) ) ;
#3162 = DIRECTION ( 'NONE',  ( 0.9828853044966117114, -0.1842185609665942525, 0.000000000000000000 ) ) ;
#3163 = VERTEX_POINT ( 'NONE', #1713 ) ;
#3164 = CARTESIAN_POINT ( 'NONE',  ( 0.1454918553576565188, -2.550154765517937516, 9.800000000000000711 ) ) ;
#3165 = B_SPLINE_CURVE_WITH_KNOTS ( 'NONE', 3,
 ( #882, #1650, #897, #2218, #1102, #3210, #2950, #324, #585, #602, #2471, #2688, #1403, #83, #2453, #2724, #1143, #2201, #1956 ),
 .UNSPECIFIED., .F., .F.,
 ( 4, 1, 1, 1, 1, 1, 1, 1, 1, 1, 1, 1, 1, 1, 1, 1, 4 ),
 ( 0.000000000000000000, 0.06947546024967010680, 0.1365167976177988629, 0.2007888236092607026, 0.2638296728558257587, 0.3257350229654196738, 0.3872906922152909437, 0.4495092187626025249, 0.5129678195454413503, 0.5762752154930608217, 0.6375801002639238657, 0.6979026059171018481, 0.7571720884269853569, 0.8165985284886554396, 0.8766531708928194666, 0.9372896424102399315, 1.000000000000000000 ),
 .UNSPECIFIED. ) ;
#3166 = CARTESIAN_POINT ( 'NONE',  ( -0.7751938010540171398, -3.591194220426262351, 10.00000000000000000 ) ) ;
#3167 = VERTEX_POINT ( 'NONE', #377 ) ;
#3168 =( LENGTH_UNIT ( ) NAMED_UNIT ( * ) SI_UNIT ( .MILLI., .METRE. ) );
#3169 = PLANE ( 'NONE',  #1655 ) ;
#3170 = LINE ( 'NONE', #547, #805 ) ;
#3171 = CARTESIAN_POINT ( 'NONE',  ( 1.376406433573339694, -2.214083609799877284, 10.00000000000000000 ) ) ;
#3172 = CARTESIAN_POINT ( 'NONE',  ( 0.2345427850690658678, -3.109596430312697724, 9.799999999999998934 ) ) ;
#3173 = VERTEX_POINT ( 'NONE', #2233 ) ;
#3174 = CARTESIAN_POINT ( 'NONE',  ( -0.6722360119769328346, -2.114861467870794876, 10.00000000000000000 ) ) ;
#3175 = CARTESIAN_POINT ( 'NONE',  ( -0.6276874290046116078, -3.860834957152925018, 9.799999999999998934 ) ) ;
#3176 = VECTOR ( 'NONE', #1233, 1000.000000000000000 ) ;
#3177 = CARTESIAN_POINT ( 'NONE',  ( 1.597316556436587431, -3.385628080953723362, 9.799999999999998934 ) ) ;
#3178 = AXIS2_PLACEMENT_3D ( 'NONE', #921, #2539, #711 ) ;
#3179 = SURFACE_STYLE_FILL_AREA ( #2643 ) ;
#3180 = CARTESIAN_POINT ( 'NONE',  ( 0.7788618326853349316, -2.359403951877308891, 10.00000000000000000 ) ) ;
#3181 = CARTESIAN_POINT ( 'NONE',  ( -0.9641098550105948739, -3.629304786564951257, 9.799999999999998934 ) ) ;
#3182 = CARTESIAN_POINT ( 'NONE',  ( -0.4983788060260933572, -2.026219995478336866, 9.799999999999998934 ) ) ;
#3183 = DIRECTION ( 'NONE',  ( 0.000000000000000000, -1.000000000000000000, 0.000000000000000000 ) ) ;
#3184 = VECTOR ( 'NONE', #1199, 1000.000000000000000 ) ;
#3185 = VERTEX_POINT ( 'NONE', #1436 ) ;
#3186 = EDGE_CURVE ( 'NONE', #325, #1393, #358, .T. ) ;
#3187 = CARTESIAN_POINT ( 'NONE',  ( -0.9882753115854143733, 1.588094620404299384, 9.799999999999998934 ) ) ;
#3188 = PLANE ( 'NONE',  #254 ) ;
#3189 = LINE ( 'NONE', #283, #3064 ) ;
#3190 = ORIENTED_EDGE ( 'NONE', *, *, #908, .T. ) ;
#3191 = CARTESIAN_POINT ( 'NONE',  ( 2.052705178231459371, -3.950835746552013639, 10.00000000000000000 ) ) ;
#3192 = UNCERTAINTY_MEASURE_WITH_UNIT (LENGTH_MEASURE( 1.000000000000000082E-05 ), #1741, 'distance_accuracy_value', 'NONE');
#3193 = CARTESIAN_POINT ( 'NONE',  ( 0.4245000500263306775, -3.110444453816971322, 9.799999999999998934 ) ) ;
#3194 = CARTESIAN_POINT ( 'NONE',  ( 0.06543209958310337859, -2.115377483651843527, 10.00000000000000178 ) ) ;
#3195 = CARTESIAN_POINT ( 'NONE',  ( -0.2892383619171440268, -1.997284604740666936, 9.799999999999997158 ) ) ;
#3196 = CARTESIAN_POINT ( 'NONE',  ( 0.4233381993223385154, -3.205883780457761123, 9.800000000000000711 ) ) ;
#3197 = CARTESIAN_POINT ( 'NONE',  ( -0.6715199749405529328, -0.9464630998175950216, 9.799999999999998934 ) ) ;
#3198 = ORIENTED_EDGE ( 'NONE', *, *, #1457, .T. ) ;
#3199 = CARTESIAN_POINT ( 'NONE',  ( -0.3060721989052931913, -1.996989592705860295, 9.799999999999998934 ) ) ;
#3200 = UNCERTAINTY_MEASURE_WITH_UNIT (LENGTH_MEASURE( 1.000000000000000082E-05 ), #3115, 'distance_accuracy_value', 'NONE');
#3201 = CARTESIAN_POINT ( 'NONE',  ( 1.512689441684193836, -2.231138101184943157, 9.800000000000000711 ) ) ;
#3202 = CARTESIAN_POINT ( 'NONE',  ( 1.376406433573339694, -2.214083609799877284, 10.00000000000000000 ) ) ;
#3203 = CARTESIAN_POINT ( 'NONE',  ( 0.2338270237970433429, -3.185112667728500657, 9.799999999999998934 ) ) ;
#3204 = ORIENTED_EDGE ( 'NONE', *, *, #354, .T. ) ;
#3205 = PLANE ( 'NONE',  #3119 ) ;
#3206 = CARTESIAN_POINT ( 'NONE',  ( 1.945371966680825349, -2.950214324710316749, 10.00000000000000000 ) ) ;
#3207 = CARTESIAN_POINT ( 'NONE',  ( 1.454974330446088260, -1.998600612662215781, 9.999999999999985789 ) ) ;
#3208 = CARTESIAN_POINT ( 'NONE',  ( -0.7537969933293608982, -0.1342175010474762897, 9.799999999999998934 ) ) ;
#3209 = CARTESIAN_POINT ( 'NONE',  ( 1.120038029462098628, -2.045307688255546985, 9.800000000000000711 ) ) ;
#3210 = CARTESIAN_POINT ( 'NONE',  ( 1.644946418925362641, -2.042277749454637803, 10.00000000000000355 ) ) ;
#3211 = ORIENTED_EDGE ( 'NONE', *, *, #339, .T. ) ;
#3212 = VERTEX_POINT ( 'NONE', #2949 ) ;
#3213 = CARTESIAN_POINT ( 'NONE',  ( 1.794310037142361258, -2.845017437073540378, 9.999999999999998224 ) ) ;
#3214 = PLANE ( 'NONE',  #1189 ) ;
#3215 = CARTESIAN_POINT ( 'NONE',  ( 0.4233500347049145573, -3.014579875226070182, 9.799999999999995381 ) ) ;
#3216 = CARTESIAN_POINT ( 'NONE',  ( 0.06685086063463936690, -4.102627104478023590, 9.999999999999998224 ) ) ;
#3217 = CARTESIAN_POINT ( 'NONE',  ( 0.06543209958310337859, -2.115377483651843527, 10.00000000000000355 ) ) ;
#3218 =( BOUNDED_CURVE ( )  B_SPLINE_CURVE ( 3, ( #3139, #3104, #2063, #251 ),
 .UNSPECIFIED., .F., .T. ) 
 B_SPLINE_CURVE_WITH_KNOTS ( ( 4, 4 ),
 ( 4.712388980384689674, 6.283185307179586232 ),
 .UNSPECIFIED. ) 
 CURVE ( )  GEOMETRIC_REPRESENTATION_ITEM ( )  RATIONAL_B_SPLINE_CURVE ( ( 1.000000000000000000, 0.8047378541243649375, 0.8047378541243649375, 1.000000000000000000 ) ) 
 REPRESENTATION_ITEM ( '' )  );
#3219 = CARTESIAN_POINT ( 'NONE',  ( 0.1544045639152195615, -3.641731179244321215, 9.799999999999998934 ) ) ;
#3220 = DIRECTION ( 'NONE',  ( -0.000000000000000000, -0.000000000000000000, 1.000000000000000000 ) ) ;
#3221 = CARTESIAN_POINT ( 'NONE',  ( 0.4245000500263306775, -3.110444453816971322, 9.799999999999998934 ) ) ;
#3222 = AXIS2_PLACEMENT_3D ( 'NONE', #675, #421, #1211 ) ;
#3223 = EDGE_LOOP ( 'NONE', ( #1761, #3329, #1784, #181, #1139 ) ) ;
#3224 = CARTESIAN_POINT ( 'NONE',  ( -0.6722360119769328346, -2.114861467870794876, 9.999999999999998224 ) ) ;
#3225 = AXIS2_PLACEMENT_3D ( 'NONE', #1940, #2996, #2741 ) ;
#3226 = CARTESIAN_POINT ( 'NONE',  ( -0.7098486596090612943, -4.074985200763001636, 10.00000000000000178 ) ) ;
#3227 = CARTESIAN_POINT ( 'NONE',  ( -3.999999999999996447, 2.225000000000000089, 0.000000000000000000 ) ) ;
#3228 =( NAMED_UNIT ( * ) SI_UNIT ( $, .STERADIAN. ) SOLID_ANGLE_UNIT ( ) );
#3229 = CARTESIAN_POINT ( 'NONE',  ( -2.036602043599778700, 2.224999999999999645, 0.000000000000000000 ) ) ;
#3230 = DIRECTION ( 'NONE',  ( 1.000000000000000000, -0.000000000000000000, -0.000000000000000000 ) ) ;
#3231 = PRESENTATION_STYLE_ASSIGNMENT (( #1123 ) ) ;
#3232 = CARTESIAN_POINT ( 'NONE',  ( -3.000000000000001776, 3.142088514669752364, 9.799999999999998934 ) ) ;
#3233 = CARTESIAN_POINT ( 'NONE',  ( 0.8876253464538865767, -2.683703145826143110, 9.800000000000000711 ) ) ;
#3234 = CARTESIAN_POINT ( 'NONE',  ( 0.1249809113066511629, -2.505333570908562457, 9.799999999999997158 ) ) ;
#3235 = ORIENTED_EDGE ( 'NONE', *, *, #436, .T. ) ;
#3236 = EDGE_CURVE ( 'NONE', #2503, #2417, #2722, .T. ) ;
#3237 = LINE ( 'NONE', #2999, #1653 ) ;
#3238 = CARTESIAN_POINT ( 'NONE',  ( 0.3713895788702548661, -2.602298794579765318, 10.00000000000000178 ) ) ;
#3239 = CARTESIAN_POINT ( 'NONE',  ( 0.3049867283206325053, -3.802343607237760104, 10.00000000000000000 ) ) ;
#3240 = PRESENTATION_LAYER_ASSIGNMENT (  '', '', ( #2625 ) ) ;
#3241 = CARTESIAN_POINT ( 'NONE',  ( 0.2463046328390160744, -2.310970554364207175, 9.799999999999995381 ) ) ;
#3242 = VECTOR ( 'NONE', #1514, 1000.000000000000000 ) ;
#3243 = LINE ( 'NONE', #3161, #2608 ) ;
#3244 = ORIENTED_EDGE ( 'NONE', *, *, #117, .F. ) ;
#3245 = CARTESIAN_POINT ( 'NONE',  ( -1.001756012748727054, -2.824505584833405525, 10.00000000000000000 ) ) ;
#3246 = ORIENTED_EDGE ( 'NONE', *, *, #529, .F. ) ;
#3247 = PRESENTATION_LAYER_ASSIGNMENT (  '', '', ( #1425 ) ) ;
#3248 = VECTOR ( 'NONE', #2245, 1000.000000000000000 ) ;
#3249 = CARTESIAN_POINT ( 'NONE',  ( 1.468913905348270266, -2.221426484105254673, 10.00000000000000000 ) ) ;
#3250 = COLOUR_RGB ( '',0.6431372549019607199, 0.6156862745098039547, 0.5999999999999999778 ) ;
#3251 = CARTESIAN_POINT ( 'NONE',  ( -0.3231227140281200949, -2.215312151343692637, 10.00000000000000000 ) ) ;
#3252 = VECTOR ( 'NONE', #1452, 1000.000000000000000 ) ;
#3253 = DIRECTION ( 'NONE',  ( 0.000000000000000000, -1.000000000000000000, 0.000000000000000000 ) ) ;
#3254 = CARTESIAN_POINT ( 'NONE',  ( 1.060711250087788438, -2.073780629739491399, 9.799999999999997158 ) ) ;
#3255 = ORIENTED_EDGE ( 'NONE', *, *, #2993, .T. ) ;
#3256 = VERTEX_POINT ( 'NONE', #601 ) ;
#3257 = CARTESIAN_POINT ( 'NONE',  ( 2.036602043599778700, 2.224999999999999645, 0.1499999999999999944 ) ) ;
#3258 = LINE ( 'NONE', #2534, #2962 ) ;
#3259 = EDGE_CURVE ( 'NONE', #3362, #2290, #2384, .T. ) ;
#3260 = CARTESIAN_POINT ( 'NONE',  ( 0.2762847561433003363, -2.361035230299429966, 10.00000000000000178 ) ) ;
#3261 = EDGE_CURVE ( 'NONE', #3382, #980, #1324, .T. ) ;
#3262 = CARTESIAN_POINT ( 'NONE',  ( 0.3714475381511456176, -3.615997954952988813, 9.799999999999997158 ) ) ;
#3263 = FACE_OUTER_BOUND ( 'NONE', #944, .T. ) ;
#3264 = SURFACE_STYLE_USAGE ( .BOTH. , #1936 ) ;
#3265 = ORIENTED_EDGE ( 'NONE', *, *, #591, .T. ) ;
#3266 = DIRECTION ( 'NONE',  ( -0.7981138389545330281, 0.6025066805183638685, 0.000000000000000000 ) ) ;
#3267 = CARTESIAN_POINT ( 'NONE',  ( -0.8235903651807311432, -3.026028893095552341, 10.00000000000000178 ) ) ;
#3268 = FACE_OUTER_BOUND ( 'NONE', #1748, .T. ) ;
#3269 = CARTESIAN_POINT ( 'NONE',  ( 1.109976778933410291, -2.285575362896838492, 9.799999999999995381 ) ) ;
#3270 = VERTEX_POINT ( 'NONE', #1665 ) ;
#3271 = FACE_OUTER_BOUND ( 'NONE', #1942, .T. ) ;
#3272 = SURFACE_SIDE_STYLE ('',( #1944 ) ) ;
#3273 = CARTESIAN_POINT ( 'NONE',  ( -0.2557611565373731910, -1.997871290858971083, 9.799999999999998934 ) ) ;
#3274 = CARTESIAN_POINT ( 'NONE',  ( 0.4241100397203784733, -3.077933431633211647, 9.999999999999998224 ) ) ;
#3275 = EDGE_CURVE ( 'NONE', #1489, #84, #1401, .T. ) ;
#3276 = CARTESIAN_POINT ( 'NONE',  ( 0.3289635766537429840, -2.472862560035745894, 9.800000000000000711 ) ) ;
#3277 = CARTESIAN_POINT ( 'NONE',  ( 1.945371966680825349, -2.950214324710316749, 9.799999999999998934 ) ) ;
#3278 = DIRECTION ( 'NONE',  ( -1.000000000000000000, 0.000000000000000000, 0.000000000000000000 ) ) ;
#3279 = PRESENTATION_STYLE_ASSIGNMENT (( #662 ) ) ;
#3280 = CARTESIAN_POINT ( 'NONE',  ( -0.7822529467527407077, -4.002179306010832605, 10.00000000000000711 ) ) ;
#3281 = CIRCLE ( 'NONE', #2658, 0.5000000000000004441 ) ;
#3282 = CARTESIAN_POINT ( 'NONE',  ( -1.990670890144609073, -4.167929763646030850, 10.00000000000000000 ) ) ;
#3283 = CARTESIAN_POINT ( 'NONE',  ( 0.4193596480866248477, -3.298128703627347225, 9.999999999999998224 ) ) ;
#3284 = VECTOR ( 'NONE', #3378, 1000.000000000000000 ) ;
#3285 = CARTESIAN_POINT ( 'NONE',  ( 0.1804048632347424463, -2.650339765513055834, 10.00000000000000000 ) ) ;
#3286 = CARTESIAN_POINT ( 'NONE',  ( 2.036602043599778700, 2.224999999999999645, 0.1499999999999999944 ) ) ;
#3287 = CARTESIAN_POINT ( 'NONE',  ( 0.7272165377489501203, -2.486711607079202135, 9.799999999999998934 ) ) ;
#3288 = ORIENTED_EDGE ( 'NONE', *, *, #2321, .F. ) ;
#3289 = LINE ( 'NONE', #1545, #1042 ) ;
#3290 = CARTESIAN_POINT ( 'NONE',  ( 0.2148233907232803830, -2.264231479250566448, 9.800000000000002487 ) ) ;
#3291 = CARTESIAN_POINT ( 'NONE',  ( 1.359853596620705041, -2.214516034073779061, 9.799999999999997158 ) ) ;
#3292 = UNCERTAINTY_MEASURE_WITH_UNIT (LENGTH_MEASURE( 1.000000000000000082E-05 ), #206, 'distance_accuracy_value', 'NONE');
#3293 = LINE ( 'NONE', #905, #21 ) ;
#3294 = CARTESIAN_POINT ( 'NONE',  ( 1.807665709055789272, -3.147539065490772892, 9.799999999999998934 ) ) ;
#3295 = VECTOR ( 'NONE', #1902, 1000.000000000000000 ) ;
#3296 = CARTESIAN_POINT ( 'NONE',  ( 0.4115227616118682374, -3.385213234574572905, 10.00000000000000355 ) ) ;
#3297 = EDGE_CURVE ( 'NONE', #557, #1992, #2200, .T. ) ;
#3298 = CARTESIAN_POINT ( 'NONE',  ( -0.002636916056923334101, -2.330826032658185110, 9.999999999999998224 ) ) ;
#3299 = B_SPLINE_CURVE_WITH_KNOTS ( 'NONE', 3,
 ( #3041, #682, #2530, #1216, #703, #3341, #3131, #3399, #1309, #2393, #751, #1330, #1557, #2359, #2106, #29, #2858, #226, #1036, #508, #1797, #2372, #3148, #2585, #1049, #14, #1079 ),
 .UNSPECIFIED., .F., .F.,
 ( 4, 1, 1, 1, 1, 1, 1, 1, 1, 1, 1, 1, 1, 1, 1, 1, 1, 1, 1, 1, 1, 1, 1, 1, 4 ),
 ( 0.000000000000000000, 0.06506328961727907145, 0.1267731664665227298, 0.1855157632260789891, 0.2407646791677148790, 0.2929797960235979160, 0.3422503727797673867, 0.3889192861856601291, 0.4327756640583101388, 0.4746284326311177026, 0.5147746906379534471, 0.5536058934984424695, 0.5914264064311731683, 0.6280281199460672203, 0.6638036341103205062, 0.6989843361316636638, 0.7335914893067052578, 0.7676284691511395808, 0.8012083477865921122, 0.8342638397266231021, 0.8669806947287763688, 0.8997197415181604763, 0.9327019124985381771, 0.9661758834327495160, 1.000000000000000000 ),
 .UNSPECIFIED. ) ;
#3300 = LINE ( 'NONE', #926, #1640 ) ;
#3301 = SURFACE_SIDE_STYLE ('',( #2469 ) ) ;
#3302 = CARTESIAN_POINT ( 'NONE',  ( 0.02542523362469980772, -3.863625926722479065, 10.00000000000000178 ) ) ;
#3303 = EDGE_CURVE ( 'NONE', #1701, #708, #173, .T. ) ;
#3304 = ORIENTED_EDGE ( 'NONE', *, *, #1764, .F. ) ;
#3305 = CARTESIAN_POINT ( 'NONE',  ( 0.1194211610321299771, -3.726774220636940083, 10.00000000000000000 ) ) ;
#3306 = ORIENTED_EDGE ( 'NONE', *, *, #2674, .T. ) ;
#3307 = CARTESIAN_POINT ( 'NONE',  ( 1.149204081755982099, -2.263385593495867543, 9.800000000000002487 ) ) ;
#3308 = FILL_AREA_STYLE ('',( #2027 ) ) ;
#3309 = CARTESIAN_POINT ( 'NONE',  ( -0.2892326598421145478, -4.221958134964465259, 9.999999999999996447 ) ) ;
#3310 = CARTESIAN_POINT ( 'NONE',  ( -0.6272172390292893862, -2.357703312548323993, 9.799999999999995381 ) ) ;
#3311 = CARTESIAN_POINT ( 'NONE',  ( -0.3377225679468037756, -0.5732001984822500118, 9.999999999999996447 ) ) ;
#3312 = EDGE_CURVE ( 'NONE', #2032, #414, #1987, .T. ) ;
#3313 = DIRECTION ( 'NONE',  ( 0.000000000000000000, -1.000000000000000000, 0.000000000000000000 ) ) ;
#3314 = LINE ( 'NONE', #2565, #2832 ) ;
#3315 = ORIENTED_EDGE ( 'NONE', *, *, #2323, .T. ) ;
#3316 = CARTESIAN_POINT ( 'NONE',  ( 5.000000000000001776, -5.150000000000003020, 10.00000000000000000 ) ) ;
#3317 = LINE ( 'NONE', #1689, #974 ) ;
#3318 = ORIENTED_EDGE ( 'NONE', *, *, #3312, .F. ) ;
#3319 = DIRECTION ( 'NONE',  ( -1.000000000000000000, 0.000000000000000000, -0.000000000000000000 ) ) ;
#3320 = CARTESIAN_POINT ( 'NONE',  ( -3.875735931288067704, 4.300735931288071967, -0.2999999999999999334 ) ) ;
#3321 = CARTESIAN_POINT ( 'NONE',  ( -0.6539151622276117015, -2.387727475902478247, 10.00000000000000355 ) ) ;
#3322 = ORIENTED_EDGE ( 'NONE', *, *, #269, .T. ) ;
#3323 = DIRECTION ( 'NONE',  ( -1.000000000000000000, -0.000000000000000000, -0.000000000000000000 ) ) ;
#3324 = CARTESIAN_POINT ( 'NONE',  ( 0.5600629428249882524, 1.193974136678510822, 9.999999999999996447 ) ) ;
#3325 = CARTESIAN_POINT ( 'NONE',  ( -0.8199155539289606498, -3.272472118796160512, 10.00000000000000178 ) ) ;
#3326 = FACE_OUTER_BOUND ( 'NONE', #2667, .T. ) ;
#3327 = CARTESIAN_POINT ( 'NONE',  ( 1.760812848084423843, -2.406764310722956157, 9.799999999999997158 ) ) ;
#3328 = EDGE_CURVE ( 'NONE', #345, #1014, #2293, .T. ) ;
#3329 = ORIENTED_EDGE ( 'NONE', *, *, #2804, .T. ) ;
#3330 = B_SPLINE_CURVE_WITH_KNOTS ( 'NONE', 3,
 ( #1837, #1759, #970, #2818, #993, #3090, #1318, #252, #3056, #812, #518 ),
 .UNSPECIFIED., .F., .F.,
 ( 4, 1, 1, 1, 1, 1, 1, 1, 4 ),
 ( 0.000000000000000000, 0.1105883385953361497, 0.2245417540535957490, 0.3425034940501041625, 0.4643240984173584440, 0.5907560327017663537, 0.7222274753555146809, 0.8588428362087243695, 1.000000000000000000 ),
 .UNSPECIFIED. ) ;
#3331 =( GEOMETRIC_REPRESENTATION_CONTEXT ( 3 ) GLOBAL_UNCERTAINTY_ASSIGNED_CONTEXT ( ( #59 ) ) GLOBAL_UNIT_ASSIGNED_CONTEXT ( ( #3168, #2908, #2325 ) ) REPRESENTATION_CONTEXT ( 'NONE', 'WORKASPACE' ) );
#3332 = CYLINDRICAL_SURFACE ( 'NONE', #1461, 0.5000000000000004441 ) ;
#3333 = SURFACE_SIDE_STYLE ('',( #1192 ) ) ;
#3334 = ADVANCED_FACE ( 'NONE', ( #3326 ), #1778, .F. ) ;
#3335 = CARTESIAN_POINT ( 'NONE',  ( 1.060711250087788438, -2.073780629739491399, 9.999999999999994671 ) ) ;
#3336 = CARTESIAN_POINT ( 'NONE',  ( -3.999999999999996447, 2.225000000000000089, 0.000000000000000000 ) ) ;
#3337 = CARTESIAN_POINT ( 'NONE',  ( 0.6898926180013672527, 2.158879340280067893, 10.00000000000000000 ) ) ;
#3338 = VECTOR ( 'NONE', #1915, 1000.000000000000000 ) ;
#3339 = FACE_OUTER_BOUND ( 'NONE', #2904, .T. ) ;
#3340 = CARTESIAN_POINT ( 'NONE',  ( -0.8237183112281984965, -3.137868262446456669, 9.799999999999998934 ) ) ;
#3341 = CARTESIAN_POINT ( 'NONE',  ( 0.4017195782060866693, -3.467346228537703468, 9.800000000000000711 ) ) ;
#3342 = VECTOR ( 'NONE', #3183, 1000.000000000000000 ) ;
#3343 = EDGE_LOOP ( 'NONE', ( #3121, #732, #200, #1048 ) ) ;
#3344 = CARTESIAN_POINT ( 'NONE',  ( 1.512689441684193836, -2.231138101184943157, 9.800000000000000711 ) ) ;
#3345 = B_SPLINE_SURFACE_WITH_KNOTS ( 'NONE', 3, 1, ( 
 ( #1203, #211 ),
 ( #178, #2810 ),
 ( #1770, #3099 ),
 ( #2326, #1731 ),
 ( #445, #2550 ),
 ( #1470, #463 ),
 ( #2265, #1505 ),
 ( #3327, #3081 ),
 ( #198, #1781 ),
 ( #3379, #2001 ),
 ( #962, #722 ),
 ( #1526, #3066 ),
 ( #1020, #160 ),
 ( #2294, #2075 ),
 ( #3344, #479 ),
 ( #2773, #3118 ),
 ( #3044, #2568 ),
 ( #412, #2516 ),
 ( #1256, #1749 ) ),
 .UNSPECIFIED., .F., .F., .F.,
 ( 4, 1, 1, 1, 1, 1, 1, 1, 1, 1, 1, 1, 1, 1, 1, 1, 4 ),
 ( 2, 2 ),
 ( 0.000000000000000000, 0.06196540068706239690, 0.1221219056382957385, 0.1809884968498415569, 0.2399332164519027699, 0.2999058311065240789, 0.3599888474769867841, 0.4217757417416456711, 0.4865758264211264561, 0.5515348046197409149, 0.6150175427599793299, 0.6772586166616565428, 0.7397299623627131560, 0.8030501026629508488, 0.8664951320156979442, 0.9319734741771485975, 0.9999999999999998890 ),
 ( 0.000000000000000000, 1.000000000000000000 ),
 .UNSPECIFIED. ) ;
#3346 = CARTESIAN_POINT ( 'NONE',  ( 1.754063070635862420, -2.101896367018619483, 9.800000000000000711 ) ) ;
#3347 = SURFACE_STYLE_FILL_AREA ( #1239 ) ;
#3348 = ORIENTED_EDGE ( 'NONE', *, *, #2739, .F. ) ;
#3349 = COLOUR_RGB ( '',0.6431372549019607199, 0.6156862745098039547, 0.5999999999999999778 ) ;
#3350 = EDGE_CURVE ( 'NONE', #735, #2259, #3314, .T. ) ;
#3351 = CARTESIAN_POINT ( 'NONE',  ( -1.800713625187343903, -4.167929763646030850, 9.799999999999998934 ) ) ;
#3352 = CARTESIAN_POINT ( 'NONE',  ( 0.6144573149835962367, -4.167929763646030850, 10.00000000000000000 ) ) ;
#3353 = CARTESIAN_POINT ( 'NONE',  ( 0.7109237215345766137, -2.555687604403285462, 9.799999999999995381 ) ) ;
#3354 = CARTESIAN_POINT ( 'NONE',  ( 1.596783853973405831, -3.118200606384137430, 9.999999999999998224 ) ) ;
#3355 = ORIENTED_EDGE ( 'NONE', *, *, #1378, .F. ) ;
#3356 = ADVANCED_FACE ( 'NONE', ( #2309 ), #3096, .T. ) ;
#3357 = CARTESIAN_POINT ( 'NONE',  ( -0.9453333839134308025, -3.695918813564075478, 10.00000000000000178 ) ) ;
#3358 = SURFACE_SIDE_STYLE ('',( #523 ) ) ;
#3359 = CARTESIAN_POINT ( 'NONE',  ( 0.02621287130963759204, -2.359151246704780824, 10.00000000000000000 ) ) ;
#3360 = CARTESIAN_POINT ( 'NONE',  ( -0.5583960313772964312, -3.920418420097515178, 10.00000000000000000 ) ) ;
#3361 = CARTESIAN_POINT ( 'NONE',  ( 0.07616725104164456805, -3.800818280393386761, 9.799999999999997158 ) ) ;
#3362 = VERTEX_POINT ( 'NONE', #1450 ) ;
#3363 = PLANE ( 'NONE',  #2683 ) ;
#3364 = CARTESIAN_POINT ( 'NONE',  ( -0.06447561298940641950, -4.175519873332317111, 10.00000000000000178 ) ) ;
#3365 = ADVANCED_FACE ( 'NONE', ( #2498 ), #1971, .T. ) ;
#3366 = ORIENTED_EDGE ( 'NONE', *, *, #1779, .T. ) ;
#3367 = PLANE ( 'NONE',  #510 ) ;
#3368 = DIRECTION ( 'NONE',  ( -0.000000000000000000, 0.000000000000000000, -1.000000000000000000 ) ) ;
#3369 = DIRECTION ( 'NONE',  ( -1.000000000000000000, 0.000000000000000000, 0.000000000000000000 ) ) ;
#3370 = CARTESIAN_POINT ( 'NONE',  ( 0.6958675713938526908, -2.702545148261415786, 9.799999999999998934 ) ) ;
#3371 = CARTESIAN_POINT ( 'NONE',  ( 2.025568426094707331, -2.626223032876800367, 9.799999999999998934 ) ) ;
#3372 = LINE ( 'NONE', #1281, #1516 ) ;
#3373 = PLANE ( 'NONE',  #1644 ) ;
#3374 = ORIENTED_EDGE ( 'NONE', *, *, #1378, .T. ) ;
#3375 = B_SPLINE_CURVE_WITH_KNOTS ( 'NONE', 3,
 ( #2955, #594, #2987, #55, #1947, #2172, #2422, #2694, #382, #105, #1113, #1690, #1909, #1670, #626, #1931, #2491, #855, #1441, #1374, #1391, #3003, #2936 ),
 .UNSPECIFIED., .F., .F.,
 ( 4, 1, 1, 1, 1, 1, 1, 1, 1, 1, 1, 1, 1, 1, 1, 1, 1, 1, 1, 1, 4 ),
 ( 0.000000000000000000, 0.06038661931106220626, 0.1208832485859960976, 0.1827546186251396698, 0.2478110297583509536, 0.2812991000432487620, 0.3150876241506568864, 0.3497023955502750470, 0.3848565811185555297, 0.4209661972261025120, 0.4585111882611391243, 0.4971747221273122852, 0.5376020478662693058, 0.5805030184200115073, 0.6274675400267044623, 0.6783882095592431716, 0.7339832205925601594, 0.7937467045508348473, 0.8577136721607322434, 0.9266978643613856814, 1.000000000000000000 ),
 .UNSPECIFIED. ) ;
#3376 = CARTESIAN_POINT ( 'NONE',  ( -0.3699867455131135574, -2.217771472539903588, 9.799999999999997158 ) ) ;
#3377 = CARTESIAN_POINT ( 'NONE',  ( -0.7989336555039526777, -3.479526797270429128, 10.00000000000000355 ) ) ;
#3378 = DIRECTION ( 'NONE',  ( -1.000000000000000000, 0.000000000000000000, 0.000000000000000000 ) ) ;
#3379 = CARTESIAN_POINT ( 'NONE',  ( 1.702912137326856978, -2.340335894371596392, 9.800000000000000711 ) ) ;
#3380 = AXIS2_PLACEMENT_3D ( 'NONE', #941, #3039, #679 ) ;
#3381 = VERTEX_POINT ( 'NONE', #2263 ) ;
#3382 = VERTEX_POINT ( 'NONE', #1999 ) ;
#3383 = VECTOR ( 'NONE', #3072, 1000.000000000000000 ) ;
#3384 = FACE_BOUND ( 'NONE', #859, .T. ) ;
#3385 = CARTESIAN_POINT ( 'NONE',  ( 0.6144573149835962367, -4.167929763646030850, 9.799999999999998934 ) ) ;
#3386 = CARTESIAN_POINT ( 'NONE',  ( 0.2154231779531312341, -3.397630504821816722, 9.799999999999998934 ) ) ;
#3387 = CARTESIAN_POINT ( 'NONE',  ( 1.818326557223933104, -2.779380396425191524, 9.799999999999995381 ) ) ;
#3388 = CARTESIAN_POINT ( 'NONE',  ( 2.036602043599778700, -2.224999999999999645, 0.1499999999999999944 ) ) ;
#3389 = CARTESIAN_POINT ( 'NONE',  ( 1.120038029462098628, -2.045307688255546985, 10.00000000000000178 ) ) ;
#3390 = CARTESIAN_POINT ( 'NONE',  ( 1.712394520915618390, -3.260629965315130718, 9.800000000000000711 ) ) ;
#3391 = CARTESIAN_POINT ( 'NONE',  ( -0.5431232486549818494, -4.177555757215163368, 9.999999999999998224 ) ) ;
#3392 = LINE ( 'NONE', #2610, #1147 ) ;
#3393 = ORIENTED_EDGE ( 'NONE', *, *, #269, .F. ) ;
#3394 = CARTESIAN_POINT ( 'NONE',  ( 0.1249809113066511629, -2.505333570908562457, 9.999999999999998224 ) ) ;
#3395 = CARTESIAN_POINT ( 'NONE',  ( -0.4044587748679478456, -4.215611575498960484, 10.00000000000000000 ) ) ;
#3396 = EDGE_CURVE ( 'NONE', #397, #1718, #3299, .T. ) ;
#3397 = CARTESIAN_POINT ( 'NONE',  ( 1.835611161137442382, -2.643183502962270115, 9.799999999999998934 ) ) ;
#3398 = CARTESIAN_POINT ( 'NONE',  ( -0.7989336555039526777, -3.479526797270429128, 9.800000000000002487 ) ) ;
#3399 = CARTESIAN_POINT ( 'NONE',  ( 0.3714475381511456176, -3.615997954952988813, 9.799999999999997158 ) ) ;
#3400 = ORIENTED_EDGE ( 'NONE', *, *, #366, .F. ) ;
#3401 = AXIS2_PLACEMENT_3D ( 'NONE', #1625, #577, #1095 ) ;
#3402 = CARTESIAN_POINT ( 'NONE',  ( 1.051505595073294108, 1.101864856195213571, 9.799999999999998934 ) ) ;
#3403 = EDGE_CURVE ( 'NONE', #2428, #3270, #1345, .T. ) ;
#3404 = VECTOR ( 'NONE', #1115, 1000.000000000000000 ) ;
#3405 = CARTESIAN_POINT ( 'NONE',  ( 1.827781692305676220, -2.558545376345968236, 10.00000000000000000 ) ) ;
#3406 = ORIENTED_EDGE ( 'NONE', *, *, #3303, .T. ) ;
#3407 = ORIENTED_EDGE ( 'NONE', *, *, #2033, .T. ) ;
#3408 = CARTESIAN_POINT ( 'NONE',  ( -0.5437759737786517222, -2.042482306688631954, 10.00000000000000178 ) ) ;
#3409 = COLOUR_RGB ( '',0.2980392156862745057, 0.2980392156862745057, 0.2980392156862745057 ) ;
#3410 = VECTOR ( 'NONE', #3150, 1000.000000000000000 ) ;
#3411 = CARTESIAN_POINT ( 'NONE',  ( 0.2338270237970433429, -3.185112667728500657, 9.799999999999998934 ) ) ;
#3412 = CARTESIAN_POINT ( 'NONE',  ( 1.596783853973405831, -3.118200606384137430, 9.799999999999998934 ) ) ;
#3413 = DIRECTION ( 'NONE',  ( -3.942553354492742545E-16, -1.000000000000000000, 0.000000000000000000 ) ) ;
#3414 = CARTESIAN_POINT ( 'NONE',  ( -0.6292316497692757027, -4.133113164000943307, 9.999999999999998224 ) ) ;
#3415 = CARTESIAN_POINT ( 'NONE',  ( -0.5877754901772419549, -2.063165083553945678, 9.799999999999998934 ) ) ;
#3416 = DIRECTION ( 'NONE',  ( -1.000000000000000000, 0.000000000000000000, 0.000000000000000000 ) ) ;
#3417 = VERTEX_POINT ( 'NONE', #1610 ) ;
#3418 = SURFACE_SIDE_STYLE ('',( #1580 ) ) ;
#3419 = EDGE_CURVE ( 'NONE', #2874, #2472, #1814, .T. ) ;
ENDSEC;
END-ISO-10303-21;
