ISO-10303-21;
HEADER;
FILE_DESCRIPTION(('STEP AP203'),'1');
FILE_NAME('2378371.stp','2024-04-17T09:43:52',('TraceParts'),('TraceParts S.A.'),'Spatial InterOp 3D',' ',' ');
FILE_SCHEMA(('CONFIG_CONTROL_DESIGN'));
ENDSEC;
DATA;
#1=DESIGN_CONTEXT('',#29,'design');
#2=APPLICATION_PROTOCOL_DEFINITION('INTERNATIONAL STANDARD','config_control_design',1994,#29);
#3=PRODUCT_CATEGORY_RELATIONSHIP('NONE','NONE',#30,#31);
#4=DATE_AND_TIME(#32,#33);
#5=DATE_TIME_ROLE('creation_date');
#6=DATE_TIME_ROLE('classification_date');
#7=PERSON_AND_ORGANIZATION_ROLE('creator');
#8=PERSON_AND_ORGANIZATION_ROLE('design_supplier');
#9=PERSON_AND_ORGANIZATION_ROLE('classification_officer');
#10=PERSON_AND_ORGANIZATION_ROLE('design_owner');
#11=APPROVAL_PERSON_ORGANIZATION(#34,#35,#36);
#12=APPROVAL_DATE_TIME(#4,#35);
#13=CC_DESIGN_APPROVAL(#35,(#37,#38,#39));
#14=CC_DESIGN_DATE_AND_TIME_ASSIGNMENT(#4,#5,(#39));
#15=CC_DESIGN_DATE_AND_TIME_ASSIGNMENT(#4,#6,(#37));
#16=CC_DESIGN_PERSON_AND_ORGANIZATION_ASSIGNMENT(#34,#10,(#40));
#17=CC_DESIGN_PERSON_AND_ORGANIZATION_ASSIGNMENT(#34,#7,(#39));
#18=CC_DESIGN_PERSON_AND_ORGANIZATION_ASSIGNMENT(#34,#7,(#38));
#19=CC_DESIGN_PERSON_AND_ORGANIZATION_ASSIGNMENT(#34,#8,(#38));
#20=CC_DESIGN_SECURITY_CLASSIFICATION(#37,(#38));
#21=CC_DESIGN_PERSON_AND_ORGANIZATION_ASSIGNMENT(#34,#9,(#37));
#22=SHAPE_DEFINITION_REPRESENTATION(#41,#42);
#23=SHAPE_DEFINITION_REPRESENTATION(#41,#43);
#24=SHAPE_DEFINITION_REPRESENTATION(#41,#44);
#25= (GEOMETRIC_REPRESENTATION_CONTEXT(3)GLOBAL_UNCERTAINTY_ASSIGNED_CONTEXT((#47))GLOBAL_UNIT_ASSIGNED_CONTEXT((#49,#50,#51))REPRESENTATION_CONTEXT('NONE','WORKSPACE'));
#29=APPLICATION_CONTEXT('CONFIGURATION CONTROLLED 3D DESIGNS OF MECHANICAL PARTS AND ASSEMBLIES');
#30=PRODUCT_CATEGORY('part','NONE');
#31=PRODUCT_RELATED_PRODUCT_CATEGORY('detail',' ',(#40));
#32=CALENDAR_DATE(2024,17,3);
#33=LOCAL_TIME(11,43,52.0,#53);
#34=PERSON_AND_ORGANIZATION(#54,#55);
#35=APPROVAL(#56,'SOLID MODEL');
#36=APPROVAL_ROLE('APPROVED');
#37=SECURITY_CLASSIFICATION('','',#57);
#38=PRODUCT_DEFINITION_FORMATION_WITH_SPECIFIED_SOURCE(' ','NONE',#40,.NOT_KNOWN.);
#39=PRODUCT_DEFINITION('','NONE',#38,#1);
#40=PRODUCT('1','','PART--DESC',(#58));
#41=PRODUCT_DEFINITION_SHAPE('NONE','NONE',#39);
#42=ADVANCED_BREP_SHAPE_REPRESENTATION('1',(#59,#60),#25);
#43=ADVANCED_BREP_SHAPE_REPRESENTATION('2',(#61,#62),#25);
#44=ADVANCED_BREP_SHAPE_REPRESENTATION('3',(#63,#64),#25);
#47=UNCERTAINTY_MEASURE_WITH_UNIT(LENGTH_MEASURE(1.0E-06),#49,'','');
#49= (CONVERSION_BASED_UNIT('MILLIMETRE',#67)LENGTH_UNIT()NAMED_UNIT(#70));
#50= (NAMED_UNIT(#72)PLANE_ANGLE_UNIT()SI_UNIT($,.RADIAN.));
#51= (NAMED_UNIT(#72)SOLID_ANGLE_UNIT()SI_UNIT($,.STERADIAN.));
#53=COORDINATED_UNIVERSAL_TIME_OFFSET(1,0,.AHEAD.);
#54=PERSON('','UNSPECIFIED',$,$,$,$);
#55=ORGANIZATION('UNSPECIFIED','UNSPECIFIED','UNSPECIFIED');
#56=APPROVAL_STATUS('approved');
#57=SECURITY_CLASSIFICATION_LEVEL('unclassified');
#58=MECHANICAL_CONTEXT('',#29,'mechanical');
#59=MANIFOLD_SOLID_BREP('1',#78);
#60=AXIS2_PLACEMENT_3D('',#79,#80,#81);
#61=MANIFOLD_SOLID_BREP('2',#82);
#62=AXIS2_PLACEMENT_3D('',#83,#84,#85);
#63=MANIFOLD_SOLID_BREP('3',#86);
#64=AXIS2_PLACEMENT_3D('',#87,#88,#89);
#67=LENGTH_MEASURE_WITH_UNIT(LENGTH_MEASURE(1.0),#90);
#70=DIMENSIONAL_EXPONENTS(1.0,0.0,0.0,0.0,0.0,0.0,0.0);
#72=DIMENSIONAL_EXPONENTS(0.0,0.0,0.0,0.0,0.0,0.0,0.0);
#78=CLOSED_SHELL('',(#91,#92,#93,#94,#95,#96,#97,#98,#99,#100,#101,#102,#103,#104,#105,#106,#107,#108,#109,#110,#111,#112,#113,#114,#115,#116,#117,#118,#119,#120,#121,#122,#123,#124,#125,#126,#127,#128,#129,#130,#131,#132,#133,#134,#135,#136,#137,#138,#139,#140,#141,#142,#143,#144,#145,#146,#147,#148,#149,#150,#151,#152,#153,#154,#155,#156,#157,#158,#159,#160,#161,#162,#163,#164,#165,#166,#167,#168,#169,#170,#171,#172,#173,#174,#175,#176,#177,#178,#179,#180,#181,#182,#183,#184,#185,#186,#187,#188,#189,#190,#191,#192,#193,#194,#195,#196,#197,#198,#199,#200,#201,#202,#203,#204,#205,#206,#207,#208,#209,#210,#211,#212,#213,#214,#215,#216,#217));
#79=CARTESIAN_POINT('',(0.0,0.0,0.0));
#80=DIRECTION('',(0.0,0.0,1.0));
#81=DIRECTION('',(1.0,0.0,0.0));
#82=CLOSED_SHELL('',(#218,#219,#220,#221,#222,#223,#224,#225,#226,#227,#228,#229,#230,#231,#232,#233,#234,#235,#236,#237,#238,#239,#240,#241,#242,#243,#244,#245,#246,#247,#248,#249,#250,#251,#252,#253,#254,#255,#256,#257,#258,#259,#260,#261,#262,#263,#264,#265,#266,#267,#268,#269,#270,#271,#272,#273,#274,#275,#276,#277,#278,#279,#280,#281,#282,#283,#284,#285,#286,#287,#288,#289,#290,#291,#292,#293,#294,#295,#296,#297,#298,#299,#300,#301,#302,#303,#304,#305,#306,#307,#308,#309,#310,#311,#312,#313,#314,#315,#316,#317,#318,#319,#320,#321,#322,#323,#324,#325));
#83=CARTESIAN_POINT('',(0.0,0.0,0.0));
#84=DIRECTION('',(0.0,0.0,1.0));
#85=DIRECTION('',(1.0,0.0,0.0));
#86=CLOSED_SHELL('',(#326,#327,#328,#329,#330,#331,#332,#333,#334,#335,#336,#337,#338,#339,#340,#341,#342,#343,#344,#345,#346,#347,#348,#349,#350,#351,#352,#353,#354,#355,#356,#357,#358,#359,#360,#361,#362,#363,#364,#365,#366,#367,#368,#369,#370,#371,#372,#373,#374,#375,#376,#377,#378,#379,#380,#381,#382,#383,#384,#385,#386,#387,#388,#389,#390,#391,#392,#393,#394,#395,#396,#397,#398,#399,#400,#401,#402,#403,#404,#405,#406,#407,#408,#409,#410,#411,#412,#413,#414,#415,#416,#417,#418,#419,#420,#421,#422,#423,#424,#425,#426,#427,#428,#429,#430,#431,#432,#433,#434,#435,#436,#437,#438,#439,#440,#441,#442,#443,#444,#445,#446,#447,#448,#449,#450,#451,#452,#453,#454,#455,#456,#457,#458,#459,#460,#461,#462,#463,#464,#465,#466,#467,#468,#469,#470,#471,#472,#473,#474,#475,#476,#477,#478,#479,#480,#481,#482,#483,#484,#485,#486,#487,#488,#489,#490,#491,#492,#493,#494,#495,#496,#497,#498,#499));
#87=CARTESIAN_POINT('',(0.0,0.0,0.0));
#88=DIRECTION('',(0.0,0.0,1.0));
#89=DIRECTION('',(1.0,0.0,0.0));
#90= (NAMED_UNIT(#70)LENGTH_UNIT()SI_UNIT(.MILLI.,.METRE.));
#91=ADVANCED_FACE('',(#501),#502,.T.);
#92=ADVANCED_FACE('',(#503),#504,.F.);
#93=ADVANCED_FACE('',(#505),#506,.F.);
#94=ADVANCED_FACE('',(#507),#508,.T.);
#95=ADVANCED_FACE('',(#509),#510,.T.);
#96=ADVANCED_FACE('',(#511),#512,.T.);
#97=ADVANCED_FACE('',(#513),#514,.T.);
#98=ADVANCED_FACE('',(#515),#516,.F.);
#99=ADVANCED_FACE('',(#517),#518,.T.);
#100=ADVANCED_FACE('',(#519),#520,.T.);
#101=ADVANCED_FACE('',(#521),#522,.F.);
#102=ADVANCED_FACE('',(#523),#524,.F.);
#103=ADVANCED_FACE('',(#525),#526,.F.);
#104=ADVANCED_FACE('',(#527),#528,.T.);
#105=ADVANCED_FACE('',(#529,#530),#531,.F.);
#106=ADVANCED_FACE('',(#532),#533,.T.);
#107=ADVANCED_FACE('',(#534,#535),#536,.T.);
#108=ADVANCED_FACE('',(#537),#538,.F.);
#109=ADVANCED_FACE('',(#539),#540,.F.);
#110=ADVANCED_FACE('',(#541),#542,.F.);
#111=ADVANCED_FACE('',(#543,#544),#545,.F.);
#112=ADVANCED_FACE('',(#546),#547,.F.);
#113=ADVANCED_FACE('',(#548,#549),#550,.T.);
#114=ADVANCED_FACE('',(#551),#552,.T.);
#115=ADVANCED_FACE('',(#553),#554,.F.);
#116=ADVANCED_FACE('',(#555),#556,.T.);
#117=ADVANCED_FACE('',(#557),#558,.T.);
#118=ADVANCED_FACE('',(#559),#560,.F.);
#119=ADVANCED_FACE('',(#561),#562,.F.);
#120=ADVANCED_FACE('',(#563),#564,.F.);
#121=ADVANCED_FACE('',(#565),#566,.T.);
#122=ADVANCED_FACE('',(#567),#568,.T.);
#123=ADVANCED_FACE('',(#569),#570,.T.);
#124=ADVANCED_FACE('',(#571),#572,.F.);
#125=ADVANCED_FACE('',(#573),#574,.F.);
#126=ADVANCED_FACE('',(#575),#576,.F.);
#127=ADVANCED_FACE('',(#577),#578,.F.);
#128=ADVANCED_FACE('',(#579),#580,.F.);
#129=ADVANCED_FACE('',(#581),#582,.F.);
#130=ADVANCED_FACE('',(#583),#584,.T.);
#131=ADVANCED_FACE('',(#585),#586,.F.);
#132=ADVANCED_FACE('',(#587),#588,.F.);
#133=ADVANCED_FACE('',(#589),#590,.F.);
#134=ADVANCED_FACE('',(#591),#592,.F.);
#135=ADVANCED_FACE('',(#593),#594,.F.);
#136=ADVANCED_FACE('',(#595),#596,.F.);
#137=ADVANCED_FACE('',(#597),#598,.T.);
#138=ADVANCED_FACE('',(#599),#600,.T.);
#139=ADVANCED_FACE('',(#601),#602,.T.);
#140=ADVANCED_FACE('',(#603),#604,.F.);
#141=ADVANCED_FACE('',(#605),#606,.F.);
#142=ADVANCED_FACE('',(#607),#608,.F.);
#143=ADVANCED_FACE('',(#609),#610,.T.);
#144=ADVANCED_FACE('',(#611),#612,.F.);
#145=ADVANCED_FACE('',(#613),#614,.F.);
#146=ADVANCED_FACE('',(#615),#616,.F.);
#147=ADVANCED_FACE('',(#617),#618,.F.);
#148=ADVANCED_FACE('',(#619),#620,.F.);
#149=ADVANCED_FACE('',(#621),#622,.F.);
#150=ADVANCED_FACE('',(#623),#624,.F.);
#151=ADVANCED_FACE('',(#625),#626,.F.);
#152=ADVANCED_FACE('',(#627),#628,.T.);
#153=ADVANCED_FACE('',(#629),#630,.F.);
#154=ADVANCED_FACE('',(#631),#632,.T.);
#155=ADVANCED_FACE('',(#633),#634,.F.);
#156=ADVANCED_FACE('',(#635),#636,.F.);
#157=ADVANCED_FACE('',(#637),#638,.F.);
#158=ADVANCED_FACE('',(#639),#640,.F.);
#159=ADVANCED_FACE('',(#641),#642,.F.);
#160=ADVANCED_FACE('',(#643),#644,.F.);
#161=ADVANCED_FACE('',(#645),#646,.F.);
#162=ADVANCED_FACE('',(#647),#648,.F.);
#163=ADVANCED_FACE('',(#649),#650,.F.);
#164=ADVANCED_FACE('',(#651),#652,.F.);
#165=ADVANCED_FACE('',(#653),#654,.F.);
#166=ADVANCED_FACE('',(#655),#656,.F.);
#167=ADVANCED_FACE('',(#657),#658,.F.);
#168=ADVANCED_FACE('',(#659),#660,.T.);
#169=ADVANCED_FACE('',(#661),#662,.F.);
#170=ADVANCED_FACE('',(#663),#664,.T.);
#171=ADVANCED_FACE('',(#665),#666,.T.);
#172=ADVANCED_FACE('',(#667),#668,.T.);
#173=ADVANCED_FACE('',(#669),#670,.F.);
#174=ADVANCED_FACE('',(#671),#672,.T.);
#175=ADVANCED_FACE('',(#673),#674,.T.);
#176=ADVANCED_FACE('',(#675),#676,.T.);
#177=ADVANCED_FACE('',(#677),#678,.T.);
#178=ADVANCED_FACE('',(#679),#680,.F.);
#179=ADVANCED_FACE('',(#681),#682,.F.);
#180=ADVANCED_FACE('',(#683),#684,.F.);
#181=ADVANCED_FACE('',(#685),#686,.F.);
#182=ADVANCED_FACE('',(#687),#688,.T.);
#183=ADVANCED_FACE('',(#689),#690,.F.);
#184=ADVANCED_FACE('',(#691),#692,.T.);
#185=ADVANCED_FACE('',(#693),#694,.F.);
#186=ADVANCED_FACE('',(#695),#696,.T.);
#187=ADVANCED_FACE('',(#697),#698,.F.);
#188=ADVANCED_FACE('',(#699),#700,.F.);
#189=ADVANCED_FACE('',(#701),#702,.F.);
#190=ADVANCED_FACE('',(#703),#704,.F.);
#191=ADVANCED_FACE('',(#705),#706,.F.);
#192=ADVANCED_FACE('',(#707),#708,.T.);
#193=ADVANCED_FACE('',(#709),#710,.T.);
#194=ADVANCED_FACE('',(#711),#712,.T.);
#195=ADVANCED_FACE('',(#713),#714,.T.);
#196=ADVANCED_FACE('',(#715),#716,.F.);
#197=ADVANCED_FACE('',(#717),#718,.T.);
#198=ADVANCED_FACE('',(#719),#720,.F.);
#199=ADVANCED_FACE('',(#721),#722,.T.);
#200=ADVANCED_FACE('',(#723),#724,.T.);
#201=ADVANCED_FACE('',(#725),#726,.T.);
#202=ADVANCED_FACE('',(#727),#728,.F.);
#203=ADVANCED_FACE('',(#729),#730,.T.);
#204=ADVANCED_FACE('',(#731),#732,.F.);
#205=ADVANCED_FACE('',(#733),#734,.F.);
#206=ADVANCED_FACE('',(#735),#736,.F.);
#207=ADVANCED_FACE('',(#737),#738,.T.);
#208=ADVANCED_FACE('',(#739),#740,.F.);
#209=ADVANCED_FACE('',(#741),#742,.F.);
#210=ADVANCED_FACE('',(#743),#744,.F.);
#211=ADVANCED_FACE('',(#745),#746,.T.);
#212=ADVANCED_FACE('',(#747),#748,.F.);
#213=ADVANCED_FACE('',(#749),#750,.F.);
#214=ADVANCED_FACE('',(#751),#752,.T.);
#215=ADVANCED_FACE('',(#753),#754,.T.);
#216=ADVANCED_FACE('',(#755),#756,.T.);
#217=ADVANCED_FACE('',(#757),#758,.T.);
#218=ADVANCED_FACE('',(#759),#760,.F.);
#219=ADVANCED_FACE('',(#761),#762,.F.);
#220=ADVANCED_FACE('',(#763,#764,#765,#766,#767),#768,.F.);
#221=ADVANCED_FACE('',(#769),#770,.F.);
#222=ADVANCED_FACE('',(#771),#772,.F.);
#223=ADVANCED_FACE('',(#773,#774,#775,#776,#777),#778,.T.);
#224=ADVANCED_FACE('',(#779),#780,.F.);
#225=ADVANCED_FACE('',(#781),#782,.F.);
#226=ADVANCED_FACE('',(#783),#784,.T.);
#227=ADVANCED_FACE('',(#785),#786,.F.);
#228=ADVANCED_FACE('',(#787),#788,.F.);
#229=ADVANCED_FACE('',(#789),#790,.F.);
#230=ADVANCED_FACE('',(#791),#792,.T.);
#231=ADVANCED_FACE('',(#793),#794,.T.);
#232=ADVANCED_FACE('',(#795),#796,.T.);
#233=ADVANCED_FACE('',(#797),#798,.T.);
#234=ADVANCED_FACE('',(#799),#800,.T.);
#235=ADVANCED_FACE('',(#801),#802,.T.);
#236=ADVANCED_FACE('',(#803),#804,.F.);
#237=ADVANCED_FACE('',(#805),#806,.F.);
#238=ADVANCED_FACE('',(#807),#808,.F.);
#239=ADVANCED_FACE('',(#809),#810,.F.);
#240=ADVANCED_FACE('',(#811),#812,.F.);
#241=ADVANCED_FACE('',(#813),#814,.F.);
#242=ADVANCED_FACE('',(#815),#816,.F.);
#243=ADVANCED_FACE('',(#817),#818,.T.);
#244=ADVANCED_FACE('',(#819),#820,.T.);
#245=ADVANCED_FACE('',(#821),#822,.F.);
#246=ADVANCED_FACE('',(#823),#824,.F.);
#247=ADVANCED_FACE('',(#825),#826,.F.);
#248=ADVANCED_FACE('',(#827),#828,.F.);
#249=ADVANCED_FACE('',(#829),#830,.F.);
#250=ADVANCED_FACE('',(#831),#832,.F.);
#251=ADVANCED_FACE('',(#833),#834,.F.);
#252=ADVANCED_FACE('',(#835),#836,.F.);
#253=ADVANCED_FACE('',(#837),#838,.T.);
#254=ADVANCED_FACE('',(#839),#840,.F.);
#255=ADVANCED_FACE('',(#841),#842,.F.);
#256=ADVANCED_FACE('',(#843),#844,.F.);
#257=ADVANCED_FACE('',(#845),#846,.F.);
#258=ADVANCED_FACE('',(#847),#848,.F.);
#259=ADVANCED_FACE('',(#849),#850,.F.);
#260=ADVANCED_FACE('',(#851),#852,.F.);
#261=ADVANCED_FACE('',(#853),#854,.T.);
#262=ADVANCED_FACE('',(#855),#856,.T.);
#263=ADVANCED_FACE('',(#857),#858,.T.);
#264=ADVANCED_FACE('',(#859),#860,.T.);
#265=ADVANCED_FACE('',(#861),#862,.T.);
#266=ADVANCED_FACE('',(#863),#864,.F.);
#267=ADVANCED_FACE('',(#865),#866,.F.);
#268=ADVANCED_FACE('',(#867),#868,.F.);
#269=ADVANCED_FACE('',(#869),#870,.T.);
#270=ADVANCED_FACE('',(#871),#872,.F.);
#271=ADVANCED_FACE('',(#873),#874,.T.);
#272=ADVANCED_FACE('',(#875),#876,.T.);
#273=ADVANCED_FACE('',(#877),#878,.F.);
#274=ADVANCED_FACE('',(#879),#880,.F.);
#275=ADVANCED_FACE('',(#881),#882,.F.);
#276=ADVANCED_FACE('',(#883),#884,.T.);
#277=ADVANCED_FACE('',(#885),#886,.T.);
#278=ADVANCED_FACE('',(#887),#888,.T.);
#279=ADVANCED_FACE('',(#889),#890,.F.);
#280=ADVANCED_FACE('',(#891),#892,.F.);
#281=ADVANCED_FACE('',(#893),#894,.F.);
#282=ADVANCED_FACE('',(#895),#896,.T.);
#283=ADVANCED_FACE('',(#897),#898,.F.);
#284=ADVANCED_FACE('',(#899),#900,.F.);
#285=ADVANCED_FACE('',(#901),#902,.F.);
#286=ADVANCED_FACE('',(#903),#904,.F.);
#287=ADVANCED_FACE('',(#905),#906,.F.);
#288=ADVANCED_FACE('',(#907),#908,.F.);
#289=ADVANCED_FACE('',(#909),#910,.F.);
#290=ADVANCED_FACE('',(#911),#912,.F.);
#291=ADVANCED_FACE('',(#913),#914,.T.);
#292=ADVANCED_FACE('',(#915),#916,.F.);
#293=ADVANCED_FACE('',(#917),#918,.F.);
#294=ADVANCED_FACE('',(#919),#920,.F.);
#295=ADVANCED_FACE('',(#921),#922,.F.);
#296=ADVANCED_FACE('',(#923),#924,.F.);
#297=ADVANCED_FACE('',(#925),#926,.F.);
#298=ADVANCED_FACE('',(#927),#928,.T.);
#299=ADVANCED_FACE('',(#929),#930,.T.);
#300=ADVANCED_FACE('',(#931),#932,.T.);
#301=ADVANCED_FACE('',(#933),#934,.T.);
#302=ADVANCED_FACE('',(#935),#936,.T.);
#303=ADVANCED_FACE('',(#937),#938,.T.);
#304=ADVANCED_FACE('',(#939),#940,.T.);
#305=ADVANCED_FACE('',(#941),#942,.T.);
#306=ADVANCED_FACE('',(#943),#944,.F.);
#307=ADVANCED_FACE('',(#945),#946,.F.);
#308=ADVANCED_FACE('',(#947),#948,.F.);
#309=ADVANCED_FACE('',(#949),#950,.F.);
#310=ADVANCED_FACE('',(#951),#952,.F.);
#311=ADVANCED_FACE('',(#953),#954,.T.);
#312=ADVANCED_FACE('',(#955),#956,.T.);
#313=ADVANCED_FACE('',(#957),#958,.T.);
#314=ADVANCED_FACE('',(#959),#960,.T.);
#315=ADVANCED_FACE('',(#961),#962,.T.);
#316=ADVANCED_FACE('',(#963),#964,.T.);
#317=ADVANCED_FACE('',(#965),#966,.T.);
#318=ADVANCED_FACE('',(#967),#968,.F.);
#319=ADVANCED_FACE('',(#969),#970,.T.);
#320=ADVANCED_FACE('',(#971),#972,.T.);
#321=ADVANCED_FACE('',(#973),#974,.T.);
#322=ADVANCED_FACE('',(#975),#976,.T.);
#323=ADVANCED_FACE('',(#977),#978,.T.);
#324=ADVANCED_FACE('',(#979),#980,.T.);
#325=ADVANCED_FACE('',(#981),#982,.T.);
#326=ADVANCED_FACE('',(#983),#984,.F.);
#327=ADVANCED_FACE('',(#985),#986,.T.);
#328=ADVANCED_FACE('',(#987),#988,.T.);
#329=ADVANCED_FACE('',(#989),#990,.T.);
#330=ADVANCED_FACE('',(#991),#992,.F.);
#331=ADVANCED_FACE('',(#993),#994,.F.);
#332=ADVANCED_FACE('',(#995),#996,.T.);
#333=ADVANCED_FACE('',(#997),#998,.F.);
#334=ADVANCED_FACE('',(#999),#1000,.F.);
#335=ADVANCED_FACE('',(#1001,#1002),#1003,.T.);
#336=ADVANCED_FACE('',(#1004),#1005,.F.);
#337=ADVANCED_FACE('',(#1006),#1007,.T.);
#338=ADVANCED_FACE('',(#1008),#1009,.F.);
#339=ADVANCED_FACE('',(#1010),#1011,.F.);
#340=ADVANCED_FACE('',(#1012),#1013,.F.);
#341=ADVANCED_FACE('',(#1014),#1015,.F.);
#342=ADVANCED_FACE('',(#1016),#1017,.F.);
#343=ADVANCED_FACE('',(#1018),#1019,.T.);
#344=ADVANCED_FACE('',(#1020),#1021,.F.);
#345=ADVANCED_FACE('',(#1022),#1023,.F.);
#346=ADVANCED_FACE('',(#1024),#1025,.T.);
#347=ADVANCED_FACE('',(#1026),#1027,.T.);
#348=ADVANCED_FACE('',(#1028,#1029,#1030,#1031,#1032,#1033,#1034),#1035,.F.);
#349=ADVANCED_FACE('',(#1036),#1037,.F.);
#350=ADVANCED_FACE('',(#1038),#1039,.T.);
#351=ADVANCED_FACE('',(#1040),#1041,.T.);
#352=ADVANCED_FACE('',(#1042),#1043,.T.);
#353=ADVANCED_FACE('',(#1044),#1045,.F.);
#354=ADVANCED_FACE('',(#1046),#1047,.T.);
#355=ADVANCED_FACE('',(#1048),#1049,.F.);
#356=ADVANCED_FACE('',(#1050),#1051,.F.);
#357=ADVANCED_FACE('',(#1052),#1053,.T.);
#358=ADVANCED_FACE('',(#1054),#1055,.F.);
#359=ADVANCED_FACE('',(#1056),#1057,.T.);
#360=ADVANCED_FACE('',(#1058),#1059,.F.);
#361=ADVANCED_FACE('',(#1060),#1061,.F.);
#362=ADVANCED_FACE('',(#1062),#1063,.T.);
#363=ADVANCED_FACE('',(#1064),#1065,.F.);
#364=ADVANCED_FACE('',(#1066),#1067,.F.);
#365=ADVANCED_FACE('',(#1068),#1069,.F.);
#366=ADVANCED_FACE('',(#1070),#1071,.F.);
#367=ADVANCED_FACE('',(#1072),#1073,.F.);
#368=ADVANCED_FACE('',(#1074),#1075,.F.);
#369=ADVANCED_FACE('',(#1076),#1077,.T.);
#370=ADVANCED_FACE('',(#1078),#1079,.T.);
#371=ADVANCED_FACE('',(#1080),#1081,.T.);
#372=ADVANCED_FACE('',(#1082),#1083,.F.);
#373=ADVANCED_FACE('',(#1084),#1085,.T.);
#374=ADVANCED_FACE('',(#1086),#1087,.F.);
#375=ADVANCED_FACE('',(#1088),#1089,.T.);
#376=ADVANCED_FACE('',(#1090),#1091,.F.);
#377=ADVANCED_FACE('',(#1092),#1093,.T.);
#378=ADVANCED_FACE('',(#1094),#1095,.F.);
#379=ADVANCED_FACE('',(#1096),#1097,.T.);
#380=ADVANCED_FACE('',(#1098),#1099,.T.);
#381=ADVANCED_FACE('',(#1100),#1101,.T.);
#382=ADVANCED_FACE('',(#1102),#1103,.T.);
#383=ADVANCED_FACE('',(#1104),#1105,.T.);
#384=ADVANCED_FACE('',(#1106),#1107,.F.);
#385=ADVANCED_FACE('',(#1108),#1109,.T.);
#386=ADVANCED_FACE('',(#1110),#1111,.T.);
#387=ADVANCED_FACE('',(#1112),#1113,.T.);
#388=ADVANCED_FACE('',(#1114),#1115,.T.);
#389=ADVANCED_FACE('',(#1116),#1117,.T.);
#390=ADVANCED_FACE('',(#1118),#1119,.T.);
#391=ADVANCED_FACE('',(#1120),#1121,.T.);
#392=ADVANCED_FACE('',(#1122),#1123,.T.);
#393=ADVANCED_FACE('',(#1124),#1125,.T.);
#394=ADVANCED_FACE('',(#1126),#1127,.T.);
#395=ADVANCED_FACE('',(#1128),#1129,.T.);
#396=ADVANCED_FACE('',(#1130),#1131,.T.);
#397=ADVANCED_FACE('',(#1132),#1133,.T.);
#398=ADVANCED_FACE('',(#1134),#1135,.T.);
#399=ADVANCED_FACE('',(#1136),#1137,.T.);
#400=ADVANCED_FACE('',(#1138),#1139,.F.);
#401=ADVANCED_FACE('',(#1140),#1141,.T.);
#402=ADVANCED_FACE('',(#1142),#1143,.T.);
#403=ADVANCED_FACE('',(#1144),#1145,.T.);
#404=ADVANCED_FACE('',(#1146),#1147,.F.);
#405=ADVANCED_FACE('',(#1148),#1149,.T.);
#406=ADVANCED_FACE('',(#1150),#1151,.T.);
#407=ADVANCED_FACE('',(#1152),#1153,.T.);
#408=ADVANCED_FACE('',(#1154),#1155,.F.);
#409=ADVANCED_FACE('',(#1156),#1157,.T.);
#410=ADVANCED_FACE('',(#1158),#1159,.T.);
#411=ADVANCED_FACE('',(#1160),#1161,.F.);
#412=ADVANCED_FACE('',(#1162),#1163,.F.);
#413=ADVANCED_FACE('',(#1164),#1165,.F.);
#414=ADVANCED_FACE('',(#1166),#1167,.F.);
#415=ADVANCED_FACE('',(#1168),#1169,.T.);
#416=ADVANCED_FACE('',(#1170),#1171,.T.);
#417=ADVANCED_FACE('',(#1172),#1173,.F.);
#418=ADVANCED_FACE('',(#1174),#1175,.T.);
#419=ADVANCED_FACE('',(#1176),#1177,.T.);
#420=ADVANCED_FACE('',(#1178),#1179,.F.);
#421=ADVANCED_FACE('',(#1180),#1181,.T.);
#422=ADVANCED_FACE('',(#1182),#1183,.T.);
#423=ADVANCED_FACE('',(#1184),#1185,.F.);
#424=ADVANCED_FACE('',(#1186),#1187,.F.);
#425=ADVANCED_FACE('',(#1188),#1189,.T.);
#426=ADVANCED_FACE('',(#1190),#1191,.T.);
#427=ADVANCED_FACE('',(#1192),#1193,.F.);
#428=ADVANCED_FACE('',(#1194),#1195,.T.);
#429=ADVANCED_FACE('',(#1196),#1197,.T.);
#430=ADVANCED_FACE('',(#1198),#1199,.F.);
#431=ADVANCED_FACE('',(#1200),#1201,.F.);
#432=ADVANCED_FACE('',(#1202),#1203,.T.);
#433=ADVANCED_FACE('',(#1204),#1205,.F.);
#434=ADVANCED_FACE('',(#1206),#1207,.F.);
#435=ADVANCED_FACE('',(#1208),#1209,.T.);
#436=ADVANCED_FACE('',(#1210),#1211,.F.);
#437=ADVANCED_FACE('',(#1212),#1213,.T.);
#438=ADVANCED_FACE('',(#1214),#1215,.F.);
#439=ADVANCED_FACE('',(#1216),#1217,.F.);
#440=ADVANCED_FACE('',(#1218),#1219,.F.);
#441=ADVANCED_FACE('',(#1220),#1221,.T.);
#442=ADVANCED_FACE('',(#1222),#1223,.T.);
#443=ADVANCED_FACE('',(#1224),#1225,.F.);
#444=ADVANCED_FACE('',(#1226),#1227,.F.);
#445=ADVANCED_FACE('',(#1228),#1229,.F.);
#446=ADVANCED_FACE('',(#1230),#1231,.F.);
#447=ADVANCED_FACE('',(#1232),#1233,.F.);
#448=ADVANCED_FACE('',(#1234),#1235,.F.);
#449=ADVANCED_FACE('',(#1236),#1237,.T.);
#450=ADVANCED_FACE('',(#1238),#1239,.F.);
#451=ADVANCED_FACE('',(#1240),#1241,.F.);
#452=ADVANCED_FACE('',(#1242),#1243,.F.);
#453=ADVANCED_FACE('',(#1244),#1245,.T.);
#454=ADVANCED_FACE('',(#1246),#1247,.F.);
#455=ADVANCED_FACE('',(#1248),#1249,.F.);
#456=ADVANCED_FACE('',(#1250),#1251,.F.);
#457=ADVANCED_FACE('',(#1252),#1253,.F.);
#458=ADVANCED_FACE('',(#1254),#1255,.F.);
#459=ADVANCED_FACE('',(#1256),#1257,.T.);
#460=ADVANCED_FACE('',(#1258),#1259,.F.);
#461=ADVANCED_FACE('',(#1260),#1261,.T.);
#462=ADVANCED_FACE('',(#1262),#1263,.F.);
#463=ADVANCED_FACE('',(#1264),#1265,.F.);
#464=ADVANCED_FACE('',(#1266),#1267,.T.);
#465=ADVANCED_FACE('',(#1268),#1269,.F.);
#466=ADVANCED_FACE('',(#1270),#1271,.T.);
#467=ADVANCED_FACE('',(#1272),#1273,.F.);
#468=ADVANCED_FACE('',(#1274),#1275,.F.);
#469=ADVANCED_FACE('',(#1276),#1277,.F.);
#470=ADVANCED_FACE('',(#1278),#1279,.F.);
#471=ADVANCED_FACE('',(#1280),#1281,.F.);
#472=ADVANCED_FACE('',(#1282),#1283,.F.);
#473=ADVANCED_FACE('',(#1284),#1285,.F.);
#474=ADVANCED_FACE('',(#1286,#1287),#1288,.T.);
#475=ADVANCED_FACE('',(#1289),#1290,.T.);
#476=ADVANCED_FACE('',(#1291),#1292,.T.);
#477=ADVANCED_FACE('',(#1293),#1294,.F.);
#478=ADVANCED_FACE('',(#1295),#1296,.F.);
#479=ADVANCED_FACE('',(#1297),#1298,.F.);
#480=ADVANCED_FACE('',(#1299),#1300,.F.);
#481=ADVANCED_FACE('',(#1301),#1302,.T.);
#482=ADVANCED_FACE('',(#1303),#1304,.T.);
#483=ADVANCED_FACE('',(#1305),#1306,.T.);
#484=ADVANCED_FACE('',(#1307),#1308,.T.);
#485=ADVANCED_FACE('',(#1309),#1310,.T.);
#486=ADVANCED_FACE('',(#1311),#1312,.T.);
#487=ADVANCED_FACE('',(#1313),#1314,.T.);
#488=ADVANCED_FACE('',(#1315),#1316,.T.);
#489=ADVANCED_FACE('',(#1317),#1318,.T.);
#490=ADVANCED_FACE('',(#1319),#1320,.T.);
#491=ADVANCED_FACE('',(#1321),#1322,.T.);
#492=ADVANCED_FACE('',(#1323),#1324,.T.);
#493=ADVANCED_FACE('',(#1325),#1326,.T.);
#494=ADVANCED_FACE('',(#1327),#1328,.T.);
#495=ADVANCED_FACE('',(#1329),#1330,.T.);
#496=ADVANCED_FACE('',(#1331),#1332,.T.);
#497=ADVANCED_FACE('',(#1333),#1334,.T.);
#498=ADVANCED_FACE('',(#1335),#1336,.T.);
#499=ADVANCED_FACE('',(#1337),#1338,.T.);
#501=FACE_OUTER_BOUND('',#1339,.T.);
#502=CYLINDRICAL_SURFACE('',#1340,1.05);
#503=FACE_OUTER_BOUND('',#1341,.T.);
#504=CYLINDRICAL_SURFACE('',#1342,0.350000000000001);
#505=FACE_OUTER_BOUND('',#1343,.T.);
#506=CYLINDRICAL_SURFACE('',#1344,1.1);
#507=FACE_OUTER_BOUND('',#1345,.T.);
#508=CYLINDRICAL_SURFACE('',#1346,0.0999999999999994);
#509=FACE_OUTER_BOUND('',#1347,.T.);
#510=PLANE('',#1348);
#511=FACE_OUTER_BOUND('',#1349,.T.);
#512=PLANE('',#1350);
#513=FACE_OUTER_BOUND('',#1351,.T.);
#514=PLANE('',#1352);
#515=FACE_OUTER_BOUND('',#1353,.T.);
#516=PLANE('',#1354);
#517=FACE_OUTER_BOUND('',#1355,.T.);
#518=CYLINDRICAL_SURFACE('',#1356,0.199999999999999);
#519=FACE_OUTER_BOUND('',#1357,.T.);
#520=PLANE('',#1358);
#521=FACE_OUTER_BOUND('',#1359,.T.);
#522=PLANE('',#1360);
#523=FACE_OUTER_BOUND('',#1361,.T.);
#524=CYLINDRICAL_SURFACE('',#1362,0.3);
#525=FACE_OUTER_BOUND('',#1363,.T.);
#526=PLANE('',#1364);
#527=FACE_OUTER_BOUND('',#1365,.T.);
#528=PLANE('',#1366);
#529=FACE_OUTER_BOUND('',#1367,.T.);
#530=FACE_BOUND('',#1368,.T.);
#531=PLANE('',#1369);
#532=FACE_OUTER_BOUND('',#1370,.T.);
#533=PLANE('',#1371);
#534=FACE_OUTER_BOUND('',#1372,.T.);
#535=FACE_BOUND('',#1373,.T.);
#536=PLANE('',#1374);
#537=FACE_OUTER_BOUND('',#1375,.T.);
#538=CYLINDRICAL_SURFACE('',#1376,0.3);
#539=FACE_OUTER_BOUND('',#1377,.T.);
#540=PLANE('',#1378);
#541=FACE_OUTER_BOUND('',#1379,.T.);
#542=PLANE('',#1380);
#543=FACE_OUTER_BOUND('',#1381,.T.);
#544=FACE_BOUND('',#1382,.T.);
#545=PLANE('',#1383);
#546=FACE_OUTER_BOUND('',#1384,.T.);
#547=PLANE('',#1385);
#548=FACE_OUTER_BOUND('',#1386,.T.);
#549=FACE_BOUND('',#1387,.T.);
#550=PLANE('',#1388);
#551=FACE_OUTER_BOUND('',#1389,.T.);
#552=PLANE('',#1390);
#553=FACE_OUTER_BOUND('',#1391,.T.);
#554=PLANE('',#1392);
#555=FACE_OUTER_BOUND('',#1393,.T.);
#556=CYLINDRICAL_SURFACE('',#1394,0.6);
#557=FACE_OUTER_BOUND('',#1395,.T.);
#558=PLANE('',#1396);
#559=FACE_OUTER_BOUND('',#1397,.T.);
#560=PLANE('',#1398);
#561=FACE_OUTER_BOUND('',#1399,.T.);
#562=PLANE('',#1400);
#563=FACE_OUTER_BOUND('',#1401,.T.);
#564=CYLINDRICAL_SURFACE('',#1402,0.203927410900098);
#565=FACE_OUTER_BOUND('',#1403,.T.);
#566=PLANE('',#1404);
#567=FACE_OUTER_BOUND('',#1405,.T.);
#568=PLANE('',#1406);
#569=FACE_OUTER_BOUND('',#1407,.T.);
#570=PLANE('',#1408);
#571=FACE_OUTER_BOUND('',#1409,.T.);
#572=PLANE('',#1410);
#573=FACE_OUTER_BOUND('',#1411,.T.);
#574=PLANE('',#1412);
#575=FACE_OUTER_BOUND('',#1413,.T.);
#576=PLANE('',#1414);
#577=FACE_OUTER_BOUND('',#1415,.T.);
#578=CYLINDRICAL_SURFACE('',#1416,0.199999999999999);
#579=FACE_OUTER_BOUND('',#1417,.T.);
#580=PLANE('',#1418);
#581=FACE_OUTER_BOUND('',#1419,.T.);
#582=PLANE('',#1420);
#583=FACE_OUTER_BOUND('',#1421,.T.);
#584=PLANE('',#1422);
#585=FACE_OUTER_BOUND('',#1423,.T.);
#586=PLANE('',#1424);
#587=FACE_OUTER_BOUND('',#1425,.T.);
#588=PLANE('',#1426);
#589=FACE_OUTER_BOUND('',#1427,.T.);
#590=CYLINDRICAL_SURFACE('',#1428,0.199999999999999);
#591=FACE_OUTER_BOUND('',#1429,.T.);
#592=PLANE('',#1430);
#593=FACE_OUTER_BOUND('',#1431,.T.);
#594=PLANE('',#1432);
#595=FACE_OUTER_BOUND('',#1433,.T.);
#596=PLANE('',#1434);
#597=FACE_OUTER_BOUND('',#1435,.T.);
#598=PLANE('',#1436);
#599=FACE_OUTER_BOUND('',#1437,.T.);
#600=PLANE('',#1438);
#601=FACE_OUTER_BOUND('',#1439,.T.);
#602=PLANE('',#1440);
#603=FACE_OUTER_BOUND('',#1441,.T.);
#604=CYLINDRICAL_SURFACE('',#1442,0.203927410900098);
#605=FACE_OUTER_BOUND('',#1443,.T.);
#606=PLANE('',#1444);
#607=FACE_OUTER_BOUND('',#1445,.T.);
#608=PLANE('',#1446);
#609=FACE_OUTER_BOUND('',#1447,.T.);
#610=CYLINDRICAL_SURFACE('',#1448,0.2);
#611=FACE_OUTER_BOUND('',#1449,.T.);
#612=B_SPLINE_SURFACE_WITH_KNOTS('',3,3,((#1450,#1451,#1452,#1453,#1454),(#1455,#1456,#1457,#1458,#1459),(#1460,#1461,#1462,#1463,#1464),(#1465,#1466,#1467,#1468,#1469),(#1470,#1471,#1472,#1473,#1474),(#1475,#1476,#1477,#1478,#1479),(#1480,#1481,#1482,#1483,#1484),(#1485,#1486,#1487,#1488,#1489)),.UNSPECIFIED.,.F.,.F.,.F.,(4,1,1,1,1,4),(4,1,4),(0.563490676072266,0.6785143140586,0.7856762093724,0.8392571570293,0.8928381046862,1.02336933488621),(-0.0209713582803841,0.4956042164026,1.02064859728453),.UNSPECIFIED.);
#613=FACE_OUTER_BOUND('',#1490,.T.);
#614=PLANE('',#1491);
#615=FACE_OUTER_BOUND('',#1492,.T.);
#616=CYLINDRICAL_SURFACE('',#1493,0.0999999999999994);
#617=FACE_OUTER_BOUND('',#1494,.T.);
#618=CYLINDRICAL_SURFACE('',#1495,0.0999999999999994);
#619=FACE_OUTER_BOUND('',#1496,.T.);
#620=(B_SPLINE_SURFACE(3,3,((#1498,#1499,#1500,#1501),(#1502,#1503,#1504,#1505),(#1506,#1507,#1508,#1509),(#1510,#1511,#1512,#1513)),.UNSPECIFIED.,.F.,.F.,.F.)B_SPLINE_SURFACE_WITH_KNOTS((4,4),(4,4),(-4.919317916111E-06,2.072775319167E-05),(-1.125636634694E-06,1.00567586628909),.UNSPECIFIED.)RATIONAL_B_SPLINE_SURFACE(((1.00000087108177,0.740583881913667,0.74205600273386,1.00441723354208),(1.0000008880496,0.735530570460166,0.73703136754403,1.00450327930181),(1.00000090161707,0.731490196231914,0.733013921417047,1.00457207717253),(1.00000091196309,0.728408998470729,0.729950208673383,1.00462454257112)))BOUNDED_SURFACE()REPRESENTATION_ITEM('')GEOMETRIC_REPRESENTATION_ITEM()SURFACE());
#621=FACE_OUTER_BOUND('',#1520,.T.);
#622=(B_SPLINE_SURFACE(3,3,((#1522,#1523,#1524,#1525),(#1526,#1527,#1528,#1529),(#1530,#1531,#1532,#1533),(#1534,#1535,#1536,#1537)),.UNSPECIFIED.,.F.,.F.,.F.)B_SPLINE_SURFACE_WITH_KNOTS((4,4),(4,4),(-6.801423869054E-08,3.468726161941E-06),(-7.09612261678457E-06,1.00000000316297),.UNSPECIFIED.)RATIONAL_B_SPLINE_SURFACE(((1.00000549593938,0.74183552294835,0.741833691785233,1.00000000245016),(1.00000551500553,0.740939926582019,0.740938089066344,1.00000000245857),(1.0000055335807,0.740067357786268,0.740065514081427,1.00000000246651),(1.00000555165417,0.739218382676489,0.73921653294985,1.00000000247438)))BOUNDED_SURFACE()REPRESENTATION_ITEM('')GEOMETRIC_REPRESENTATION_ITEM()SURFACE());
#623=FACE_OUTER_BOUND('',#1544,.T.);
#624=B_SPLINE_SURFACE_WITH_KNOTS('',3,3,((#1545,#1546,#1547,#1548,#1549,#1550,#1551,#1552,#1553,#1554,#1555),(#1556,#1557,#1558,#1559,#1560,#1561,#1562,#1563,#1564,#1565,#1566),(#1567,#1568,#1569,#1570,#1571,#1572,#1573,#1574,#1575,#1576,#1577),(#1578,#1579,#1580,#1581,#1582,#1583,#1584,#1585,#1586,#1587,#1588),(#1589,#1590,#1591,#1592,#1593,#1594,#1595,#1596,#1597,#1598,#1599),(#1600,#1601,#1602,#1603,#1604,#1605,#1606,#1607,#1608,#1609,#1610),(#1611,#1612,#1613,#1614,#1615,#1616,#1617,#1618,#1619,#1620,#1621),(#1622,#1623,#1624,#1625,#1626,#1627,#1628,#1629,#1630,#1631,#1632),(#1633,#1634,#1635,#1636,#1637,#1638,#1639,#1640,#1641,#1642,#1643),(#1644,#1645,#1646,#1647,#1648,#1649,#1650,#1651,#1652,#1653,#1654)),.UNSPECIFIED.,.F.,.F.,.F.,(4,1,1,1,1,1,1,4),(4,1,1,1,1,1,1,1,4),(-1.944256282913E-06,3.766460376636E-05,7.727346381563E-05,9.707789384026E-05,0.0001069801088526,0.0001168823238649,0.0001366867538895,0.0001607173577173),(-0.0146108499068481,0.1183242986488,0.2443703481784,0.3704163977081,0.4964624472378,0.6225084967674,0.7485545462971,0.8746005958267,1.00313479872594),.UNSPECIFIED.);
#625=FACE_OUTER_BOUND('',#1655,.T.);
#626=B_SPLINE_SURFACE_WITH_KNOTS('',3,3,((#1656,#1657,#1658,#1659,#1660),(#1661,#1662,#1663,#1664,#1665),(#1666,#1667,#1668,#1669,#1670),(#1671,#1672,#1673,#1674,#1675),(#1676,#1677,#1678,#1679,#1680),(#1681,#1682,#1683,#1684,#1685),(#1686,#1687,#1688,#1689,#1690),(#1691,#1692,#1693,#1694,#1695)),.UNSPECIFIED.,.F.,.F.,.F.,(4,1,1,1,1,4),(4,1,4),(-0.0494990566893133,0.1071618953138,0.1607428429707,0.2143237906276,0.3214856859414,0.43563592270068),(-0.0484706699851478,0.4956042164026,1.04658486968705),.UNSPECIFIED.);
#627=FACE_OUTER_BOUND('',#1696,.T.);
#628=CYLINDRICAL_SURFACE('',#1697,0.2);
#629=FACE_OUTER_BOUND('',#1698,.T.);
#630=B_SPLINE_SURFACE_WITH_KNOTS('',3,3,((#1699,#1700,#1701,#1702,#1703,#1704,#1705,#1706,#1707),(#1708,#1709,#1710,#1711,#1712,#1713,#1714,#1715,#1716),(#1717,#1718,#1719,#1720,#1721,#1722,#1723,#1724,#1725),(#1726,#1727,#1728,#1729,#1730,#1731,#1732,#1733,#1734),(#1735,#1736,#1737,#1738,#1739,#1740,#1741,#1742,#1743),(#1744,#1745,#1746,#1747,#1748,#1749,#1750,#1751,#1752),(#1753,#1754,#1755,#1756,#1757,#1758,#1759,#1760,#1761),(#1762,#1763,#1764,#1765,#1766,#1767,#1768,#1769,#1770),(#1771,#1772,#1773,#1774,#1775,#1776,#1777,#1778,#1779),(#1780,#1781,#1782,#1783,#1784,#1785,#1786,#1787,#1788)),.UNSPECIFIED.,.F.,.F.,.F.,(4,1,1,1,1,1,1,4),(4,1,1,1,1,1,4),(0.6207614559017,0.7305630031959,0.7754691693299,0.820375335464,0.865281501598,0.910187667732,0.955093833866,1.0),(-0.0210364116375504,0.2499757668462,0.3749799368198,0.4999841067934,0.624988276767,0.7499924467406,1.00589348601735),.UNSPECIFIED.);
#631=FACE_OUTER_BOUND('',#1789,.T.);
#632=CYLINDRICAL_SURFACE('',#1790,0.2);
#633=FACE_OUTER_BOUND('',#1791,.T.);
#634=B_SPLINE_SURFACE_WITH_KNOTS('',3,3,((#1792,#1793,#1794,#1795,#1796,#1797,#1798,#1799,#1800),(#1801,#1802,#1803,#1804,#1805,#1806,#1807,#1808,#1809),(#1810,#1811,#1812,#1813,#1814,#1815,#1816,#1817,#1818),(#1819,#1820,#1821,#1822,#1823,#1824,#1825,#1826,#1827),(#1828,#1829,#1830,#1831,#1832,#1833,#1834,#1835,#1836),(#1837,#1838,#1839,#1840,#1841,#1842,#1843,#1844,#1845),(#1846,#1847,#1848,#1849,#1850,#1851,#1852,#1853,#1854),(#1855,#1856,#1857,#1858,#1859,#1860,#1861,#1862,#1863),(#1864,#1865,#1866,#1867,#1868,#1869,#1870,#1871,#1872),(#1873,#1874,#1875,#1876,#1877,#1878,#1879,#1880,#1881)),.UNSPECIFIED.,.F.,.F.,.F.,(4,1,1,1,1,1,1,4),(4,1,1,1,1,1,4),(0.624926492012969,0.7305630031959,0.7754691693299,0.820375335464,0.865281501598,0.910187667732,0.955093833866,1.0),(-0.00922449615605497,0.2500068972118,0.3750111765267,0.5000154558415,0.6250197351564,0.7500240144713,1.01646664693042),.UNSPECIFIED.);
#635=FACE_OUTER_BOUND('',#1882,.T.);
#636=B_SPLINE_SURFACE_WITH_KNOTS('',3,3,((#1883,#1884,#1885,#1886,#1887,#1888,#1889,#1890,#1891,#1892,#1893),(#1894,#1895,#1896,#1897,#1898,#1899,#1900,#1901,#1902,#1903,#1904),(#1905,#1906,#1907,#1908,#1909,#1910,#1911,#1912,#1913,#1914,#1915),(#1916,#1917,#1918,#1919,#1920,#1921,#1922,#1923,#1924,#1925,#1926),(#1927,#1928,#1929,#1930,#1931,#1932,#1933,#1934,#1935,#1936,#1937),(#1938,#1939,#1940,#1941,#1942,#1943,#1944,#1945,#1946,#1947,#1948),(#1949,#1950,#1951,#1952,#1953,#1954,#1955,#1956,#1957,#1958,#1959),(#1960,#1961,#1962,#1963,#1964,#1965,#1966,#1967,#1968,#1969,#1970),(#1971,#1972,#1973,#1974,#1975,#1976,#1977,#1978,#1979,#1980,#1981),(#1982,#1983,#1984,#1985,#1986,#1987,#1988,#1989,#1990,#1991,#1992)),.UNSPECIFIED.,.F.,.F.,.F.,(4,1,1,1,1,1,1,4),(4,1,1,1,1,1,1,1,4),(-1.944256282913E-06,3.766460376618E-05,7.727346381527E-05,9.707789383982E-05,0.0001069801088521,0.0001168823238644,0.0001366867538889,0.0001607174254028),(-0.00415920854954438,0.1255225447088,0.2516436652558,0.3777647858029,0.5038859063499,0.6300070268969,0.7561281474439,0.8822492679909,1.01522953486816),.UNSPECIFIED.);
#637=FACE_OUTER_BOUND('',#1993,.T.);
#638=(B_SPLINE_SURFACE(3,3,((#1995,#1996,#1997,#1998),(#1999,#2000,#2001,#2002),(#2003,#2004,#2005,#2006),(#2007,#2008,#2009,#2010)),.UNSPECIFIED.,.F.,.F.,.F.)B_SPLINE_SURFACE_WITH_KNOTS((4,4),(4,4),(-6.801423851357E-08,3.468726164192E-06),(-7.05645646894397E-06,1.00000000306093),.UNSPECIFIED.)RATIONAL_B_SPLINE_SURFACE(((1.00000552062115,0.739218382690596,0.739216543281887,1.00000000239495),(1.00000550264914,0.740067357833233,0.740065524412668,1.00000000238698),(1.00000548417733,0.740939926588798,0.7409380993229,1.00000000237956),(1.00000546521804,0.741835522987272,0.741833702038307,1.00000000237074)))BOUNDED_SURFACE()REPRESENTATION_ITEM('')GEOMETRIC_REPRESENTATION_ITEM()SURFACE());
#639=FACE_OUTER_BOUND('',#2017,.T.);
#640=(B_SPLINE_SURFACE(3,3,((#2019,#2020,#2021,#2022),(#2023,#2024,#2025,#2026),(#2027,#2028,#2029,#2030),(#2031,#2032,#2033,#2034)),.UNSPECIFIED.,.F.,.F.,.F.)B_SPLINE_SURFACE_WITH_KNOTS((4,4),(4,4),(-4.832899497402E-06,2.077483812066E-05),(-1.12563699926349E-06,1.00567586628789),.UNSPECIFIED.)RATIONAL_B_SPLINE_SURFACE(((1.00000091190789,0.728425507660691,0.729966624177507,1.00462426145868),(1.00000090156628,0.731505399182124,0.73302903809391,1.00457181830143),(1.0000008880128,0.7355416230252,0.737042357388121,1.0045030911017),(1.00000087106924,0.740587692977705,0.742059792170738,1.00441716864854)))BOUNDED_SURFACE()REPRESENTATION_ITEM('')GEOMETRIC_REPRESENTATION_ITEM()SURFACE());
#641=FACE_OUTER_BOUND('',#2041,.T.);
#642=(B_SPLINE_SURFACE(3,3,((#2043,#2044,#2045,#2046),(#2047,#2048,#2049,#2050),(#2051,#2052,#2053,#2054),(#2055,#2056,#2057,#2058)),.UNSPECIFIED.,.F.,.F.,.F.)B_SPLINE_SURFACE_WITH_KNOTS((4,4),(4,4),(4.866096924466,4.873431690964),(-0.00358077432075664,0.112136150698443),.UNSPECIFIED.)RATIONAL_B_SPLINE_SURFACE(((1.00204312941031,0.979955894056157,0.960406351846357,0.943394502780991),(1.00204215766736,0.97996542733773,0.960425183187271,0.943421425215879),(1.00204118675135,0.979974952501011,0.960443998492212,0.943448324724847),(1.00204021668731,0.97998446930397,0.960462797282759,0.943475200623788)))BOUNDED_SURFACE()REPRESENTATION_ITEM('')GEOMETRIC_REPRESENTATION_ITEM()SURFACE());
#643=FACE_OUTER_BOUND('',#2065,.T.);
#644=PLANE('',#2066);
#645=FACE_OUTER_BOUND('',#2067,.T.);
#646=(B_SPLINE_SURFACE(3,3,((#2069,#2070,#2071,#2072),(#2073,#2074,#2075,#2076),(#2077,#2078,#2079,#2080),(#2081,#2082,#2083,#2084)),.UNSPECIFIED.,.F.,.F.,.F.)B_SPLINE_SURFACE_WITH_KNOTS((4,4),(4,4),(4.551346269805,4.558681036303),(-0.00358077432005334,0.112136150455367),.UNSPECIFIED.)RATIONAL_B_SPLINE_SURFACE(((1.00204021668703,0.979984469350143,0.960462797364749,0.943475200730901),(1.00204118675107,0.979974952547206,0.960443998574241,0.943448324832012),(1.00204215766649,0.979965427383747,0.960425183269232,0.943421425323047),(1.00204312940998,0.979955894102311,0.960406351928381,0.943394502888215)))BOUNDED_SURFACE()REPRESENTATION_ITEM('')GEOMETRIC_REPRESENTATION_ITEM()SURFACE());
#647=FACE_OUTER_BOUND('',#2091,.T.);
#648=CYLINDRICAL_SURFACE('',#2092,0.0999999999999994);
#649=FACE_OUTER_BOUND('',#2093,.T.);
#650=B_SPLINE_SURFACE_WITH_KNOTS('',3,3,((#2094,#2095,#2096,#2097,#2098,#2099,#2100),(#2101,#2102,#2103,#2104,#2105,#2106,#2107),(#2108,#2109,#2110,#2111,#2112,#2113,#2114),(#2115,#2116,#2117,#2118,#2119,#2120,#2121),(#2122,#2123,#2124,#2125,#2126,#2127,#2128),(#2129,#2130,#2131,#2132,#2133,#2134,#2135),(#2136,#2137,#2138,#2139,#2140,#2141,#2142),(#2143,#2144,#2145,#2146,#2147,#2148,#2149),(#2150,#2151,#2152,#2153,#2154,#2155,#2156),(#2157,#2158,#2159,#2160,#2161,#2162,#2163),(#2164,#2165,#2166,#2167,#2168,#2169,#2170)),.UNSPECIFIED.,.F.,.F.,.F.,(4,1,1,1,1,1,1,1,4),(4,1,1,1,4),(-0.0635130187563399,0.1963495408494,0.3926990816987,0.5890486225481,0.7853981633974,0.9817477042468,1.178097245096,1.374446785946,1.60458997007),(-0.0221056669761935,0.2500057851283,0.5000115702567,0.7500173553851,1.07560746836845),.UNSPECIFIED.);
#651=FACE_OUTER_BOUND('',#2171,.T.);
#652=CYLINDRICAL_SURFACE('',#2172,0.0999999999999994);
#653=FACE_OUTER_BOUND('',#2173,.T.);
#654=B_SPLINE_SURFACE_WITH_KNOTS('',3,3,((#2174,#2175,#2176,#2177,#2178,#2179,#2180),(#2181,#2182,#2183,#2184,#2185,#2186,#2187),(#2188,#2189,#2190,#2191,#2192,#2193,#2194),(#2195,#2196,#2197,#2198,#2199,#2200,#2201),(#2202,#2203,#2204,#2205,#2206,#2207,#2208),(#2209,#2210,#2211,#2212,#2213,#2214,#2215),(#2216,#2217,#2218,#2219,#2220,#2221,#2222),(#2223,#2224,#2225,#2226,#2227,#2228,#2229),(#2230,#2231,#2232,#2233,#2234,#2235,#2236),(#2237,#2238,#2239,#2240,#2241,#2242,#2243),(#2244,#2245,#2246,#2247,#2248,#2249,#2250)),.UNSPECIFIED.,.F.,.F.,.F.,(4,1,1,1,1,1,1,1,4),(4,1,1,1,4),(1.5590669547707,1.767145867644,1.963495408494,2.159844949343,2.356194490192,2.552544031042,2.748893571891,2.94524311274,3.16369832056978),(-0.0221056669773897,0.2500052127117,0.5000104254234,0.7500156381352,1.02210566698702),.UNSPECIFIED.);
#655=FACE_OUTER_BOUND('',#2251,.T.);
#656=CYLINDRICAL_SURFACE('',#2252,0.0999999999999994);
#657=FACE_OUTER_BOUND('',#2253,.T.);
#658=PLANE('',#2254);
#659=FACE_OUTER_BOUND('',#2255,.T.);
#660=CYLINDRICAL_SURFACE('',#2256,0.2);
#661=FACE_OUTER_BOUND('',#2257,.T.);
#662=PLANE('',#2258);
#663=FACE_OUTER_BOUND('',#2259,.T.);
#664=CYLINDRICAL_SURFACE('',#2260,0.2);
#665=FACE_OUTER_BOUND('',#2261,.T.);
#666=PLANE('',#2262);
#667=FACE_OUTER_BOUND('',#2263,.T.);
#668=CYLINDRICAL_SURFACE('',#2264,0.199999999999999);
#669=FACE_OUTER_BOUND('',#2265,.T.);
#670=PLANE('',#2266);
#671=FACE_OUTER_BOUND('',#2267,.T.);
#672=CYLINDRICAL_SURFACE('',#2268,0.199999999999999);
#673=FACE_OUTER_BOUND('',#2269,.T.);
#674=B_SPLINE_SURFACE_WITH_KNOTS('',3,3,((#2270,#2271,#2272,#2273,#2274,#2275,#2276,#2277,#2278,#2279,#2280),(#2281,#2282,#2283,#2284,#2285,#2286,#2287,#2288,#2289,#2290,#2291),(#2292,#2293,#2294,#2295,#2296,#2297,#2298,#2299,#2300,#2301,#2302),(#2303,#2304,#2305,#2306,#2307,#2308,#2309,#2310,#2311,#2312,#2313),(#2314,#2315,#2316,#2317,#2318,#2319,#2320,#2321,#2322,#2323,#2324),(#2325,#2326,#2327,#2328,#2329,#2330,#2331,#2332,#2333,#2334,#2335),(#2336,#2337,#2338,#2339,#2340,#2341,#2342,#2343,#2344,#2345,#2346),(#2347,#2348,#2349,#2350,#2351,#2352,#2353,#2354,#2355,#2356,#2357),(#2358,#2359,#2360,#2361,#2362,#2363,#2364,#2365,#2366,#2367,#2368),(#2369,#2370,#2371,#2372,#2373,#2374,#2375,#2376,#2377,#2378,#2379),(#2380,#2381,#2382,#2383,#2384,#2385,#2386,#2387,#2388,#2389,#2390),(#2391,#2392,#2393,#2394,#2395,#2396,#2397,#2398,#2399,#2400,#2401)),.UNSPECIFIED.,.F.,.F.,.F.,(4,1,1,1,1,1,1,1,1,4),(4,1,1,1,1,1,1,1,4),(6.241370011202,6.479534848029,6.675884388878,6.774059159303,6.872233929728,7.068583470577,7.264933011426,7.461282552276,7.657632093125,7.853981633974),(-0.0345320040604472,0.1248793971752,0.2499191394277,0.3749588816801,0.4999986239326,0.625038366185,0.7500781084375,0.8751178506899,1.066841837048),.UNSPECIFIED.);
#675=FACE_OUTER_BOUND('',#2402,.T.);
#676=CYLINDRICAL_SURFACE('',#2403,0.0999999999999994);
#677=FACE_OUTER_BOUND('',#2404,.T.);
#678=B_SPLINE_SURFACE_WITH_KNOTS('',3,3,((#2405,#2406,#2407,#2408,#2409,#2410,#2411,#2412,#2413,#2414,#2415),(#2416,#2417,#2418,#2419,#2420,#2421,#2422,#2423,#2424,#2425,#2426),(#2427,#2428,#2429,#2430,#2431,#2432,#2433,#2434,#2435,#2436,#2437),(#2438,#2439,#2440,#2441,#2442,#2443,#2444,#2445,#2446,#2447,#2448),(#2449,#2450,#2451,#2452,#2453,#2454,#2455,#2456,#2457,#2458,#2459),(#2460,#2461,#2462,#2463,#2464,#2465,#2466,#2467,#2468,#2469,#2470),(#2471,#2472,#2473,#2474,#2475,#2476,#2477,#2478,#2479,#2480,#2481),(#2482,#2483,#2484,#2485,#2486,#2487,#2488,#2489,#2490,#2491,#2492),(#2493,#2494,#2495,#2496,#2497,#2498,#2499,#2500,#2501,#2502,#2503),(#2504,#2505,#2506,#2507,#2508,#2509,#2510,#2511,#2512,#2513,#2514),(#2515,#2516,#2517,#2518,#2519,#2520,#2521,#2522,#2523,#2524,#2525),(#2526,#2527,#2528,#2529,#2530,#2531,#2532,#2533,#2534,#2535,#2536)),.UNSPECIFIED.,.F.,.F.,.F.,(4,1,1,1,1,1,1,1,1,4),(4,1,1,1,1,1,1,1,4),(6.241370011202,6.479534848029,6.675884388878,6.774059159303,6.872233929728,7.068583470577,7.264933011426,7.461282552276,7.657632093125,7.853981633974),(-0.0345320040888436,0.1248793971752,0.2499191394277,0.3749588816801,0.4999986239326,0.625038366185,0.7500781084375,0.8751178506899,1.066841837048),.UNSPECIFIED.);
#679=FACE_OUTER_BOUND('',#2537,.T.);
#680=B_SPLINE_SURFACE_WITH_KNOTS('',3,3,((#2538,#2539,#2540,#2541,#2542,#2543,#2544,#2545,#2546),(#2547,#2548,#2549,#2550,#2551,#2552,#2553,#2554,#2555),(#2556,#2557,#2558,#2559,#2560,#2561,#2562,#2563,#2564),(#2565,#2566,#2567,#2568,#2569,#2570,#2571,#2572,#2573),(#2574,#2575,#2576,#2577,#2578,#2579,#2580,#2581,#2582),(#2583,#2584,#2585,#2586,#2587,#2588,#2589,#2590,#2591),(#2592,#2593,#2594,#2595,#2596,#2597,#2598,#2599,#2600),(#2601,#2602,#2603,#2604,#2605,#2606,#2607,#2608,#2609),(#2610,#2611,#2612,#2613,#2614,#2615,#2616,#2617,#2618)),.UNSPECIFIED.,.F.,.F.,.F.,(4,1,1,1,1,1,4),(4,1,1,1,1,1,4),(-0.0317112555765609,0.3926990816987,0.5890486225481,0.7853981633974,0.9817477042468,1.178097245096,1.60250758237306),(-0.0298351110778114,0.2487829052825,0.373985754402,0.4991886035216,0.6243914526412,0.7495943017608,1.03207166192066),.UNSPECIFIED.);
#681=FACE_OUTER_BOUND('',#2619,.T.);
#682=CYLINDRICAL_SURFACE('',#2620,0.0999999999999994);
#683=FACE_OUTER_BOUND('',#2621,.T.);
#684=B_SPLINE_SURFACE_WITH_KNOTS('',3,3,((#2622,#2623,#2624,#2625,#2626,#2627,#2628,#2629,#2630),(#2631,#2632,#2633,#2634,#2635,#2636,#2637,#2638,#2639),(#2640,#2641,#2642,#2643,#2644,#2645,#2646,#2647,#2648),(#2649,#2650,#2651,#2652,#2653,#2654,#2655,#2656,#2657),(#2658,#2659,#2660,#2661,#2662,#2663,#2664,#2665,#2666),(#2667,#2668,#2669,#2670,#2671,#2672,#2673,#2674,#2675),(#2676,#2677,#2678,#2679,#2680,#2681,#2682,#2683,#2684),(#2685,#2686,#2687,#2688,#2689,#2690,#2691,#2692,#2693),(#2694,#2695,#2696,#2697,#2698,#2699,#2700,#2701,#2702)),.UNSPECIFIED.,.F.,.F.,.F.,(4,1,1,1,1,1,4),(4,1,1,1,1,1,4),(1.53591264779435,1.963495408494,2.159844949343,2.356194490192,2.552544031042,2.748893571891,3.17647633258843),(-0.0275699175141506,0.2488289999342,0.3740241666119,0.4992193332895,0.6244144999671,0.7496096666447,1.03504809774088),.UNSPECIFIED.);
#685=FACE_OUTER_BOUND('',#2703,.T.);
#686=PLANE('',#2704);
#687=FACE_OUTER_BOUND('',#2705,.T.);
#688=PLANE('',#2706);
#689=FACE_OUTER_BOUND('',#2707,.T.);
#690=PLANE('',#2708);
#691=FACE_OUTER_BOUND('',#2709,.T.);
#692=PLANE('',#2710);
#693=FACE_OUTER_BOUND('',#2711,.T.);
#694=CYLINDRICAL_SURFACE('',#2712,0.5);
#695=FACE_OUTER_BOUND('',#2713,.T.);
#696=PLANE('',#2714);
#697=FACE_OUTER_BOUND('',#2715,.T.);
#698=PLANE('',#2716);
#699=FACE_OUTER_BOUND('',#2717,.T.);
#700=PLANE('',#2718);
#701=FACE_OUTER_BOUND('',#2719,.T.);
#702=PLANE('',#2720);
#703=FACE_OUTER_BOUND('',#2721,.T.);
#704=CYLINDRICAL_SURFACE('',#2722,1.1);
#705=FACE_OUTER_BOUND('',#2723,.T.);
#706=PLANE('',#2724);
#707=FACE_OUTER_BOUND('',#2725,.T.);
#708=PLANE('',#2726);
#709=FACE_OUTER_BOUND('',#2727,.T.);
#710=PLANE('',#2728);
#711=FACE_OUTER_BOUND('',#2729,.T.);
#712=PLANE('',#2730);
#713=FACE_OUTER_BOUND('',#2731,.T.);
#714=PLANE('',#2732);
#715=FACE_OUTER_BOUND('',#2733,.T.);
#716=PLANE('',#2734);
#717=FACE_OUTER_BOUND('',#2735,.T.);
#718=CYLINDRICAL_SURFACE('',#2736,0.799999999999999);
#719=FACE_OUTER_BOUND('',#2737,.T.);
#720=PLANE('',#2738);
#721=FACE_OUTER_BOUND('',#2739,.T.);
#722=PLANE('',#2740);
#723=FACE_OUTER_BOUND('',#2741,.T.);
#724=PLANE('',#2742);
#725=FACE_OUTER_BOUND('',#2743,.T.);
#726=PLANE('',#2744);
#727=FACE_OUTER_BOUND('',#2745,.T.);
#728=PLANE('',#2746);
#729=FACE_OUTER_BOUND('',#2747,.T.);
#730=PLANE('',#2748);
#731=FACE_OUTER_BOUND('',#2749,.T.);
#732=PLANE('',#2750);
#733=FACE_OUTER_BOUND('',#2751,.T.);
#734=CYLINDRICAL_SURFACE('',#2752,0.350000000000001);
#735=FACE_OUTER_BOUND('',#2753,.T.);
#736=PLANE('',#2754);
#737=FACE_OUTER_BOUND('',#2755,.T.);
#738=PLANE('',#2756);
#739=FACE_OUTER_BOUND('',#2757,.T.);
#740=PLANE('',#2758);
#741=FACE_OUTER_BOUND('',#2759,.T.);
#742=CYLINDRICAL_SURFACE('',#2760,0.35);
#743=FACE_OUTER_BOUND('',#2761,.T.);
#744=CYLINDRICAL_SURFACE('',#2762,0.35);
#745=FACE_OUTER_BOUND('',#2763,.T.);
#746=CYLINDRICAL_SURFACE('',#2764,0.8);
#747=FACE_OUTER_BOUND('',#2765,.T.);
#748=CYLINDRICAL_SURFACE('',#2766,0.5);
#749=FACE_OUTER_BOUND('',#2767,.T.);
#750=CYLINDRICAL_SURFACE('',#2768,0.5);
#751=FACE_OUTER_BOUND('',#2769,.T.);
#752=CYLINDRICAL_SURFACE('',#2770,0.8);
#753=FACE_OUTER_BOUND('',#2771,.T.);
#754=CYLINDRICAL_SURFACE('',#2772,1.05);
#755=FACE_OUTER_BOUND('',#2773,.T.);
#756=CYLINDRICAL_SURFACE('',#2774,0.6);
#757=FACE_OUTER_BOUND('',#2775,.T.);
#758=CYLINDRICAL_SURFACE('',#2776,0.199999999999999);
#759=FACE_OUTER_BOUND('',#2777,.T.);
#760=CYLINDRICAL_SURFACE('',#2778,0.400000000000001);
#761=FACE_OUTER_BOUND('',#2779,.T.);
#762=(B_SPLINE_SURFACE(3,3,((#2781,#2782,#2783,#2784),(#2785,#2786,#2787,#2788),(#2789,#2790,#2791,#2792),(#2793,#2794,#2795,#2796)),.UNSPECIFIED.,.F.,.F.,.F.)B_SPLINE_SURFACE_WITH_KNOTS((4,4),(4,4),(0.263125929902308,0.736874070097477),(0.0754819453786433,0.930804989347934),.UNSPECIFIED.)RATIONAL_B_SPLINE_SURFACE(((1.27422797910654,1.15757287083638,1.15843667750282,1.27681939910587),(1.00611436121342,0.914004957194636,0.914687008057333,1.00816051380151),(1.0061143612133,0.914004957194525,0.914687008057222,1.00816051380139),(1.27422797910617,1.15757287083604,1.15843667750249,1.2768193991055)))BOUNDED_SURFACE()REPRESENTATION_ITEM('')GEOMETRIC_REPRESENTATION_ITEM()SURFACE());
#763=FACE_OUTER_BOUND('',#2803,.T.);
#764=FACE_BOUND('',#2804,.T.);
#765=FACE_BOUND('',#2805,.T.);
#766=FACE_BOUND('',#2806,.T.);
#767=FACE_BOUND('',#2807,.T.);
#768=PLANE('',#2808);
#769=FACE_OUTER_BOUND('',#2809,.T.);
#770=PLANE('',#2810);
#771=FACE_OUTER_BOUND('',#2811,.T.);
#772=PLANE('',#2812);
#773=FACE_OUTER_BOUND('',#2813,.T.);
#774=FACE_BOUND('',#2814,.T.);
#775=FACE_BOUND('',#2815,.T.);
#776=FACE_BOUND('',#2816,.T.);
#777=FACE_BOUND('',#2817,.T.);
#778=PLANE('',#2818);
#779=FACE_OUTER_BOUND('',#2819,.T.);
#780=PLANE('',#2820);
#781=FACE_OUTER_BOUND('',#2821,.T.);
#782=PLANE('',#2822);
#783=FACE_OUTER_BOUND('',#2823,.T.);
#784=PLANE('',#2824);
#785=FACE_OUTER_BOUND('',#2825,.T.);
#786=PLANE('',#2826);
#787=FACE_OUTER_BOUND('',#2827,.T.);
#788=CYLINDRICAL_SURFACE('',#2828,0.4);
#789=FACE_OUTER_BOUND('',#2829,.T.);
#790=CYLINDRICAL_SURFACE('',#2830,0.4);
#791=FACE_OUTER_BOUND('',#2831,.T.);
#792=PLANE('',#2832);
#793=FACE_OUTER_BOUND('',#2833,.T.);
#794=CYLINDRICAL_SURFACE('',#2834,1.0);
#795=FACE_OUTER_BOUND('',#2835,.T.);
#796=PLANE('',#2836);
#797=FACE_OUTER_BOUND('',#2837,.T.);
#798=PLANE('',#2838);
#799=FACE_OUTER_BOUND('',#2839,.T.);
#800=PLANE('',#2840);
#801=FACE_OUTER_BOUND('',#2841,.T.);
#802=PLANE('',#2842);
#803=FACE_OUTER_BOUND('',#2843,.T.);
#804=PLANE('',#2844);
#805=FACE_OUTER_BOUND('',#2845,.T.);
#806=CYLINDRICAL_SURFACE('',#2846,0.6);
#807=FACE_OUTER_BOUND('',#2847,.T.);
#808=PLANE('',#2848);
#809=FACE_OUTER_BOUND('',#2849,.T.);
#810=PLANE('',#2850);
#811=FACE_OUTER_BOUND('',#2851,.T.);
#812=PLANE('',#2852);
#813=FACE_OUTER_BOUND('',#2853,.T.);
#814=CYLINDRICAL_SURFACE('',#2854,0.6);
#815=FACE_OUTER_BOUND('',#2855,.T.);
#816=PLANE('',#2856);
#817=FACE_OUTER_BOUND('',#2857,.T.);
#818=PLANE('',#2858);
#819=FACE_OUTER_BOUND('',#2859,.T.);
#820=PLANE('',#2860);
#821=FACE_OUTER_BOUND('',#2861,.T.);
#822=PLANE('',#2862);
#823=FACE_OUTER_BOUND('',#2863,.T.);
#824=CYLINDRICAL_SURFACE('',#2864,0.199999999999999);
#825=FACE_OUTER_BOUND('',#2865,.T.);
#826=PLANE('',#2866);
#827=FACE_OUTER_BOUND('',#2867,.T.);
#828=PLANE('',#2868);
#829=FACE_OUTER_BOUND('',#2869,.T.);
#830=PLANE('',#2870);
#831=FACE_OUTER_BOUND('',#2871,.T.);
#832=CYLINDRICAL_SURFACE('',#2872,0.199999999999999);
#833=FACE_OUTER_BOUND('',#2873,.T.);
#834=PLANE('',#2874);
#835=FACE_OUTER_BOUND('',#2875,.T.);
#836=PLANE('',#2876);
#837=FACE_OUTER_BOUND('',#2877,.T.);
#838=PLANE('',#2878);
#839=FACE_OUTER_BOUND('',#2879,.T.);
#840=PLANE('',#2880);
#841=FACE_OUTER_BOUND('',#2881,.T.);
#842=PLANE('',#2882);
#843=FACE_OUTER_BOUND('',#2883,.T.);
#844=CYLINDRICAL_SURFACE('',#2884,0.199999999999999);
#845=FACE_OUTER_BOUND('',#2885,.T.);
#846=PLANE('',#2886);
#847=FACE_OUTER_BOUND('',#2887,.T.);
#848=PLANE('',#2888);
#849=FACE_OUTER_BOUND('',#2889,.T.);
#850=PLANE('',#2890);
#851=FACE_OUTER_BOUND('',#2891,.T.);
#852=CYLINDRICAL_SURFACE('',#2892,0.199999999999999);
#853=FACE_OUTER_BOUND('',#2893,.T.);
#854=PLANE('',#2894);
#855=FACE_OUTER_BOUND('',#2895,.T.);
#856=PLANE('',#2896);
#857=FACE_OUTER_BOUND('',#2897,.T.);
#858=PLANE('',#2898);
#859=FACE_OUTER_BOUND('',#2899,.T.);
#860=CYLINDRICAL_SURFACE('',#2900,0.3);
#861=FACE_OUTER_BOUND('',#2901,.T.);
#862=CYLINDRICAL_SURFACE('',#2902,1.0);
#863=FACE_OUTER_BOUND('',#2903,.T.);
#864=CYLINDRICAL_SURFACE('',#2904,0.400000000000001);
#865=FACE_OUTER_BOUND('',#2905,.T.);
#866=PLANE('',#2906);
#867=FACE_OUTER_BOUND('',#2907,.T.);
#868=CYLINDRICAL_SURFACE('',#2908,0.6);
#869=FACE_OUTER_BOUND('',#2909,.T.);
#870=PLANE('',#2910);
#871=FACE_OUTER_BOUND('',#2911,.T.);
#872=PLANE('',#2912);
#873=FACE_OUTER_BOUND('',#2913,.T.);
#874=CYLINDRICAL_SURFACE('',#2914,1.0);
#875=FACE_OUTER_BOUND('',#2915,.T.);
#876=CYLINDRICAL_SURFACE('',#2916,0.3);
#877=FACE_OUTER_BOUND('',#2917,.T.);
#878=PLANE('',#2918);
#879=FACE_OUTER_BOUND('',#2919,.T.);
#880=PLANE('',#2920);
#881=FACE_OUTER_BOUND('',#2921,.T.);
#882=PLANE('',#2922);
#883=FACE_OUTER_BOUND('',#2923,.T.);
#884=CYLINDRICAL_SURFACE('',#2924,0.6);
#885=FACE_OUTER_BOUND('',#2925,.T.);
#886=PLANE('',#2926);
#887=FACE_OUTER_BOUND('',#2927,.T.);
#888=PLANE('',#2928);
#889=FACE_OUTER_BOUND('',#2929,.T.);
#890=PLANE('',#2930);
#891=FACE_OUTER_BOUND('',#2931,.T.);
#892=CYLINDRICAL_SURFACE('',#2932,0.2);
#893=FACE_OUTER_BOUND('',#2933,.T.);
#894=PLANE('',#2934);
#895=FACE_OUTER_BOUND('',#2935,.T.);
#896=PLANE('',#2936);
#897=FACE_OUTER_BOUND('',#2937,.T.);
#898=PLANE('',#2938);
#899=FACE_OUTER_BOUND('',#2939,.T.);
#900=PLANE('',#2940);
#901=FACE_OUTER_BOUND('',#2941,.T.);
#902=(B_SPLINE_SURFACE(3,3,((#2943,#2944,#2945,#2946),(#2947,#2948,#2949,#2950),(#2951,#2952,#2953,#2954),(#2955,#2956,#2957,#2958)),.UNSPECIFIED.,.F.,.F.,.F.)B_SPLINE_SURFACE_WITH_KNOTS((4,4),(4,4),(0.094501912336212,0.905498087663751),(0.0490080757737956,0.95099192422513),.UNSPECIFIED.)RATIONAL_B_SPLINE_SURFACE(((1.28992691776113,1.13212241699254,1.13212241699235,1.28992691776057),(1.03805218408583,0.911061031000781,0.911061031000629,1.03805218408537),(1.03805218408582,0.911061031000771,0.911061031000619,1.03805218408536),(1.2899269177611,1.13212241699251,1.13212241699232,1.28992691776053)))BOUNDED_SURFACE()REPRESENTATION_ITEM('')GEOMETRIC_REPRESENTATION_ITEM()SURFACE());
#903=FACE_OUTER_BOUND('',#2965,.T.);
#904=CYLINDRICAL_SURFACE('',#2966,0.3);
#905=FACE_OUTER_BOUND('',#2967,.T.);
#906=(B_SPLINE_SURFACE(3,3,((#2969,#2970,#2971,#2972),(#2973,#2974,#2975,#2976),(#2977,#2978,#2979,#2980),(#2981,#2982,#2983,#2984)),.UNSPECIFIED.,.F.,.F.,.F.)B_SPLINE_SURFACE_WITH_KNOTS((4,4),(4,4),(0.0945019123363138,0.905498087663752),(0.049008075774999,0.95099192422494),.UNSPECIFIED.)RATIONAL_B_SPLINE_SURFACE(((1.28992691776041,1.13212241699249,1.13212241699248,1.28992691776037),(1.03805218408532,0.911061031000807,0.911061031000798,1.03805218408529),(1.03805218408534,0.911061031000825,0.911061031000816,1.03805218408531),(1.28992691776047,1.13212241699254,1.13212241699253,1.28992691776043)))BOUNDED_SURFACE()REPRESENTATION_ITEM('')GEOMETRIC_REPRESENTATION_ITEM()SURFACE());
#907=FACE_OUTER_BOUND('',#2991,.T.);
#908=(B_SPLINE_SURFACE(3,3,((#2993,#2994,#2995,#2996),(#2997,#2998,#2999,#3000),(#3001,#3002,#3003,#3004),(#3005,#3006,#3007,#3008)),.UNSPECIFIED.,.F.,.F.,.F.)B_SPLINE_SURFACE_WITH_KNOTS((4,4),(4,4),(0.0945019123367919,0.905498087663681),(0.0490080757749932,0.950991924224249),.UNSPECIFIED.)RATIONAL_B_SPLINE_SURFACE(((1.28992691775996,1.13212241699222,1.13212241699208,1.28992691775957),(1.03805218408534,0.911061031000924,0.911061031000817,1.03805218408502),(1.03805218408549,0.911061031001053,0.911061031000946,1.03805218408517),(1.2899269177604,1.1321224169926,1.13212241699247,1.28992691776001)))BOUNDED_SURFACE()REPRESENTATION_ITEM('')GEOMETRIC_REPRESENTATION_ITEM()SURFACE());
#909=FACE_OUTER_BOUND('',#3015,.T.);
#910=CYLINDRICAL_SURFACE('',#3016,0.3);
#911=FACE_OUTER_BOUND('',#3017,.T.);
#912=(B_SPLINE_SURFACE(3,3,((#3019,#3020,#3021,#3022),(#3023,#3024,#3025,#3026),(#3027,#3028,#3029,#3030),(#3031,#3032,#3033,#3034)),.UNSPECIFIED.,.F.,.F.,.F.)B_SPLINE_SURFACE_WITH_KNOTS((4,4),(4,4),(0.0945019123362394,0.905498087663209),(0.0490080757737743,0.950991924224271),.UNSPECIFIED.)RATIONAL_B_SPLINE_SURFACE(((1.28992691776112,1.13212241699266,1.13212241699232,1.28992691776009),(1.038052184086,0.911061031001049,0.911061031000774,1.03805218408518),(1.03805218408583,0.911061031000899,0.911061031000624,1.03805218408501),(1.2899269177606,1.13212241699221,1.13212241699187,1.28992691775958)))BOUNDED_SURFACE()REPRESENTATION_ITEM('')GEOMETRIC_REPRESENTATION_ITEM()SURFACE());
#913=FACE_OUTER_BOUND('',#3041,.T.);
#914=PLANE('',#3042);
#915=FACE_OUTER_BOUND('',#3043,.T.);
#916=(B_SPLINE_SURFACE(3,3,((#3045,#3046,#3047,#3048),(#3049,#3050,#3051,#3052),(#3053,#3054,#3055,#3056),(#3057,#3058,#3059,#3060)),.UNSPECIFIED.,.F.,.F.,.F.)B_SPLINE_SURFACE_WITH_KNOTS((4,4),(4,4),(0.0945019123368066,0.905498087663757),(0.0490080757737536,0.950991924224304),.UNSPECIFIED.)RATIONAL_B_SPLINE_SURFACE(((1.2899269177606,1.13212241699219,1.13212241699185,1.28992691775958),(1.03805218408584,0.911061031000895,0.911061031000622,1.03805218408502),(1.03805218408602,0.911061031001049,0.911061031000775,1.0380521840852),(1.28992691776113,1.13212241699266,1.13212241699232,1.28992691776011)))BOUNDED_SURFACE()REPRESENTATION_ITEM('')GEOMETRIC_REPRESENTATION_ITEM()SURFACE());
#917=FACE_OUTER_BOUND('',#3067,.T.);
#918=CYLINDRICAL_SURFACE('',#3068,0.3);
#919=FACE_OUTER_BOUND('',#3069,.T.);
#920=(B_SPLINE_SURFACE(3,3,((#3071,#3072,#3073,#3074),(#3075,#3076,#3077,#3078),(#3079,#3080,#3081,#3082),(#3083,#3084,#3085,#3086)),.UNSPECIFIED.,.F.,.F.,.F.)B_SPLINE_SURFACE_WITH_KNOTS((4,4),(4,4),(0.0945019123363188,0.905498087663237),(0.0490080757749959,0.950991924224232),.UNSPECIFIED.)RATIONAL_B_SPLINE_SURFACE(((1.2899269177604,1.13212241699261,1.13212241699247,1.28992691776),(1.03805218408548,0.911061031001047,0.911061031000939,1.03805218408515),(1.03805218408534,0.911061031000926,0.911061031000818,1.03805218408502),(1.28992691775999,1.13212241699224,1.13212241699211,1.28992691775958)))BOUNDED_SURFACE()REPRESENTATION_ITEM('')GEOMETRIC_REPRESENTATION_ITEM()SURFACE());
#921=FACE_OUTER_BOUND('',#3093,.T.);
#922=(B_SPLINE_SURFACE(3,3,((#3095,#3096,#3097,#3098),(#3099,#3100,#3101,#3102),(#3103,#3104,#3105,#3106),(#3107,#3108,#3109,#3110)),.UNSPECIFIED.,.F.,.F.,.F.)B_SPLINE_SURFACE_WITH_KNOTS((4,4),(4,4),(0.0945019123362208,0.905498087663684),(0.0490080757750037,0.950991924225118),.UNSPECIFIED.)RATIONAL_B_SPLINE_SURFACE(((1.28992691776049,1.13212241699253,1.13212241699255,1.28992691776055),(1.03805218408534,0.911061031000801,0.911061031000818,1.03805218408539),(1.03805218408531,0.911061031000775,0.911061031000792,1.03805218408536),(1.2899269177604,1.13212241699245,1.13212241699247,1.28992691776046)))BOUNDED_SURFACE()REPRESENTATION_ITEM('')GEOMETRIC_REPRESENTATION_ITEM()SURFACE());
#923=FACE_OUTER_BOUND('',#3117,.T.);
#924=CYLINDRICAL_SURFACE('',#3118,0.3);
#925=FACE_OUTER_BOUND('',#3119,.T.);
#926=(B_SPLINE_SURFACE(3,3,((#3121,#3122,#3123,#3124),(#3125,#3126,#3127,#3128),(#3129,#3130,#3131,#3132),(#3133,#3134,#3135,#3136)),.UNSPECIFIED.,.F.,.F.,.F.)B_SPLINE_SURFACE_WITH_KNOTS((4,4),(4,4),(0.0945019123362323,0.905498087663772),(0.0490080757737517,0.950991924224986),.UNSPECIFIED.)RATIONAL_B_SPLINE_SURFACE(((1.28992691776114,1.13212241699255,1.13212241699232,1.28992691776047),(1.03805218408584,0.911061031000795,0.911061031000618,1.03805218408531),(1.03805218408584,0.911061031000796,0.911061031000619,1.03805218408531),(1.28992691776114,1.13212241699255,1.13212241699233,1.28992691776048)))BOUNDED_SURFACE()REPRESENTATION_ITEM('')GEOMETRIC_REPRESENTATION_ITEM()SURFACE());
#927=FACE_OUTER_BOUND('',#3143,.T.);
#928=PLANE('',#3144);
#929=FACE_OUTER_BOUND('',#3145,.T.);
#930=CYLINDRICAL_SURFACE('',#3146,0.199999999999999);
#931=FACE_OUTER_BOUND('',#3147,.T.);
#932=(B_SPLINE_SURFACE(3,3,((#3149,#3150,#3151,#3152),(#3153,#3154,#3155,#3156),(#3157,#3158,#3159,#3160),(#3161,#3162,#3163,#3164)),.UNSPECIFIED.,.F.,.F.,.F.)B_SPLINE_SURFACE_WITH_KNOTS((4,4),(4,4),(0.263125929900239,0.736874070097609),(0.0311441973367626,0.917826604141459),.UNSPECIFIED.)RATIONAL_B_SPLINE_SURFACE(((1.28498751369688,1.1619260885829,1.15522922586216,1.26489692553467),(1.01460995418833,0.917442203088469,0.91215444464267,0.998746678850932),(1.0146099541871,0.917442203087359,0.912154444641565,0.998746678849723),(1.2849875136932,1.16192608857956,1.15522922585885,1.26489692553104)))BOUNDED_SURFACE()REPRESENTATION_ITEM('')GEOMETRIC_REPRESENTATION_ITEM()SURFACE());
#933=FACE_OUTER_BOUND('',#3171,.T.);
#934=PLANE('',#3172);
#935=FACE_OUTER_BOUND('',#3173,.T.);
#936=(B_SPLINE_SURFACE(3,3,((#3175,#3176,#3177,#3178),(#3179,#3180,#3181,#3182),(#3183,#3184,#3185,#3186),(#3187,#3188,#3189,#3190)),.UNSPECIFIED.,.F.,.F.,.F.)B_SPLINE_SURFACE_WITH_KNOTS((4,4),(4,4),(0.26312592990238,0.736874070097598),(0.0311441973373079,0.917826604141243),.UNSPECIFIED.)RATIONAL_B_SPLINE_SURFACE(((1.28498751369299,1.1619260885796,1.15522922585893,1.26489692553098),(1.01460995418816,0.917442203088492,0.912154444642731,0.998746678850875),(1.01460995418815,0.91744220308848,0.912154444642719,0.998746678850862),(1.28498751369295,1.16192608857957,1.1552292258589,1.26489692553094)))BOUNDED_SURFACE()REPRESENTATION_ITEM('')GEOMETRIC_REPRESENTATION_ITEM()SURFACE());
#937=FACE_OUTER_BOUND('',#3197,.T.);
#938=(B_SPLINE_SURFACE(3,3,((#3199,#3200,#3201,#3202),(#3203,#3204,#3205,#3206),(#3207,#3208,#3209,#3210),(#3211,#3212,#3213,#3214)),.UNSPECIFIED.,.F.,.F.,.F.)B_SPLINE_SURFACE_WITH_KNOTS((4,4),(4,4),(0.263125929902369,0.736874070097704),(0.031144197337396,0.917826604141309),.UNSPECIFIED.)RATIONAL_B_SPLINE_SURFACE(((1.28498751369297,1.16192608857961,1.15522922585896,1.26489692553102),(1.01460995418807,0.917442203088429,0.912154444642684,0.998746678850834),(1.01460995418811,0.917442203088467,0.912154444642721,0.998746678850875),(1.28498751369309,1.16192608857972,1.15522922585907,1.26489692553114)))BOUNDED_SURFACE()REPRESENTATION_ITEM('')GEOMETRIC_REPRESENTATION_ITEM()SURFACE());
#939=FACE_OUTER_BOUND('',#3221,.T.);
#940=CYLINDRICAL_SURFACE('',#3222,0.199999999999999);
#941=FACE_OUTER_BOUND('',#3223,.T.);
#942=(B_SPLINE_SURFACE(3,3,((#3225,#3226,#3227,#3228),(#3229,#3230,#3231,#3232),(#3233,#3234,#3235,#3236),(#3237,#3238,#3239,#3240)),.UNSPECIFIED.,.F.,.F.,.F.)B_SPLINE_SURFACE_WITH_KNOTS((4,4),(4,4),(0.263125929902353,0.736874070099753),(0.0311441973368059,0.917826604141462),.UNSPECIFIED.)RATIONAL_B_SPLINE_SURFACE(((1.28498751369324,1.16192608857962,1.15522922585891,1.2648969255311),(1.01460995418709,0.917442203087362,0.912154444641573,0.998746678849728),(1.0146099541883,0.917442203088449,0.912154444642654,0.998746678850912),(1.28498751369685,1.16192608858288,1.15522922586215,1.26489692553465)))BOUNDED_SURFACE()REPRESENTATION_ITEM('')GEOMETRIC_REPRESENTATION_ITEM()SURFACE());
#943=FACE_OUTER_BOUND('',#3247,.T.);
#944=CYLINDRICAL_SURFACE('',#3248,0.199999999999999);
#945=FACE_OUTER_BOUND('',#3249,.T.);
#946=(B_SPLINE_SURFACE(3,3,((#3251,#3252,#3253,#3254),(#3255,#3256,#3257,#3258),(#3259,#3260,#3261,#3262),(#3263,#3264,#3265,#3266)),.UNSPECIFIED.,.F.,.F.,.F.)B_SPLINE_SURFACE_WITH_KNOTS((4,4),(4,4),(0.263125929901493,0.736874070097674),(0.0754819453786377,0.930804989347874),.UNSPECIFIED.)RATIONAL_B_SPLINE_SURFACE(((1.27422797910792,1.15757287083764,1.15843667750408,1.27681939910723),(1.00611436121331,0.914004957194541,0.914687008057231,1.00816051380138),(1.00611436121284,0.914004957194113,0.914687008056802,1.00816051380091),(1.27422797910651,1.15757287083636,1.15843667750279,1.27681939910582)))BOUNDED_SURFACE()REPRESENTATION_ITEM('')GEOMETRIC_REPRESENTATION_ITEM()SURFACE());
#947=FACE_OUTER_BOUND('',#3273,.T.);
#948=(B_SPLINE_SURFACE(3,3,((#3275,#3276,#3277,#3278),(#3279,#3280,#3281,#3282),(#3283,#3284,#3285,#3286),(#3287,#3288,#3289,#3290)),.UNSPECIFIED.,.F.,.F.,.F.)B_SPLINE_SURFACE_WITH_KNOTS((4,4),(4,4),(0.263125929902396,0.736874070098469),(0.0754819453786293,0.930804989347781),.UNSPECIFIED.)RATIONAL_B_SPLINE_SURFACE(((1.27422797910639,1.15757287083626,1.15843667750268,1.27681939910566),(1.00611436121286,0.914004957194142,0.914687008056821,1.0081605138009),(1.00611436121335,0.914004957194587,0.914687008057265,1.00816051380139),(1.27422797910786,1.1575728708376,1.15843667750402,1.27681939910713)))BOUNDED_SURFACE()REPRESENTATION_ITEM('')GEOMETRIC_REPRESENTATION_ITEM()SURFACE());
#949=FACE_OUTER_BOUND('',#3297,.T.);
#950=CYLINDRICAL_SURFACE('',#3298,0.199999999999999);
#951=FACE_OUTER_BOUND('',#3299,.T.);
#952=(B_SPLINE_SURFACE(3,3,((#3301,#3302,#3303,#3304),(#3305,#3306,#3307,#3308),(#3309,#3310,#3311,#3312),(#3313,#3314,#3315,#3316)),.UNSPECIFIED.,.F.,.F.,.F.)B_SPLINE_SURFACE_WITH_KNOTS((4,4),(4,4),(0.263125929902517,0.736874070097641),(0.0754819453786112,0.930804989347935),.UNSPECIFIED.)RATIONAL_B_SPLINE_SURFACE(((1.2742279791062,1.15757287083605,1.15843667750249,1.27681939910552),(1.00611436121334,0.914004957194551,0.914687008057245,1.00816051380142),(1.00611436121343,0.914004957194632,0.914687008057326,1.00816051380151),(1.27422797910646,1.1575728708363,1.15843667750274,1.27681939910579)))BOUNDED_SURFACE()REPRESENTATION_ITEM('')GEOMETRIC_REPRESENTATION_ITEM()SURFACE());
#953=FACE_OUTER_BOUND('',#3323,.T.);
#954=PLANE('',#3324);
#955=FACE_OUTER_BOUND('',#3325,.T.);
#956=(B_SPLINE_SURFACE(3,3,((#3327,#3328,#3329,#3330),(#3331,#3332,#3333,#3334),(#3335,#3336,#3337,#3338),(#3339,#3340,#3341,#3342)),.UNSPECIFIED.,.F.,.F.,.F.)B_SPLINE_SURFACE_WITH_KNOTS((4,4),(4,4),(0.0945019123362393,0.90549808766322),(0.0490080757737582,0.95099192422417),.UNSPECIFIED.)RATIONAL_B_SPLINE_SURFACE(((1.28992691776113,1.13212241699268,1.13212241699232,1.28992691776004),(1.03805218408601,0.91106103100106,0.911061031000769,1.03805218408513),(1.03805218408584,0.911061031000913,0.911061031000621,1.03805218408497),(1.28992691776062,1.13212241699224,1.13212241699188,1.28992691775954)))BOUNDED_SURFACE()REPRESENTATION_ITEM('')GEOMETRIC_REPRESENTATION_ITEM()SURFACE());
#957=FACE_OUTER_BOUND('',#3349,.T.);
#958=CYLINDRICAL_SURFACE('',#3350,0.3);
#959=FACE_OUTER_BOUND('',#3351,.T.);
#960=(B_SPLINE_SURFACE(3,3,((#3353,#3354,#3355,#3356),(#3357,#3358,#3359,#3360),(#3361,#3362,#3363,#3364),(#3365,#3366,#3367,#3368)),.UNSPECIFIED.,.F.,.F.,.F.)B_SPLINE_SURFACE_WITH_KNOTS((4,4),(4,4),(0.094501912336554,0.905498087663662),(0.0490080757749899,0.950991924224435),.UNSPECIFIED.)RATIONAL_B_SPLINE_SURFACE(((1.28992691776019,1.13212241699238,1.13212241699228,1.28992691775989),(1.03805218408535,0.911061031000903,0.911061031000821,1.03805218408511),(1.03805218408542,0.911061031000962,0.911061031000881,1.03805218408517),(1.28992691776039,1.13212241699256,1.13212241699245,1.28992691776009)))BOUNDED_SURFACE()REPRESENTATION_ITEM('')GEOMETRIC_REPRESENTATION_ITEM()SURFACE());
#961=FACE_OUTER_BOUND('',#3375,.T.);
#962=(B_SPLINE_SURFACE(3,3,((#3377,#3378,#3379,#3380),(#3381,#3382,#3383,#3384),(#3385,#3386,#3387,#3388),(#3389,#3390,#3391,#3392)),.UNSPECIFIED.,.F.,.F.,.F.)B_SPLINE_SURFACE_WITH_KNOTS((4,4),(4,4),(0.0945019123363292,0.905498087663787),(0.0490080757749884,0.950991924224999),.UNSPECIFIED.)RATIONAL_B_SPLINE_SURFACE(((1.2899269177604,1.13212241699246,1.13212241699246,1.28992691776039),(1.03805218408531,0.911061031000789,0.911061031000787,1.03805218408531),(1.03805218408535,0.911061031000821,0.911061031000819,1.03805218408534),(1.28992691776051,1.13212241699256,1.13212241699256,1.2899269177605)))BOUNDED_SURFACE()REPRESENTATION_ITEM('')GEOMETRIC_REPRESENTATION_ITEM()SURFACE());
#963=FACE_OUTER_BOUND('',#3399,.T.);
#964=CYLINDRICAL_SURFACE('',#3400,0.3);
#965=FACE_OUTER_BOUND('',#3401,.T.);
#966=(B_SPLINE_SURFACE(3,3,((#3403,#3404,#3405,#3406),(#3407,#3408,#3409,#3410),(#3411,#3412,#3413,#3414),(#3415,#3416,#3417,#3418)),.UNSPECIFIED.,.F.,.F.,.F.)B_SPLINE_SURFACE_WITH_KNOTS((4,4),(4,4),(0.0945019123362536,0.905498087663754),(0.0490080757737646,0.950991924224989),.UNSPECIFIED.)RATIONAL_B_SPLINE_SURFACE(((1.28992691776111,1.13212241699253,1.13212241699231,1.28992691776046),(1.03805218408584,0.9110610310008,0.911061031000624,1.03805218408531),(1.03805218408584,0.911061031000802,0.911061031000626,1.03805218408532),(1.28992691776112,1.13212241699253,1.13212241699231,1.28992691776046)))BOUNDED_SURFACE()REPRESENTATION_ITEM('')GEOMETRIC_REPRESENTATION_ITEM()SURFACE());
#967=FACE_OUTER_BOUND('',#3425,.T.);
#968=PLANE('',#3426);
#969=FACE_OUTER_BOUND('',#3427,.T.);
#970=(B_SPLINE_SURFACE(3,3,((#3429,#3430,#3431,#3432),(#3433,#3434,#3435,#3436),(#3437,#3438,#3439,#3440),(#3441,#3442,#3443,#3444)),.UNSPECIFIED.,.F.,.F.,.F.)B_SPLINE_SURFACE_WITH_KNOTS((4,4),(4,4),(0.0945019123362518,0.905498087663747),(0.0490080757750708,0.950991924226238),.UNSPECIFIED.)RATIONAL_B_SPLINE_SURFACE(((1.28992691776043,1.13212241699231,1.13212241699254,1.28992691776111),(1.03805218408529,0.911061031000625,0.91106103100081,1.03805218408584),(1.03805218408529,0.911061031000625,0.91106103100081,1.03805218408584),(1.28992691776043,1.13212241699231,1.13212241699254,1.28992691776111)))BOUNDED_SURFACE()REPRESENTATION_ITEM('')GEOMETRIC_REPRESENTATION_ITEM()SURFACE());
#971=FACE_OUTER_BOUND('',#3451,.T.);
#972=(B_SPLINE_SURFACE(3,3,((#3453,#3454,#3455,#3456),(#3457,#3458,#3459,#3460),(#3461,#3462,#3463,#3464),(#3465,#3466,#3467,#3468)),.UNSPECIFIED.,.F.,.F.,.F.)B_SPLINE_SURFACE_WITH_KNOTS((4,4),(4,4),(0.094501912336244,0.905498087663235),(0.0490080757757872,0.95099192422623),.UNSPECIFIED.)RATIONAL_B_SPLINE_SURFACE(((1.28992691776006,1.13212241699232,1.13212241699267,1.28992691776112),(1.03805218408515,0.911061031000766,0.91106103100105,1.038052184086),(1.03805218408499,0.911061031000624,0.911061031000908,1.03805218408584),(1.28992691775957,1.13212241699189,1.13212241699225,1.28992691776063)))BOUNDED_SURFACE()REPRESENTATION_ITEM('')GEOMETRIC_REPRESENTATION_ITEM()SURFACE());
#973=FACE_OUTER_BOUND('',#3475,.T.);
#974=PLANE('',#3476);
#975=FACE_OUTER_BOUND('',#3477,.T.);
#976=CYLINDRICAL_SURFACE('',#3478,0.3);
#977=FACE_OUTER_BOUND('',#3479,.T.);
#978=(B_SPLINE_SURFACE(3,3,((#3481,#3482,#3483,#3484),(#3485,#3486,#3487,#3488),(#3489,#3490,#3491,#3492),(#3493,#3494,#3495,#3496)),.UNSPECIFIED.,.F.,.F.,.F.)B_SPLINE_SURFACE_WITH_KNOTS((4,4),(4,4),(0.0945019123367533,0.905498087663684),(0.0490080757757011,0.950991924225037),.UNSPECIFIED.)RATIONAL_B_SPLINE_SURFACE(((1.28992691775963,1.13212241699211,1.13212241699224,1.28992691776002),(1.03805218408504,0.911061031000812,0.911061031000916,1.03805218408536),(1.03805218408518,0.911061031000931,0.911061031001035,1.03805218408549),(1.28992691776004,1.13212241699247,1.1321224169926,1.28992691776042)))BOUNDED_SURFACE()REPRESENTATION_ITEM('')GEOMETRIC_REPRESENTATION_ITEM()SURFACE());
#979=FACE_OUTER_BOUND('',#3503,.T.);
#980=(B_SPLINE_SURFACE(3,3,((#3505,#3506,#3507,#3508),(#3509,#3510,#3511,#3512),(#3513,#3514,#3515,#3516),(#3517,#3518,#3519,#3520)),.UNSPECIFIED.,.F.,.F.,.F.)B_SPLINE_SURFACE_WITH_KNOTS((4,4),(4,4),(0.094501912336328,0.905498087663731),(0.0490080757749886,0.950991924224992),.UNSPECIFIED.)RATIONAL_B_SPLINE_SURFACE(((1.2899269177604,1.13212241699247,1.13212241699246,1.28992691776039),(1.03805218408533,0.911061031000805,0.911061031000802,1.03805218408532),(1.03805218408535,0.911061031000821,0.911061031000819,1.03805218408534),(1.28992691776045,1.13212241699251,1.13212241699251,1.28992691776044)))BOUNDED_SURFACE()REPRESENTATION_ITEM('')GEOMETRIC_REPRESENTATION_ITEM()SURFACE());
#981=FACE_OUTER_BOUND('',#3527,.T.);
#982=CYLINDRICAL_SURFACE('',#3528,0.3);
#983=FACE_OUTER_BOUND('',#3529,.T.);
#984=CYLINDRICAL_SURFACE('',#3530,0.25);
#985=FACE_OUTER_BOUND('',#3531,.T.);
#986=TOROIDAL_SURFACE('',#3532,10.45,0.2);
#987=FACE_OUTER_BOUND('',#3533,.T.);
#988=CYLINDRICAL_SURFACE('',#3534,0.0999999999999994);
#989=FACE_OUTER_BOUND('',#3535,.T.);
#990=CYLINDRICAL_SURFACE('',#3536,11.45);
#991=FACE_OUTER_BOUND('',#3537,.T.);
#992=CYLINDRICAL_SURFACE('',#3538,0.4);
#993=FACE_OUTER_BOUND('',#3539,.T.);
#994=TOROIDAL_SURFACE('',#3540,9.95,0.3);
#995=FACE_OUTER_BOUND('',#3541,.T.);
#996=SPHERICAL_SURFACE('',#3542,0.3);
#997=FACE_OUTER_BOUND('',#3543,.T.);
#998=PLANE('',#3544);
#999=FACE_OUTER_BOUND('',#3545,.T.);
#1000=PLANE('',#3546);
#1001=FACE_OUTER_BOUND('',#3547,.T.);
#1002=FACE_BOUND('',#3548,.T.);
#1003=PLANE('',#3549);
#1004=FACE_OUTER_BOUND('',#3550,.T.);
#1005=PLANE('',#3551);
#1006=FACE_OUTER_BOUND('',#3552,.T.);
#1007=PLANE('',#3553);
#1008=FACE_OUTER_BOUND('',#3554,.T.);
#1009=PLANE('',#3555);
#1010=FACE_OUTER_BOUND('',#3556,.T.);
#1011=CYLINDRICAL_SURFACE('',#3557,10.25);
#1012=FACE_OUTER_BOUND('',#3558,.T.);
#1013=CYLINDRICAL_SURFACE('',#3559,10.25);
#1014=FACE_OUTER_BOUND('',#3560,.T.);
#1015=TOROIDAL_SURFACE('',#3561,9.95,0.3);
#1016=FACE_OUTER_BOUND('',#3562,.T.);
#1017=PLANE('',#3563);
#1018=FACE_OUTER_BOUND('',#3564,.T.);
#1019=CYLINDRICAL_SURFACE('',#3565,0.0999999999999994);
#1020=FACE_OUTER_BOUND('',#3566,.T.);
#1021=CYLINDRICAL_SURFACE('',#3567,9.4);
#1022=FACE_OUTER_BOUND('',#3568,.T.);
#1023=CYLINDRICAL_SURFACE('',#3569,0.4);
#1024=FACE_OUTER_BOUND('',#3570,.T.);
#1025=CYLINDRICAL_SURFACE('',#3571,8.6);
#1026=FACE_OUTER_BOUND('',#3572,.T.);
#1027=CYLINDRICAL_SURFACE('',#3573,0.0999999999999994);
#1028=FACE_OUTER_BOUND('',#3574,.T.);
#1029=FACE_BOUND('',#3575,.T.);
#1030=FACE_BOUND('',#3576,.T.);
#1031=FACE_BOUND('',#3577,.T.);
#1032=FACE_BOUND('',#3578,.T.);
#1033=FACE_BOUND('',#3579,.T.);
#1034=FACE_BOUND('',#3580,.T.);
#1035=PLANE('',#3581);
#1036=FACE_OUTER_BOUND('',#3582,.T.);
#1037=PLANE('',#3583);
#1038=FACE_OUTER_BOUND('',#3584,.T.);
#1039=PLANE('',#3585);
#1040=FACE_OUTER_BOUND('',#3586,.T.);
#1041=PLANE('',#3587);
#1042=FACE_OUTER_BOUND('',#3588,.T.);
#1043=PLANE('',#3589);
#1044=FACE_OUTER_BOUND('',#3590,.T.);
#1045=PLANE('',#3591);
#1046=FACE_OUTER_BOUND('',#3592,.T.);
#1047=PLANE('',#3593);
#1048=FACE_OUTER_BOUND('',#3594,.T.);
#1049=PLANE('',#3595);
#1050=FACE_OUTER_BOUND('',#3596,.T.);
#1051=PLANE('',#3597);
#1052=FACE_OUTER_BOUND('',#3598,.T.);
#1053=PLANE('',#3599);
#1054=FACE_OUTER_BOUND('',#3600,.T.);
#1055=PLANE('',#3601);
#1056=FACE_OUTER_BOUND('',#3602,.T.);
#1057=PLANE('',#3603);
#1058=FACE_OUTER_BOUND('',#3604,.T.);
#1059=PLANE('',#3605);
#1060=FACE_OUTER_BOUND('',#3606,.T.);
#1061=PLANE('',#3607);
#1062=FACE_OUTER_BOUND('',#3608,.T.);
#1063=PLANE('',#3609);
#1064=FACE_OUTER_BOUND('',#3610,.T.);
#1065=PLANE('',#3611);
#1066=FACE_OUTER_BOUND('',#3612,.T.);
#1067=PLANE('',#3613);
#1068=FACE_OUTER_BOUND('',#3614,.T.);
#1069=PLANE('',#3615);
#1070=FACE_OUTER_BOUND('',#3616,.T.);
#1071=PLANE('',#3617);
#1072=FACE_OUTER_BOUND('',#3618,.T.);
#1073=PLANE('',#3619);
#1074=FACE_OUTER_BOUND('',#3620,.T.);
#1075=PLANE('',#3621);
#1076=FACE_OUTER_BOUND('',#3622,.T.);
#1077=CYLINDRICAL_SURFACE('',#3623,0.699999999999999);
#1078=FACE_OUTER_BOUND('',#3624,.T.);
#1079=CYLINDRICAL_SURFACE('',#3625,0.699999999999999);
#1080=FACE_OUTER_BOUND('',#3626,.T.);
#1081=PLANE('',#3627);
#1082=FACE_OUTER_BOUND('',#3628,.T.);
#1083=PLANE('',#3629);
#1084=FACE_OUTER_BOUND('',#3630,.T.);
#1085=CYLINDRICAL_SURFACE('',#3631,11.45);
#1086=FACE_OUTER_BOUND('',#3632,.T.);
#1087=PLANE('',#3633);
#1088=FACE_OUTER_BOUND('',#3634,.T.);
#1089=CYLINDRICAL_SURFACE('',#3635,0.0999999999999994);
#1090=FACE_OUTER_BOUND('',#3636,.T.);
#1091=CYLINDRICAL_SURFACE('',#3637,26.41410808578);
#1092=FACE_OUTER_BOUND('',#3638,.T.);
#1093=PLANE('',#3639);
#1094=FACE_OUTER_BOUND('',#3640,.T.);
#1095=PLANE('',#3641);
#1096=FACE_OUTER_BOUND('',#3642,.T.);
#1097=CYLINDRICAL_SURFACE('',#3643,0.0999999999999994);
#1098=FACE_OUTER_BOUND('',#3644,.T.);
#1099=B_SPLINE_SURFACE_WITH_KNOTS('',3,3,((#3645,#3646,#3647,#3648,#3649,#3650,#3651,#3652,#3653,#3654,#3655,#3656,#3657,#3658,#3659,#3660,#3661,#3662,#3663),(#3664,#3665,#3666,#3667,#3668,#3669,#3670,#3671,#3672,#3673,#3674,#3675,#3676,#3677,#3678,#3679,#3680,#3681,#3682),(#3683,#3684,#3685,#3686,#3687,#3688,#3689,#3690,#3691,#3692,#3693,#3694,#3695,#3696,#3697,#3698,#3699,#3700,#3701),(#3702,#3703,#3704,#3705,#3706,#3707,#3708,#3709,#3710,#3711,#3712,#3713,#3714,#3715,#3716,#3717,#3718,#3719,#3720),(#3721,#3722,#3723,#3724,#3725,#3726,#3727,#3728,#3729,#3730,#3731,#3732,#3733,#3734,#3735,#3736,#3737,#3738,#3739),(#3740,#3741,#3742,#3743,#3744,#3745,#3746,#3747,#3748,#3749,#3750,#3751,#3752,#3753,#3754,#3755,#3756,#3757,#3758),(#3759,#3760,#3761,#3762,#3763,#3764,#3765,#3766,#3767,#3768,#3769,#3770,#3771,#3772,#3773,#3774,#3775,#3776,#3777),(#3778,#3779,#3780,#3781,#3782,#3783,#3784,#3785,#3786,#3787,#3788,#3789,#3790,#3791,#3792,#3793,#3794,#3795,#3796),(#3797,#3798,#3799,#3800,#3801,#3802,#3803,#3804,#3805,#3806,#3807,#3808,#3809,#3810,#3811,#3812,#3813,#3814,#3815),(#3816,#3817,#3818,#3819,#3820,#3821,#3822,#3823,#3824,#3825,#3826,#3827,#3828,#3829,#3830,#3831,#3832,#3833,#3834),(#3835,#3836,#3837,#3838,#3839,#3840,#3841,#3842,#3843,#3844,#3845,#3846,#3847,#3848,#3849,#3850,#3851,#3852,#3853),(#3854,#3855,#3856,#3857,#3858,#3859,#3860,#3861,#3862,#3863,#3864,#3865,#3866,#3867,#3868,#3869,#3870,#3871,#3872),(#3873,#3874,#3875,#3876,#3877,#3878,#3879,#3880,#3881,#3882,#3883,#3884,#3885,#3886,#3887,#3888,#3889,#3890,#3891),(#3892,#3893,#3894,#3895,#3896,#3897,#3898,#3899,#3900,#3901,#3902,#3903,#3904,#3905,#3906,#3907,#3908,#3909,#3910),(#3911,#3912,#3913,#3914,#3915,#3916,#3917,#3918,#3919,#3920,#3921,#3922,#3923,#3924,#3925,#3926,#3927,#3928,#3929),(#3930,#3931,#3932,#3933,#3934,#3935,#3936,#3937,#3938,#3939,#3940,#3941,#3942,#3943,#3944,#3945,#3946,#3947,#3948),(#3949,#3950,#3951,#3952,#3953,#3954,#3955,#3956,#3957,#3958,#3959,#3960,#3961,#3962,#3963,#3964,#3965,#3966,#3967),(#3968,#3969,#3970,#3971,#3972,#3973,#3974,#3975,#3976,#3977,#3978,#3979,#3980,#3981,#3982,#3983,#3984,#3985,#3986),(#3987,#3988,#3989,#3990,#3991,#3992,#3993,#3994,#3995,#3996,#3997,#3998,#3999,#4000,#4001,#4002,#4003,#4004,#4005)),.UNSPECIFIED.,.F.,.F.,.F.,(4,1,1,1,1,1,1,1,1,1,1,1,1,1,1,1,4),(4,1,1,1,1,1,1,1,1,1,1,1,1,1,1,1,4),(-2.833295348398E-06,4.789019546523E-05,9.861368627885E-05,0.0001493371770925,0.0002000606679061,0.0002507841587197,0.0003015076495333,0.0003268693949402,0.0003395502676436,0.000352231140347,0.0003649120130504,0.0003712524494021,0.0003775928857538,0.0003839333221055,0.0003902737584572,0.0003966141948089,0.0004090181091599),(-0.00197644947183624,0.06113075517517,0.1238232203421,0.1865156855089,0.2492081506758,0.3119006158427,0.3745930810096,0.4372855461764,0.4999780113433,0.5626704765102,0.6253629416771,0.688055406844,0.7507478720108,0.8134403371777,0.8761328023446,0.9388252675115,1.00973042304356),.UNSPECIFIED.);
#1100=FACE_OUTER_BOUND('',#4006,.T.);
#1101=CYLINDRICAL_SURFACE('',#4007,0.0999999999999994);
#1102=FACE_OUTER_BOUND('',#4008,.T.);
#1103=CYLINDRICAL_SURFACE('',#4009,0.199999999999999);
#1104=FACE_OUTER_BOUND('',#4010,.T.);
#1105=TOROIDAL_SURFACE('',#4011,11.25,0.2);
#1106=FACE_OUTER_BOUND('',#4012,.T.);
#1107=PLANE('',#4013);
#1108=FACE_OUTER_BOUND('',#4014,.T.);
#1109=PLANE('',#4015);
#1110=FACE_OUTER_BOUND('',#4016,.T.);
#1111=PLANE('',#4017);
#1112=FACE_OUTER_BOUND('',#4018,.T.);
#1113=PLANE('',#4019);
#1114=FACE_OUTER_BOUND('',#4020,.T.);
#1115=CYLINDRICAL_SURFACE('',#4021,0.300000000000002);
#1116=FACE_OUTER_BOUND('',#4022,.T.);
#1117=TOROIDAL_SURFACE('',#4023,1.527884615385,0.3);
#1118=FACE_OUTER_BOUND('',#4024,.T.);
#1119=CYLINDRICAL_SURFACE('',#4025,1.827884615385);
#1120=FACE_OUTER_BOUND('',#4026,.T.);
#1121=TOROIDAL_SURFACE('',#4027,1.527884615385,0.3);
#1122=FACE_OUTER_BOUND('',#4028,.T.);
#1123=CYLINDRICAL_SURFACE('',#4029,0.300000000000002);
#1124=FACE_OUTER_BOUND('',#4030,.T.);
#1125=B_SPLINE_SURFACE_WITH_KNOTS('',3,3,((#4031,#4032,#4033,#4034,#4035,#4036,#4037,#4038,#4039,#4040,#4041),(#4042,#4043,#4044,#4045,#4046,#4047,#4048,#4049,#4050,#4051,#4052),(#4053,#4054,#4055,#4056,#4057,#4058,#4059,#4060,#4061,#4062,#4063),(#4064,#4065,#4066,#4067,#4068,#4069,#4070,#4071,#4072,#4073,#4074),(#4075,#4076,#4077,#4078,#4079,#4080,#4081,#4082,#4083,#4084,#4085),(#4086,#4087,#4088,#4089,#4090,#4091,#4092,#4093,#4094,#4095,#4096),(#4097,#4098,#4099,#4100,#4101,#4102,#4103,#4104,#4105,#4106,#4107),(#4108,#4109,#4110,#4111,#4112,#4113,#4114,#4115,#4116,#4117,#4118),(#4119,#4120,#4121,#4122,#4123,#4124,#4125,#4126,#4127,#4128,#4129)),.UNSPECIFIED.,.F.,.F.,.F.,(4,1,1,1,1,1,4),(4,1,1,1,1,1,1,1,4),(1.50506267533462,1.963495408494,2.159844949343,2.356194490192,2.552544031042,2.748893571891,3.20732630505032),(-0.05987303722066,0.125,0.25,0.375,0.5,0.625,0.75,0.875,1.0019871922433),.UNSPECIFIED.);
#1126=FACE_OUTER_BOUND('',#4130,.T.);
#1127=SPHERICAL_SURFACE('',#4131,0.3);
#1128=FACE_OUTER_BOUND('',#4132,.T.);
#1129=CYLINDRICAL_SURFACE('',#4133,0.300000000000002);
#1130=FACE_OUTER_BOUND('',#4134,.T.);
#1131=PLANE('',#4135);
#1132=FACE_OUTER_BOUND('',#4136,.T.);
#1133=CYLINDRICAL_SURFACE('',#4137,0.300000000000002);
#1134=FACE_OUTER_BOUND('',#4138,.T.);
#1135=SPHERICAL_SURFACE('',#4139,0.3);
#1136=FACE_OUTER_BOUND('',#4140,.T.);
#1137=TOROIDAL_SURFACE('',#4141,0.5,0.3);
#1138=FACE_OUTER_BOUND('',#4142,.T.);
#1139=CYLINDRICAL_SURFACE('',#4143,0.2);
#1140=FACE_OUTER_BOUND('',#4144,.T.);
#1141=PLANE('',#4145);
#1142=FACE_OUTER_BOUND('',#4146,.T.);
#1143=CYLINDRICAL_SURFACE('',#4147,0.3);
#1144=FACE_OUTER_BOUND('',#4148,.T.);
#1145=TOROIDAL_SURFACE('',#4149,11.25,0.2);
#1146=FACE_OUTER_BOUND('',#4150,.T.);
#1147=PLANE('',#4151);
#1148=FACE_OUTER_BOUND('',#4152,.T.);
#1149=PLANE('',#4153);
#1150=FACE_OUTER_BOUND('',#4154,.T.);
#1151=TOROIDAL_SURFACE('',#4155,10.45,0.2);
#1152=FACE_OUTER_BOUND('',#4156,.T.);
#1153=PLANE('',#4157);
#1154=FACE_OUTER_BOUND('',#4158,.T.);
#1155=PLANE('',#4159);
#1156=FACE_OUTER_BOUND('',#4160,.T.);
#1157=TOROIDAL_SURFACE('',#4161,11.25,0.2);
#1158=FACE_OUTER_BOUND('',#4162,.T.);
#1159=PLANE('',#4163);
#1160=FACE_OUTER_BOUND('',#4164,.T.);
#1161=PLANE('',#4165);
#1162=FACE_OUTER_BOUND('',#4166,.T.);
#1163=CYLINDRICAL_SURFACE('',#4167,11.45);
#1164=FACE_OUTER_BOUND('',#4168,.T.);
#1165=CYLINDRICAL_SURFACE('',#4169,11.45);
#1166=FACE_OUTER_BOUND('',#4170,.T.);
#1167=PLANE('',#4171);
#1168=FACE_OUTER_BOUND('',#4172,.T.);
#1169=CYLINDRICAL_SURFACE('',#4173,0.25);
#1170=FACE_OUTER_BOUND('',#4174,.T.);
#1171=PLANE('',#4175);
#1172=FACE_OUTER_BOUND('',#4176,.T.);
#1173=PLANE('',#4177);
#1174=FACE_OUTER_BOUND('',#4178,.T.);
#1175=PLANE('',#4179);
#1176=FACE_OUTER_BOUND('',#4180,.T.);
#1177=TOROIDAL_SURFACE('',#4181,11.25,0.2);
#1178=FACE_OUTER_BOUND('',#4182,.T.);
#1179=PLANE('',#4183);
#1180=FACE_OUTER_BOUND('',#4184,.T.);
#1181=PLANE('',#4185);
#1182=FACE_OUTER_BOUND('',#4186,.T.);
#1183=TOROIDAL_SURFACE('',#4187,10.45,0.2);
#1184=FACE_OUTER_BOUND('',#4188,.T.);
#1185=CYLINDRICAL_SURFACE('',#4189,10.25);
#1186=FACE_OUTER_BOUND('',#4190,.T.);
#1187=PLANE('',#4191);
#1188=FACE_OUTER_BOUND('',#4192,.T.);
#1189=PLANE('',#4193);
#1190=FACE_OUTER_BOUND('',#4194,.T.);
#1191=CYLINDRICAL_SURFACE('',#4195,0.0999999999999994);
#1192=FACE_OUTER_BOUND('',#4196,.T.);
#1193=PLANE('',#4197);
#1194=FACE_OUTER_BOUND('',#4198,.T.);
#1195=CYLINDRICAL_SURFACE('',#4199,8.65);
#1196=FACE_OUTER_BOUND('',#4200,.T.);
#1197=CYLINDRICAL_SURFACE('',#4201,8.65);
#1198=FACE_OUTER_BOUND('',#4202,.T.);
#1199=CYLINDRICAL_SURFACE('',#4203,0.25);
#1200=FACE_OUTER_BOUND('',#4204,.T.);
#1201=PLANE('',#4205);
#1202=FACE_OUTER_BOUND('',#4206,.T.);
#1203=CYLINDRICAL_SURFACE('',#4207,0.0999999999999994);
#1204=FACE_OUTER_BOUND('',#4208,.T.);
#1205=CYLINDRICAL_SURFACE('',#4209,3.2);
#1206=FACE_OUTER_BOUND('',#4210,.T.);
#1207=CYLINDRICAL_SURFACE('',#4211,3.2);
#1208=FACE_OUTER_BOUND('',#4212,.T.);
#1209=PLANE('',#4213);
#1210=FACE_OUTER_BOUND('',#4214,.T.);
#1211=PLANE('',#4215);
#1212=FACE_OUTER_BOUND('',#4216,.T.);
#1213=CYLINDRICAL_SURFACE('',#4217,1.0);
#1214=FACE_OUTER_BOUND('',#4218,.T.);
#1215=PLANE('',#4219);
#1216=FACE_OUTER_BOUND('',#4220,.T.);
#1217=PLANE('',#4221);
#1218=FACE_OUTER_BOUND('',#4222,.T.);
#1219=PLANE('',#4223);
#1220=FACE_OUTER_BOUND('',#4224,.T.);
#1221=PLANE('',#4225);
#1222=FACE_OUTER_BOUND('',#4226,.T.);
#1223=PLANE('',#4227);
#1224=FACE_OUTER_BOUND('',#4228,.T.);
#1225=PLANE('',#4229);
#1226=FACE_OUTER_BOUND('',#4230,.T.);
#1227=PLANE('',#4231);
#1228=FACE_OUTER_BOUND('',#4232,.T.);
#1229=PLANE('',#4233);
#1230=FACE_OUTER_BOUND('',#4234,.T.);
#1231=PLANE('',#4235);
#1232=FACE_OUTER_BOUND('',#4236,.T.);
#1233=PLANE('',#4237);
#1234=FACE_OUTER_BOUND('',#4238,.T.);
#1235=PLANE('',#4239);
#1236=FACE_OUTER_BOUND('',#4240,.T.);
#1237=PLANE('',#4241);
#1238=FACE_OUTER_BOUND('',#4242,.T.);
#1239=PLANE('',#4243);
#1240=FACE_OUTER_BOUND('',#4244,.T.);
#1241=PLANE('',#4245);
#1242=FACE_OUTER_BOUND('',#4246,.T.);
#1243=PLANE('',#4247);
#1244=FACE_OUTER_BOUND('',#4248,.T.);
#1245=CYLINDRICAL_SURFACE('',#4249,7.25);
#1246=FACE_OUTER_BOUND('',#4250,.T.);
#1247=PLANE('',#4251);
#1248=FACE_OUTER_BOUND('',#4252,.T.);
#1249=PLANE('',#4253);
#1250=FACE_OUTER_BOUND('',#4254,.T.);
#1251=PLANE('',#4255);
#1252=FACE_OUTER_BOUND('',#4256,.T.);
#1253=PLANE('',#4257);
#1254=FACE_OUTER_BOUND('',#4258,.T.);
#1255=PLANE('',#4259);
#1256=FACE_OUTER_BOUND('',#4260,.T.);
#1257=CYLINDRICAL_SURFACE('',#4261,7.25);
#1258=FACE_OUTER_BOUND('',#4262,.T.);
#1259=PLANE('',#4263);
#1260=FACE_OUTER_BOUND('',#4264,.T.);
#1261=PLANE('',#4265);
#1262=FACE_OUTER_BOUND('',#4266,.T.);
#1263=PLANE('',#4267);
#1264=FACE_OUTER_BOUND('',#4268,.T.);
#1265=PLANE('',#4269);
#1266=FACE_OUTER_BOUND('',#4270,.T.);
#1267=CYLINDRICAL_SURFACE('',#4271,0.7);
#1268=FACE_OUTER_BOUND('',#4272,.T.);
#1269=PLANE('',#4273);
#1270=FACE_OUTER_BOUND('',#4274,.T.);
#1271=PLANE('',#4275);
#1272=FACE_OUTER_BOUND('',#4276,.T.);
#1273=PLANE('',#4277);
#1274=FACE_OUTER_BOUND('',#4278,.T.);
#1275=PLANE('',#4279);
#1276=FACE_OUTER_BOUND('',#4280,.T.);
#1277=PLANE('',#4281);
#1278=FACE_OUTER_BOUND('',#4282,.T.);
#1279=PLANE('',#4283);
#1280=FACE_OUTER_BOUND('',#4284,.T.);
#1281=PLANE('',#4285);
#1282=FACE_OUTER_BOUND('',#4286,.T.);
#1283=PLANE('',#4287);
#1284=FACE_OUTER_BOUND('',#4288,.T.);
#1285=PLANE('',#4289);
#1286=FACE_OUTER_BOUND('',#4290,.T.);
#1287=FACE_BOUND('',#4291,.T.);
#1288=PLANE('',#4292);
#1289=FACE_OUTER_BOUND('',#4293,.T.);
#1290=CYLINDRICAL_SURFACE('',#4294,0.2);
#1291=FACE_OUTER_BOUND('',#4295,.T.);
#1292=CYLINDRICAL_SURFACE('',#4296,0.199999999999999);
#1293=FACE_OUTER_BOUND('',#4297,.T.);
#1294=PLANE('',#4298);
#1295=FACE_OUTER_BOUND('',#4299,.T.);
#1296=PLANE('',#4300);
#1297=FACE_OUTER_BOUND('',#4301,.T.);
#1298=PLANE('',#4302);
#1299=FACE_OUTER_BOUND('',#4303,.T.);
#1300=PLANE('',#4304);
#1301=FACE_OUTER_BOUND('',#4305,.T.);
#1302=PLANE('',#4306);
#1303=FACE_OUTER_BOUND('',#4307,.T.);
#1304=CYLINDRICAL_SURFACE('',#4308,0.2);
#1305=FACE_OUTER_BOUND('',#4309,.T.);
#1306=CYLINDRICAL_SURFACE('',#4310,0.199999999999999);
#1307=FACE_OUTER_BOUND('',#4311,.T.);
#1308=CYLINDRICAL_SURFACE('',#4312,0.75);
#1309=FACE_OUTER_BOUND('',#4313,.T.);
#1310=CYLINDRICAL_SURFACE('',#4314,0.75);
#1311=FACE_OUTER_BOUND('',#4315,.T.);
#1312=(B_SPLINE_SURFACE(3,3,((#4317,#4318,#4319,#4320),(#4321,#4322,#4323,#4324),(#4325,#4326,#4327,#4328),(#4329,#4330,#4331,#4332),(#4333,#4334,#4335,#4336),(#4337,#4338,#4339,#4340),(#4341,#4342,#4343,#4344)),.UNSPECIFIED.,.F.,.F.,.F.)B_SPLINE_SURFACE_WITH_KNOTS((4,3,4),(4,4),(0.112041096143577,1.0,1.88795890385646),(0.057052406631109,0.942947593369307),.UNSPECIFIED.)RATIONAL_B_SPLINE_SURFACE(((1.32579060368139,1.0669027118775,1.06690271187762,1.32579060368176),(1.09048853121426,0.877548210097092,0.877548210097192,1.09048853121456),(1.12446571521753,0.90489064988686,0.904890649886963,1.12446571521784),(1.4277221556912,1.1489300312468,1.14893003124693,1.4277221556916),(1.12446571521752,0.90489064988685,0.904890649886953,1.12446571521783),(1.09048853121426,0.877548210097089,0.87754821009719,1.09048853121456),(1.32579060368142,1.06690271187752,1.06690271187764,1.32579060368179)))BOUNDED_SURFACE()REPRESENTATION_ITEM('')GEOMETRIC_REPRESENTATION_ITEM()SURFACE());
#1313=FACE_OUTER_BOUND('',#4351,.T.);
#1314=(B_SPLINE_SURFACE(3,3,((#4353,#4354,#4355,#4356),(#4357,#4358,#4359,#4360),(#4361,#4362,#4363,#4364),(#4365,#4366,#4367,#4368),(#4369,#4370,#4371,#4372),(#4373,#4374,#4375,#4376),(#4377,#4378,#4379,#4380)),.UNSPECIFIED.,.F.,.F.,.F.)B_SPLINE_SURFACE_WITH_KNOTS((4,3,4),(4,4),(0.11204109614356,1.0,1.88795890385646),(0.057052406631118,0.942947593369312),.UNSPECIFIED.)RATIONAL_B_SPLINE_SURFACE(((1.3257906036814,1.06690271187751,1.06690271187763,1.32579060368178),(1.09048853121425,0.87754821009709,0.877548210097193,1.09048853121456),(1.12446571521752,0.904890649886855,0.904890649886961,1.12446571521784),(1.4277221556912,1.1489300312468,1.14893003124694,1.4277221556916),(1.12446571521751,0.904890649886848,0.904890649886954,1.12446571521783),(1.09048853121425,0.877548210097088,0.877548210097192,1.09048853121456),(1.32579060368142,1.06690271187752,1.06690271187765,1.3257906036818)))BOUNDED_SURFACE()REPRESENTATION_ITEM('')GEOMETRIC_REPRESENTATION_ITEM()SURFACE());
#1315=FACE_OUTER_BOUND('',#4387,.T.);
#1316=PLANE('',#4388);
#1317=FACE_OUTER_BOUND('',#4389,.T.);
#1318=CYLINDRICAL_SURFACE('',#4390,0.75);
#1319=FACE_OUTER_BOUND('',#4391,.T.);
#1320=CYLINDRICAL_SURFACE('',#4392,0.75);
#1321=FACE_OUTER_BOUND('',#4393,.T.);
#1322=(B_SPLINE_SURFACE(3,3,((#4395,#4396,#4397,#4398),(#4399,#4400,#4401,#4402),(#4403,#4404,#4405,#4406),(#4407,#4408,#4409,#4410),(#4411,#4412,#4413,#4414),(#4415,#4416,#4417,#4418),(#4419,#4420,#4421,#4422)),.UNSPECIFIED.,.F.,.F.,.F.)B_SPLINE_SURFACE_WITH_KNOTS((4,3,4),(4,4),(0.112041096143611,1.0,1.88795890385645),(0.0570524066311929,0.942947593368808),.UNSPECIFIED.)RATIONAL_B_SPLINE_SURFACE(((1.32579060368129,1.06690271187762,1.06690271187762,1.32579060368129),(1.0904885312142,0.877548210097214,0.877548210097214,1.0904885312142),(1.12446571521748,0.904890649886993,0.904890649886994,1.12446571521748),(1.42772215569112,1.14893003124696,1.14893003124696,1.42772215569113),(1.12446571521746,0.904890649886977,0.904890649886977,1.12446571521746),(1.0904885312142,0.87754821009721,0.87754821009721,1.0904885312142),(1.32579060368134,1.06690271187766,1.06690271187766,1.32579060368134)))BOUNDED_SURFACE()REPRESENTATION_ITEM('')GEOMETRIC_REPRESENTATION_ITEM()SURFACE());
#1323=FACE_OUTER_BOUND('',#4429,.T.);
#1324=(B_SPLINE_SURFACE(3,3,((#4431,#4432,#4433,#4434),(#4435,#4436,#4437,#4438),(#4439,#4440,#4441,#4442),(#4443,#4444,#4445,#4446),(#4447,#4448,#4449,#4450),(#4451,#4452,#4453,#4454),(#4455,#4456,#4457,#4458)),.UNSPECIFIED.,.F.,.F.,.F.)B_SPLINE_SURFACE_WITH_KNOTS((4,3,4),(4,4),(0.112041096143508,1.0,1.88795890385644),(0.0570524066312098,0.942947593368806),.UNSPECIFIED.)RATIONAL_B_SPLINE_SURFACE(((1.32579060368136,1.06690271187769,1.06690271187769,1.32579060368137),(1.09048853121418,0.877548210097208,0.877548210097212,1.09048853121419),(1.12446571521743,0.904890649886966,0.904890649886969,1.12446571521744),(1.42772215569111,1.14893003124696,1.14893003124696,1.42772215569112),(1.12446571521745,0.904890649886981,0.904890649886985,1.12446571521746),(1.09048853121419,0.877548210097212,0.877548210097215,1.0904885312142),(1.32579060368132,1.06690271187765,1.06690271187766,1.32579060368133)))BOUNDED_SURFACE()REPRESENTATION_ITEM('')GEOMETRIC_REPRESENTATION_ITEM()SURFACE());
#1325=FACE_OUTER_BOUND('',#4465,.T.);
#1326=PLANE('',#4466);
#1327=FACE_OUTER_BOUND('',#4467,.T.);
#1328=CYLINDRICAL_SURFACE('',#4468,0.750000000000001);
#1329=FACE_OUTER_BOUND('',#4469,.T.);
#1330=CYLINDRICAL_SURFACE('',#4470,0.750000000000001);
#1331=FACE_OUTER_BOUND('',#4471,.T.);
#1332=(B_SPLINE_SURFACE(3,3,((#4473,#4474,#4475,#4476),(#4477,#4478,#4479,#4480),(#4481,#4482,#4483,#4484),(#4485,#4486,#4487,#4488),(#4489,#4490,#4491,#4492),(#4493,#4494,#4495,#4496),(#4497,#4498,#4499,#4500)),.UNSPECIFIED.,.F.,.F.,.F.)B_SPLINE_SURFACE_WITH_KNOTS((4,3,4),(4,4),(0.112041096143494,1.0,1.88795890385645),(0.057052406631114,0.94294759336932),.UNSPECIFIED.)RATIONAL_B_SPLINE_SURFACE(((1.32579060368146,1.06690271187755,1.06690271187767,1.32579060368184),(1.09048853121425,0.877548210097084,0.877548210097188,1.09048853121456),(1.1244657152175,0.904890649886834,0.904890649886942,1.12446571521782),(1.4277221556912,1.1489300312468,1.14893003124693,1.42772215569161),(1.12446571521752,0.904890649886851,0.904890649886958,1.12446571521784),(1.09048853121425,0.877548210097087,0.877548210097192,1.09048853121457),(1.32579060368141,1.06690271187751,1.06690271187763,1.32579060368179)))BOUNDED_SURFACE()REPRESENTATION_ITEM('')GEOMETRIC_REPRESENTATION_ITEM()SURFACE());
#1333=FACE_OUTER_BOUND('',#4507,.T.);
#1334=(B_SPLINE_SURFACE(3,3,((#4509,#4510,#4511,#4512),(#4513,#4514,#4515,#4516),(#4517,#4518,#4519,#4520),(#4521,#4522,#4523,#4524),(#4525,#4526,#4527,#4528),(#4529,#4530,#4531,#4532),(#4533,#4534,#4535,#4536)),.UNSPECIFIED.,.F.,.F.,.F.)B_SPLINE_SURFACE_WITH_KNOTS((4,3,4),(4,4),(0.112041096143567,1.0,1.88795890385647),(0.0570524066311206,0.942947593369311),.UNSPECIFIED.)RATIONAL_B_SPLINE_SURFACE(((1.32579060368139,1.0669027118775,1.06690271187763,1.32579060368177),(1.09048853121425,0.87754821009709,0.877548210097194,1.09048853121456),(1.12446571521752,0.904890649886856,0.904890649886963,1.12446571521784),(1.42772215569119,1.1489300312468,1.14893003124694,1.4277221556916),(1.1244657152175,0.904890649886846,0.904890649886953,1.12446571521782),(1.09048853121425,0.877548210097088,0.877548210097192,1.09048853121456),(1.32579060368142,1.06690271187753,1.06690271187765,1.3257906036818)))BOUNDED_SURFACE()REPRESENTATION_ITEM('')GEOMETRIC_REPRESENTATION_ITEM()SURFACE());
#1335=FACE_OUTER_BOUND('',#4543,.T.);
#1336=PLANE('',#4544);
#1337=FACE_OUTER_BOUND('',#4545,.T.);
#1338=TOROIDAL_SURFACE('',#4546,10.45,0.2);
#1339=EDGE_LOOP('',(#4547,#4548,#4549,#4550));
#1340=AXIS2_PLACEMENT_3D('',#4551,#4552,#4553);
#1341=EDGE_LOOP('',(#4554,#4555,#4556,#4557));
#1342=AXIS2_PLACEMENT_3D('',#4558,#4559,#4560);
#1343=EDGE_LOOP('',(#4561,#4562,#4563,#4564));
#1344=AXIS2_PLACEMENT_3D('',#4565,#4566,#4567);
#1345=EDGE_LOOP('',(#4568,#4569,#4570,#4571));
#1346=AXIS2_PLACEMENT_3D('',#4572,#4573,#4574);
#1347=EDGE_LOOP('',(#4575,#4576,#4577,#4578));
#1348=AXIS2_PLACEMENT_3D('',#4579,#4580,#4581);
#1349=EDGE_LOOP('',(#4582,#4583,#4584,#4585,#4586,#4587));
#1350=AXIS2_PLACEMENT_3D('',#4588,#4589,#4590);
#1351=EDGE_LOOP('',(#4591,#4592,#4593,#4594));
#1352=AXIS2_PLACEMENT_3D('',#4595,#4596,#4597);
#1353=EDGE_LOOP('',(#4598,#4599,#4600,#4601,#4602,#4603));
#1354=AXIS2_PLACEMENT_3D('',#4604,#4605,#4606);
#1355=EDGE_LOOP('',(#4607,#4608,#4609,#4610));
#1356=AXIS2_PLACEMENT_3D('',#4611,#4612,#4613);
#1357=EDGE_LOOP('',(#4614,#4615,#4616,#4617));
#1358=AXIS2_PLACEMENT_3D('',#4618,#4619,#4620);
#1359=EDGE_LOOP('',(#4621,#4622,#4623,#4624));
#1360=AXIS2_PLACEMENT_3D('',#4625,#4626,#4627);
#1361=EDGE_LOOP('',(#4628,#4629,#4630,#4631));
#1362=AXIS2_PLACEMENT_3D('',#4632,#4633,#4634);
#1363=EDGE_LOOP('',(#4635,#4636,#4637,#4638));
#1364=AXIS2_PLACEMENT_3D('',#4639,#4640,#4641);
#1365=EDGE_LOOP('',(#4642,#4643,#4644,#4645));
#1366=AXIS2_PLACEMENT_3D('',#4646,#4647,#4648);
#1367=EDGE_LOOP('',(#4649,#4650,#4651,#4652));
#1368=EDGE_LOOP('',(#4653,#4654,#4655,#4656,#4657,#4658,#4659,#4660,#4661,#4662,#4663,#4664,#4665,#4666));
#1369=AXIS2_PLACEMENT_3D('',#4667,#4668,#4669);
#1370=EDGE_LOOP('',(#4670,#4671,#4672,#4673));
#1371=AXIS2_PLACEMENT_3D('',#4674,#4675,#4676);
#1372=EDGE_LOOP('',(#4677,#4678,#4679,#4680));
#1373=EDGE_LOOP('',(#4681,#4682,#4683,#4684,#4685,#4686,#4687,#4688,#4689,#4690,#4691,#4692,#4693,#4694));
#1374=AXIS2_PLACEMENT_3D('',#4695,#4696,#4697);
#1375=EDGE_LOOP('',(#4698,#4699,#4700,#4701));
#1376=AXIS2_PLACEMENT_3D('',#4702,#4703,#4704);
#1377=EDGE_LOOP('',(#4705,#4706,#4707,#4708));
#1378=AXIS2_PLACEMENT_3D('',#4709,#4710,#4711);
#1379=EDGE_LOOP('',(#4712,#4713,#4714,#4715));
#1380=AXIS2_PLACEMENT_3D('',#4716,#4717,#4718);
#1381=EDGE_LOOP('',(#4719,#4720,#4721,#4722,#4723,#4724,#4725,#4726,#4727,#4728,#4729,#4730,#4731,#4732,#4733,#4734,#4735,#4736,#4737,#4738,#4739,#4740,#4741,#4742,#4743,#4744,#4745,#4746,#4747,#4748));
#1382=EDGE_LOOP('',(#4749,#4750,#4751,#4752,#4753,#4754,#4755,#4756));
#1383=AXIS2_PLACEMENT_3D('',#4757,#4758,#4759);
#1384=EDGE_LOOP('',(#4760,#4761,#4762,#4763));
#1385=AXIS2_PLACEMENT_3D('',#4764,#4765,#4766);
#1386=EDGE_LOOP('',(#4767,#4768,#4769,#4770,#4771,#4772,#4773,#4774,#4775,#4776,#4777,#4778,#4779,#4780,#4781,#4782,#4783,#4784,#4785,#4786,#4787,#4788,#4789,#4790,#4791,#4792,#4793,#4794,#4795,#4796));
#1387=EDGE_LOOP('',(#4797,#4798,#4799,#4800,#4801,#4802));
#1388=AXIS2_PLACEMENT_3D('',#4803,#4804,#4805);
#1389=EDGE_LOOP('',(#4806,#4807,#4808,#4809));
#1390=AXIS2_PLACEMENT_3D('',#4810,#4811,#4812);
#1391=EDGE_LOOP('',(#4813,#4814,#4815,#4816));
#1392=AXIS2_PLACEMENT_3D('',#4817,#4818,#4819);
#1393=EDGE_LOOP('',(#4820,#4821,#4822,#4823));
#1394=AXIS2_PLACEMENT_3D('',#4824,#4825,#4826);
#1395=EDGE_LOOP('',(#4827,#4828,#4829,#4830));
#1396=AXIS2_PLACEMENT_3D('',#4831,#4832,#4833);
#1397=EDGE_LOOP('',(#4834,#4835,#4836,#4837));
#1398=AXIS2_PLACEMENT_3D('',#4838,#4839,#4840);
#1399=EDGE_LOOP('',(#4841,#4842,#4843,#4844));
#1400=AXIS2_PLACEMENT_3D('',#4845,#4846,#4847);
#1401=EDGE_LOOP('',(#4848,#4849,#4850,#4851));
#1402=AXIS2_PLACEMENT_3D('',#4852,#4853,#4854);
#1403=EDGE_LOOP('',(#4855,#4856,#4857,#4858));
#1404=AXIS2_PLACEMENT_3D('',#4859,#4860,#4861);
#1405=EDGE_LOOP('',(#4862,#4863,#4864,#4865));
#1406=AXIS2_PLACEMENT_3D('',#4866,#4867,#4868);
#1407=EDGE_LOOP('',(#4869,#4870,#4871,#4872));
#1408=AXIS2_PLACEMENT_3D('',#4873,#4874,#4875);
#1409=EDGE_LOOP('',(#4876,#4877,#4878,#4879));
#1410=AXIS2_PLACEMENT_3D('',#4880,#4881,#4882);
#1411=EDGE_LOOP('',(#4883,#4884,#4885,#4886));
#1412=AXIS2_PLACEMENT_3D('',#4887,#4888,#4889);
#1413=EDGE_LOOP('',(#4890,#4891,#4892,#4893));
#1414=AXIS2_PLACEMENT_3D('',#4894,#4895,#4896);
#1415=EDGE_LOOP('',(#4897,#4898,#4899,#4900));
#1416=AXIS2_PLACEMENT_3D('',#4901,#4902,#4903);
#1417=EDGE_LOOP('',(#4904,#4905,#4906,#4907));
#1418=AXIS2_PLACEMENT_3D('',#4908,#4909,#4910);
#1419=EDGE_LOOP('',(#4911,#4912,#4913,#4914));
#1420=AXIS2_PLACEMENT_3D('',#4915,#4916,#4917);
#1421=EDGE_LOOP('',(#4918,#4919,#4920,#4921));
#1422=AXIS2_PLACEMENT_3D('',#4922,#4923,#4924);
#1423=EDGE_LOOP('',(#4925,#4926,#4927,#4928));
#1424=AXIS2_PLACEMENT_3D('',#4929,#4930,#4931);
#1425=EDGE_LOOP('',(#4932,#4933,#4934,#4935));
#1426=AXIS2_PLACEMENT_3D('',#4936,#4937,#4938);
#1427=EDGE_LOOP('',(#4939,#4940,#4941,#4942));
#1428=AXIS2_PLACEMENT_3D('',#4943,#4944,#4945);
#1429=EDGE_LOOP('',(#4946,#4947,#4948,#4949));
#1430=AXIS2_PLACEMENT_3D('',#4950,#4951,#4952);
#1431=EDGE_LOOP('',(#4953,#4954,#4955,#4956));
#1432=AXIS2_PLACEMENT_3D('',#4957,#4958,#4959);
#1433=EDGE_LOOP('',(#4960,#4961,#4962,#4963));
#1434=AXIS2_PLACEMENT_3D('',#4964,#4965,#4966);
#1435=EDGE_LOOP('',(#4967,#4968,#4969,#4970));
#1436=AXIS2_PLACEMENT_3D('',#4971,#4972,#4973);
#1437=EDGE_LOOP('',(#4974,#4975,#4976,#4977));
#1438=AXIS2_PLACEMENT_3D('',#4978,#4979,#4980);
#1439=EDGE_LOOP('',(#4981,#4982,#4983,#4984));
#1440=AXIS2_PLACEMENT_3D('',#4985,#4986,#4987);
#1441=EDGE_LOOP('',(#4988,#4989,#4990,#4991));
#1442=AXIS2_PLACEMENT_3D('',#4992,#4993,#4994);
#1443=EDGE_LOOP('',(#4995,#4996,#4997,#4998));
#1444=AXIS2_PLACEMENT_3D('',#4999,#5000,#5001);
#1445=EDGE_LOOP('',(#5002,#5003,#5004,#5005));
#1446=AXIS2_PLACEMENT_3D('',#5006,#5007,#5008);
#1447=EDGE_LOOP('',(#5009,#5010,#5011));
#1448=AXIS2_PLACEMENT_3D('',#5012,#5013,#5014);
#1449=EDGE_LOOP('',(#5015,#5016,#5017,#5018));
#1450=CARTESIAN_POINT('',(-53.4570641969353,-24.8416960798243,8.42720837668549));
#1451=CARTESIAN_POINT('',(-53.4461586945246,-24.8618524218715,8.46540191736226));
#1452=CARTESIAN_POINT('',(-53.3942263801735,-24.9027862442528,8.53344912659684));
#1453=CARTESIAN_POINT('',(-53.3046920661399,-24.9267914479323,8.55447524288375));
#1454=CARTESIAN_POINT('',(-53.2598655041529,-24.9318578034886,8.55062707700818));
#1455=CARTESIAN_POINT('',(-53.4660709994251,-24.9522156417229,8.40120776046187));
#1456=CARTESIAN_POINT('',(-53.4508476570868,-24.9711456976975,8.4337976207384));
#1457=CARTESIAN_POINT('',(-53.3975093413443,-25.0095500478044,8.48813566543056));
#1458=CARTESIAN_POINT('',(-53.3175107888676,-25.035191721714,8.5017858938252));
#1459=CARTESIAN_POINT('',(-53.2774217532914,-25.0424840810292,8.49714203623654));
#1460=CARTESIAN_POINT('',(-53.4936498033627,-25.1438384197983,8.35637375544339));
#1461=CARTESIAN_POINT('',(-53.4746673540405,-25.1611293299932,8.37701632769445));
#1462=CARTESIAN_POINT('',(-53.4252380789208,-25.1961381309394,8.40748458119294));
#1463=CARTESIAN_POINT('',(-53.3637043416578,-25.2238119607709,8.41016239021506));
#1464=CARTESIAN_POINT('',(-53.3328038258025,-25.2342707790947,8.4044144769264));
#1465=CARTESIAN_POINT('',(-53.5392654399455,-25.2932232471453,8.32160370434273));
#1466=CARTESIAN_POINT('',(-53.5237022759373,-25.3095071505385,8.33130866729033));
#1467=CARTESIAN_POINT('',(-53.4876700568251,-25.3424240311277,8.34328753382931));
#1468=CARTESIAN_POINT('',(-53.4467122904542,-25.371250552145,8.33858188259997));
#1469=CARTESIAN_POINT('',(-53.4261154317368,-25.3837690482628,8.33213073179447));
#1470=CARTESIAN_POINT('',(-53.5744114278809,-25.3634560582088,8.30527486836008));
#1471=CARTESIAN_POINT('',(-53.5632168012088,-25.3792905912227,8.30967536732641));
#1472=CARTESIAN_POINT('',(-53.5385726821206,-25.4112734371348,8.31298217822891));
#1473=CARTESIAN_POINT('',(-53.5117987132688,-25.4406041737145,8.30491480639033));
#1474=CARTESIAN_POINT('',(-53.4983244661141,-25.4540538223219,8.29814719358274));
#1475=CARTESIAN_POINT('',(-53.6120334872116,-25.4128692730532,8.29379629789881));
#1476=CARTESIAN_POINT('',(-53.6063096394419,-25.4284007712654,8.29437743453983));
#1477=CARTESIAN_POINT('',(-53.5943458163387,-25.4597534519661,8.2915931551691));
#1478=CARTESIAN_POINT('',(-53.5819889120531,-25.489418354921,8.28122041398238));
#1479=CARTESIAN_POINT('',(-53.5757646021315,-25.5035028492318,8.27423786899749));
#1480=CARTESIAN_POINT('',(-53.63846869538,-25.4197067970089,8.29221784157107));
#1481=CARTESIAN_POINT('',(-53.63725547807,-25.4352095493875,8.29218236297768));
#1482=CARTESIAN_POINT('',(-53.6346073750942,-25.4665021406941,8.2885658718379));
#1483=CARTESIAN_POINT('',(-53.6317414740888,-25.4961926119685,8.2779342010663));
#1484=CARTESIAN_POINT('',(-53.6302989768259,-25.5103445777824,8.27092967098128));
#1485=CARTESIAN_POINT('',(-53.6545808566121,-25.4168768314323,8.29287213234771));
#1486=CARTESIAN_POINT('',(-53.6559371450216,-25.4323927962655,8.29308306057266));
#1487=CARTESIAN_POINT('',(-53.6588490634842,-25.4637129612315,8.28981208095695));
#1488=CARTESIAN_POINT('',(-53.6619459805254,-25.4933907893729,8.27929357389428));
#1489=CARTESIAN_POINT('',(-53.6635051847377,-25.5075127970074,8.27229891673541));
#1490=EDGE_LOOP('',(#5019,#5020,#5021,#5022,#5023,#5024,#5025,#5026));
#1491=AXIS2_PLACEMENT_3D('',#5027,#5028,#5029);
#1492=EDGE_LOOP('',(#5030,#5031,#5032,#5033));
#1493=AXIS2_PLACEMENT_3D('',#5034,#5035,#5036);
#1494=EDGE_LOOP('',(#5037,#5038,#5039,#5040));
#1495=AXIS2_PLACEMENT_3D('',#5041,#5042,#5043);
#1496=EDGE_LOOP('',(#5044,#5045,#5046,#5047,#5048));
#1498=CARTESIAN_POINT('',(-52.9007407203703,-24.8215460905502,8.46539804633646));
#1499=CARTESIAN_POINT('',(-52.897066236917,-24.836069759882,8.5353326911984));
#1500=CARTESIAN_POINT('',(-52.9062016923866,-24.8994116738244,8.5671062224728));
#1501=CARTESIAN_POINT('',(-52.9209721841258,-24.9619995589644,8.53612769254175));
#1502=CARTESIAN_POINT('',(-52.9172913239151,-24.8180349931967,8.46504373698023));
#1503=CARTESIAN_POINT('',(-52.9148816707712,-24.8311397100387,8.53637352298848));
#1504=CARTESIAN_POINT('',(-52.9203561865121,-24.8957979987225,8.56886919737609));
#1505=CARTESIAN_POINT('',(-52.9293309264902,-24.9604183644647,8.5368923312966));
#1506=CARTESIAN_POINT('',(-52.9341033457618,-24.8165316920689,8.46416457585055));
#1507=CARTESIAN_POINT('',(-52.9333062147028,-24.8285560406708,8.53655119620645));
#1508=CARTESIAN_POINT('',(-52.9349855928933,-24.8939784425016,8.5697613951103));
#1509=CARTESIAN_POINT('',(-52.9377759333607,-24.9597982257732,8.53719219428145));
#1510=CARTESIAN_POINT('',(-52.9511491042449,-24.8171183610761,8.46266646974835));
#1511=CARTESIAN_POINT('',(-52.9522342864812,-24.8284893464146,8.53576281704306));
#1512=CARTESIAN_POINT('',(-52.9500097546401,-24.8940980320107,8.56971291071191));
#1513=CARTESIAN_POINT('',(-52.9463051304448,-24.9601825510995,8.53700628648394));
#1520=EDGE_LOOP('',(#5049,#5050,#5051,#5052));
#1522=CARTESIAN_POINT('',(-52.9036218907148,-24.8210030125854,8.46557306318134));
#1523=CARTESIAN_POINT('',(-52.9002223169664,-24.8353212488577,8.53505185911284));
#1524=CARTESIAN_POINT('',(-52.9085855032506,-24.8982035930276,8.56698542420496));
#1525=CARTESIAN_POINT('',(-52.9222341894137,-24.9609476581562,8.53664086477867));
#1526=CARTESIAN_POINT('',(-52.905880271786,-24.8205391970049,8.46543162409261));
#1527=CARTESIAN_POINT('',(-52.9026282299839,-24.8346249762579,8.53514868916274));
#1528=CARTESIAN_POINT('',(-52.9105060842102,-24.897700213429,8.56722887084822));
#1529=CARTESIAN_POINT('',(-52.9233912964391,-24.9607436561027,8.5367395251435));
#1530=CARTESIAN_POINT('',(-52.9081477641844,-24.8201131985405,8.46528249596047));
#1531=CARTESIAN_POINT('',(-52.9050524214706,-24.8339724537454,8.53523050928368));
#1532=CARTESIAN_POINT('',(-52.9124410316331,-24.8972301207254,8.56745621913759));
#1533=CARTESIAN_POINT('',(-52.9245519479995,-24.9605575750357,8.53682951848259));
#1534=CARTESIAN_POINT('',(-52.9104243730122,-24.8197252997999,8.46512560372603));
#1535=CARTESIAN_POINT('',(-52.9074947025322,-24.8333641667022,8.53529720442184));
#1536=CARTESIAN_POINT('',(-52.9143901908639,-24.8967936206772,8.56766732120048));
#1537=CARTESIAN_POINT('',(-52.9257161661642,-24.9603895269289,8.53691079064242));
#1544=EDGE_LOOP('',(#5053,#5054,#5055));
#1545=CARTESIAN_POINT('',(-52.7236117932449,-24.9740211927678,8.40043362330711));
#1546=CARTESIAN_POINT('',(-52.7236117932449,-24.9740211927678,8.40043362330711));
#1547=CARTESIAN_POINT('',(-52.7236117932449,-24.9740211927678,8.40043362330711));
#1548=CARTESIAN_POINT('',(-52.7236117932449,-24.9740211927678,8.40043362330711));
#1549=CARTESIAN_POINT('',(-52.7236117932449,-24.9740211927678,8.40043362330711));
#1550=CARTESIAN_POINT('',(-52.7236117932449,-24.9740211927678,8.40043362330711));
#1551=CARTESIAN_POINT('',(-52.7236117932449,-24.9740211927678,8.40043362330711));
#1552=CARTESIAN_POINT('',(-52.7236117932449,-24.9740211927678,8.40043362330711));
#1553=CARTESIAN_POINT('',(-52.7236117932449,-24.9740211927678,8.40043362330711));
#1554=CARTESIAN_POINT('',(-52.7236117932449,-24.9740211927678,8.40043362330711));
#1555=CARTESIAN_POINT('',(-52.7236117932449,-24.9740211927678,8.40043362330711));
#1556=CARTESIAN_POINT('',(-52.7301781896981,-24.9592863400295,8.41306021453714));
#1557=CARTESIAN_POINT('',(-52.7302987784974,-24.9599181329954,8.41329208112729));
#1558=CARTESIAN_POINT('',(-52.7305317371953,-24.9611508475358,8.41374001458468));
#1559=CARTESIAN_POINT('',(-52.7308723720655,-24.9629889400088,8.41439499815138));
#1560=CARTESIAN_POINT('',(-52.7312014584981,-24.9647993222478,8.4150277858769));
#1561=CARTESIAN_POINT('',(-52.7315250913016,-24.9666148823178,8.41565009705301));
#1562=CARTESIAN_POINT('',(-52.731843270476,-24.9684356202198,8.41626193167969));
#1563=CARTESIAN_POINT('',(-52.7321559960213,-24.9702615359528,8.41686328975696));
#1564=CARTESIAN_POINT('',(-52.7324652897902,-24.9721046781328,8.41745805929206));
#1565=CARTESIAN_POINT('',(-52.7326684517102,-24.9733409761566,8.41784874539958));
#1566=CARTESIAN_POINT('',(-52.7327700802998,-24.9739660640581,8.41804418194107));
#1567=CARTESIAN_POINT('',(-52.7465253967485,-24.9292492565241,8.43407803659976));
#1568=CARTESIAN_POINT('',(-52.7465769999177,-24.9311551615119,8.43496089982083));
#1569=CARTESIAN_POINT('',(-52.7467542462628,-24.9348687610563,8.43663641991624));
#1570=CARTESIAN_POINT('',(-52.7472305137534,-24.9403899157638,8.43900506952604));
#1571=CARTESIAN_POINT('',(-52.7478960630743,-24.9458126708148,8.44121823206395));
#1572=CARTESIAN_POINT('',(-52.7487563659533,-24.9512363024248,8.44332049130286));
#1573=CARTESIAN_POINT('',(-52.749810464057,-24.9566609915618,8.44531299230006));
#1574=CARTESIAN_POINT('',(-52.7510593116698,-24.9620866183468,8.4471962524597));
#1575=CARTESIAN_POINT('',(-52.752515435643,-24.9675486994811,8.44898178873856));
#1576=CARTESIAN_POINT('',(-52.7536274589299,-24.9712023482645,8.45010068794138));
#1577=CARTESIAN_POINT('',(-52.7542254892318,-24.9730469766302,8.4506457368288));
#1578=CARTESIAN_POINT('',(-52.7766543772329,-24.8923531063308,8.45082730949588));
#1579=CARTESIAN_POINT('',(-52.775989481833,-24.895268767277,8.45314507411407));
#1580=CARTESIAN_POINT('',(-52.7749892870604,-24.9011973772515,8.45752955730911));
#1581=CARTESIAN_POINT('',(-52.7744132888934,-24.9105993204098,8.46355569429263));
#1582=CARTESIAN_POINT('',(-52.774746845357,-24.9202627953788,8.46891290592316));
#1583=CARTESIAN_POINT('',(-52.7759860430891,-24.9302166281828,8.47363127519878));
#1584=CARTESIAN_POINT('',(-52.7781163809348,-24.9403181082198,8.47764554196447));
#1585=CARTESIAN_POINT('',(-52.7811031820732,-24.9504236719068,8.4809028822623));
#1586=CARTESIAN_POINT('',(-52.7849167619889,-24.9604563739417,8.4833800767451));
#1587=CARTESIAN_POINT('',(-52.7879620362666,-24.9669779708734,8.48447933132411));
#1588=CARTESIAN_POINT('',(-52.7896091759985,-24.970199231064,8.4848912851863));
#1589=CARTESIAN_POINT('',(-52.8038396652256,-24.8681060888838,8.45813817974957));
#1590=CARTESIAN_POINT('',(-52.8025821031087,-24.8711168638618,8.46171902700088));
#1591=CARTESIAN_POINT('',(-52.8005203205733,-24.8775774003157,8.46860500668759));
#1592=CARTESIAN_POINT('',(-52.798822336451,-24.8887613494258,8.47819001782676));
#1593=CARTESIAN_POINT('',(-52.7986247071809,-24.9010101564868,8.48662093224804));
#1594=CARTESIAN_POINT('',(-52.7999765011928,-24.9141773518388,8.49374441067478));
#1595=CARTESIAN_POINT('',(-52.8028593074718,-24.9278437641488,8.49930562758906));
#1596=CARTESIAN_POINT('',(-52.8071561467774,-24.9415591567028,8.50314763591801));
#1597=CARTESIAN_POINT('',(-52.8127019115989,-24.9549759245932,8.50523859367406));
#1598=CARTESIAN_POINT('',(-52.8170586106389,-24.9634293192676,8.5054805037872));
#1599=CARTESIAN_POINT('',(-52.819372581906,-24.9675129078649,8.50533501997447));
#1600=CARTESIAN_POINT('',(-52.8214245765548,-24.8553005615666,8.46112765207637));
#1601=CARTESIAN_POINT('',(-52.819919195363,-24.8581636162063,8.46546391543169));
#1602=CARTESIAN_POINT('',(-52.8173879630992,-24.864558949233,8.47388914625133));
#1603=CARTESIAN_POINT('',(-52.8151566297524,-24.8763622467758,8.48574355069925));
#1604=CARTESIAN_POINT('',(-52.8146948300582,-24.8898767609678,8.49615194001846));
#1605=CARTESIAN_POINT('',(-52.8161032492062,-24.9048356372798,8.50477380020034));
#1606=CARTESIAN_POINT('',(-52.8193632428377,-24.9206032268878,8.51118194139756));
#1607=CARTESIAN_POINT('',(-52.8242932745876,-24.9364726693058,8.51514159000918));
#1608=CARTESIAN_POINT('',(-52.830621433794,-24.9518681232808,8.51664663182752));
#1609=CARTESIAN_POINT('',(-52.8355110941042,-24.9613949061662,8.51610305799761));
#1610=CARTESIAN_POINT('',(-52.8380759116115,-24.9659397710408,8.51549136118149));
#1611=CARTESIAN_POINT('',(-52.8404115019701,-24.8433488111037,8.46333919688674));
#1612=CARTESIAN_POINT('',(-52.8387640354904,-24.8459355531463,8.46843568758911));
#1613=CARTESIAN_POINT('',(-52.8359419113662,-24.8520201203153,8.47844032298796));
#1614=CARTESIAN_POINT('',(-52.8333561521077,-24.8641564266548,8.49268339445188));
#1615=CARTESIAN_POINT('',(-52.8327250907998,-24.8787696660078,8.50519003288856));
#1616=CARTESIAN_POINT('',(-52.8342076460145,-24.8954689200718,8.51537136880648));
#1617=CARTESIAN_POINT('',(-52.8377831506373,-24.9133649893938,8.52258078991339));
#1618=CARTESIAN_POINT('',(-52.8431976959432,-24.9314366427658,8.52649628568874));
#1619=CARTESIAN_POINT('',(-52.8500634478696,-24.9488282546205,8.52716757276781));
#1620=CARTESIAN_POINT('',(-52.8552592146989,-24.9594017336674,8.52565441586881));
#1621=CARTESIAN_POINT('',(-52.8579470102871,-24.9643852376764,8.52448929836791));
#1622=CARTESIAN_POINT('',(-52.8693121872443,-24.829237379164,8.46491940092403));
#1623=CARTESIAN_POINT('',(-52.8677560493951,-24.8311782376055,8.47105945277728));
#1624=CARTESIAN_POINT('',(-52.8650382016781,-24.8362976861253,8.48329478496327));
#1625=CARTESIAN_POINT('',(-52.8625029033783,-24.8482015076008,8.5010406866156));
#1626=CARTESIAN_POINT('',(-52.861940665193,-24.8638755806358,8.51665199148478));
#1627=CARTESIAN_POINT('',(-52.8635919902276,-24.8827810491558,8.52904813842829));
#1628=CARTESIAN_POINT('',(-52.8674257867217,-24.9036102968948,8.53716858033111));
#1629=CARTESIAN_POINT('',(-52.873079142468,-24.9247794949538,8.54056389404204));
#1630=CARTESIAN_POINT('',(-52.8800049978767,-24.9449322042945,8.53945855631614));
#1631=CARTESIAN_POINT('',(-52.8850251360744,-24.9568864641186,8.53618452244574));
#1632=CARTESIAN_POINT('',(-52.8875574395347,-24.9624295041467,8.53406568125792));
#1633=CARTESIAN_POINT('',(-52.8963485782675,-24.8215953063076,8.46402966646898));
#1634=CARTESIAN_POINT('',(-52.8956124920711,-24.8229340653516,8.47077474852022));
#1635=CARTESIAN_POINT('',(-52.8944121829816,-24.8270212282656,8.48437332271047));
#1636=CARTESIAN_POINT('',(-52.8937093124903,-24.8381951568208,8.50443250416276));
#1637=CARTESIAN_POINT('',(-52.8943732743908,-24.8541804484248,8.52216255435129));
#1638=CARTESIAN_POINT('',(-52.8965382486903,-24.8744156771308,8.53600359806446));
#1639=CARTESIAN_POINT('',(-52.9000857818329,-24.8972638765988,8.54450449079769));
#1640=CARTESIAN_POINT('',(-52.904643476333,-24.9206252223178,8.5471465739597));
#1641=CARTESIAN_POINT('',(-52.909739561879,-24.9426873061093,8.54440616646854));
#1642=CARTESIAN_POINT('',(-52.9131637829018,-24.9555442222125,8.539739705509));
#1643=CARTESIAN_POINT('',(-52.9148340572207,-24.9614416446259,8.53691307553346));
#1644=CARTESIAN_POINT('',(-52.9120824935079,-24.8190440977813,8.4626824649513));
#1645=CARTESIAN_POINT('',(-52.9120862613115,-24.8201558014675,8.46958156217077));
#1646=CARTESIAN_POINT('',(-52.9122990137932,-24.823844275111,8.48354491509957));
#1647=CARTESIAN_POINT('',(-52.9133823798828,-24.8347067342378,8.50426500109674));
#1648=CARTESIAN_POINT('',(-52.9152583957525,-24.8507676135438,8.52261792388046));
#1649=CARTESIAN_POINT('',(-52.9178860604912,-24.8714719471778,8.53687313810888));
#1650=CARTESIAN_POINT('',(-52.9210506035126,-24.8950626344648,8.5454407839138));
#1651=CARTESIAN_POINT('',(-52.9244369593753,-24.9192387478928,8.5477844171204));
#1652=CARTESIAN_POINT('',(-52.9277498511657,-24.9420102933004,8.54448010151223));
#1653=CARTESIAN_POINT('',(-52.9297411666686,-24.9552024251511,8.53936392172263));
#1654=CARTESIAN_POINT('',(-52.9306674168345,-24.9612321033234,8.536315216572));
#1655=EDGE_LOOP('',(#5056,#5057,#5058,#5059));
#1656=CARTESIAN_POINT('',(-52.5288610500894,-25.4118399869764,8.29337697637855));
#1657=CARTESIAN_POINT('',(-52.5259179956485,-25.4281907347234,8.29405116047816));
#1658=CARTESIAN_POINT('',(-52.5194980436471,-25.4611892321028,8.29114720559408));
#1659=CARTESIAN_POINT('',(-52.5125615847787,-25.4923345114841,8.27999880447902));
#1660=CARTESIAN_POINT('',(-52.5090832113532,-25.507036457466,8.27248825873388));
#1661=CARTESIAN_POINT('',(-52.5464380088663,-25.4185394183644,8.29192865245987));
#1662=CARTESIAN_POINT('',(-52.5463525166853,-25.4348601897086,8.29194824634685));
#1663=CARTESIAN_POINT('',(-52.5463619920556,-25.4677933993692,8.28817168134561));
#1664=CARTESIAN_POINT('',(-52.5465832416604,-25.4989680442792,8.27676904155532));
#1665=CARTESIAN_POINT('',(-52.5466899724865,-25.5137457731592,8.26924661883886));
#1666=CARTESIAN_POINT('',(-52.5753571069057,-25.4158264073944,8.29249274766003));
#1667=CARTESIAN_POINT('',(-52.5807386253333,-25.4321465783746,8.29287309455002));
#1668=CARTESIAN_POINT('',(-52.5918451257352,-25.4650787396692,8.28944109943316));
#1669=CARTESIAN_POINT('',(-52.6031750570548,-25.4962626789769,8.27808204890889));
#1670=CARTESIAN_POINT('',(-52.6088700824868,-25.5110303623526,8.27055916995317));
#1671=CARTESIAN_POINT('',(-52.6161530226972,-25.3609275891964,8.30454863851374));
#1672=CARTESIAN_POINT('',(-52.6278268890013,-25.3776000150099,8.30949283658651));
#1673=CARTESIAN_POINT('',(-52.6536761490352,-25.4112972046494,8.31328497751459));
#1674=CARTESIAN_POINT('',(-52.6818793885882,-25.4420631964384,8.30450600019974));
#1675=CARTESIAN_POINT('',(-52.6960155616817,-25.4560371372331,8.29712451790783));
#1676=CARTESIAN_POINT('',(-52.6506123128783,-25.2906231861725,8.32002185593816));
#1677=CARTESIAN_POINT('',(-52.6667420592436,-25.3077662538757,8.33066454170232));
#1678=CARTESIAN_POINT('',(-52.7044860398306,-25.3424853130668,8.34372100644312));
#1679=CARTESIAN_POINT('',(-52.7476738961147,-25.3726835732708,8.33833719723505));
#1680=CARTESIAN_POINT('',(-52.7692798435085,-25.385609377731,8.33114486244846));
#1681=CARTESIAN_POINT('',(-52.6955666890575,-25.1415515583984,8.35292572404172));
#1682=CARTESIAN_POINT('',(-52.714921528456,-25.1597460120928,8.37524655469274));
#1683=CARTESIAN_POINT('',(-52.7665066137573,-25.1967471113435,8.40798662462449));
#1684=CARTESIAN_POINT('',(-52.8314448163905,-25.2256527186169,8.41005066362709));
#1685=CARTESIAN_POINT('',(-52.8638173034173,-25.236269460483,8.40328150738596));
#1686=CARTESIAN_POINT('',(-52.7237153676648,-24.9507014301182,8.39561857918095));
#1687=CARTESIAN_POINT('',(-52.7385120848508,-24.9706029959137,8.4304640272759));
#1688=CARTESIAN_POINT('',(-52.7938174805011,-25.0113025131038,8.48851896815538));
#1689=CARTESIAN_POINT('',(-52.8784623117139,-25.0379434183092,8.50171640650429));
#1690=CARTESIAN_POINT('',(-52.9204136957302,-25.0450337645571,8.49563982024319));
#1691=CARTESIAN_POINT('',(-52.7334422782618,-24.8409990384249,8.42050043925706));
#1692=CARTESIAN_POINT('',(-52.7433589073775,-24.8621701474848,8.46107320506368));
#1693=CARTESIAN_POINT('',(-52.7969516843136,-24.9056106818383,8.53358426163265));
#1694=CARTESIAN_POINT('',(-52.8918285907683,-24.930445780341,8.55428558764299));
#1695=CARTESIAN_POINT('',(-52.938699759447,-24.9350825918317,8.54873112615453));
#1696=EDGE_LOOP('',(#5060,#5061,#5062));
#1697=AXIS2_PLACEMENT_3D('',#5063,#5064,#5065);
#1698=EDGE_LOOP('',(#5066,#5067,#5068,#5069,#5070));
#1699=CARTESIAN_POINT('',(-52.7454894366561,-25.0235627668757,8.47573332782948));
#1700=CARTESIAN_POINT('',(-52.7449457406358,-24.9985775672372,8.47777787362643));
#1701=CARTESIAN_POINT('',(-52.7513359869257,-24.9585121825662,8.48045711986003));
#1702=CARTESIAN_POINT('',(-52.7773125838405,-24.9085434048958,8.48235771095011));
#1703=CARTESIAN_POINT('',(-52.8034337645986,-24.8764105793448,8.4828332104603));
#1704=CARTESIAN_POINT('',(-52.8355653187065,-24.8502876480618,8.48235795006778));
#1705=CARTESIAN_POINT('',(-52.8840839680532,-24.8250617564798,8.48051276636687));
#1706=CARTESIAN_POINT('',(-52.9225443180309,-24.8184232555125,8.4779812042087));
#1707=CARTESIAN_POINT('',(-52.9463830632511,-24.8184139137941,8.47607400706584));
#1708=CARTESIAN_POINT('',(-52.7432167953251,-25.019100053758,8.4466163031386));
#1709=CARTESIAN_POINT('',(-52.7430878754645,-24.9945696436108,8.45248712370568));
#1710=CARTESIAN_POINT('',(-52.7499730031663,-24.9553329031021,8.46027420714579));
#1711=CARTESIAN_POINT('',(-52.7759809685499,-24.9063699599578,8.46584118635431));
#1712=CARTESIAN_POINT('',(-52.8018154459077,-24.8747921503338,8.46723774230217));
#1713=CARTESIAN_POINT('',(-52.8333920413676,-24.8489559990008,8.46584188817532));
#1714=CARTESIAN_POINT('',(-52.8809340647211,-24.8236997539496,8.46043719566618));
#1715=CARTESIAN_POINT('',(-52.9185997240925,-24.8166025964758,8.45307813241896));
#1716=CARTESIAN_POINT('',(-52.9419976119292,-24.8162100617987,8.44759513703977));
#1717=CARTESIAN_POINT('',(-52.7297151673081,-24.9929929827218,8.40391635448554));
#1718=CARTESIAN_POINT('',(-52.7332252964769,-24.9717190728724,8.4134440632665));
#1719=CARTESIAN_POINT('',(-52.7443554551628,-24.9383114278204,8.42555801319436));
#1720=CARTESIAN_POINT('',(-52.7711456495825,-24.8961741523928,8.43397135481765));
#1721=CARTESIAN_POINT('',(-52.7952724227486,-24.8682484221128,8.43606024769409));
#1722=CARTESIAN_POINT('',(-52.8231973562509,-24.8441205301968,8.43397240727823));
#1723=CARTESIAN_POINT('',(-52.8641119645694,-24.8181055312384,8.42580436220684));
#1724=CARTESIAN_POINT('',(-52.8961943764926,-24.8070597510953,8.41436323614072));
#1725=CARTESIAN_POINT('',(-52.9164430990111,-24.803311388726,8.40550160628051));
#1726=CARTESIAN_POINT('',(-52.6963437971245,-24.9264570367189,8.3588283333506));
#1727=CARTESIAN_POINT('',(-52.7030606748014,-24.9103911285522,8.3672431029064));
#1728=CARTESIAN_POINT('',(-52.7164902641355,-24.8858048440695,8.37733030112247));
#1729=CARTESIAN_POINT('',(-52.7404037800519,-24.8544131119398,8.38410718360864));
#1730=CARTESIAN_POINT('',(-52.7600053338544,-24.8329799048608,8.38576858551464));
#1731=CARTESIAN_POINT('',(-52.7814381579412,-24.8133778079438,8.38410802342995));
#1732=CARTESIAN_POINT('',(-52.8119191604956,-24.7901569519465,8.37752875703784));
#1733=CARTESIAN_POINT('',(-52.8355407087153,-24.7770647940053,8.36800828926594));
#1734=CARTESIAN_POINT('',(-52.8507877173989,-24.7704621749024,8.36022457202324));
#1735=CARTESIAN_POINT('',(-52.6691266323385,-24.8715888935395,8.33347898236793));
#1736=CARTESIAN_POINT('',(-52.6768519722814,-24.8592034660199,8.3398380214197));
#1737=CARTESIAN_POINT('',(-52.6901501391944,-24.8405587648487,8.34717061848692));
#1738=CARTESIAN_POINT('',(-52.7107305009726,-24.8164660462598,8.35199996215165));
#1739=CARTESIAN_POINT('',(-52.7266849487679,-24.7996584541488,8.35317427094986));
#1740=CARTESIAN_POINT('',(-52.7434923639757,-24.7837037509368,8.3520005570441));
#1741=CARTESIAN_POINT('',(-52.7668861959627,-24.7637198428943,8.34731205247803));
#1742=CARTESIAN_POINT('',(-52.7848072925781,-24.7508426407459,8.34039416863817));
#1743=CARTESIAN_POINT('',(-52.7965400323267,-24.7434037619103,8.33453229912364));
#1744=CARTESIAN_POINT('',(-52.6388235803948,-24.8098626172278,8.31431783346594));
#1745=CARTESIAN_POINT('',(-52.6459201866778,-24.8008892772921,8.31816233888027));
#1746=CARTESIAN_POINT('',(-52.6571389785756,-24.7875824390148,8.32245401700833));
#1747=CARTESIAN_POINT('',(-52.6731042387073,-24.7702645227678,8.3252380647144));
#1748=CARTESIAN_POINT('',(-52.6850349269641,-24.7580073339938,8.3259105099274));
#1749=CARTESIAN_POINT('',(-52.697292047718,-24.7460765480228,8.3252384059903));
#1750=CARTESIAN_POINT('',(-52.7141076425459,-24.7305741581961,8.32253555629867));
#1751=CARTESIAN_POINT('',(-52.72690144976,-24.7197496631582,8.31848780970719));
#1752=CARTESIAN_POINT('',(-52.7353879103427,-24.7129878998926,8.31495375433111));
#1753=CARTESIAN_POINT('',(-52.6071625408846,-24.7449299540252,8.30125018894585));
#1754=CARTESIAN_POINT('',(-52.6124697922665,-24.7392180880333,8.30287385887111));
#1755=CARTESIAN_POINT('',(-52.6204237370729,-24.7308253413219,8.30464502156018));
#1756=CARTESIAN_POINT('',(-52.6311504969275,-24.7198174820218,8.3057825941607));
#1757=CARTESIAN_POINT('',(-52.6389645822019,-24.7119359056508,8.30605606266559));
#1758=CARTESIAN_POINT('',(-52.6468461447167,-24.7041217999228,8.3057827331318));
#1759=CARTESIAN_POINT('',(-52.6575347336942,-24.6937061114543,8.30467834009235));
#1760=CARTESIAN_POINT('',(-52.665606282903,-24.6860483225526,8.30300817052689));
#1761=CARTESIAN_POINT('',(-52.671002879069,-24.6810227690785,8.301518501545));
#1762=CARTESIAN_POINT('',(-52.5757800497915,-24.6802683857254,8.29411335853272));
#1763=CARTESIAN_POINT('',(-52.5785187544415,-24.6775404426361,8.29441376847123));
#1764=CARTESIAN_POINT('',(-52.5825175412591,-24.6735531991689,8.29473744317204));
#1765=CARTESIAN_POINT('',(-52.5877736255528,-24.6683044602868,8.29494427943));
#1766=CARTESIAN_POINT('',(-52.5915547781485,-24.6645250661768,8.2949938768512));
#1767=CARTESIAN_POINT('',(-52.5953341726758,-24.6607439140578,8.2949443046522));
#1768=CARTESIAN_POINT('',(-52.6004306830635,-24.6556402725128,8.29474350134865));
#1769=CARTESIAN_POINT('',(-52.6042658631735,-24.6517942092066,8.29443831269543));
#1770=CARTESIAN_POINT('',(-52.6068417771436,-24.6492084355016,8.29416297627926));
#1771=CARTESIAN_POINT('',(-52.5557699001163,-24.6389552878138,8.29271123805098));
#1772=CARTESIAN_POINT('',(-52.556651954438,-24.6380660795369,8.2927079703615));
#1773=CARTESIAN_POINT('',(-52.5579422150233,-24.636768083941,8.29270443726454));
#1774=CARTESIAN_POINT('',(-52.5596423649545,-24.6350629841058,8.2927021763128));
#1775=CARTESIAN_POINT('',(-52.5608672614345,-24.6338368998348,8.2927016337692));
#1776=CARTESIAN_POINT('',(-52.5620933454034,-24.6326120030538,8.2927021760369));
#1777=CARTESIAN_POINT('',(-52.5637489918818,-24.6309611621012,8.29270437104224));
#1778=CARTESIAN_POINT('',(-52.5649973855256,-24.6297200618987,8.29270770244449));
#1779=CARTESIAN_POINT('',(-52.5658369150272,-24.6288870911377,8.29271069825981));
#1780=CARTESIAN_POINT('',(-52.546171720501,-24.6191410472808,8.2927104924816));
#1781=CARTESIAN_POINT('',(-52.546171720501,-24.6191410472808,8.2927104924816));
#1782=CARTESIAN_POINT('',(-52.546171720501,-24.6191410472808,8.2927104924816));
#1783=CARTESIAN_POINT('',(-52.546171720501,-24.6191410472808,8.2927104924816));
#1784=CARTESIAN_POINT('',(-52.546171720501,-24.6191410472808,8.2927104924816));
#1785=CARTESIAN_POINT('',(-52.546171720501,-24.6191410472808,8.2927104924816));
#1786=CARTESIAN_POINT('',(-52.546171720501,-24.6191410472808,8.2927104924816));
#1787=CARTESIAN_POINT('',(-52.546171720501,-24.6191410472808,8.2927104924816));
#1788=CARTESIAN_POINT('',(-52.546171720501,-24.6191410472808,8.2927104924816));
#1789=EDGE_LOOP('',(#5071,#5072,#5073,#5074));
#1790=AXIS2_PLACEMENT_3D('',#5075,#5076,#5077);
#1791=EDGE_LOOP('',(#5078,#5079,#5080,#5081,#5082));
#1792=CARTESIAN_POINT('',(-53.2455910986411,-24.8181330072446,8.4727371425092));
#1793=CARTESIAN_POINT('',(-53.2696285865967,-24.8180783343465,8.4750825591942));
#1794=CARTESIAN_POINT('',(-53.3083372881435,-24.824729048552,8.47819416769663));
#1795=CARTESIAN_POINT('',(-53.3570474709639,-24.8501265358864,8.48045226708341));
#1796=CARTESIAN_POINT('',(-53.3891072017786,-24.8762128340717,8.4810304349606));
#1797=CARTESIAN_POINT('',(-53.4151918073945,-24.9082737940157,8.48045198424054));
#1798=CARTESIAN_POINT('',(-53.4409462835449,-24.9576746258502,8.47816156541536));
#1799=CARTESIAN_POINT('',(-53.4474806132413,-24.9971468621798,8.47496448105603));
#1800=CARTESIAN_POINT('',(-53.4471645780592,-25.0217313541978,8.47254000308053));
#1801=CARTESIAN_POINT('',(-53.2508340486825,-24.8154862927997,8.44511234400403));
#1802=CARTESIAN_POINT('',(-53.2743142413754,-24.8159519192292,8.45086283327959));
#1803=CARTESIAN_POINT('',(-53.3120214792318,-24.8232203166594,8.45853384153351));
#1804=CARTESIAN_POINT('',(-53.3595162446973,-24.8486817736253,8.46412098625905));
#1805=CARTESIAN_POINT('',(-53.3908952664672,-24.8744246387337,8.4655533705268));
#1806=CARTESIAN_POINT('',(-53.4166365326605,-24.9058048194694,8.46412028575389));
#1807=CARTESIAN_POINT('',(-53.4424560170177,-24.9539729760598,8.45845317688544));
#1808=CARTESIAN_POINT('',(-53.4496305790662,-24.9924233640862,8.45057174665837));
#1809=CARTESIAN_POINT('',(-53.4498551382123,-25.0164419764726,8.44462906469994));
#1810=CARTESIAN_POINT('',(-53.2764842874048,-24.8024791246339,8.40421111137255));
#1811=CARTESIAN_POINT('',(-53.2968564509619,-24.8062405931522,8.41319618829711));
#1812=CARTESIAN_POINT('',(-53.3290524437899,-24.8173514265162,8.42474347315723));
#1813=CARTESIAN_POINT('',(-53.3700172826727,-24.8434789724245,8.43293194693739));
#1814=CARTESIAN_POINT('',(-53.3978067921116,-24.8675124356486,8.43501089007776));
#1815=CARTESIAN_POINT('',(-53.4218391790521,-24.8953027115434,8.43293092775329));
#1816=CARTESIAN_POINT('',(-53.4483349436566,-24.9368481960948,8.42462522786326));
#1817=CARTESIAN_POINT('',(-53.4594883469594,-24.9696728457121,8.41275790493294));
#1818=CARTESIAN_POINT('',(-53.463140161524,-24.9905326948423,8.40345529417796));
#1819=CARTESIAN_POINT('',(-53.3409606407095,-24.7702054553303,8.35991991112977));
#1820=CARTESIAN_POINT('',(-53.3563895018811,-24.7768361319587,8.36784140711849));
#1821=CARTESIAN_POINT('',(-53.3802235118133,-24.7900040166828,8.37748540961169));
#1822=CARTESIAN_POINT('',(-53.410905186618,-24.8133777263878,8.38410800992925));
#1823=CARTESIAN_POINT('',(-53.432338035527,-24.8329798321658,8.38576858648959));
#1824=CARTESIAN_POINT('',(-53.4519396131357,-24.8544130535278,8.38410719321828));
#1825=CARTESIAN_POINT('',(-53.4756434166276,-24.8855294793318,8.37738975298047));
#1826=CARTESIAN_POINT('',(-53.4889721916723,-24.9098237935876,8.36747525145898));
#1827=CARTESIAN_POINT('',(-53.4956577583739,-24.9256436916185,8.35925270570091));
#1828=CARTESIAN_POINT('',(-53.395345397906,-24.743113887674,8.33430277442484));
#1829=CARTESIAN_POINT('',(-53.4072226554714,-24.750617565886,8.3402729007643));
#1830=CARTESIAN_POINT('',(-53.4253031582566,-24.763588222505,8.34728116213886));
#1831=CARTESIAN_POINT('',(-53.448851002271,-24.7837036831268,8.35200054748618));
#1832=CARTESIAN_POINT('',(-53.4656584349885,-24.7996583964038,8.35317427163778));
#1833=CARTESIAN_POINT('',(-53.4816128998771,-24.8164660011558,8.35199996896405));
#1834=CARTESIAN_POINT('',(-53.5020127767012,-24.8403474266426,8.34721298519524));
#1835=CARTESIAN_POINT('',(-53.515184246301,-24.858773205423,8.3400067654764));
#1836=CARTESIAN_POINT('',(-53.5228248465894,-24.8709620536814,8.33379951209062));
#1837=CARTESIAN_POINT('',(-53.4566241868628,-24.7127241102448,8.31481533425743));
#1838=CARTESIAN_POINT('',(-53.4652181960287,-24.7195603906093,8.31841685166794));
#1839=CARTESIAN_POINT('',(-53.4781250406142,-24.7304720524837,8.32251774842017));
#1840=CARTESIAN_POINT('',(-53.4950513391965,-24.7460764965968,8.3252384005098));
#1841=CARTESIAN_POINT('',(-53.5073084717507,-24.7580072915158,8.32591051032069));
#1842=CARTESIAN_POINT('',(-53.5192391716444,-24.7702644902178,8.32523806862519));
#1843=CARTESIAN_POINT('',(-53.5350644186593,-24.7874305286847,8.32247844085992));
#1844=CARTESIAN_POINT('',(-53.5461642118427,-24.8005821851163,8.31826109847667));
#1845=CARTESIAN_POINT('',(-53.5531603802483,-24.8094085834873,8.3145115351909));
#1846=CARTESIAN_POINT('',(-53.5211298361805,-24.6808265799859,8.30146014258382));
#1847=CARTESIAN_POINT('',(-53.526595971287,-24.6859143892827,8.30297889132811));
#1848=CARTESIAN_POINT('',(-53.5347383059452,-24.6936375081192,8.30467106371395));
#1849=CARTESIAN_POINT('',(-53.5454972617177,-24.7041217659058,8.30578273090089));
#1850=CARTESIAN_POINT('',(-53.5533788313466,-24.7119358781578,8.30605606282539));
#1851=CARTESIAN_POINT('',(-53.5611929237079,-24.7198174612618,8.30578259575409));
#1852=CARTESIAN_POINT('',(-53.5718256106717,-24.7307287820349,8.30465500125305));
#1853=CARTESIAN_POINT('',(-53.5796900514772,-24.7390243934678,8.30291461553553));
#1854=CARTESIAN_POINT('',(-53.5849123142072,-24.7446409894594,8.30133197201896));
#1855=CARTESIAN_POINT('',(-53.5854010737929,-24.6491074591139,8.29415218855236));
#1856=CARTESIAN_POINT('',(-53.5880104942,-24.6517269347844,8.29443296246801));
#1857=CARTESIAN_POINT('',(-53.5918791893678,-24.6556066569578,8.29474217833856));
#1858=CARTESIAN_POINT('',(-53.5970092518001,-24.6607438975178,8.29494430424739));
#1859=CARTESIAN_POINT('',(-53.6007886496267,-24.6645250529508,8.2949938768801));
#1860=CARTESIAN_POINT('',(-53.604569805524,-24.6683044503718,8.29494427971929));
#1861=CARTESIAN_POINT('',(-53.6097797941801,-24.6735071580455,8.29473925770563));
#1862=CARTESIAN_POINT('',(-53.613732398181,-24.6774484198761,8.29442121652652));
#1863=CARTESIAN_POINT('',(-53.6164248542229,-24.6801303906762,8.29412848762979));
#1864=CARTESIAN_POINT('',(-53.6264737416149,-24.6288545637423,8.29271081563269));
#1865=CARTESIAN_POINT('',(-53.6273242188174,-24.6296983531002,8.29270776084678));
#1866=CARTESIAN_POINT('',(-53.6285835440665,-24.6309502887096,8.29270438550417));
#1867=CARTESIAN_POINT('',(-53.6302500902341,-24.6326119976988,8.2927021760413));
#1868=CARTESIAN_POINT('',(-53.6314761752801,-24.6338368955468,8.2927016337689));
#1869=CARTESIAN_POINT('',(-53.6327010728352,-24.6350629808868,8.2927021763096));
#1870=CARTESIAN_POINT('',(-53.6343863125288,-24.6367531270663,8.29270441742963));
#1871=CARTESIAN_POINT('',(-53.6356617080933,-24.6380361230765,8.29270788906131));
#1872=CARTESIAN_POINT('',(-53.6365289209086,-24.6389103075371,8.29271107347801));
#1873=CARTESIAN_POINT('',(-53.646171720501,-24.6191410472808,8.2927104924816));
#1874=CARTESIAN_POINT('',(-53.646171720501,-24.6191410472808,8.2927104924816));
#1875=CARTESIAN_POINT('',(-53.646171720501,-24.6191410472808,8.2927104924816));
#1876=CARTESIAN_POINT('',(-53.646171720501,-24.6191410472808,8.2927104924816));
#1877=CARTESIAN_POINT('',(-53.646171720501,-24.6191410472808,8.2927104924816));
#1878=CARTESIAN_POINT('',(-53.646171720501,-24.6191410472808,8.2927104924816));
#1879=CARTESIAN_POINT('',(-53.646171720501,-24.6191410472808,8.2927104924816));
#1880=CARTESIAN_POINT('',(-53.646171720501,-24.6191410472808,8.2927104924816));
#1881=CARTESIAN_POINT('',(-53.646171720501,-24.6191410472808,8.2927104924816));
#1882=EDGE_LOOP('',(#5083,#5084,#5085));
#1883=CARTESIAN_POINT('',(-53.4687316477581,-24.9740211927668,8.40043362330515));
#1884=CARTESIAN_POINT('',(-53.4687316477581,-24.9740211927668,8.40043362330515));
#1885=CARTESIAN_POINT('',(-53.4687316477581,-24.9740211927668,8.40043362330515));
#1886=CARTESIAN_POINT('',(-53.4687316477581,-24.9740211927668,8.40043362330515));
#1887=CARTESIAN_POINT('',(-53.4687316477581,-24.9740211927668,8.40043362330515));
#1888=CARTESIAN_POINT('',(-53.4687316477581,-24.9740211927668,8.40043362330515));
#1889=CARTESIAN_POINT('',(-53.4687316477581,-24.9740211927668,8.40043362330515));
#1890=CARTESIAN_POINT('',(-53.4687316477581,-24.9740211927668,8.40043362330515));
#1891=CARTESIAN_POINT('',(-53.4687316477581,-24.9740211927668,8.40043362330515));
#1892=CARTESIAN_POINT('',(-53.4687316477581,-24.9740211927668,8.40043362330515));
#1893=CARTESIAN_POINT('',(-53.4687316477581,-24.9740211927668,8.40043362330515));
#1894=CARTESIAN_POINT('',(-53.4595709320536,-24.9739810104406,8.41804885500686));
#1895=CARTESIAN_POINT('',(-53.4596734413691,-24.9733503272592,8.41785169699208));
#1896=CARTESIAN_POINT('',(-53.4598775461713,-24.972108079252,8.41745914994548));
#1897=CARTESIAN_POINT('',(-53.4601878807015,-24.9702586596278,8.41686232854012));
#1898=CARTESIAN_POINT('',(-53.4605007904779,-24.9684316659628,8.41626058644158));
#1899=CARTESIAN_POINT('',(-53.4608191687132,-24.9666098563348,8.41564835955372));
#1900=CARTESIAN_POINT('',(-53.4611430154073,-24.9647932307438,8.41502564787654));
#1901=CARTESIAN_POINT('',(-53.4614723305602,-24.9629817891898,8.41439245141005));
#1902=CARTESIAN_POINT('',(-53.4618131832844,-24.9611427869993,8.4137371012022));
#1903=CARTESIAN_POINT('',(-53.4620462880759,-24.9599095171854,8.41328893623857));
#1904=CARTESIAN_POINT('',(-53.4621669391833,-24.9592775187491,8.41305697895326));
#1905=CARTESIAN_POINT('',(-53.4381036470452,-24.973091081803,8.4506587655996));
#1906=CARTESIAN_POINT('',(-53.4387075940889,-24.9712299853713,8.45010916451104));
#1907=CARTESIAN_POINT('',(-53.439825427743,-24.9675587883446,8.44898514914091));
#1908=CARTESIAN_POINT('',(-53.4412862375031,-24.9620780856678,8.44719337334628));
#1909=CARTESIAN_POINT('',(-53.442535449777,-24.9566492288758,8.44530878102896));
#1910=CARTESIAN_POINT('',(-53.4435896931198,-24.9512213112998,8.4433148214469));
#1911=CARTESIAN_POINT('',(-53.4444499187913,-24.9457944525908,8.44121097493279));
#1912=CARTESIAN_POINT('',(-53.4451151607169,-24.9403684702948,8.43899609195742));
#1913=CARTESIAN_POINT('',(-53.4455908245238,-24.934844516298,8.43662575537636));
#1914=CARTESIAN_POINT('',(-53.4457675012917,-24.9311291945927,8.43494908018081));
#1915=CARTESIAN_POINT('',(-53.4458187660369,-24.929222646,8.43406571023117));
#1916=CARTESIAN_POINT('',(-53.40269486116,-24.9702762371225,8.48490110757947));
#1917=CARTESIAN_POINT('',(-53.4043584700397,-24.9670273676413,8.48448777733873));
#1918=CARTESIAN_POINT('',(-53.4074201611926,-24.9604750765582,8.48338522498157));
#1919=CARTESIAN_POINT('',(-53.41124576805,-24.9504078796918,8.48089853831073));
#1920=CARTESIAN_POINT('',(-53.414232799744,-24.9402961499328,8.47763779507449));
#1921=CARTESIAN_POINT('',(-53.4163622477244,-24.9301888198038,8.47361932234376));
#1922=CARTESIAN_POINT('',(-53.4175994225452,-24.9202297098538,8.46889606994853));
#1923=CARTESIAN_POINT('',(-53.4179298598124,-24.9105617801398,8.46353345258482));
#1924=CARTESIAN_POINT('',(-53.4173497121331,-24.9011572052849,8.45750200120116));
#1925=CARTESIAN_POINT('',(-53.4163462990896,-24.8952278718047,8.4531141195297));
#1926=CARTESIAN_POINT('',(-53.4156797707191,-24.8923124053608,8.45079494432277));
#1927=CARTESIAN_POINT('',(-53.3729155107097,-24.9676105104635,8.50533149043179));
#1928=CARTESIAN_POINT('',(-53.3752519764479,-24.9634934342155,8.50548257624523));
#1929=CARTESIAN_POINT('',(-53.3796319981459,-24.9550011858186,8.50524366471946));
#1930=CARTESIAN_POINT('',(-53.3851953065218,-24.9415378609738,8.50314333448256));
#1931=CARTESIAN_POINT('',(-53.389492254002,-24.9278139078228,8.49929573580235));
#1932=CARTESIAN_POINT('',(-53.3923731223598,-24.9141399693748,8.49372709089961));
#1933=CARTESIAN_POINT('',(-53.3937209542358,-24.9009670695728,8.48659489325294));
#1934=CARTESIAN_POINT('',(-53.393517614779,-24.8887149674908,8.47815468875773));
#1935=CARTESIAN_POINT('',(-53.3918126782449,-24.8775314026085,8.46856127504578));
#1936=CARTESIAN_POINT('',(-53.3897460412833,-24.8710730441548,8.46167067729842));
#1937=CARTESIAN_POINT('',(-53.3884862057069,-24.8680640687326,8.45808817978224));
#1938=CARTESIAN_POINT('',(-53.3542061868189,-24.9660483872002,8.51547667128743));
#1939=CARTESIAN_POINT('',(-53.3567954434316,-24.961467215919,8.51609925070689));
#1940=CARTESIAN_POINT('',(-53.361711062497,-24.9518972743216,8.51665105228215));
#1941=CARTESIAN_POINT('',(-53.3680593505073,-24.9364481154148,8.51513781494594));
#1942=CARTESIAN_POINT('',(-53.3729894995479,-24.9205686535168,8.51117114074335));
#1943=CARTESIAN_POINT('',(-53.3762470537997,-24.9047927003858,8.50475330813877));
#1944=CARTESIAN_POINT('',(-53.3776505278795,-24.8898283345558,8.49612003896301));
#1945=CARTESIAN_POINT('',(-53.37718175668,-24.8763119791228,8.48569979365059));
#1946=CARTESIAN_POINT('',(-53.3749422622814,-24.864511730883,8.47383523215752));
#1947=CARTESIAN_POINT('',(-53.372405637266,-24.8581207654907,8.46540496382146));
#1948=CARTESIAN_POINT('',(-53.370897833587,-24.8552606092547,8.46106710543013));
#1949=CARTESIAN_POINT('',(-53.3343321538324,-24.9645043243834,8.52446136412464));
#1950=CARTESIAN_POINT('',(-53.3370449769569,-24.9594820449273,8.52564333013807));
#1951=CARTESIAN_POINT('',(-53.3422680201809,-24.9488613660034,8.52717091403547));
#1952=CARTESIAN_POINT('',(-53.3491557744178,-24.9314087749138,8.52649338737772));
#1953=CARTESIAN_POINT('',(-53.3545705299879,-24.9133255914808,8.52256933282158));
#1954=CARTESIAN_POINT('',(-53.3581432615542,-24.8954204220118,8.51534768964435));
#1955=CARTESIAN_POINT('',(-53.3596201356751,-24.8787162327778,8.50515194158496));
#1956=CARTESIAN_POINT('',(-53.3589811856179,-24.8641031519218,8.49263069603725));
#1957=CARTESIAN_POINT('',(-53.3563865056916,-24.851973143906,8.47837579167794));
#1958=CARTESIAN_POINT('',(-53.3535587973796,-24.8458954005888,8.46836592753366));
#1959=CARTESIAN_POINT('',(-53.3519089243123,-24.8433127221136,8.46326803657822));
#1960=CARTESIAN_POINT('',(-53.3047254179055,-24.9625619403795,8.53401494344902));
#1961=CARTESIAN_POINT('',(-53.3072802839563,-24.9569773455772,8.53616018357464));
#1962=CARTESIAN_POINT('',(-53.3123261167076,-24.9449708573477,8.53945929841925));
#1963=CARTESIAN_POINT('',(-53.3192745321039,-24.9247469830068,8.54056314446325));
#1964=CARTESIAN_POINT('',(-53.324928446258,-24.9035641084608,8.53715701799852));
#1965=CARTESIAN_POINT('',(-53.3287595193392,-24.8827250462768,8.52902028186628));
#1966=CARTESIAN_POINT('',(-53.3304049206101,-24.8638162497758,8.5166048615825));
#1967=CARTESIAN_POINT('',(-53.3298345615681,-24.8481463219128,8.50097474534977));
#1968=CARTESIAN_POINT('',(-53.3272905210708,-24.8362544008,8.48321490248254));
#1969=CARTESIAN_POINT('',(-53.3245676497313,-24.8311454903568,8.47097457526325));
#1970=CARTESIAN_POINT('',(-53.3230094788045,-24.8292102976554,8.46483367312572));
#1971=CARTESIAN_POINT('',(-53.2774693750073,-24.9615825340126,8.5368454105855));
#1972=CARTESIAN_POINT('',(-53.2791536106711,-24.9556420252738,8.5397048300342));
#1973=CARTESIAN_POINT('',(-53.2825944604871,-24.9427298502837,8.54440427038251));
#1974=CARTESIAN_POINT('',(-53.2877076677564,-24.9205894530188,8.547147973453));
#1975=CARTESIAN_POINT('',(-53.2922667156029,-24.8972128876858,8.54449360708059));
#1976=CARTESIAN_POINT('',(-53.2958133780683,-24.8743546843458,8.53597331884955));
#1977=CARTESIAN_POINT('',(-53.2979750982372,-24.8541180489668,8.52210929032968));
#1978=CARTESIAN_POINT('',(-53.2986340705924,-24.8381406620078,8.50435757069145));
#1979=CARTESIAN_POINT('',(-53.2979255498964,-24.8269830787926,8.48428360174583));
#1980=CARTESIAN_POINT('',(-53.2967219476722,-24.8229088452326,8.47068078404909));
#1981=CARTESIAN_POINT('',(-53.2959844933759,-24.8215766306567,8.46393548667502));
#1982=CARTESIAN_POINT('',(-53.2616537592493,-24.9613761490895,8.53624222902461));
#1983=CARTESIAN_POINT('',(-53.2625869970273,-24.9553027996315,8.53932562365281));
#1984=CARTESIAN_POINT('',(-53.2645871159796,-24.9420542860893,8.54447724936342));
#1985=CARTESIAN_POINT('',(-53.2679116201489,-24.9192017699478,8.54778656781439));
#1986=CARTESIAN_POINT('',(-53.2712999272504,-24.8950098679828,8.54543022920419));
#1987=CARTESIAN_POINT('',(-53.2744654406246,-24.8714091438848,8.53684220939872));
#1988=CARTESIAN_POINT('',(-53.2770926600854,-24.8507041911078,8.52256284457101));
#1989=CARTESIAN_POINT('',(-53.2789668535769,-24.8346526716998,8.50418742953519));
#1990=CARTESIAN_POINT('',(-53.2800473428287,-24.8238081893606,8.48345244408617));
#1991=CARTESIAN_POINT('',(-53.2802580605868,-24.8201334670422,8.46948519561717));
#1992=CARTESIAN_POINT('',(-53.28026086126,-24.8190285962912,8.46258612624239));
#1993=EDGE_LOOP('',(#5086,#5087,#5088,#5089));
#1995=CARTESIAN_POINT('',(-53.2819190682476,-24.8197253009985,8.46512560989438));
#1996=CARTESIAN_POINT('',(-53.284848737923,-24.8333641717292,8.53529720697865));
#1997=CARTESIAN_POINT('',(-53.2779532495322,-24.8967936240742,8.56766731954448));
#1998=CARTESIAN_POINT('',(-53.2666272748401,-24.9603895269145,8.53691079064937));
#1999=CARTESIAN_POINT('',(-53.2841956770889,-24.8201131997608,8.46528250212348));
#2000=CARTESIAN_POINT('',(-53.2872910189429,-24.8339724587645,8.53523051183268));
#2001=CARTESIAN_POINT('',(-53.27990240872,-24.8972301241074,8.56745621748936));
#2002=CARTESIAN_POINT('',(-53.2677914930049,-24.9605575750209,8.53682951848951));
#2003=CARTESIAN_POINT('',(-53.2864631695078,-24.8205391982475,8.46543163023671));
#2004=CARTESIAN_POINT('',(-53.2897152103985,-24.834624981258,8.5351486916959));
#2005=CARTESIAN_POINT('',(-53.2818373561079,-24.8977002167913,8.56722886920923));
#2006=CARTESIAN_POINT('',(-53.268952144568,-24.9607436560889,8.53673952515021));
#2007=CARTESIAN_POINT('',(-53.2887215505879,-24.8210030138498,8.46557306931909));
#2008=CARTESIAN_POINT('',(-53.2921211233715,-24.8353212538471,8.53505186163818));
#2009=CARTESIAN_POINT('',(-53.2837579370232,-24.8982035963714,8.56698542257493));
#2010=CARTESIAN_POINT('',(-53.270109251592,-24.9609476581426,8.53664086478549));
#2017=EDGE_LOOP('',(#5090,#5091,#5092,#5093,#5094));
#2019=CARTESIAN_POINT('',(-53.2412856157017,-24.817115239402,8.46267448629088));
#2020=CARTESIAN_POINT('',(-53.2402109392157,-24.8284897293705,8.53576704738811));
#2021=CARTESIAN_POINT('',(-53.2424144753932,-24.8940974076294,8.56971316235922));
#2022=CARTESIAN_POINT('',(-53.2460839817914,-24.9601805027193,8.53700727733789));
#2023=CARTESIAN_POINT('',(-53.2583043987925,-24.8165369197187,8.46416808885807));
#2024=CARTESIAN_POINT('',(-53.2591081011999,-24.8285653418895,8.53655075209999));
#2025=CARTESIAN_POINT('',(-53.2574141206657,-24.8939849515451,8.56975820097418));
#2026=CARTESIAN_POINT('',(-53.2545997984442,-24.9598003468918,8.53719116864959));
#2027=CARTESIAN_POINT('',(-53.2750901123743,-24.8180420183108,8.46504481092339));
#2028=CARTESIAN_POINT('',(-53.2775030008344,-24.8311498647223,8.53637156266734));
#2029=CARTESIAN_POINT('',(-53.2720200069804,-24.8958054046473,8.5688655820578));
#2030=CARTESIAN_POINT('',(-53.2630316797616,-24.9604214994163,8.53689081530008));
#2031=CARTESIAN_POINT('',(-53.2916152019478,-24.8215487387676,8.4653983134335));
#2032=CARTESIAN_POINT('',(-53.2952905474814,-24.8360734528591,8.53533191146824));
#2033=CARTESIAN_POINT('',(-53.2861523506015,-24.8994143808943,8.5671049017968));
#2034=CARTESIAN_POINT('',(-53.2713775610081,-24.9620007516797,8.53612711576458));
#2041=EDGE_LOOP('',(#5095,#5096,#5097));
#2043=CARTESIAN_POINT('',(-53.2498998608471,-24.8169972185676,8.46336127683985));
#2044=CARTESIAN_POINT('',(-53.2607690209474,-24.8172092892229,8.46501081576916));
#2045=CARTESIAN_POINT('',(-53.2717184587501,-24.8183160977457,8.46652757193045));
#2046=CARTESIAN_POINT('',(-53.2826648042943,-24.8203643360831,8.46789105049143));
#2047=CARTESIAN_POINT('',(-53.2500501516472,-24.8168399824927,8.46239251228772));
#2048=CARTESIAN_POINT('',(-53.2609130340974,-24.8170562263374,8.46406762403709));
#2049=CARTESIAN_POINT('',(-53.2718561048703,-24.8181668667389,8.46561019417611));
#2050=CARTESIAN_POINT('',(-53.2827960818368,-24.8202185199896,8.46699954497871));
#2051=CARTESIAN_POINT('',(-53.2502039949974,-24.8166828361222,8.46142430042603));
#2052=CARTESIAN_POINT('',(-53.2610605093999,-24.8169032466802,8.46312494517605));
#2053=CARTESIAN_POINT('',(-53.271997121941,-24.8180177128407,8.46469329022448));
#2054=CARTESIAN_POINT('',(-53.2829306389241,-24.8200727753875,8.46610847549845));
#2055=CARTESIAN_POINT('',(-53.2503613867394,-24.8165257836811,8.46045666728205));
#2056=CARTESIAN_POINT('',(-53.2612114430989,-24.8167503543925,8.46218280470346));
#2057=CARTESIAN_POINT('',(-53.2721415065982,-24.817868640117,8.4637768850668));
#2058=CARTESIAN_POINT('',(-53.2830684725681,-24.819927106276,8.46521786650154));
#2065=EDGE_LOOP('',(#5098,#5099,#5100,#5101));
#2066=AXIS2_PLACEMENT_3D('',#5102,#5103,#5104);
#2067=EDGE_LOOP('',(#5105,#5106,#5107));
#2069=CARTESIAN_POINT('',(-52.9419820542624,-24.8165257836811,8.46045666728208));
#2070=CARTESIAN_POINT('',(-52.9311319979263,-24.816750354392,8.46218280469977));
#2071=CARTESIAN_POINT('',(-52.9202019344506,-24.8178686401121,8.46377688505999));
#2072=CARTESIAN_POINT('',(-52.909274968504,-24.8199271062628,8.4652178664923));
#2073=CARTESIAN_POINT('',(-52.9421394460043,-24.8166828361222,8.46142430042604));
#2074=CARTESIAN_POINT('',(-52.9312829316253,-24.8169032466797,8.4631249451724));
#2075=CARTESIAN_POINT('',(-52.9203463191079,-24.8180177128359,8.46469329021775));
#2076=CARTESIAN_POINT('',(-52.9094128021481,-24.8200727753743,8.46610847548935));
#2077=CARTESIAN_POINT('',(-52.9422932893546,-24.8168399824927,8.46239251228772));
#2078=CARTESIAN_POINT('',(-52.9314304069278,-24.8170562263369,8.46406762403348));
#2079=CARTESIAN_POINT('',(-52.9204873361785,-24.8181668667341,8.46561019416947));
#2080=CARTESIAN_POINT('',(-52.9095473592354,-24.8202185199764,8.46699954496976));
#2081=CARTESIAN_POINT('',(-52.9424435801548,-24.8169972185676,8.46336127683984));
#2082=CARTESIAN_POINT('',(-52.9315744200778,-24.8172092892224,8.46501081576559));
#2083=CARTESIAN_POINT('',(-52.9206249822988,-24.8183160977409,8.46652757192392));
#2084=CARTESIAN_POINT('',(-52.9096786367779,-24.8203643360699,8.46789105048264));
#2091=EDGE_LOOP('',(#5108,#5109,#5110,#5111));
#2092=AXIS2_PLACEMENT_3D('',#5112,#5113,#5114);
#2093=EDGE_LOOP('',(#5115,#5116,#5117,#5118));
#2094=CARTESIAN_POINT('',(-53.6269143088039,-25.5564960479647,8.59271547349617));
#2095=CARTESIAN_POINT('',(-53.6275007165053,-25.5524402266114,8.59267460918889));
#2096=CARTESIAN_POINT('',(-53.6286378789153,-25.5446034930843,8.59307837175791));
#2097=CARTESIAN_POINT('',(-53.630316886123,-25.5331143991773,8.59507289770566));
#2098=CARTESIAN_POINT('',(-53.6320741246717,-25.5211747571244,8.59860894266661));
#2099=CARTESIAN_POINT('',(-53.6332415941484,-25.5133117912807,8.60213455458464));
#2100=CARTESIAN_POINT('',(-53.6338735044186,-25.5090789656164,8.60442458022838));
#2101=CARTESIAN_POINT('',(-53.6531703716003,-25.5605078437004,8.59271521586236));
#2102=CARTESIAN_POINT('',(-53.6529648246684,-25.5564800630195,8.59267646478184));
#2103=CARTESIAN_POINT('',(-53.6525615945381,-25.54867817589,8.59305936180323));
#2104=CARTESIAN_POINT('',(-53.6519548444597,-25.537170659439,8.59494980489188));
#2105=CARTESIAN_POINT('',(-53.651309902355,-25.5251263325082,8.59830194621268));
#2106=CARTESIAN_POINT('',(-53.6508746636462,-25.517114120303,8.6016467311843));
#2107=CARTESIAN_POINT('',(-53.6506372921496,-25.5127706056632,8.60382133436818));
#2108=CARTESIAN_POINT('',(-53.6994328535564,-25.5529873197514,8.59271569878556));
#2109=CARTESIAN_POINT('',(-53.6977743258566,-25.5488802248762,8.59267298610055));
#2110=CARTESIAN_POINT('',(-53.6945831921584,-25.5409752825475,8.5930950152657));
#2111=CARTESIAN_POINT('',(-53.6899281752706,-25.5294850675583,8.59517952353016));
#2112=CARTESIAN_POINT('',(-53.6851001336118,-25.517657059922,8.59887525384763));
#2113=CARTESIAN_POINT('',(-53.6819176489982,-25.5099684844087,8.60256069750066));
#2114=CARTESIAN_POINT('',(-53.68019991636,-25.5058664633191,8.60495493007656));
#2115=CARTESIAN_POINT('',(-53.7625748890683,-25.5088527294281,8.59271853237836));
#2116=CARTESIAN_POINT('',(-53.758883305797,-25.5048659522122,8.59265258334776));
#2117=CARTESIAN_POINT('',(-53.7517463233746,-25.4971963276664,8.59330382918987));
#2118=CARTESIAN_POINT('',(-53.7413911139642,-25.4862138630528,8.5965468250411));
#2119=CARTESIAN_POINT('',(-53.7308547383642,-25.4752242329321,8.60228023266476));
#2120=CARTESIAN_POINT('',(-53.7241815668251,-25.4684392200828,8.60793186086998));
#2121=CARTESIAN_POINT('',(-53.720704003742,-25.464968823731,8.61155232462319));
#2122=CARTESIAN_POINT('',(-53.8151800031124,-25.44505571953,8.59272263833007));
#2123=CARTESIAN_POINT('',(-53.809757634955,-25.4414649617538,8.59262303427432));
#2124=CARTESIAN_POINT('',(-53.7991729467365,-25.4344682283504,8.59360573866617));
#2125=CARTESIAN_POINT('',(-53.7838231527841,-25.4243955541228,8.5985616604123));
#2126=CARTESIAN_POINT('',(-53.768506773559,-25.4144572706182,8.60728502246287));
#2127=CARTESIAN_POINT('',(-53.7592603368595,-25.4085737533862,8.61572975415101));
#2128=CARTESIAN_POINT('',(-53.7546536662758,-25.4056878236367,8.62102423892229));
#2129=CARTESIAN_POINT('',(-53.8614480005094,-25.359176723948,8.59272818974446));
#2130=CARTESIAN_POINT('',(-53.8543976897122,-25.3560886943634,8.59258311445945));
#2131=CARTESIAN_POINT('',(-53.8404663958425,-25.3499793052037,8.59401252594846));
#2132=CARTESIAN_POINT('',(-53.8203127504814,-25.3411572614148,8.60135656480639));
#2133=CARTESIAN_POINT('',(-53.8008064458722,-25.3326732327576,8.61420058082728));
#2134=CARTESIAN_POINT('',(-53.7898966596664,-25.3279973707078,8.62630587080764));
#2135=CARTESIAN_POINT('',(-53.7848427026914,-25.3258602809454,8.63366389480926));
#2136=CARTESIAN_POINT('',(-53.8991948460564,-25.2536784403278,8.59273504186552));
#2137=CARTESIAN_POINT('',(-53.8904741879844,-25.2511854244886,8.59253389818048));
#2138=CARTESIAN_POINT('',(-53.8730664513463,-25.2461706588349,8.59451210589646));
#2139=CARTESIAN_POINT('',(-53.8482539741897,-25.2389475568428,8.6049330109657));
#2140=CARTESIAN_POINT('',(-53.8255522612431,-25.2322988980021,8.62300158344768));
#2141=CARTESIAN_POINT('',(-53.8144997817837,-25.2290484441031,8.63942358849857));
#2142=CARTESIAN_POINT('',(-53.810037659969,-25.2277327645331,8.649009827028));
#2143=CARTESIAN_POINT('',(-53.9273057135743,-25.133636374867,8.59274286863185));
#2144=CARTESIAN_POINT('',(-53.9170571095543,-25.1319173134338,8.59247777334089));
#2145=CARTESIAN_POINT('',(-53.8963018504102,-25.128361108248,8.59507867045809));
#2146=CARTESIAN_POINT('',(-53.8671240167658,-25.1231623816348,8.6092232019113));
#2147=CARTESIAN_POINT('',(-53.8422623765933,-25.118552542526,8.63348023018836));
#2148=CARTESIAN_POINT('',(-53.8324489826008,-25.1165878601729,8.65452027496085));
#2149=CARTESIAN_POINT('',(-53.8293876344362,-25.1159106684823,8.66620741625503));
#2150=CARTESIAN_POINT('',(-53.9459730293041,-24.9960973541512,8.59275185008841));
#2151=CARTESIAN_POINT('',(-53.9343576899632,-24.9952122657886,8.592413514686));
#2152=CARTESIAN_POINT('',(-53.9103574925255,-24.9933347753732,8.59572233529933));
#2153=CARTESIAN_POINT('',(-53.8769840508702,-24.9906101186248,8.61447259606959));
#2154=CARTESIAN_POINT('',(-53.8510357763335,-24.988422359131,8.64617537947648));
#2155=CARTESIAN_POINT('',(-53.8439149479564,-24.9877848725343,8.67204595859367));
#2156=CARTESIAN_POINT('',(-53.8429884176399,-24.9876801216775,8.68555899526894));
#2157=CARTESIAN_POINT('',(-53.9498555889176,-24.8976609113746,8.59275824958279));
#2158=CARTESIAN_POINT('',(-53.9374569352434,-24.8974136870882,8.59236788793213));
#2159=CARTESIAN_POINT('',(-53.9114170103576,-24.896887423037,8.5961739138061));
#2160=CARTESIAN_POINT('',(-53.8755070336515,-24.8961700470368,8.6185674482826));
#2161=CARTESIAN_POINT('',(-53.8499109036392,-24.8957086457894,8.65594039653567));
#2162=CARTESIAN_POINT('',(-53.8457578588387,-24.8956970207773,8.68478151998107));
#2163=CARTESIAN_POINT('',(-53.8467188192905,-24.8957539004674,8.69908866298406));
#2164=CARTESIAN_POINT('',(-53.9491411397021,-24.8445188102968,8.59276167025622));
#2165=CARTESIAN_POINT('',(-53.9363216144313,-24.8447036874502,8.59234357011927));
#2166=CARTESIAN_POINT('',(-53.9091638604977,-24.8450967931476,8.59641215874366));
#2167=CARTESIAN_POINT('',(-53.8719628557174,-24.8456414371878,8.62091389657189));
#2168=CARTESIAN_POINT('',(-53.8469993328979,-24.8460152092064,8.6614746363961));
#2169=CARTESIAN_POINT('',(-53.8448567724861,-24.8460561795637,8.69171582887737));
#2170=CARTESIAN_POINT('',(-53.8469617865656,-24.8460304483179,8.70627999722502));
#2171=EDGE_LOOP('',(#5119,#5120,#5121,#5122));
#2172=AXIS2_PLACEMENT_3D('',#5123,#5124,#5125);
#2173=EDGE_LOOP('',(#5126,#5127,#5128,#5129));
#2174=CARTESIAN_POINT('',(-52.2430740935941,-24.8598015844629,8.59276068560199));
#2175=CARTESIAN_POINT('',(-52.2557724552269,-24.8598645457081,8.59235057290668));
#2176=CARTESIAN_POINT('',(-52.2826090499707,-24.8599983552372,8.59634347476377));
#2177=CARTESIAN_POINT('',(-52.3194365141705,-24.860184876621,8.62024266875098));
#2178=CARTESIAN_POINT('',(-52.3429412732007,-24.8603073946308,8.65732079890011));
#2179=CARTESIAN_POINT('',(-52.3466479497647,-24.8603300359649,8.68419613733163));
#2180=CARTESIAN_POINT('',(-52.3461027791434,-24.8603293232109,8.69688802981861));
#2181=CARTESIAN_POINT('',(-52.2429133945524,-24.9078345862243,8.59275758809739));
#2182=CARTESIAN_POINT('',(-52.2552305657477,-24.9075215425677,8.59237260537528));
#2183=CARTESIAN_POINT('',(-52.2810588933446,-24.9068560107332,8.59612720113732));
#2184=CARTESIAN_POINT('',(-52.3167054588219,-24.9059317841651,8.61814497792525));
#2185=CARTESIAN_POINT('',(-52.3406743043722,-24.9053334020982,8.65254877125112));
#2186=CARTESIAN_POINT('',(-52.3458478954642,-24.9052323255938,8.67818633180916));
#2187=CARTESIAN_POINT('',(-52.3461327535073,-24.9052417379719,8.69053504683795));
#2188=CARTESIAN_POINT('',(-52.2470317038693,-25.0009696925069,8.59275153191368));
#2189=CARTESIAN_POINT('',(-52.25859860214,-25.0000550624549,8.59241579180484));
#2190=CARTESIAN_POINT('',(-52.2824837907683,-24.9981181080247,8.59569951814237));
#2191=CARTESIAN_POINT('',(-52.3157085439826,-24.995305812356,8.61428653341323));
#2192=CARTESIAN_POINT('',(-52.3399393648728,-24.9931795781664,8.64368816678114));
#2193=CARTESIAN_POINT('',(-52.347399447766,-24.9924827670339,8.6666801579271));
#2194=CARTESIAN_POINT('',(-52.3490915890881,-24.9923056938485,8.67816586321971));
#2195=CARTESIAN_POINT('',(-52.265037727425,-25.1336363748675,8.59274286862851));
#2196=CARTESIAN_POINT('',(-52.2752863099075,-25.131917317046,8.59247777392404));
#2197=CARTESIAN_POINT('',(-52.2960415210077,-25.1283611202527,8.59507865847039));
#2198=CARTESIAN_POINT('',(-52.3252193001386,-25.1231624040368,8.6092231244225));
#2199=CARTESIAN_POINT('',(-52.3484698813483,-25.1188512882159,8.63190818943185));
#2200=CARTESIAN_POINT('',(-52.3580051546094,-25.1169638928723,8.65064452594736));
#2201=CARTESIAN_POINT('',(-52.3612453539637,-25.1162795176224,8.66043548441435));
#2202=CARTESIAN_POINT('',(-52.2931485949444,-25.253678440328,8.59273504186365));
#2203=CARTESIAN_POINT('',(-52.301869234681,-25.25118542973,8.59253389861813));
#2204=CARTESIAN_POINT('',(-52.3192769316247,-25.2461706755941,8.59451209683801));
#2205=CARTESIAN_POINT('',(-52.3440893598516,-25.2389475880658,8.60493295401429));
#2206=CARTESIAN_POINT('',(-52.3653199662759,-25.232729772893,8.62183060049794));
#2207=CARTESIAN_POINT('',(-52.3757477179368,-25.2296646780584,8.6364037247192));
#2208=CARTESIAN_POINT('',(-52.3799622779684,-25.2284233608663,8.64431229302011));
#2209=CARTESIAN_POINT('',(-52.330895440492,-25.3591767239477,8.59272818974348));
#2210=CARTESIAN_POINT('',(-52.3379457364619,-25.3560887008573,8.59258311477202));
#2211=CARTESIAN_POINT('',(-52.3518769988948,-25.3499793255011,8.59401251943979));
#2212=CARTESIAN_POINT('',(-52.3720306026416,-25.3411572998308,8.6013565247415));
#2213=CARTESIAN_POINT('',(-52.3902728599121,-25.3332230527066,8.61336818868785));
#2214=CARTESIAN_POINT('',(-52.4003953793051,-25.3288773333501,8.62408267352569));
#2215=CARTESIAN_POINT('',(-52.4049199362412,-25.3269544414069,8.63008019393943));
#2216=CARTESIAN_POINT('',(-52.3771634378894,-25.4450557195301,8.59272263832964));
#2217=CARTESIAN_POINT('',(-52.3825857946414,-25.4414649693069,8.59262303448728));
#2218=CARTESIAN_POINT('',(-52.393170459259,-25.4344682514788,8.59360573421154));
#2219=CARTESIAN_POINT('',(-52.4085202209289,-25.4243955981438,8.5985616334092));
#2220=CARTESIAN_POINT('',(-52.4228440647004,-25.4151013368071,8.60671968036712));
#2221=CARTESIAN_POINT('',(-52.4313517898676,-25.4096765495353,8.61418026200244));
#2222=CARTESIAN_POINT('',(-52.4353690504074,-25.4071458307454,8.61845722022209));
#2223=CARTESIAN_POINT('',(-52.4297685519336,-25.5088527294281,8.59271853237814));
#2224=CARTESIAN_POINT('',(-52.4334601274395,-25.5048659605987,8.59265258348793));
#2225=CARTESIAN_POINT('',(-52.440597094097,-25.4971963529144,8.59330382624708));
#2226=CARTESIAN_POINT('',(-52.4509522814942,-25.4862139111188,8.5965468073854));
#2227=CARTESIAN_POINT('',(-52.4608058749245,-25.4759364340293,8.60190866283336));
#2228=CARTESIAN_POINT('',(-52.4669154977555,-25.4697081518381,8.60689549515054));
#2229=CARTESIAN_POINT('',(-52.4699014024911,-25.4667090081615,8.60980233456677));
#2230=CARTESIAN_POINT('',(-52.4889040012308,-25.5501868233827,8.59271587858696));
#2231=CARTESIAN_POINT('',(-52.4906915297607,-25.5460873717135,8.59267169156708));
#2232=CARTESIAN_POINT('',(-52.4941330339914,-25.5381973784854,8.59310826328115));
#2233=CARTESIAN_POINT('',(-52.4991497375116,-25.5267394065675,8.59526627191955));
#2234=CARTESIAN_POINT('',(-52.504003651703,-25.515727633471,8.59884341991166));
#2235=CARTESIAN_POINT('',(-52.507109330712,-25.5087569725745,8.60220306430973));
#2236=CARTESIAN_POINT('',(-52.5086638995139,-25.5052940938284,8.60418079977127));
#2237=CARTESIAN_POINT('',(-52.5307926496408,-25.5589504388647,8.59271531586682));
#2238=CARTESIAN_POINT('',(-52.5312616897243,-25.5549096153655,8.59267574454449));
#2239=CARTESIAN_POINT('',(-52.5321707553766,-25.5470912424649,8.59306674099816));
#2240=CARTESIAN_POINT('',(-52.5335118505591,-25.5355896735575,8.59499747668839));
#2241=CARTESIAN_POINT('',(-52.5348236539273,-25.5243654216759,8.59819903977412));
#2242=CARTESIAN_POINT('',(-52.5356724136353,-25.5171183887,8.60121004237838));
#2243=CARTESIAN_POINT('',(-52.5360997173024,-25.5134733094394,8.60298502336975));
#2244=CARTESIAN_POINT('',(-52.5528738472623,-25.5577848582348,8.59271539072775));
#2245=CARTESIAN_POINT('',(-52.5526685495475,-25.5537373832941,8.59267520539579));
#2246=CARTESIAN_POINT('',(-52.5522711378988,-25.5459109287768,8.59307226331819));
#2247=CARTESIAN_POINT('',(-52.5516861640955,-25.5344155361711,8.59503331385511));
#2248=CARTESIAN_POINT('',(-52.5511151514204,-25.5232186397471,8.59828492420302));
#2249=CARTESIAN_POINT('',(-52.5507464955675,-25.5160071246766,8.60134220447632));
#2250=CARTESIAN_POINT('',(-52.5505611089923,-25.512385529099,8.60314399175693));
#2251=EDGE_LOOP('',(#5130,#5131,#5132,#5133));
#2252=AXIS2_PLACEMENT_3D('',#5134,#5135,#5136);
#2253=EDGE_LOOP('',(#5137,#5138,#5139));
#2254=AXIS2_PLACEMENT_3D('',#5140,#5141,#5142);
#2255=EDGE_LOOP('',(#5143,#5144,#5145,#5146));
#2256=AXIS2_PLACEMENT_3D('',#5147,#5148,#5149);
#2257=EDGE_LOOP('',(#5150,#5151,#5152,#5153));
#2258=AXIS2_PLACEMENT_3D('',#5154,#5155,#5156);
#2259=EDGE_LOOP('',(#5157,#5158,#5159,#5160));
#2260=AXIS2_PLACEMENT_3D('',#5161,#5162,#5163);
#2261=EDGE_LOOP('',(#5164,#5165,#5166));
#2262=AXIS2_PLACEMENT_3D('',#5167,#5168,#5169);
#2263=EDGE_LOOP('',(#5170,#5171,#5172,#5173));
#2264=AXIS2_PLACEMENT_3D('',#5174,#5175,#5176);
#2265=EDGE_LOOP('',(#5177,#5178,#5179,#5180));
#2266=AXIS2_PLACEMENT_3D('',#5181,#5182,#5183);
#2267=EDGE_LOOP('',(#5184,#5185,#5186,#5187));
#2268=AXIS2_PLACEMENT_3D('',#5188,#5189,#5190);
#2269=EDGE_LOOP('',(#5191,#5192,#5193,#5194));
#2270=CARTESIAN_POINT('',(-52.5541940643245,-24.7324710185066,8.98003267925668));
#2271=CARTESIAN_POINT('',(-52.5547199209737,-24.7252419778935,8.98400915349635));
#2272=CARTESIAN_POINT('',(-52.5556477262554,-24.7105119628467,8.98998928185891));
#2273=CARTESIAN_POINT('',(-52.5567547881589,-24.6856192924408,8.99330203232979));
#2274=CARTESIAN_POINT('',(-52.5574422566854,-24.6613000004608,8.9907414251629));
#2275=CARTESIAN_POINT('',(-52.5576865873927,-24.6376095669618,8.98200146851209));
#2276=CARTESIAN_POINT('',(-52.5574422672653,-24.6168546880998,8.96761887683819));
#2277=CARTESIAN_POINT('',(-52.5567548073959,-24.6007988871878,8.94917444205499));
#2278=CARTESIAN_POINT('',(-52.5555603947883,-24.5883100476938,8.92513071977689));
#2279=CARTESIAN_POINT('',(-52.5545071088429,-24.5849150140038,8.90787439677019));
#2280=CARTESIAN_POINT('',(-52.5538739584896,-24.5843622872788,8.8982684388362));
#2281=CARTESIAN_POINT('',(-52.5389820665131,-24.7323769627153,8.98076392077196));
#2282=CARTESIAN_POINT('',(-52.5384923749835,-24.7251209933261,8.98485272067204));
#2283=CARTESIAN_POINT('',(-52.537628610196,-24.710316192371,8.99104181055465));
#2284=CARTESIAN_POINT('',(-52.5365980902138,-24.6852473799368,8.99460304906099));
#2285=CARTESIAN_POINT('',(-52.5359581197572,-24.6607351128948,8.9921727430437));
#2286=CARTESIAN_POINT('',(-52.5357306519554,-24.6368680689268,8.9834267432243));
#2287=CARTESIAN_POINT('',(-52.5359581099077,-24.6160068678698,8.96890300248369));
#2288=CARTESIAN_POINT('',(-52.5365980723067,-24.5999469992088,8.9502257574564));
#2289=CARTESIAN_POINT('',(-52.5377099035918,-24.5875686116428,8.92587253392969));
#2290=CARTESIAN_POINT('',(-52.5386904991955,-24.5843235437808,8.9084167366297));
#2291=CARTESIAN_POINT('',(-52.5392801744446,-24.5838644814818,8.8987144962227));
#2292=CARTESIAN_POINT('',(-52.5109962489564,-24.7326740696944,8.97830698120528));
#2293=CARTESIAN_POINT('',(-52.5088185664883,-24.7255440649238,8.98197872226408));
#2294=CARTESIAN_POINT('',(-52.5049706108952,-24.7110478161939,8.98739556213323));
#2295=CARTESIAN_POINT('',(-52.500371867726,-24.6866255706878,8.9900339848215));
#2296=CARTESIAN_POINT('',(-52.497513783298,-24.6627847581868,8.9871063430474));
#2297=CARTESIAN_POINT('',(-52.4964976558151,-24.6395074678648,8.9783534085924));
#2298=CARTESIAN_POINT('',(-52.4975137393016,-24.6189791047178,8.9643165679245));
#2299=CARTESIAN_POINT('',(-52.5003717877732,-24.6028973968328,8.946474611945));
#2300=CARTESIAN_POINT('',(-52.5053333865217,-24.5901041289918,8.92326409655569));
#2301=CARTESIAN_POINT('',(-52.5097011122797,-24.5863282811228,8.90657824379699));
#2302=CARTESIAN_POINT('',(-52.5123214632771,-24.5855407977528,8.89726309476319));
#2303=CARTESIAN_POINT('',(-52.4775940903902,-24.7340995204515,8.96684824799249));
#2304=CARTESIAN_POINT('',(-52.4742419181169,-24.7274161196223,8.96920403088745));
#2305=CARTESIAN_POINT('',(-52.4684517126885,-24.7140142247675,8.97228031615808));
#2306=CARTESIAN_POINT('',(-52.4617525572717,-24.6918536286288,8.9723358914727));
#2307=CARTESIAN_POINT('',(-52.4576811868703,-24.6703649470358,8.9681800135751));
#2308=CARTESIAN_POINT('',(-52.4562512793835,-24.6492369811598,8.9596517712972));
#2309=CARTESIAN_POINT('',(-52.4576811247599,-24.6301263101438,8.94724594277729));
#2310=CARTESIAN_POINT('',(-52.4617524423478,-24.6143889521358,8.93203503999419));
#2311=CARTESIAN_POINT('',(-52.4689801784078,-24.6007143970338,8.9124221459834));
#2312=CARTESIAN_POINT('',(-52.4755719043584,-24.5954125248678,8.89822057247679));
#2313=CARTESIAN_POINT('',(-52.4796435024635,-24.5935952618458,8.8901829219947));
#2314=CARTESIAN_POINT('',(-52.4541041425995,-24.7356959945002,8.95413630786792));
#2315=CARTESIAN_POINT('',(-52.4504296051152,-24.7294316776653,8.9554559742412));
#2316=CARTESIAN_POINT('',(-52.4441973069298,-24.7170426926122,8.95676806563905));
#2317=CARTESIAN_POINT('',(-52.4371619359418,-24.6969213257678,8.9550445119082));
#2318=CARTESIAN_POINT('',(-52.4329562390427,-24.6775427560818,8.9501852976598));
#2319=CARTESIAN_POINT('',(-52.4314921562016,-24.6583982093898,8.94204246554019));
#2320=CARTESIAN_POINT('',(-52.432956175302,-24.6407416046168,8.93103955303719));
#2321=CARTESIAN_POINT('',(-52.437161816446,-24.6256394988268,8.9179602420521));
#2322=CARTESIAN_POINT('',(-52.4447522930579,-24.6116559843568,8.9012507411604));
#2323=CARTESIAN_POINT('',(-52.451862707339,-24.6053087818808,8.8890970311085));
#2324=CARTESIAN_POINT('',(-52.4563588384295,-24.6027040712398,8.882137096098));
#2325=CARTESIAN_POINT('',(-52.4316185733172,-24.7376374515453,8.93869033504478));
#2326=CARTESIAN_POINT('',(-52.4279494149865,-24.7318464284651,8.93902287952234));
#2327=CARTESIAN_POINT('',(-52.4218460183821,-24.7205793249246,8.93871029059985));
#2328=CARTESIAN_POINT('',(-52.4151310023105,-24.7026586635828,8.9354697351736));
#2329=CARTESIAN_POINT('',(-52.4111851912362,-24.6855412385678,8.9301297767131));
#2330=CARTESIAN_POINT('',(-52.4098241166631,-24.6685544415058,8.9225206074882));
#2331=CARTESIAN_POINT('',(-52.4111851318396,-24.6525733639138,8.9129782714193));
#2332=CARTESIAN_POINT('',(-52.4151308894362,-24.6383754731988,8.9020264643328));
#2333=CARTESIAN_POINT('',(-52.4223757311706,-24.6244145831038,8.88820068828649));
#2334=CARTESIAN_POINT('',(-52.4293544417281,-24.6172142836268,8.8781077954774));
#2335=CARTESIAN_POINT('',(-52.433878550157,-24.6138934206848,8.8722507839243));
#2336=CARTESIAN_POINT('',(-52.4057901835091,-24.7406733013628,8.91448679224314));
#2337=CARTESIAN_POINT('',(-52.4026736530463,-24.7355678333442,8.91381443471501));
#2338=CARTESIAN_POINT('',(-52.3976317051912,-24.7258667292709,8.91196350908275));
#2339=CARTESIAN_POINT('',(-52.3922744851238,-24.7108786388418,8.9075450432908));
#2340=CARTESIAN_POINT('',(-52.3891971163714,-24.6967324884858,8.9021204508852));
#2341=CARTESIAN_POINT('',(-52.388148136606,-24.6826394491238,8.89544703223159));
#2342=CARTESIAN_POINT('',(-52.3891970704552,-24.6690856117118,8.8877371735273));
#2343=CARTESIAN_POINT('',(-52.3922743963123,-24.6565239019688,8.87926701086909));
#2344=CARTESIAN_POINT('',(-52.3980543062349,-24.6433384483698,8.86876155765479));
#2345=CARTESIAN_POINT('',(-52.4038360304161,-24.6356275442048,8.8610834529789));
#2346=CARTESIAN_POINT('',(-52.4077200020434,-24.6316816345018,8.8565544596601));
#2347=CARTESIAN_POINT('',(-52.380236774237,-24.7451181616478,8.8784505295293));
#2348=CARTESIAN_POINT('',(-52.3781402472926,-24.7410522868085,8.87714049707985));
#2349=CARTESIAN_POINT('',(-52.3748440777284,-24.7335219135751,8.87448246491689));
#2350=CARTESIAN_POINT('',(-52.3714562354593,-24.7222220633088,8.8698910417983));
#2351=CARTESIAN_POINT('',(-52.3695502482419,-24.7116797647318,8.86512809367949));
#2352=CARTESIAN_POINT('',(-52.3689074293383,-24.7011393300448,8.85988738779139));
#2353=CARTESIAN_POINT('',(-52.3695502200285,-24.6907978425128,8.8542642703013));
#2354=CARTESIAN_POINT('',(-52.3714561800141,-24.6808465008278,8.8483653986758));
#2355=CARTESIAN_POINT('',(-52.3751113242552,-24.6697923068338,8.8412255444793));
#2356=CARTESIAN_POINT('',(-52.3789011747539,-24.6626333615528,8.8360521401408));
#2357=CARTESIAN_POINT('',(-52.3815418930441,-24.6586532890708,8.8329653868127));
#2358=CARTESIAN_POINT('',(-52.3610738367346,-24.7501618638412,8.83696443140782));
#2359=CARTESIAN_POINT('',(-52.3600392621016,-24.7473289226721,8.83562657053054));
#2360=CARTESIAN_POINT('',(-52.3584502334488,-24.7421900349857,8.83315962715771));
#2361=CARTESIAN_POINT('',(-52.3568586856424,-24.7346496089158,8.8294411174628));
#2362=CARTESIAN_POINT('',(-52.3559774300135,-24.7276748944628,8.8259248518882));
#2363=CARTESIAN_POINT('',(-52.3556825935484,-24.7206816354588,8.8223240452134));
#2364=CARTESIAN_POINT('',(-52.3559774170469,-24.7137190344248,8.81866430798669));
#2365=CARTESIAN_POINT('',(-52.3568586598519,-24.7068363044538,8.81497123044989));
#2366=CARTESIAN_POINT('',(-52.3585757806038,-24.6988814512768,8.8106121834669));
#2367=CARTESIAN_POINT('',(-52.3604064655305,-24.6933663842718,8.80750476666899));
#2368=CARTESIAN_POINT('',(-52.3617205944806,-24.6901248834438,8.8056449799867));
#2369=CARTESIAN_POINT('',(-52.3490001291558,-24.7556194263359,8.79166517811591));
#2370=CARTESIAN_POINT('',(-52.3487860157808,-24.75414753111,8.79086254966115));
#2371=CARTESIAN_POINT('',(-52.3484626046413,-24.7515181738294,8.78943864498082));
#2372=CARTESIAN_POINT('',(-52.3481443738013,-24.7477249428208,8.7874098603241));
#2373=CARTESIAN_POINT('',(-52.3479700456474,-24.7442431095838,8.78556802685079));
#2374=CARTESIAN_POINT('',(-52.3479120321424,-24.7407536586938,8.7837425052103));
#2375=CARTESIAN_POINT('',(-52.3479700430926,-24.7372559108528,8.78193293157609));
#2376=CARTESIAN_POINT('',(-52.3481443686789,-24.7337491782278,8.7801389585242));
#2377=CARTESIAN_POINT('',(-52.3484877077954,-24.7296077227708,8.77804408460889));
#2378=CARTESIAN_POINT('',(-52.3488608027414,-24.7266275253488,8.77655819078069));
#2379=CARTESIAN_POINT('',(-52.3491343766621,-24.7248195614138,8.7756646268345));
#2380=CARTESIAN_POINT('',(-52.3461717205248,-24.7593952682043,8.76009911825529));
#2381=CARTESIAN_POINT('',(-52.346171720487,-24.7588959043145,8.75984730955668));
#2382=CARTESIAN_POINT('',(-52.3461717204296,-24.7580057173727,8.7593963139634));
#2383=CARTESIAN_POINT('',(-52.3461717203728,-24.7567264545668,8.75874277311869));
#2384=CARTESIAN_POINT('',(-52.3461717203417,-24.7555563697218,8.758140629432));
#2385=CARTESIAN_POINT('',(-52.3461717203313,-24.7543880846608,8.7575350262902));
#2386=CARTESIAN_POINT('',(-52.3461717203416,-24.7532215993838,8.7569259636935));
#2387=CARTESIAN_POINT('',(-52.3461717203728,-24.7520569138898,8.75631344164179));
#2388=CARTESIAN_POINT('',(-52.3461717204341,-24.7506873041598,8.7555879582534));
#2389=CARTESIAN_POINT('',(-52.3461717205002,-24.7497072480588,8.755064101783));
#2390=CARTESIAN_POINT('',(-52.3461717205484,-24.7491147658488,8.7547456775809));
#2391=CARTESIAN_POINT('',(-52.346171720501,-24.7612813707388,8.74428506278829));
#2392=CARTESIAN_POINT('',(-52.346171720501,-24.7612813707388,8.74428506278829));
#2393=CARTESIAN_POINT('',(-52.346171720501,-24.7612813707388,8.74428506278829));
#2394=CARTESIAN_POINT('',(-52.346171720501,-24.7612813707388,8.74428506278829));
#2395=CARTESIAN_POINT('',(-52.346171720501,-24.7612813707388,8.74428506278829));
#2396=CARTESIAN_POINT('',(-52.346171720501,-24.7612813707388,8.74428506278829));
#2397=CARTESIAN_POINT('',(-52.346171720501,-24.7612813707388,8.74428506278829));
#2398=CARTESIAN_POINT('',(-52.346171720501,-24.7612813707388,8.74428506278829));
#2399=CARTESIAN_POINT('',(-52.346171720501,-24.7612813707388,8.74428506278829));
#2400=CARTESIAN_POINT('',(-52.346171720501,-24.7612813707388,8.74428506278829));
#2401=CARTESIAN_POINT('',(-52.346171720501,-24.7612813707388,8.74428506278829));
#2402=EDGE_LOOP('',(#5195,#5196,#5197,#5198));
#2403=AXIS2_PLACEMENT_3D('',#5199,#5200,#5201);
#2404=EDGE_LOOP('',(#5202,#5203,#5204,#5205));
#2405=CARTESIAN_POINT('',(-53.6381493766777,-24.5847722678575,8.90319230511862));
#2406=CARTESIAN_POINT('',(-53.6376235200285,-24.5856654222172,8.91139435674452));
#2407=CARTESIAN_POINT('',(-53.6366957147467,-24.5892232926752,8.92688876981378));
#2408=CARTESIAN_POINT('',(-53.6355886528431,-24.6007985930568,8.9491740065591));
#2409=CARTESIAN_POINT('',(-53.6349011843166,-24.6168542782078,8.9676185083369));
#2410=CARTESIAN_POINT('',(-53.6346568536093,-24.6376090698778,8.98200120990369));
#2411=CARTESIAN_POINT('',(-53.6349011737367,-24.6612994634358,8.9907413010299));
#2412=CARTESIAN_POINT('',(-53.6355886336061,-24.6856187670008,8.9933020414434));
#2413=CARTESIAN_POINT('',(-53.6367830462137,-24.7124757590878,8.98972801444719));
#2414=CARTESIAN_POINT('',(-53.6378363321591,-24.7285550771618,8.98260323601369));
#2415=CARTESIAN_POINT('',(-53.6384694825124,-24.7367383293188,8.9775421769548));
#2416=CARTESIAN_POINT('',(-53.6533613744886,-24.5842274653266,8.90368904533988));
#2417=CARTESIAN_POINT('',(-53.6538510660183,-24.5850440966755,8.91197762119258));
#2418=CARTESIAN_POINT('',(-53.6547148308059,-24.5884737815071,8.927653214543));
#2419=CARTESIAN_POINT('',(-53.6557453507882,-24.5999467061448,8.9502253162824));
#2420=CARTESIAN_POINT('',(-53.6563853212448,-24.6160064567108,8.9689026296503));
#2421=CARTESIAN_POINT('',(-53.6566127890466,-24.6368675685518,8.9834264829041));
#2422=CARTESIAN_POINT('',(-53.6563853310943,-24.6607345715948,8.99217262036));
#2423=CARTESIAN_POINT('',(-53.6557453686953,-24.6852468504598,8.9946030623079));
#2424=CARTESIAN_POINT('',(-53.6546335374102,-24.7122938850398,8.9907609411075));
#2425=CARTESIAN_POINT('',(-53.6536529418065,-24.7284504678808,8.9833988656051));
#2426=CARTESIAN_POINT('',(-53.6530632665574,-24.7366588006118,8.9782058432783));
#2427=CARTESIAN_POINT('',(-53.6813471920444,-24.5860688357459,8.90203550986462));
#2428=CARTESIAN_POINT('',(-53.6835248745129,-24.5871546808424,8.90998155233097));
#2429=CARTESIAN_POINT('',(-53.6873728301065,-24.5910396311148,8.92496122331664));
#2430=CARTESIAN_POINT('',(-53.691971573276,-24.6028970993528,8.946474191426));
#2431=CARTESIAN_POINT('',(-53.694829657704,-24.6189786971178,8.9643162103817));
#2432=CARTESIAN_POINT('',(-53.6958457851869,-24.6395069782068,8.97835315384709));
#2433=CARTESIAN_POINT('',(-53.6948297017004,-24.6627842314508,8.9871062145012));
#2434=CARTESIAN_POINT('',(-53.6919716532288,-24.6866250555908,8.9900339825968));
#2435=CARTESIAN_POINT('',(-53.6870100544803,-24.7129744996618,8.9871874893457));
#2436=CARTESIAN_POINT('',(-53.6826423287223,-24.7288052601788,8.980701987756));
#2437=CARTESIAN_POINT('',(-53.6800219777249,-24.7368851253248,8.9760000827377));
#2438=CARTESIAN_POINT('',(-53.71474935061,-24.5946338205566,8.89429112403466));
#2439=CARTESIAN_POINT('',(-53.7181015228839,-24.5965409158944,8.90111611832639));
#2440=CARTESIAN_POINT('',(-53.723891728313,-24.6017143257057,8.913856218315));
#2441=CARTESIAN_POINT('',(-53.7305908837303,-24.6143886496798,8.93203468419389));
#2442=CARTESIAN_POINT('',(-53.7346622541317,-24.6301259226288,8.94724563412599));
#2443=CARTESIAN_POINT('',(-53.7360921616185,-24.6492365325148,8.95965153788909));
#2444=CARTESIAN_POINT('',(-53.7346623162421,-24.6703644718638,8.96817987341279));
#2445=CARTESIAN_POINT('',(-53.7305909986542,-24.6918531636708,8.97233584802549));
#2446=CARTESIAN_POINT('',(-53.7233632625942,-24.7157624816378,8.9722759891978));
#2447=CARTESIAN_POINT('',(-53.7167715366436,-24.7304348633478,8.9684660346734));
#2448=CARTESIAN_POINT('',(-53.7126999385385,-24.7380597051968,8.96534064558679));
#2449=CARTESIAN_POINT('',(-53.7382392984005,-24.6041268496669,8.88568737198044));
#2450=CARTESIAN_POINT('',(-53.7419138358855,-24.6066418383572,8.89157447794516));
#2451=CARTESIAN_POINT('',(-53.7481461340717,-24.6126784929166,8.90247252071617));
#2452=CARTESIAN_POINT('',(-53.7551815050602,-24.6256392003448,8.9179599383248));
#2453=CARTESIAN_POINT('',(-53.7593872019593,-24.6407412408058,8.9310392846426));
#2454=CARTESIAN_POINT('',(-53.7608512848004,-24.6583977999468,8.9420422525275));
#2455=CARTESIAN_POINT('',(-53.7593872657,-24.6775423274808,8.9501851538013));
#2456=CARTESIAN_POINT('',(-53.755181624556,-24.6969209057318,8.95504444182579));
#2457=CARTESIAN_POINT('',(-53.7475911479441,-24.7186300705708,8.9569040812951));
#2458=CARTESIAN_POINT('',(-53.740480733663,-24.7322255289188,8.95512555391879));
#2459=CARTESIAN_POINT('',(-53.7359846025725,-24.7394198483458,8.9532635708767));
#2460=CARTESIAN_POINT('',(-53.7607248676828,-24.6156606713607,8.87523183330278));
#2461=CARTESIAN_POINT('',(-53.7643940260143,-24.6187123178058,8.88016478253517));
#2462=CARTESIAN_POINT('',(-53.7704974226194,-24.6254354261157,8.88921161340064));
#2463=CARTESIAN_POINT('',(-53.7772124386915,-24.6383751849328,8.9020262122706));
#2464=CARTESIAN_POINT('',(-53.7811582497658,-24.6525730292688,8.9129780437026));
#2465=CARTESIAN_POINT('',(-53.7825193243389,-24.6685540755598,8.9225204171044));
#2466=CARTESIAN_POINT('',(-53.7811583091624,-24.6855408600178,8.93012963338929));
#2467=CARTESIAN_POINT('',(-53.7772125515658,-24.7026582917168,8.93546964380219));
#2468=CARTESIAN_POINT('',(-53.7699677098314,-24.7219930852768,8.9389659695193));
#2469=CARTESIAN_POINT('',(-53.7629889992739,-24.7343906739518,8.9390688911721));
#2470=CARTESIAN_POINT('',(-53.758464890845,-24.7410929065988,8.9384264018245));
#2471=CARTESIAN_POINT('',(-53.7865532574912,-24.6337376082431,8.8588534261406));
#2472=CARTESIAN_POINT('',(-53.7896697879546,-24.6372186373334,8.8626481994954));
#2473=CARTESIAN_POINT('',(-53.7947117358104,-24.6443025788142,8.86952970507616));
#2474=CARTESIAN_POINT('',(-53.8000689558782,-24.6565236393358,8.87926681832429));
#2475=CARTESIAN_POINT('',(-53.8031463246306,-24.6690853227618,8.88773699436549));
#2476=CARTESIAN_POINT('',(-53.804195304396,-24.6826391431098,8.89544687302769));
#2477=CARTESIAN_POINT('',(-53.8031463705468,-24.6967321759238,8.90212031711029));
#2478=CARTESIAN_POINT('',(-53.8000690446897,-24.7108783304268,8.9075449387469));
#2479=CARTESIAN_POINT('',(-53.7942891347671,-24.7270491350198,8.9123120985559));
#2480=CARTESIAN_POINT('',(-53.7885074105859,-24.7377624139838,8.91421918751609));
#2481=CARTESIAN_POINT('',(-53.7846234389586,-24.7437359441678,8.9148507894542));
#2482=CARTESIAN_POINT('',(-53.8121066667638,-24.6606952115283,8.83452943307963));
#2483=CARTESIAN_POINT('',(-53.8142031937088,-24.6641017010641,8.83710690321088));
#2484=CARTESIAN_POINT('',(-53.8174993632733,-24.6706005896542,8.84174760392529));
#2485=CARTESIAN_POINT('',(-53.8208872055427,-24.6808462874178,8.848365266627));
#2486=CARTESIAN_POINT('',(-53.8227931927601,-24.6907976185098,8.8542641430952));
#2487=CARTESIAN_POINT('',(-53.8234360116637,-24.7011390995188,8.8598872678601));
#2488=CARTESIAN_POINT('',(-53.8227932209735,-24.7116795319928,8.8651279832655));
#2489=CARTESIAN_POINT('',(-53.8208872609879,-24.7222218326848,8.86989094283819));
#2490=CARTESIAN_POINT('',(-53.8172321167468,-24.7344133520828,8.8748446866319));
#2491=CARTESIAN_POINT('',(-53.8134422662482,-24.7427588005218,8.87773745353029));
#2492=CARTESIAN_POINT('',(-53.8108015479579,-24.7475709378028,8.879224853231));
#2493=CARTESIAN_POINT('',(-53.8312696042669,-24.6917717758423,8.80658694894559));
#2494=CARTESIAN_POINT('',(-53.8323041789,-24.6944933686569,8.8081388381004));
#2495=CARTESIAN_POINT('',(-53.833893207553,-24.6994631060736,8.81093091372066));
#2496=CARTESIAN_POINT('',(-53.8354847553596,-24.7068361542018,8.81497114898459));
#2497=CARTESIAN_POINT('',(-53.8363660109885,-24.7137188818758,8.8186642269752));
#2498=CARTESIAN_POINT('',(-53.8366608474536,-24.7206814816928,8.8223239652167));
#2499=CARTESIAN_POINT('',(-53.8363660239551,-24.7276747405648,8.8259247734709));
#2500=CARTESIAN_POINT('',(-53.8354847811501,-24.7346494559638,8.82944104118659));
#2501=CARTESIAN_POINT('',(-53.8337676603982,-24.7427848931478,8.8334529785602));
#2502=CARTESIAN_POINT('',(-53.8319369754715,-24.7484950136988,8.83618547312059));
#2503=CARTESIAN_POINT('',(-53.8306228465214,-24.7518785007938,8.8377723408508));
#2504=CARTESIAN_POINT('',(-53.843343311846,-24.7257332553344,8.77611687759816));
#2505=CARTESIAN_POINT('',(-53.8435574252211,-24.7272353454187,8.77686146699676));
#2506=CARTESIAN_POINT('',(-53.8438808363606,-24.7299105426665,8.77819726036908));
#2507=CARTESIAN_POINT('',(-53.8441990672007,-24.7337491009408,8.78013891920799));
#2508=CARTESIAN_POINT('',(-53.8443733953546,-24.7372558337708,8.7819328919202));
#2509=CARTESIAN_POINT('',(-53.8444314088596,-24.7407535818018,8.78374246520729));
#2510=CARTESIAN_POINT('',(-53.8443733979094,-24.7442430328678,8.78556798649269));
#2511=CARTESIAN_POINT('',(-53.8441990723231,-24.7477248662648,8.787409819603));
#2512=CARTESIAN_POINT('',(-53.8438557332066,-24.7518174181508,8.7895986935333));
#2513=CARTESIAN_POINT('',(-53.8434826382606,-24.7547447529348,8.7911861972994));
#2514=CARTESIAN_POINT('',(-53.8432090643399,-24.7565142051718,8.7921537865173));
#2515=CARTESIAN_POINT('',(-53.8461717204772,-24.7494143659374,8.75490654715378));
#2516=CARTESIAN_POINT('',(-53.846171720515,-24.749907190606,8.75517092521859));
#2517=CARTESIAN_POINT('',(-53.8461717205724,-24.7507874489895,8.75564100499357));
#2518=CARTESIAN_POINT('',(-53.8461717206292,-24.7520568882748,8.756313428122));
#2519=CARTESIAN_POINT('',(-53.8461717206603,-24.7532215737288,8.7569259502499));
#2520=CARTESIAN_POINT('',(-53.8461717206707,-24.7543880589668,8.7575350129228));
#2521=CARTESIAN_POINT('',(-53.8461717206603,-24.7555563439878,8.75814061614059));
#2522=CARTESIAN_POINT('',(-53.8461717206292,-24.7567264287928,8.75874275990349));
#2523=CARTESIAN_POINT('',(-53.8461717205679,-24.7581066371158,8.75944787120229));
#2524=CARTESIAN_POINT('',(-53.8461717205018,-24.7590981423008,8.7599497208141));
#2525=CARTESIAN_POINT('',(-53.8461717204536,-24.7596989646108,8.76025211408939));
#2526=CARTESIAN_POINT('',(-53.846171720501,-24.7612813707388,8.74428506278829));
#2527=CARTESIAN_POINT('',(-53.846171720501,-24.7612813707388,8.74428506278829));
#2528=CARTESIAN_POINT('',(-53.846171720501,-24.7612813707388,8.74428506278829));
#2529=CARTESIAN_POINT('',(-53.846171720501,-24.7612813707388,8.74428506278829));
#2530=CARTESIAN_POINT('',(-53.846171720501,-24.7612813707388,8.74428506278829));
#2531=CARTESIAN_POINT('',(-53.846171720501,-24.7612813707388,8.74428506278829));
#2532=CARTESIAN_POINT('',(-53.846171720501,-24.7612813707388,8.74428506278829));
#2533=CARTESIAN_POINT('',(-53.846171720501,-24.7612813707388,8.74428506278829));
#2534=CARTESIAN_POINT('',(-53.846171720501,-24.7612813707388,8.74428506278829));
#2535=CARTESIAN_POINT('',(-53.846171720501,-24.7612813707388,8.74428506278829));
#2536=CARTESIAN_POINT('',(-53.846171720501,-24.7612813707388,8.74428506278829));
#2537=EDGE_LOOP('',(#5206,#5207,#5208,#5209));
#2538=CARTESIAN_POINT('',(-52.5558378039767,-24.4453118478371,8.59278657998636));
#2539=CARTESIAN_POINT('',(-52.5554584183897,-24.4571440275644,8.5923140797129));
#2540=CARTESIAN_POINT('',(-52.5548612893157,-24.4757472931375,8.59479325317385));
#2541=CARTESIAN_POINT('',(-52.5541118162081,-24.4990496993242,8.6054222487596));
#2542=CARTESIAN_POINT('',(-52.553624042406,-24.5141921093293,8.61603617892893));
#2543=CARTESIAN_POINT('',(-52.5532067195442,-24.5271211507444,8.6292621899203));
#2544=CARTESIAN_POINT('',(-52.5527413141995,-24.5414972141952,8.65070281589038));
#2545=CARTESIAN_POINT('',(-52.5525622374996,-24.546965461924,8.66886688832207));
#2546=CARTESIAN_POINT('',(-52.5525146276996,-24.5483739978559,8.68077953072263));
#2547=CARTESIAN_POINT('',(-52.5127087830479,-24.4438576054371,8.59278651022126));
#2548=CARTESIAN_POINT('',(-52.5140200527236,-24.4557398674542,8.59231444110154));
#2549=CARTESIAN_POINT('',(-52.5160846078028,-24.4744201380174,8.5947914042356));
#2550=CARTESIAN_POINT('',(-52.5186774504197,-24.4978211851592,8.60540884379363));
#2551=CARTESIAN_POINT('',(-52.5203656799746,-24.5130302705021,8.6160111671317));
#2552=CARTESIAN_POINT('',(-52.5218108989478,-24.5260203682053,8.62922331342343));
#2553=CARTESIAN_POINT('',(-52.5234239538964,-24.5404722507526,8.65064351220466));
#2554=CARTESIAN_POINT('',(-52.5240465788609,-24.5459819624115,8.66879454584945));
#2555=CARTESIAN_POINT('',(-52.5242135271432,-24.5474099846914,8.68070173384092));
#2556=CARTESIAN_POINT('',(-52.4496332198517,-24.4560423813869,8.59278709332307));
#2557=CARTESIAN_POINT('',(-52.4534593217375,-24.4675151095373,8.59231141745898));
#2558=CARTESIAN_POINT('',(-52.4594684345226,-24.4855585928188,8.59480694864033));
#2559=CARTESIAN_POINT('',(-52.4669829374154,-24.5081339033475,8.60551827573641));
#2560=CARTESIAN_POINT('',(-52.4718605611083,-24.5227818393151,8.61621481309546));
#2561=CARTESIAN_POINT('',(-52.4760196374426,-24.5352563946111,8.62954025198113));
#2562=CARTESIAN_POINT('',(-52.4806356711825,-24.5490671419594,8.65113004356555));
#2563=CARTESIAN_POINT('',(-52.4823790082518,-24.5542260158745,8.66939543737307));
#2564=CARTESIAN_POINT('',(-52.4828187143789,-24.5554885712426,8.68135628109271));
#2565=CARTESIAN_POINT('',(-52.3762886502955,-24.4954895933359,8.59278898000887));
#2566=CARTESIAN_POINT('',(-52.3830700063804,-24.5055071396061,8.59230163964757));
#2567=CARTESIAN_POINT('',(-52.3937592737109,-24.5213045226033,8.59485709442618));
#2568=CARTESIAN_POINT('',(-52.4071225860922,-24.5410566971308,8.60587643895619));
#2569=CARTESIAN_POINT('',(-52.4157718129733,-24.5538391581498,8.61688225264139));
#2570=CARTESIAN_POINT('',(-52.4231002329128,-24.5646648187958,8.63057830199419));
#2571=CARTESIAN_POINT('',(-52.43113964119,-24.5765302151306,8.6527184563516));
#2572=CARTESIAN_POINT('',(-52.4340241289464,-24.5807698954171,8.67134568366113));
#2573=CARTESIAN_POINT('',(-52.4346473574536,-24.5816734595178,8.68346974821115));
#2574=CARTESIAN_POINT('',(-52.3298001893085,-24.5337753906256,8.59279081124553));
#2575=CARTESIAN_POINT('',(-52.3384905481565,-24.5423703331727,8.59229215238521));
#2576=CARTESIAN_POINT('',(-52.352227523113,-24.5559593729097,8.59490568115769));
#2577=CARTESIAN_POINT('',(-52.3693948629405,-24.5729345687898,8.60622636890939));
#2578=CARTESIAN_POINT('',(-52.3804794959012,-24.5838880878438,8.6175348698217));
#2579=CARTESIAN_POINT('',(-52.3898219975109,-24.5931093065438,8.63159290305579));
#2580=CARTESIAN_POINT('',(-52.3999713160731,-24.6031064874007,8.65426813160217));
#2581=CARTESIAN_POINT('',(-52.4034517379055,-24.6065022692957,8.67324200591528));
#2582=CARTESIAN_POINT('',(-52.4040882210041,-24.6070987254818,8.6855190322082));
#2583=CARTESIAN_POINT('',(-52.2919278383361,-24.5808209836287,8.59279306130573));
#2584=CARTESIAN_POINT('',(-52.302266795963,-24.5876352717395,8.59228050055251));
#2585=CARTESIAN_POINT('',(-52.318652227029,-24.5984448611173,8.59496523949745));
#2586=CARTESIAN_POINT('',(-52.339085701044,-24.6119345173088,8.6066601031608));
#2587=CARTESIAN_POINT('',(-52.3522220738574,-24.6206080015218,8.6183446356145));
#2588=CARTESIAN_POINT('',(-52.3632004949018,-24.6278551485598,8.6328511677632));
#2589=CARTESIAN_POINT('',(-52.3749463930701,-24.6356036616842,8.65618529403086));
#2590=CARTESIAN_POINT('',(-52.3786853524507,-24.6380606115412,8.67557763485851));
#2591=CARTESIAN_POINT('',(-52.3791530958925,-24.6383611499874,8.68803373654362));
#2592=CARTESIAN_POINT('',(-52.2528696316836,-24.655086507076,8.59279661268435));
#2593=CARTESIAN_POINT('',(-52.2650066568455,-24.6590239755724,8.59226212052824));
#2594=CARTESIAN_POINT('',(-52.284325411806,-24.6653144998159,8.595058960571));
#2595=CARTESIAN_POINT('',(-52.3083544305506,-24.6731573839564,8.60735224038589));
#2596=CARTESIAN_POINT('',(-52.3237063324226,-24.6781682824503,8.61963853481027));
#2597=CARTESIAN_POINT('',(-52.3363751168775,-24.6822961816161,8.63486041351971));
#2598=CARTESIAN_POINT('',(-52.3496142425013,-24.68659070542,8.65923737920284));
#2599=CARTESIAN_POINT('',(-52.3533201517551,-24.6877589476101,8.67927532227155));
#2600=CARTESIAN_POINT('',(-52.3533807324954,-24.6877492379636,8.69199655481091));
#2601=CARTESIAN_POINT('',(-52.2407533039469,-24.71898128134,8.59279966747552));
#2602=CARTESIAN_POINT('',(-52.2535606382632,-24.7203946341043,8.59224632699897));
#2603=CARTESIAN_POINT('',(-52.2740469983191,-24.7226620238141,8.59513914303546));
#2604=CARTESIAN_POINT('',(-52.2995005448405,-24.725469246038,8.60795910078063));
#2605=CARTESIAN_POINT('',(-52.3156805344081,-24.7272420532429,8.6207756092606));
#2606=CARTESIAN_POINT('',(-52.3288846096946,-24.7286701369177,8.63662416198549));
#2607=CARTESIAN_POINT('',(-52.3423863138921,-24.7300943117737,8.66190244016497));
#2608=CARTESIAN_POINT('',(-52.3456808022905,-24.7303828175988,8.68247319737409));
#2609=CARTESIAN_POINT('',(-52.3453080441151,-24.7302907314009,8.69539666646021));
#2610=CARTESIAN_POINT('',(-52.2421448951587,-24.7627105206249,8.59280175611184));
#2611=CARTESIAN_POINT('',(-52.2550339698925,-24.7623042401098,8.59223553934619));
#2612=CARTESIAN_POINT('',(-52.2757109414098,-24.7616528402306,8.59519368498507));
#2613=CARTESIAN_POINT('',(-52.3013647766516,-24.7608455846134,8.60838138764097));
#2614=CARTESIAN_POINT('',(-52.3176070567589,-24.7603349682422,8.62156850737351));
#2615=CARTESIAN_POINT('',(-52.3307504115056,-24.7599223445777,8.63785279045912));
#2616=CARTESIAN_POINT('',(-52.3439695532868,-24.7595083220954,8.66374997213414));
#2617=CARTESIAN_POINT('',(-52.3468337272416,-24.7594202096477,8.68467082541159));
#2618=CARTESIAN_POINT('',(-52.3461486662239,-24.7594431692078,8.69771694013265));
#2619=EDGE_LOOP('',(#5210,#5211,#5212,#5213));
#2620=AXIS2_PLACEMENT_3D('',#5214,#5215,#5216);
#2621=EDGE_LOOP('',(#5217,#5218,#5219,#5220));
#2622=CARTESIAN_POINT('',(-53.9498510182348,-24.7636802264727,8.59278851833424));
#2623=CARTESIAN_POINT('',(-53.9370408037765,-24.7632359266999,8.59226858648333));
#2624=CARTESIAN_POINT('',(-53.9164793882834,-24.7625232005399,8.59525230235776));
#2625=CARTESIAN_POINT('',(-53.8909302232023,-24.7616386378359,8.60839442308481));
#2626=CARTESIAN_POINT('',(-53.8746883567274,-24.7610768646771,8.62159001413336));
#2627=CARTESIAN_POINT('',(-53.8615480160089,-24.7606230194244,8.63788360557943));
#2628=CARTESIAN_POINT('',(-53.8482631414597,-24.7601653114095,8.66393815627581));
#2629=CARTESIAN_POINT('',(-53.8454415407811,-24.7600699513541,8.68502646984142));
#2630=CARTESIAN_POINT('',(-53.846197621915,-24.760097752835,8.69818096889164));
#2631=CARTESIAN_POINT('',(-53.9514007024362,-24.7196684248835,8.59278671822969));
#2632=CARTESIAN_POINT('',(-53.9386673442872,-24.7210472924115,8.59227871368886));
#2633=CARTESIAN_POINT('',(-53.9182876053579,-24.7232606309183,8.59519574831915));
#2634=CARTESIAN_POINT('',(-53.8929277355211,-24.7260046515421,8.60796876879452));
#2635=CARTESIAN_POINT('',(-53.8767409974147,-24.727744163353,8.62079085555861));
#2636=CARTESIAN_POINT('',(-53.863533025896,-24.7291444728592,8.63664537235329));
#2637=CARTESIAN_POINT('',(-53.8499548728619,-24.7305469166366,8.66207291814718));
#2638=CARTESIAN_POINT('',(-53.8466927759415,-24.7308226411306,8.68280710804408));
#2639=CARTESIAN_POINT('',(-53.8471304147407,-24.7307226506016,8.69583956951649));
#2640=CARTESIAN_POINT('',(-53.939329008615,-24.6554706898232,8.59278409039884));
#2641=CARTESIAN_POINT('',(-53.9272626445888,-24.6593721444313,8.59229351095031));
#2642=CARTESIAN_POINT('',(-53.90804418443,-24.6656089640923,8.59511280979829));
#2643=CARTESIAN_POINT('',(-53.8841033306941,-24.6733967062903,8.60735824594568));
#2644=CARTESIAN_POINT('',(-53.8687444001722,-24.6783928718844,8.61964703033854));
#2645=CARTESIAN_POINT('',(-53.8560705029532,-24.6825081870383,8.63487127122666));
#2646=CARTESIAN_POINT('',(-53.8427531476556,-24.6868127083761,8.65938733843698));
#2647=CARTESIAN_POINT('',(-53.8390680038545,-24.6879687713875,8.67958306815867));
#2648=CARTESIAN_POINT('',(-53.8390617387965,-24.6879403703351,8.69241371077506));
#2649=CARTESIAN_POINT('',(-53.9001632319224,-24.5809873197517,8.5927810413792));
#2650=CARTESIAN_POINT('',(-53.8898911632957,-24.5877576343425,8.59231069592488));
#2651=CARTESIAN_POINT('',(-53.8736001924204,-24.5985049503225,8.59501611582273));
#2652=CARTESIAN_POINT('',(-53.8532534842042,-24.6119373272118,8.606663257598));
#2653=CARTESIAN_POINT('',(-53.8401184234468,-24.6206099450288,8.6183479394198));
#2654=CARTESIAN_POINT('',(-53.8291412176694,-24.6278562891548,8.6328540870368));
#2655=CARTESIAN_POINT('',(-53.8173310267061,-24.6356472136311,8.65631748876518));
#2656=CARTESIAN_POINT('',(-53.8136037522349,-24.6380963154711,8.67586155516136));
#2657=CARTESIAN_POINT('',(-53.8131762655069,-24.6383701839626,8.6884271543489));
#2658=CARTESIAN_POINT('',(-53.8623311280981,-24.5339851856429,8.59277911722646));
#2659=CARTESIAN_POINT('',(-53.8536973852659,-24.542524165429,8.59232154647753));
#2660=CARTESIAN_POINT('',(-53.8400394549378,-24.5560349815935,8.59495493220847));
#2661=CARTESIAN_POINT('',(-53.8229449955935,-24.5729381100968,8.60622942135689));
#2662=CARTESIAN_POINT('',(-53.8118614506916,-24.5838905512958,8.617538068826));
#2663=CARTESIAN_POINT('',(-53.8025199604839,-24.5931107686848,8.6315957360913));
#2664=CARTESIAN_POINT('',(-53.7923150562285,-24.6031626978483,8.65439660284391));
#2665=CARTESIAN_POINT('',(-53.7888410805021,-24.6065516555446,8.6735198110042));
#2666=CARTESIAN_POINT('',(-53.7882356907834,-24.6071169956206,8.68590682628321));
#2667=CARTESIAN_POINT('',(-53.8158892685359,-24.4957341068072,8.59277755133218));
#2668=CARTESIAN_POINT('',(-53.8091524239407,-24.5056859772061,8.59233038031738));
#2669=CARTESIAN_POINT('',(-53.7985246506622,-24.521392493563,8.59490503641959));
#2670=CARTESIAN_POINT('',(-53.7852180634959,-24.5410608229148,8.60587940932959));
#2671=CARTESIAN_POINT('',(-53.7765696766607,-24.5538420414298,8.61688536720619));
#2672=CARTESIAN_POINT('',(-53.7692420386804,-24.5646665454508,8.630581065211));
#2673=CARTESIAN_POINT('',(-53.7611585840047,-24.5765969478325,8.65284390332442));
#2674=CARTESIAN_POINT('',(-53.7582773366515,-24.5808315890331,8.67161842235283));
#2675=CARTESIAN_POINT('',(-53.7576768404152,-24.5817013451437,8.68385273614544));
#2676=CARTESIAN_POINT('',(-53.7423323553978,-24.4561693907738,8.59277593183601));
#2677=CARTESIAN_POINT('',(-53.7385430079858,-24.46757197657,8.59233951927383));
#2678=CARTESIAN_POINT('',(-53.7325865266455,-24.4855203961611,8.59485335258906));
#2679=CARTESIAN_POINT('',(-53.7251265292813,-24.5080108037983,8.60551977137415));
#2680=CARTESIAN_POINT('',(-53.7202640150351,-24.5226645741639,8.6162152496549));
#2681=CARTESIAN_POINT('',(-53.7161176783266,-24.5351442180655,8.62953891304611));
#2682=CARTESIAN_POINT('',(-53.7114897071687,-24.5490382520809,8.65124620037631));
#2683=CARTESIAN_POINT('',(-53.7097513768298,-24.554198115591,8.66965529481268));
#2684=CARTESIAN_POINT('',(-53.7093240794758,-24.5554260933112,8.68172591323574));
#2685=CARTESIAN_POINT('',(-53.6789583863091,-24.4440236496761,8.59277543447469));
#2686=CARTESIAN_POINT('',(-53.6776812896225,-24.4558315144824,8.592342327341));
#2687=CARTESIAN_POINT('',(-53.6756686574765,-24.4744109560955,8.59483743768124));
#2688=CARTESIAN_POINT('',(-53.6731369209029,-24.4977210608505,8.60541059026644));
#2689=CARTESIAN_POINT('',(-53.6714814560417,-24.5129344067426,8.61601209519425));
#2690=CARTESIAN_POINT('',(-53.6700641308275,-24.525928397764,8.62922275563518));
#2691=CARTESIAN_POINT('',(-53.6684731051819,-24.5404660678922,8.65075992537715));
#2692=CARTESIAN_POINT('',(-53.6678619445594,-24.5459782911545,8.66905418795645));
#2693=CARTESIAN_POINT('',(-53.6677015852925,-24.5473721200876,8.68107122132452));
#2694=CARTESIAN_POINT('',(-53.6355486680805,-24.4456348685002,8.59277550061454));
#2695=CARTESIAN_POINT('',(-53.6359632117309,-24.4573876914937,8.59234195423252));
#2696=CARTESIAN_POINT('',(-53.6366162574986,-24.4758823142454,8.59483954399855));
#2697=CARTESIAN_POINT('',(-53.6374371786944,-24.4990835125229,8.60542542837573));
#2698=CARTESIAN_POINT('',(-53.6379736968615,-24.5142229051419,8.61603977255513));
#2699=CARTESIAN_POINT('',(-53.6384327400407,-24.5271491569852,8.62926577687636));
#2700=CARTESIAN_POINT('',(-53.6389475653465,-24.5416022273303,8.65082570665076));
#2701=CARTESIAN_POINT('',(-53.6391446147216,-24.5470682352075,8.66913456453693));
#2702=CARTESIAN_POINT('',(-53.6391958001179,-24.5484404217724,8.68115770869221));
#2703=EDGE_LOOP('',(#5221,#5222,#5223,#5224));
#2704=AXIS2_PLACEMENT_3D('',#5225,#5226,#5227);
#2705=EDGE_LOOP('',(#5228,#5229,#5230,#5231));
#2706=AXIS2_PLACEMENT_3D('',#5232,#5233,#5234);
#2707=EDGE_LOOP('',(#5235,#5236,#5237,#5238));
#2708=AXIS2_PLACEMENT_3D('',#5239,#5240,#5241);
#2709=EDGE_LOOP('',(#5242,#5243,#5244,#5245,#5246,#5247,#5248,#5249,#5250));
#2710=AXIS2_PLACEMENT_3D('',#5251,#5252,#5253);
#2711=EDGE_LOOP('',(#5254,#5255,#5256,#5257));
#2712=AXIS2_PLACEMENT_3D('',#5258,#5259,#5260);
#2713=EDGE_LOOP('',(#5261,#5262,#5263,#5264));
#2714=AXIS2_PLACEMENT_3D('',#5265,#5266,#5267);
#2715=EDGE_LOOP('',(#5268,#5269,#5270,#5271));
#2716=AXIS2_PLACEMENT_3D('',#5272,#5273,#5274);
#2717=EDGE_LOOP('',(#5275,#5276,#5277,#5278));
#2718=AXIS2_PLACEMENT_3D('',#5279,#5280,#5281);
#2719=EDGE_LOOP('',(#5282,#5283,#5284,#5285));
#2720=AXIS2_PLACEMENT_3D('',#5286,#5287,#5288);
#2721=EDGE_LOOP('',(#5289,#5290,#5291,#5292));
#2722=AXIS2_PLACEMENT_3D('',#5293,#5294,#5295);
#2723=EDGE_LOOP('',(#5296,#5297,#5298,#5299));
#2724=AXIS2_PLACEMENT_3D('',#5300,#5301,#5302);
#2725=EDGE_LOOP('',(#5303,#5304,#5305,#5306));
#2726=AXIS2_PLACEMENT_3D('',#5307,#5308,#5309);
#2727=EDGE_LOOP('',(#5310,#5311,#5312,#5313));
#2728=AXIS2_PLACEMENT_3D('',#5314,#5315,#5316);
#2729=EDGE_LOOP('',(#5317,#5318,#5319,#5320));
#2730=AXIS2_PLACEMENT_3D('',#5321,#5322,#5323);
#2731=EDGE_LOOP('',(#5324,#5325,#5326,#5327));
#2732=AXIS2_PLACEMENT_3D('',#5328,#5329,#5330);
#2733=EDGE_LOOP('',(#5331,#5332,#5333,#5334));
#2734=AXIS2_PLACEMENT_3D('',#5335,#5336,#5337);
#2735=EDGE_LOOP('',(#5338,#5339,#5340,#5341));
#2736=AXIS2_PLACEMENT_3D('',#5342,#5343,#5344);
#2737=EDGE_LOOP('',(#5345,#5346,#5347,#5348,#5349));
#2738=AXIS2_PLACEMENT_3D('',#5350,#5351,#5352);
#2739=EDGE_LOOP('',(#5353,#5354,#5355,#5356));
#2740=AXIS2_PLACEMENT_3D('',#5357,#5358,#5359);
#2741=EDGE_LOOP('',(#5360,#5361,#5362,#5363,#5364));
#2742=AXIS2_PLACEMENT_3D('',#5365,#5366,#5367);
#2743=EDGE_LOOP('',(#5368,#5369,#5370,#5371));
#2744=AXIS2_PLACEMENT_3D('',#5372,#5373,#5374);
#2745=EDGE_LOOP('',(#5375,#5376,#5377,#5378));
#2746=AXIS2_PLACEMENT_3D('',#5379,#5380,#5381);
#2747=EDGE_LOOP('',(#5382,#5383,#5384,#5385));
#2748=AXIS2_PLACEMENT_3D('',#5386,#5387,#5388);
#2749=EDGE_LOOP('',(#5389,#5390,#5391,#5392,#5393,#5394,#5395,#5396,#5397));
#2750=AXIS2_PLACEMENT_3D('',#5398,#5399,#5400);
#2751=EDGE_LOOP('',(#5401,#5402,#5403,#5404));
#2752=AXIS2_PLACEMENT_3D('',#5405,#5406,#5407);
#2753=EDGE_LOOP('',(#5408,#5409,#5410,#5411));
#2754=AXIS2_PLACEMENT_3D('',#5412,#5413,#5414);
#2755=EDGE_LOOP('',(#5415,#5416,#5417,#5418));
#2756=AXIS2_PLACEMENT_3D('',#5419,#5420,#5421);
#2757=EDGE_LOOP('',(#5422,#5423,#5424,#5425));
#2758=AXIS2_PLACEMENT_3D('',#5426,#5427,#5428);
#2759=EDGE_LOOP('',(#5429,#5430,#5431,#5432));
#2760=AXIS2_PLACEMENT_3D('',#5433,#5434,#5435);
#2761=EDGE_LOOP('',(#5436,#5437,#5438,#5439));
#2762=AXIS2_PLACEMENT_3D('',#5440,#5441,#5442);
#2763=EDGE_LOOP('',(#5443,#5444,#5445,#5446));
#2764=AXIS2_PLACEMENT_3D('',#5447,#5448,#5449);
#2765=EDGE_LOOP('',(#5450,#5451,#5452,#5453));
#2766=AXIS2_PLACEMENT_3D('',#5454,#5455,#5456);
#2767=EDGE_LOOP('',(#5457,#5458,#5459,#5460));
#2768=AXIS2_PLACEMENT_3D('',#5461,#5462,#5463);
#2769=EDGE_LOOP('',(#5464,#5465,#5466,#5467));
#2770=AXIS2_PLACEMENT_3D('',#5468,#5469,#5470);
#2771=EDGE_LOOP('',(#5471,#5472,#5473,#5474));
#2772=AXIS2_PLACEMENT_3D('',#5475,#5476,#5477);
#2773=EDGE_LOOP('',(#5478,#5479,#5480,#5481));
#2774=AXIS2_PLACEMENT_3D('',#5482,#5483,#5484);
#2775=EDGE_LOOP('',(#5485,#5486,#5487,#5488));
#2776=AXIS2_PLACEMENT_3D('',#5489,#5490,#5491);
#2777=EDGE_LOOP('',(#5492,#5493,#5494,#5495));
#2778=AXIS2_PLACEMENT_3D('',#5496,#5497,#5498);
#2779=EDGE_LOOP('',(#5499,#5500,#5501,#5502));
#2781=CARTESIAN_POINT('',(-53.1025140795218,-28.884662754588,-11.783098097916));
#2782=CARTESIAN_POINT('',(-53.1013446945464,-28.8477202509943,-11.7183848700005));
#2783=CARTESIAN_POINT('',(-53.0992986876544,-28.783084037469,-11.6814017200761));
#2784=CARTESIAN_POINT('',(-53.0969427836509,-28.7086577416412,-11.6823041945582));
#2785=CARTESIAN_POINT('',(-52.9791667234606,-28.8885672150576,-11.783098097916));
#2786=CARTESIAN_POINT('',(-53.0007397509625,-28.8509048188506,-11.7183848700005));
#2787=CARTESIAN_POINT('',(-53.0384848596138,-28.7850090498501,-11.6814017200762));
#2788=CARTESIAN_POINT('',(-53.0819470067496,-28.7091324207911,-11.6823041945582));
#2789=CARTESIAN_POINT('',(-52.8919032859312,-28.8013037775284,-11.783098097916));
#2790=CARTESIAN_POINT('',(-52.9295656821383,-28.7797307500265,-11.7183848700005));
#2791=CARTESIAN_POINT('',(-52.9954614511387,-28.7419856413751,-11.6814017200762));
#2792=CARTESIAN_POINT('',(-53.0713380801977,-28.6985234942392,-11.6823041945582));
#2793=CARTESIAN_POINT('',(-52.8958077464008,-28.6779564214671,-11.783098097916));
#2794=CARTESIAN_POINT('',(-52.9327502499945,-28.6791258064425,-11.7183848700005));
#2795=CARTESIAN_POINT('',(-52.9973864635198,-28.6811718133345,-11.6814017200761));
#2796=CARTESIAN_POINT('',(-53.0718127593476,-28.6835277173379,-11.6823041945582));
#2803=EDGE_LOOP('',(#5503,#5504,#5505,#5506,#5507,#5508,#5509,#5510,#5511,#5512,#5513,#5514,#5515,#5516,#5517,#5518,#5519,#5520,#5521,#5522,#5523,#5524,#5525,#5526,#5527));
#2804=EDGE_LOOP('',(#5528,#5529,#5530,#5531,#5532,#5533));
#2805=EDGE_LOOP('',(#5534,#5535,#5536,#5537,#5538,#5539));
#2806=EDGE_LOOP('',(#5540,#5541,#5542,#5543,#5544,#5545));
#2807=EDGE_LOOP('',(#5546,#5547,#5548,#5549,#5550,#5551,#5552,#5553));
#2808=AXIS2_PLACEMENT_3D('',#5554,#5555,#5556);
#2809=EDGE_LOOP('',(#5557,#5558,#5559,#5560));
#2810=AXIS2_PLACEMENT_3D('',#5561,#5562,#5563);
#2811=EDGE_LOOP('',(#5564,#5565,#5566,#5567));
#2812=AXIS2_PLACEMENT_3D('',#5568,#5569,#5570);
#2813=EDGE_LOOP('',(#5571,#5572,#5573,#5574,#5575,#5576,#5577,#5578,#5579,#5580,#5581,#5582,#5583,#5584,#5585,#5586,#5587,#5588,#5589,#5590,#5591,#5592,#5593,#5594,#5595));
#2814=EDGE_LOOP('',(#5596,#5597,#5598,#5599));
#2815=EDGE_LOOP('',(#5600,#5601,#5602,#5603,#5604,#5605));
#2816=EDGE_LOOP('',(#5606,#5607,#5608,#5609,#5610,#5611));
#2817=EDGE_LOOP('',(#5612,#5613,#5614,#5615,#5616,#5617));
#2818=AXIS2_PLACEMENT_3D('',#5618,#5619,#5620);
#2819=EDGE_LOOP('',(#5621,#5622,#5623,#5624));
#2820=AXIS2_PLACEMENT_3D('',#5625,#5626,#5627);
#2821=EDGE_LOOP('',(#5628,#5629,#5630,#5631));
#2822=AXIS2_PLACEMENT_3D('',#5632,#5633,#5634);
#2823=EDGE_LOOP('',(#5635,#5636,#5637,#5638));
#2824=AXIS2_PLACEMENT_3D('',#5639,#5640,#5641);
#2825=EDGE_LOOP('',(#5642,#5643,#5644,#5645,#5646));
#2826=AXIS2_PLACEMENT_3D('',#5647,#5648,#5649);
#2827=EDGE_LOOP('',(#5650,#5651,#5652,#5653));
#2828=AXIS2_PLACEMENT_3D('',#5654,#5655,#5656);
#2829=EDGE_LOOP('',(#5657,#5658,#5659,#5660));
#2830=AXIS2_PLACEMENT_3D('',#5661,#5662,#5663);
#2831=EDGE_LOOP('',(#5664,#5665,#5666,#5667,#5668));
#2832=AXIS2_PLACEMENT_3D('',#5669,#5670,#5671);
#2833=EDGE_LOOP('',(#5672,#5673,#5674,#5675,#5676));
#2834=AXIS2_PLACEMENT_3D('',#5677,#5678,#5679);
#2835=EDGE_LOOP('',(#5680,#5681,#5682,#5683));
#2836=AXIS2_PLACEMENT_3D('',#5684,#5685,#5686);
#2837=EDGE_LOOP('',(#5687,#5688,#5689,#5690));
#2838=AXIS2_PLACEMENT_3D('',#5691,#5692,#5693);
#2839=EDGE_LOOP('',(#5694,#5695,#5696,#5697,#5698,#5699));
#2840=AXIS2_PLACEMENT_3D('',#5700,#5701,#5702);
#2841=EDGE_LOOP('',(#5703,#5704,#5705,#5706));
#2842=AXIS2_PLACEMENT_3D('',#5707,#5708,#5709);
#2843=EDGE_LOOP('',(#5710,#5711,#5712,#5713,#5714,#5715));
#2844=AXIS2_PLACEMENT_3D('',#5716,#5717,#5718);
#2845=EDGE_LOOP('',(#5719,#5720,#5721,#5722,#5723));
#2846=AXIS2_PLACEMENT_3D('',#5724,#5725,#5726);
#2847=EDGE_LOOP('',(#5727,#5728,#5729,#5730,#5731));
#2848=AXIS2_PLACEMENT_3D('',#5732,#5733,#5734);
#2849=EDGE_LOOP('',(#5735,#5736,#5737,#5738));
#2850=AXIS2_PLACEMENT_3D('',#5739,#5740,#5741);
#2851=EDGE_LOOP('',(#5742,#5743,#5744,#5745));
#2852=AXIS2_PLACEMENT_3D('',#5746,#5747,#5748);
#2853=EDGE_LOOP('',(#5749,#5750,#5751,#5752));
#2854=AXIS2_PLACEMENT_3D('',#5753,#5754,#5755);
#2855=EDGE_LOOP('',(#5756,#5757,#5758,#5759));
#2856=AXIS2_PLACEMENT_3D('',#5760,#5761,#5762);
#2857=EDGE_LOOP('',(#5763,#5764,#5765,#5766));
#2858=AXIS2_PLACEMENT_3D('',#5767,#5768,#5769);
#2859=EDGE_LOOP('',(#5770,#5771,#5772,#5773));
#2860=AXIS2_PLACEMENT_3D('',#5774,#5775,#5776);
#2861=EDGE_LOOP('',(#5777,#5778,#5779,#5780));
#2862=AXIS2_PLACEMENT_3D('',#5781,#5782,#5783);
#2863=EDGE_LOOP('',(#5784,#5785,#5786,#5787));
#2864=AXIS2_PLACEMENT_3D('',#5788,#5789,#5790);
#2865=EDGE_LOOP('',(#5791,#5792,#5793,#5794));
#2866=AXIS2_PLACEMENT_3D('',#5795,#5796,#5797);
#2867=EDGE_LOOP('',(#5798,#5799,#5800,#5801));
#2868=AXIS2_PLACEMENT_3D('',#5802,#5803,#5804);
#2869=EDGE_LOOP('',(#5805,#5806,#5807,#5808));
#2870=AXIS2_PLACEMENT_3D('',#5809,#5810,#5811);
#2871=EDGE_LOOP('',(#5812,#5813,#5814,#5815));
#2872=AXIS2_PLACEMENT_3D('',#5816,#5817,#5818);
#2873=EDGE_LOOP('',(#5819,#5820,#5821,#5822));
#2874=AXIS2_PLACEMENT_3D('',#5823,#5824,#5825);
#2875=EDGE_LOOP('',(#5826,#5827,#5828,#5829));
#2876=AXIS2_PLACEMENT_3D('',#5830,#5831,#5832);
#2877=EDGE_LOOP('',(#5833,#5834,#5835,#5836));
#2878=AXIS2_PLACEMENT_3D('',#5837,#5838,#5839);
#2879=EDGE_LOOP('',(#5840,#5841,#5842,#5843));
#2880=AXIS2_PLACEMENT_3D('',#5844,#5845,#5846);
#2881=EDGE_LOOP('',(#5847,#5848,#5849,#5850));
#2882=AXIS2_PLACEMENT_3D('',#5851,#5852,#5853);
#2883=EDGE_LOOP('',(#5854,#5855,#5856,#5857));
#2884=AXIS2_PLACEMENT_3D('',#5858,#5859,#5860);
#2885=EDGE_LOOP('',(#5861,#5862,#5863,#5864));
#2886=AXIS2_PLACEMENT_3D('',#5865,#5866,#5867);
#2887=EDGE_LOOP('',(#5868,#5869,#5870,#5871));
#2888=AXIS2_PLACEMENT_3D('',#5872,#5873,#5874);
#2889=EDGE_LOOP('',(#5875,#5876,#5877,#5878));
#2890=AXIS2_PLACEMENT_3D('',#5879,#5880,#5881);
#2891=EDGE_LOOP('',(#5882,#5883,#5884,#5885));
#2892=AXIS2_PLACEMENT_3D('',#5886,#5887,#5888);
#2893=EDGE_LOOP('',(#5889,#5890,#5891,#5892));
#2894=AXIS2_PLACEMENT_3D('',#5893,#5894,#5895);
#2895=EDGE_LOOP('',(#5896,#5897,#5898,#5899));
#2896=AXIS2_PLACEMENT_3D('',#5900,#5901,#5902);
#2897=EDGE_LOOP('',(#5903,#5904,#5905,#5906));
#2898=AXIS2_PLACEMENT_3D('',#5907,#5908,#5909);
#2899=EDGE_LOOP('',(#5910,#5911,#5912,#5913));
#2900=AXIS2_PLACEMENT_3D('',#5914,#5915,#5916);
#2901=EDGE_LOOP('',(#5917,#5918,#5919,#5920));
#2902=AXIS2_PLACEMENT_3D('',#5921,#5922,#5923);
#2903=EDGE_LOOP('',(#5924,#5925,#5926,#5927));
#2904=AXIS2_PLACEMENT_3D('',#5928,#5929,#5930);
#2905=EDGE_LOOP('',(#5931,#5932,#5933,#5934));
#2906=AXIS2_PLACEMENT_3D('',#5935,#5936,#5937);
#2907=EDGE_LOOP('',(#5938,#5939,#5940,#5941));
#2908=AXIS2_PLACEMENT_3D('',#5942,#5943,#5944);
#2909=EDGE_LOOP('',(#5945,#5946,#5947,#5948,#5949));
#2910=AXIS2_PLACEMENT_3D('',#5950,#5951,#5952);
#2911=EDGE_LOOP('',(#5953,#5954,#5955,#5956));
#2912=AXIS2_PLACEMENT_3D('',#5957,#5958,#5959);
#2913=EDGE_LOOP('',(#5960,#5961,#5962,#5963));
#2914=AXIS2_PLACEMENT_3D('',#5964,#5965,#5966);
#2915=EDGE_LOOP('',(#5967,#5968,#5969,#5970));
#2916=AXIS2_PLACEMENT_3D('',#5971,#5972,#5973);
#2917=EDGE_LOOP('',(#5974,#5975,#5976,#5977,#5978));
#2918=AXIS2_PLACEMENT_3D('',#5979,#5980,#5981);
#2919=EDGE_LOOP('',(#5982,#5983,#5984,#5985));
#2920=AXIS2_PLACEMENT_3D('',#5986,#5987,#5988);
#2921=EDGE_LOOP('',(#5989,#5990,#5991,#5992,#5993));
#2922=AXIS2_PLACEMENT_3D('',#5994,#5995,#5996);
#2923=EDGE_LOOP('',(#5997,#5998,#5999,#6000));
#2924=AXIS2_PLACEMENT_3D('',#6001,#6002,#6003);
#2925=EDGE_LOOP('',(#6004,#6005,#6006,#6007,#6008,#6009));
#2926=AXIS2_PLACEMENT_3D('',#6010,#6011,#6012);
#2927=EDGE_LOOP('',(#6013,#6014,#6015,#6016,#6017));
#2928=AXIS2_PLACEMENT_3D('',#6018,#6019,#6020);
#2929=EDGE_LOOP('',(#6021,#6022,#6023));
#2930=AXIS2_PLACEMENT_3D('',#6024,#6025,#6026);
#2931=EDGE_LOOP('',(#6027,#6028,#6029,#6030));
#2932=AXIS2_PLACEMENT_3D('',#6031,#6032,#6033);
#2933=EDGE_LOOP('',(#6034,#6035,#6036));
#2934=AXIS2_PLACEMENT_3D('',#6037,#6038,#6039);
#2935=EDGE_LOOP('',(#6040,#6041,#6042,#6043,#6044));
#2936=AXIS2_PLACEMENT_3D('',#6045,#6046,#6047);
#2937=EDGE_LOOP('',(#6048,#6049,#6050,#6051));
#2938=AXIS2_PLACEMENT_3D('',#6052,#6053,#6054);
#2939=EDGE_LOOP('',(#6055,#6056,#6057,#6058));
#2940=AXIS2_PLACEMENT_3D('',#6059,#6060,#6061);
#2941=EDGE_LOOP('',(#6062,#6063,#6064,#6065));
#2943=CARTESIAN_POINT('',(-54.0961722702271,-19.3842986795967,-11.3822892221497));
#2944=CARTESIAN_POINT('',(-54.096172209957,-19.4281536891119,-11.5063303188445));
#2945=CARTESIAN_POINT('',(-54.096172062324,-19.5355763916439,-11.5822896402584));
#2946=CARTESIAN_POINT('',(-54.0961718815118,-19.6671417956416,-11.5822895075182));
#2947=CARTESIAN_POINT('',(-53.8618571254163,-19.3842983575701,-11.3822892221497));
#2948=CARTESIAN_POINT('',(-53.8875467909301,-19.4281534023969,-11.5063303188445));
#2949=CARTESIAN_POINT('',(-53.9504735426746,-19.5355761914084,-11.5822896402584));
#2950=CARTESIAN_POINT('',(-54.0275427591472,-19.6671417013235,-11.5822895075183));
#2951=CARTESIAN_POINT('',(-53.6961712975855,-19.5499841854029,-11.3822892221497));
#2952=CARTESIAN_POINT('',(-53.7400263424082,-19.5756738509174,-11.5063303188445));
#2953=CARTESIAN_POINT('',(-53.8474491314216,-19.6386006026616,-11.5822896402584));
#2954=CARTESIAN_POINT('',(-53.9790146413363,-19.7156698191343,-11.5822895075182));
#2955=CARTESIAN_POINT('',(-53.6961716196084,-19.7842993302139,-11.3822892221497));
#2956=CARTESIAN_POINT('',(-53.7400266291253,-19.7842992699438,-11.5063303188445));
#2957=CARTESIAN_POINT('',(-53.8474493316574,-19.7842991223108,-11.5822896402584));
#2958=CARTESIAN_POINT('',(-53.9790147356544,-19.7842989414987,-11.5822895075182));
#2965=EDGE_LOOP('',(#6066,#6067,#6068,#6069));
#2966=AXIS2_PLACEMENT_3D('',#6070,#6071,#6072);
#2967=EDGE_LOOP('',(#6073,#6074,#6075,#6076));
#2969=CARTESIAN_POINT('',(-53.6961716196086,-20.9842982307617,-11.3822892221501));
#2970=CARTESIAN_POINT('',(-53.7400266291256,-20.9842982910319,-11.5063303188446));
#2971=CARTESIAN_POINT('',(-53.8474493316575,-20.9842984386648,-11.5822896402584));
#2972=CARTESIAN_POINT('',(-53.9790147356544,-20.9842986194769,-11.5822895075182));
#2973=CARTESIAN_POINT('',(-53.6961712975856,-21.2186133755722,-11.3822892221501));
#2974=CARTESIAN_POINT('',(-53.7400263424085,-21.1929237100584,-11.5063303188446));
#2975=CARTESIAN_POINT('',(-53.8474491314218,-21.1299969583139,-11.5822896402584));
#2976=CARTESIAN_POINT('',(-53.9790146413363,-21.0529277418413,-11.5822895075182));
#2977=CARTESIAN_POINT('',(-53.8618571254164,-21.3842992034033,-11.3822892221501));
#2978=CARTESIAN_POINT('',(-53.8875467909302,-21.3404441585801,-11.5063303188446));
#2979=CARTESIAN_POINT('',(-53.9504735426747,-21.2330213695672,-11.5822896402584));
#2980=CARTESIAN_POINT('',(-54.0275427591472,-21.1014558596522,-11.5822895075182));
#2981=CARTESIAN_POINT('',(-54.096172270227,-21.3842988813802,-11.3822892221501));
#2982=CARTESIAN_POINT('',(-54.0961722099569,-21.3404438718633,-11.5063303188446));
#2983=CARTESIAN_POINT('',(-54.096172062324,-21.2330211693316,-11.5822896402584));
#2984=CARTESIAN_POINT('',(-54.0961718815118,-21.1014557653341,-11.5822895075182));
#2991=EDGE_LOOP('',(#6077,#6078,#6079,#6080));
#2993=CARTESIAN_POINT('',(-54.0961711707749,-21.3842988813802,-11.3822892221501));
#2994=CARTESIAN_POINT('',(-54.0961712310455,-21.3404438718633,-11.5063303188445));
#2995=CARTESIAN_POINT('',(-54.0961713786781,-21.2330211693318,-11.5822896402583));
#2996=CARTESIAN_POINT('',(-54.0961715594904,-21.1014557653344,-11.5822895075182));
#2997=CARTESIAN_POINT('',(-54.3304863155855,-21.384299203403,-11.3822892221501));
#2998=CARTESIAN_POINT('',(-54.3047966500718,-21.34044415858,-11.5063303188445));
#2999=CARTESIAN_POINT('',(-54.2418698983273,-21.2330213695672,-11.5822896402583));
#3000=CARTESIAN_POINT('',(-54.1648006818547,-21.1014558596524,-11.5822895075182));
#3001=CARTESIAN_POINT('',(-54.4961721434164,-21.2186133755721,-11.3822892221501));
#3002=CARTESIAN_POINT('',(-54.4523170985933,-21.1929237100583,-11.5063303188445));
#3003=CARTESIAN_POINT('',(-54.3448943095805,-21.1299969583139,-11.5822896402583));
#3004=CARTESIAN_POINT('',(-54.2133287996656,-21.0529277418414,-11.5822895075183));
#3005=CARTESIAN_POINT('',(-54.4961718213934,-20.9842982307617,-11.3822892221501));
#3006=CARTESIAN_POINT('',(-54.4523168118765,-20.9842982910319,-11.5063303188445));
#3007=CARTESIAN_POINT('',(-54.3448941093449,-20.9842984386648,-11.5822896402583));
#3008=CARTESIAN_POINT('',(-54.2133287053475,-20.9842986194769,-11.5822895075182));
#3015=EDGE_LOOP('',(#6081,#6082,#6083,#6084));
#3016=AXIS2_PLACEMENT_3D('',#6085,#6086,#6087);
#3017=EDGE_LOOP('',(#6088,#6089,#6090,#6091));
#3019=CARTESIAN_POINT('',(-54.4961718213935,-19.7842993302139,-11.3822892221497));
#3020=CARTESIAN_POINT('',(-54.4523168118768,-19.7842992699438,-11.5063303188443));
#3021=CARTESIAN_POINT('',(-54.3448941093451,-19.7842991223108,-11.5822896402583));
#3022=CARTESIAN_POINT('',(-54.2133287053475,-19.7842989414987,-11.5822895075183));
#3023=CARTESIAN_POINT('',(-54.4961721434166,-19.5499841854031,-11.3822892221497));
#3024=CARTESIAN_POINT('',(-54.4523170985936,-19.5756738509176,-11.5063303188443));
#3025=CARTESIAN_POINT('',(-54.3448943095807,-19.6386006026616,-11.5822896402583));
#3026=CARTESIAN_POINT('',(-54.2133287996656,-19.7156698191342,-11.5822895075182));
#3027=CARTESIAN_POINT('',(-54.3304863155857,-19.3842983575703,-11.3822892221497));
#3028=CARTESIAN_POINT('',(-54.304796650072,-19.428153402397,-11.5063303188443));
#3029=CARTESIAN_POINT('',(-54.2418698983275,-19.5355761914084,-11.5822896402583));
#3030=CARTESIAN_POINT('',(-54.1648006818547,-19.6671417013233,-11.5822895075182));
#3031=CARTESIAN_POINT('',(-54.0961711707749,-19.3842986795967,-11.3822892221497));
#3032=CARTESIAN_POINT('',(-54.0961712310455,-19.4281536891119,-11.5063303188443));
#3033=CARTESIAN_POINT('',(-54.0961713786781,-19.5355763916436,-11.5822896402583));
#3034=CARTESIAN_POINT('',(-54.0961715594904,-19.6671417956413,-11.5822895075183));
#3041=EDGE_LOOP('',(#6092,#6093,#6094,#6095,#6096,#6097));
#3042=AXIS2_PLACEMENT_3D('',#6098,#6099,#6100);
#3043=EDGE_LOOP('',(#6101,#6102,#6103,#6104));
#3045=CARTESIAN_POINT('',(-52.096172270227,-19.3842986795967,-11.3822892221497));
#3046=CARTESIAN_POINT('',(-52.0961722099564,-19.4281536891119,-11.5063303188443));
#3047=CARTESIAN_POINT('',(-52.0961720623239,-19.5355763916437,-11.5822896402583));
#3048=CARTESIAN_POINT('',(-52.0961718815116,-19.6671417956413,-11.5822895075183));
#3049=CARTESIAN_POINT('',(-51.8618571254163,-19.3842983575704,-11.3822892221497));
#3050=CARTESIAN_POINT('',(-51.88754679093,-19.428153402397,-11.5063303188443));
#3051=CARTESIAN_POINT('',(-51.9504735426745,-19.5355761914084,-11.5822896402583));
#3052=CARTESIAN_POINT('',(-52.0275427591472,-19.6671417013233,-11.5822895075182));
#3053=CARTESIAN_POINT('',(-51.6961712975854,-19.5499841854031,-11.3822892221497));
#3054=CARTESIAN_POINT('',(-51.7400263424083,-19.5756738509176,-11.5063303188443));
#3055=CARTESIAN_POINT('',(-51.8474491314213,-19.6386006026617,-11.5822896402583));
#3056=CARTESIAN_POINT('',(-51.9790146413364,-19.7156698191342,-11.5822895075182));
#3057=CARTESIAN_POINT('',(-51.6961716196084,-19.7842993302139,-11.3822892221497));
#3058=CARTESIAN_POINT('',(-51.7400266291252,-19.7842992699438,-11.5063303188443));
#3059=CARTESIAN_POINT('',(-51.8474493316568,-19.7842991223108,-11.5822896402583));
#3060=CARTESIAN_POINT('',(-51.9790147356544,-19.7842989414987,-11.5822895075182));
#3067=EDGE_LOOP('',(#6105,#6106,#6107,#6108));
#3068=AXIS2_PLACEMENT_3D('',#6109,#6110,#6111);
#3069=EDGE_LOOP('',(#6112,#6113,#6114,#6115));
#3071=CARTESIAN_POINT('',(-51.6961716196086,-20.9842982307617,-11.3822892221501));
#3072=CARTESIAN_POINT('',(-51.7400266291255,-20.9842982910319,-11.5063303188445));
#3073=CARTESIAN_POINT('',(-51.847449331657,-20.9842984386648,-11.5822896402583));
#3074=CARTESIAN_POINT('',(-51.9790147356544,-20.9842986194769,-11.5822895075182));
#3075=CARTESIAN_POINT('',(-51.6961712975855,-21.2186133755721,-11.3822892221501));
#3076=CARTESIAN_POINT('',(-51.7400263424087,-21.1929237100583,-11.5063303188445));
#3077=CARTESIAN_POINT('',(-51.8474491314215,-21.1299969583139,-11.5822896402583));
#3078=CARTESIAN_POINT('',(-51.9790146413363,-21.0529277418414,-11.5822895075182));
#3079=CARTESIAN_POINT('',(-51.8618571254164,-21.3842992034031,-11.3822892221501));
#3080=CARTESIAN_POINT('',(-51.8875467909302,-21.34044415858,-11.5063303188445));
#3081=CARTESIAN_POINT('',(-51.9504735426747,-21.2330213695672,-11.5822896402583));
#3082=CARTESIAN_POINT('',(-52.0275427591472,-21.1014558596524,-11.5822895075182));
#3083=CARTESIAN_POINT('',(-52.0961722702271,-21.3842988813802,-11.3822892221501));
#3084=CARTESIAN_POINT('',(-52.0961722099565,-21.3404438718633,-11.5063303188445));
#3085=CARTESIAN_POINT('',(-52.0961720623239,-21.2330211693318,-11.5822896402583));
#3086=CARTESIAN_POINT('',(-52.0961718815116,-21.1014557653344,-11.5822895075182));
#3093=EDGE_LOOP('',(#6116,#6117,#6118,#6119));
#3095=CARTESIAN_POINT('',(-52.0961711707749,-21.3842988813802,-11.3822892221501));
#3096=CARTESIAN_POINT('',(-52.096171231045,-21.3404438718633,-11.5063303188447));
#3097=CARTESIAN_POINT('',(-52.096171378678,-21.2330211693315,-11.5822896402584));
#3098=CARTESIAN_POINT('',(-52.0961715594901,-21.101455765334,-11.5822895075182));
#3099=CARTESIAN_POINT('',(-52.3304863155856,-21.3842992034033,-11.3822892221501));
#3100=CARTESIAN_POINT('',(-52.3047966500717,-21.3404441585801,-11.5063303188447));
#3101=CARTESIAN_POINT('',(-52.2418698983272,-21.2330213695672,-11.5822896402584));
#3102=CARTESIAN_POINT('',(-52.1648006818547,-21.1014558596521,-11.5822895075182));
#3103=CARTESIAN_POINT('',(-52.4961721434163,-21.2186133755723,-11.3822892221501));
#3104=CARTESIAN_POINT('',(-52.4523170985935,-21.1929237100584,-11.5063303188447));
#3105=CARTESIAN_POINT('',(-52.3448943095801,-21.1299969583139,-11.5822896402584));
#3106=CARTESIAN_POINT('',(-52.2133287996656,-21.0529277418413,-11.5822895075182));
#3107=CARTESIAN_POINT('',(-52.4961718213934,-20.9842982307617,-11.3822892221501));
#3108=CARTESIAN_POINT('',(-52.4523168118764,-20.9842982910319,-11.5063303188447));
#3109=CARTESIAN_POINT('',(-52.3448941093444,-20.9842984386648,-11.5822896402584));
#3110=CARTESIAN_POINT('',(-52.2133287053475,-20.9842986194769,-11.5822895075182));
#3117=EDGE_LOOP('',(#6120,#6121,#6122,#6123));
#3118=AXIS2_PLACEMENT_3D('',#6124,#6125,#6126);
#3119=EDGE_LOOP('',(#6127,#6128,#6129,#6130));
#3121=CARTESIAN_POINT('',(-52.4961718213936,-19.7842993302139,-11.3822892221497));
#3122=CARTESIAN_POINT('',(-52.4523168118767,-19.7842992699438,-11.5063303188444));
#3123=CARTESIAN_POINT('',(-52.3448941093447,-19.7842991223108,-11.5822896402584));
#3124=CARTESIAN_POINT('',(-52.2133287053476,-19.7842989414987,-11.5822895075182));
#3125=CARTESIAN_POINT('',(-52.4961721434165,-19.5499841854029,-11.3822892221497));
#3126=CARTESIAN_POINT('',(-52.4523170985939,-19.5756738509174,-11.5063303188444));
#3127=CARTESIAN_POINT('',(-52.3448943095804,-19.6386006026616,-11.5822896402584));
#3128=CARTESIAN_POINT('',(-52.2133287996657,-19.7156698191343,-11.5822895075182));
#3129=CARTESIAN_POINT('',(-52.3304863155857,-19.3842983575701,-11.3822892221497));
#3130=CARTESIAN_POINT('',(-52.3047966500719,-19.4281534023969,-11.5063303188444));
#3131=CARTESIAN_POINT('',(-52.2418698983273,-19.5355761914084,-11.5822896402584));
#3132=CARTESIAN_POINT('',(-52.1648006818548,-19.6671417013235,-11.5822895075182));
#3133=CARTESIAN_POINT('',(-52.0961711707749,-19.3842986795967,-11.3822892221497));
#3134=CARTESIAN_POINT('',(-52.0961712310451,-19.4281536891119,-11.5063303188444));
#3135=CARTESIAN_POINT('',(-52.096171378678,-19.5355763916438,-11.5822896402584));
#3136=CARTESIAN_POINT('',(-52.0961715594901,-19.6671417956415,-11.5822895075182));
#3143=EDGE_LOOP('',(#6131,#6132,#6133,#6134,#6135,#6136));
#3144=AXIS2_PLACEMENT_3D('',#6137,#6138,#6139);
#3145=EDGE_LOOP('',(#6140,#6141,#6142,#6143));
#3146=AXIS2_PLACEMENT_3D('',#6144,#6145,#6146);
#3147=EDGE_LOOP('',(#6147,#6148,#6149,#6150));
#3149=CARTESIAN_POINT('',(-53.1206426529914,-27.0850733879996,-11.282302868204));
#3150=CARTESIAN_POINT('',(-53.1944805919002,-27.0874106680429,-11.2814489167767));
#3151=CARTESIAN_POINT('',(-53.2589362105927,-27.0894509583522,-11.3179368403431));
#3152=CARTESIAN_POINT('',(-53.296071647523,-27.0906264504764,-11.3822895951207));
#3153=CARTESIAN_POINT('',(-53.1211195141088,-27.0700086797025,-11.282302868204));
#3154=CARTESIAN_POINT('',(-53.1963963210326,-27.0268901107971,-11.2814489167767));
#3155=CARTESIAN_POINT('',(-53.2621079759782,-26.9892504627107,-11.3179368403431));
#3156=CARTESIAN_POINT('',(-53.2999670651828,-26.967564769424,-11.3822895951207));
#3157=CARTESIAN_POINT('',(-53.1104618212863,-27.0593509868799,-11.282302868204));
#3158=CARTESIAN_POINT('',(-53.1535803901925,-26.9840741799567,-11.2814489167767));
#3159=CARTESIAN_POINT('',(-53.1912200382793,-26.9183625250112,-11.3179368403431));
#3160=CARTESIAN_POINT('',(-53.2129057315665,-26.880503435807,-11.3822895951207));
#3161=CARTESIAN_POINT('',(-53.0953971129892,-27.0598278479973,-11.282302868204));
#3162=CARTESIAN_POINT('',(-53.0930598329467,-26.9859899090888,-11.2814489167767));
#3163=CARTESIAN_POINT('',(-53.0910195426375,-26.9215342903961,-11.3179368403431));
#3164=CARTESIAN_POINT('',(-53.089844050514,-26.8843988534657,-11.3822895951207));
#3171=EDGE_LOOP('',(#6151,#6152,#6153,#6154,#6155,#6156));
#3172=AXIS2_PLACEMENT_3D('',#6157,#6158,#6159);
#3173=EDGE_LOOP('',(#6160,#6161,#6162,#6163));
#3175=CARTESIAN_POINT('',(-53.0953971129892,-28.7087697129783,-11.282302868204));
#3176=CARTESIAN_POINT('',(-53.0930598329466,-28.7826076518871,-11.2814489167768));
#3177=CARTESIAN_POINT('',(-53.0910195426375,-28.8470632705796,-11.3179368403431));
#3178=CARTESIAN_POINT('',(-53.089844050514,-28.8841987075098,-11.3822895951206));
#3179=CARTESIAN_POINT('',(-53.1104618212863,-28.7092465740957,-11.282302868204));
#3180=CARTESIAN_POINT('',(-53.1535803901921,-28.7845233810191,-11.2814489167768));
#3181=CARTESIAN_POINT('',(-53.1912200382787,-28.8502350359644,-11.3179368403431));
#3182=CARTESIAN_POINT('',(-53.2129057315658,-28.8880941251688,-11.3822895951206));
#3183=CARTESIAN_POINT('',(-53.1211195141089,-28.6985888812731,-11.282302868204));
#3184=CARTESIAN_POINT('',(-53.1963963210322,-28.7417074501789,-11.2814489167768));
#3185=CARTESIAN_POINT('',(-53.2621079759776,-28.7793470982655,-11.3179368403431));
#3186=CARTESIAN_POINT('',(-53.299967065182,-28.8010327915527,-11.3822895951206));
#3187=CARTESIAN_POINT('',(-53.1206426529915,-28.683524172976,-11.282302868204));
#3188=CARTESIAN_POINT('',(-53.1944805919002,-28.6811868929335,-11.2814489167768));
#3189=CARTESIAN_POINT('',(-53.2589362105927,-28.6791466026243,-11.3179368403431));
#3190=CARTESIAN_POINT('',(-53.296071647523,-28.6779711105008,-11.3822895951206));
#3197=EDGE_LOOP('',(#6164,#6165,#6166,#6167));
#3199=CARTESIAN_POINT('',(-53.0717007880104,-28.683524172976,-11.282302868204));
#3200=CARTESIAN_POINT('',(-52.9978628491017,-28.6811868929334,-11.2814489167768));
#3201=CARTESIAN_POINT('',(-52.9334072304092,-28.6791466026243,-11.3179368403431));
#3202=CARTESIAN_POINT('',(-52.896271793479,-28.6779711105008,-11.3822895951206));
#3203=CARTESIAN_POINT('',(-53.0712239268931,-28.6985888812731,-11.282302868204));
#3204=CARTESIAN_POINT('',(-52.9959471199697,-28.741707450179,-11.2814489167768));
#3205=CARTESIAN_POINT('',(-52.9302354650244,-28.7793470982655,-11.3179368403431));
#3206=CARTESIAN_POINT('',(-52.89237637582,-28.8010327915527,-11.3822895951206));
#3207=CARTESIAN_POINT('',(-53.0818816197157,-28.7092465740957,-11.282302868204));
#3208=CARTESIAN_POINT('',(-53.0387630508099,-28.7845233810191,-11.2814489167768));
#3209=CARTESIAN_POINT('',(-53.0011234027233,-28.8502350359644,-11.3179368403431));
#3210=CARTESIAN_POINT('',(-52.9794377094362,-28.8880941251688,-11.3822895951206));
#3211=CARTESIAN_POINT('',(-53.0969463280128,-28.7087697129784,-11.282302868204));
#3212=CARTESIAN_POINT('',(-53.0992836080554,-28.7826076518871,-11.2814489167768));
#3213=CARTESIAN_POINT('',(-53.1013238983645,-28.8470632705796,-11.3179368403431));
#3214=CARTESIAN_POINT('',(-53.102499390488,-28.8841987075098,-11.3822895951206));
#3221=EDGE_LOOP('',(#6168,#6169,#6170,#6171));
#3222=AXIS2_PLACEMENT_3D('',#6172,#6173,#6174);
#3223=EDGE_LOOP('',(#6175,#6176,#6177,#6178));
#3225=CARTESIAN_POINT('',(-53.0969463280128,-27.0598278479972,-11.282302868204));
#3226=CARTESIAN_POINT('',(-53.0992836080553,-26.9859899090888,-11.2814489167767));
#3227=CARTESIAN_POINT('',(-53.1013238983645,-26.9215342903961,-11.3179368403431));
#3228=CARTESIAN_POINT('',(-53.102499390488,-26.8843988534657,-11.3822895951207));
#3229=CARTESIAN_POINT('',(-53.0818816197157,-27.0593509868798,-11.282302868204));
#3230=CARTESIAN_POINT('',(-53.0387630508095,-26.9840741799566,-11.2814489167767));
#3231=CARTESIAN_POINT('',(-53.0011234027227,-26.9183625250112,-11.3179368403431));
#3232=CARTESIAN_POINT('',(-52.9794377094355,-26.8805034358069,-11.3822895951207));
#3233=CARTESIAN_POINT('',(-53.0712239268931,-27.0700086797025,-11.282302868204));
#3234=CARTESIAN_POINT('',(-52.9959471199694,-27.0268901107971,-11.2814489167767));
#3235=CARTESIAN_POINT('',(-52.9302354650238,-26.9892504627106,-11.3179368403431));
#3236=CARTESIAN_POINT('',(-52.8923763758192,-26.967564769424,-11.3822895951207));
#3237=CARTESIAN_POINT('',(-53.0717007880105,-27.0850733879996,-11.282302868204));
#3238=CARTESIAN_POINT('',(-52.9978628491018,-27.0874106680429,-11.2814489167767));
#3239=CARTESIAN_POINT('',(-52.9334072304093,-27.0894509583522,-11.3179368403431));
#3240=CARTESIAN_POINT('',(-52.896271793479,-27.0906264504764,-11.3822895951207));
#3247=EDGE_LOOP('',(#6179,#6180,#6181,#6182));
#3248=AXIS2_PLACEMENT_3D('',#6183,#6184,#6185);
#3249=EDGE_LOOP('',(#6186,#6187,#6188,#6189));
#3251=CARTESIAN_POINT('',(-52.8958077464008,-27.0906411395094,-11.783098097916));
#3252=CARTESIAN_POINT('',(-52.9327502499945,-27.0894717545338,-11.7183848700005));
#3253=CARTESIAN_POINT('',(-52.9973864635198,-27.0874257476414,-11.6814017200762));
#3254=CARTESIAN_POINT('',(-53.0718127593476,-27.0850698436378,-11.6823041945582));
#3255=CARTESIAN_POINT('',(-52.8919032859309,-26.9672937834479,-11.783098097916));
#3256=CARTESIAN_POINT('',(-52.929565682138,-26.9888668109495,-11.7183848700005));
#3257=CARTESIAN_POINT('',(-52.9954614511386,-27.0266119196007,-11.6814017200762));
#3258=CARTESIAN_POINT('',(-53.0713380801976,-27.0700740667364,-11.6823041945582));
#3259=CARTESIAN_POINT('',(-52.9791667234602,-26.8800303459181,-11.783098097916));
#3260=CARTESIAN_POINT('',(-53.0007397509622,-26.917692742125,-11.7183848700005));
#3261=CARTESIAN_POINT('',(-53.0384848596136,-26.9835885111256,-11.6814017200762));
#3262=CARTESIAN_POINT('',(-53.0819470067496,-27.0594651401845,-11.6823041945582));
#3263=CARTESIAN_POINT('',(-53.1025140795218,-26.8839348063876,-11.783098097916));
#3264=CARTESIAN_POINT('',(-53.1013446945464,-26.9208773099814,-11.7183848700005));
#3265=CARTESIAN_POINT('',(-53.0992986876544,-26.9855135235068,-11.6814017200762));
#3266=CARTESIAN_POINT('',(-53.096942783651,-27.0599398193345,-11.6823041945582));
#3273=EDGE_LOOP('',(#6190,#6191,#6192,#6193));
#3275=CARTESIAN_POINT('',(-53.0898293614802,-26.8839348063876,-11.783098097916));
#3276=CARTESIAN_POINT('',(-53.0909987464556,-26.9208773099814,-11.7183848700005));
#3277=CARTESIAN_POINT('',(-53.0930447533476,-26.9855135235068,-11.6814017200762));
#3278=CARTESIAN_POINT('',(-53.095400657351,-27.0599398193345,-11.6823041945582));
#3279=CARTESIAN_POINT('',(-53.2131767175418,-26.8800303459182,-11.783098097916));
#3280=CARTESIAN_POINT('',(-53.1916036900398,-26.9176927421251,-11.7183848700005));
#3281=CARTESIAN_POINT('',(-53.1538585813884,-26.9835885111256,-11.6814017200762));
#3282=CARTESIAN_POINT('',(-53.1103964342524,-27.0594651401845,-11.6823041945582));
#3283=CARTESIAN_POINT('',(-53.3004401550711,-26.9672937834479,-11.783098097916));
#3284=CARTESIAN_POINT('',(-53.262777758864,-26.9888668109495,-11.7183848700005));
#3285=CARTESIAN_POINT('',(-53.1968819898634,-27.0266119196007,-11.6814017200762));
#3286=CARTESIAN_POINT('',(-53.1210053608044,-27.0700740667364,-11.6823041945582));
#3287=CARTESIAN_POINT('',(-53.2965356946012,-27.0906411395094,-11.783098097916));
#3288=CARTESIAN_POINT('',(-53.2595931910075,-27.0894717545338,-11.7183848700005));
#3289=CARTESIAN_POINT('',(-53.1949569774822,-27.0874257476414,-11.6814017200762));
#3290=CARTESIAN_POINT('',(-53.1205306816544,-27.0850698436378,-11.6823041945582));
#3297=EDGE_LOOP('',(#6194,#6195,#6196,#6197));
#3298=AXIS2_PLACEMENT_3D('',#6198,#6199,#6200);
#3299=EDGE_LOOP('',(#6201,#6202,#6203,#6204));
#3301=CARTESIAN_POINT('',(-53.2965356946012,-28.6779564214671,-11.783098097916));
#3302=CARTESIAN_POINT('',(-53.2595931910075,-28.6791258064425,-11.7183848700005));
#3303=CARTESIAN_POINT('',(-53.1949569774822,-28.6811718133345,-11.6814017200761));
#3304=CARTESIAN_POINT('',(-53.1205306816544,-28.6835277173378,-11.6823041945582));
#3305=CARTESIAN_POINT('',(-53.3004401550707,-28.8013037775284,-11.783098097916));
#3306=CARTESIAN_POINT('',(-53.2627777588637,-28.7797307500265,-11.7183848700005));
#3307=CARTESIAN_POINT('',(-53.1968819898632,-28.7419856413751,-11.6814017200761));
#3308=CARTESIAN_POINT('',(-53.1210053608043,-28.6985234942392,-11.6823041945582));
#3309=CARTESIAN_POINT('',(-53.2131767175414,-28.8885672150576,-11.783098097916));
#3310=CARTESIAN_POINT('',(-53.1916036900395,-28.8509048188506,-11.7183848700005));
#3311=CARTESIAN_POINT('',(-53.1538585813882,-28.7850090498501,-11.6814017200761));
#3312=CARTESIAN_POINT('',(-53.1103964342523,-28.7091324207911,-11.6823041945582));
#3313=CARTESIAN_POINT('',(-53.0898293614802,-28.884662754588,-11.783098097916));
#3314=CARTESIAN_POINT('',(-53.0909987464556,-28.8477202509943,-11.7183848700005));
#3315=CARTESIAN_POINT('',(-53.0930447533476,-28.783084037469,-11.6814017200761));
#3316=CARTESIAN_POINT('',(-53.095400657351,-28.7086577416412,-11.6823041945582));
#3323=EDGE_LOOP('',(#6205,#6206,#6207,#6208,#6209,#6210));
#3324=AXIS2_PLACEMENT_3D('',#6211,#6212,#6213);
#3325=EDGE_LOOP('',(#6214,#6215,#6216,#6217));
#3327=CARTESIAN_POINT('',(-54.4961718213935,-19.7842993302139,-11.7822892221497));
#3328=CARTESIAN_POINT('',(-54.4523168118768,-19.7842992699438,-11.9063303188443));
#3329=CARTESIAN_POINT('',(-54.3448941093451,-19.7842991223108,-11.9822896402583));
#3330=CARTESIAN_POINT('',(-54.2133287053476,-19.7842989414987,-11.9822895075183));
#3331=CARTESIAN_POINT('',(-54.4961721434166,-19.5499841854031,-11.7822892221497));
#3332=CARTESIAN_POINT('',(-54.4523170985936,-19.5756738509176,-11.9063303188443));
#3333=CARTESIAN_POINT('',(-54.3448943095807,-19.6386006026616,-11.9822896402583));
#3334=CARTESIAN_POINT('',(-54.2133287996657,-19.7156698191342,-11.9822895075183));
#3335=CARTESIAN_POINT('',(-54.3304863155857,-19.3842983575703,-11.7822892221497));
#3336=CARTESIAN_POINT('',(-54.3047966500719,-19.428153402397,-11.9063303188443));
#3337=CARTESIAN_POINT('',(-54.2418698983275,-19.5355761914084,-11.9822896402583));
#3338=CARTESIAN_POINT('',(-54.1648006818548,-19.6671417013232,-11.9822895075183));
#3339=CARTESIAN_POINT('',(-54.0961711707749,-19.3842986795967,-11.7822892221497));
#3340=CARTESIAN_POINT('',(-54.0961712310455,-19.4281536891119,-11.9063303188443));
#3341=CARTESIAN_POINT('',(-54.0961713786781,-19.5355763916436,-11.9822896402583));
#3342=CARTESIAN_POINT('',(-54.0961715594904,-19.6671417956412,-11.9822895075183));
#3349=EDGE_LOOP('',(#6218,#6219,#6220,#6221));
#3350=AXIS2_PLACEMENT_3D('',#6222,#6223,#6224);
#3351=EDGE_LOOP('',(#6225,#6226,#6227,#6228));
#3353=CARTESIAN_POINT('',(-54.0961711707748,-21.3842988813802,-11.7822892221501));
#3354=CARTESIAN_POINT('',(-54.0961712310454,-21.3404438718633,-11.9063303188446));
#3355=CARTESIAN_POINT('',(-54.096171378678,-21.2330211693317,-11.9822896402583));
#3356=CARTESIAN_POINT('',(-54.0961715594903,-21.1014557653343,-11.9822895075183));
#3357=CARTESIAN_POINT('',(-54.3304863155854,-21.3842992034031,-11.7822892221501));
#3358=CARTESIAN_POINT('',(-54.3047966500717,-21.34044415858,-11.9063303188446));
#3359=CARTESIAN_POINT('',(-54.2418698983272,-21.2330213695672,-11.9822896402583));
#3360=CARTESIAN_POINT('',(-54.1648006818547,-21.1014558596524,-11.9822895075183));
#3361=CARTESIAN_POINT('',(-54.4961721434164,-21.2186133755721,-11.7822892221501));
#3362=CARTESIAN_POINT('',(-54.4523170985933,-21.1929237100583,-11.9063303188446));
#3363=CARTESIAN_POINT('',(-54.3448943095805,-21.129996958314,-11.9822896402583));
#3364=CARTESIAN_POINT('',(-54.2133287996655,-21.0529277418414,-11.9822895075183));
#3365=CARTESIAN_POINT('',(-54.4961718213934,-20.9842982307618,-11.7822892221501));
#3366=CARTESIAN_POINT('',(-54.4523168118765,-20.9842982910319,-11.9063303188446));
#3367=CARTESIAN_POINT('',(-54.3448941093449,-20.9842984386649,-11.9822896402583));
#3368=CARTESIAN_POINT('',(-54.2133287053475,-20.9842986194769,-11.9822895075183));
#3375=EDGE_LOOP('',(#6229,#6230,#6231,#6232));
#3377=CARTESIAN_POINT('',(-53.6961716196086,-20.9842982307618,-11.7822892221501));
#3378=CARTESIAN_POINT('',(-53.7400266291256,-20.9842982910319,-11.9063303188447));
#3379=CARTESIAN_POINT('',(-53.8474493316575,-20.9842984386648,-11.9822896402584));
#3380=CARTESIAN_POINT('',(-53.9790147356544,-20.9842986194769,-11.9822895075183));
#3381=CARTESIAN_POINT('',(-53.6961712975857,-21.2186133755723,-11.7822892221501));
#3382=CARTESIAN_POINT('',(-53.7400263424085,-21.1929237100584,-11.9063303188447));
#3383=CARTESIAN_POINT('',(-53.8474491314218,-21.129996958314,-11.9822896402584));
#3384=CARTESIAN_POINT('',(-53.9790146413363,-21.0529277418413,-11.9822895075183));
#3385=CARTESIAN_POINT('',(-53.8618571254164,-21.3842992034033,-11.7822892221501));
#3386=CARTESIAN_POINT('',(-53.8875467909303,-21.3404441585801,-11.9063303188447));
#3387=CARTESIAN_POINT('',(-53.9504735426747,-21.2330213695672,-11.9822896402584));
#3388=CARTESIAN_POINT('',(-54.0275427591472,-21.1014558596522,-11.9822895075183));
#3389=CARTESIAN_POINT('',(-54.0961722702271,-21.3842988813802,-11.7822892221501));
#3390=CARTESIAN_POINT('',(-54.096172209957,-21.3404438718633,-11.9063303188447));
#3391=CARTESIAN_POINT('',(-54.096172062324,-21.2330211693316,-11.9822896402584));
#3392=CARTESIAN_POINT('',(-54.0961718815118,-21.1014557653341,-11.9822895075183));
#3399=EDGE_LOOP('',(#6233,#6234,#6235,#6236));
#3400=AXIS2_PLACEMENT_3D('',#6237,#6238,#6239);
#3401=EDGE_LOOP('',(#6240,#6241,#6242,#6243));
#3403=CARTESIAN_POINT('',(-54.096172270227,-19.3842986795967,-11.7822892221497));
#3404=CARTESIAN_POINT('',(-54.0961722099569,-19.4281536891119,-11.9063303188445));
#3405=CARTESIAN_POINT('',(-54.096172062324,-19.5355763916438,-11.9822896402584));
#3406=CARTESIAN_POINT('',(-54.0961718815118,-19.6671417956415,-11.9822895075183));
#3407=CARTESIAN_POINT('',(-53.8618571254162,-19.3842983575701,-11.7822892221497));
#3408=CARTESIAN_POINT('',(-53.88754679093,-19.4281534023969,-11.9063303188444));
#3409=CARTESIAN_POINT('',(-53.9504735426746,-19.5355761914084,-11.9822896402584));
#3410=CARTESIAN_POINT('',(-54.0275427591472,-19.6671417013235,-11.9822895075183));
#3411=CARTESIAN_POINT('',(-53.6961712975855,-19.5499841854029,-11.7822892221497));
#3412=CARTESIAN_POINT('',(-53.7400263424082,-19.5756738509174,-11.9063303188444));
#3413=CARTESIAN_POINT('',(-53.8474491314216,-19.6386006026616,-11.9822896402584));
#3414=CARTESIAN_POINT('',(-53.9790146413363,-19.7156698191343,-11.9822895075183));
#3415=CARTESIAN_POINT('',(-53.6961716196084,-19.7842993302139,-11.7822892221497));
#3416=CARTESIAN_POINT('',(-53.7400266291253,-19.7842992699438,-11.9063303188445));
#3417=CARTESIAN_POINT('',(-53.8474493316573,-19.7842991223108,-11.9822896402584));
#3418=CARTESIAN_POINT('',(-53.9790147356544,-19.7842989414987,-11.9822895075183));
#3425=EDGE_LOOP('',(#6244,#6245,#6246,#6247,#6248,#6249));
#3426=AXIS2_PLACEMENT_3D('',#6250,#6251,#6252);
#3427=EDGE_LOOP('',(#6253,#6254,#6255,#6256));
#3429=CARTESIAN_POINT('',(-52.0961715594901,-19.6671417956415,-11.9822895075183));
#3430=CARTESIAN_POINT('',(-52.096171378678,-19.5355763916438,-11.9822896402584));
#3431=CARTESIAN_POINT('',(-52.0961712310451,-19.4281536891119,-11.9063303188444));
#3432=CARTESIAN_POINT('',(-52.0961711707749,-19.3842986795967,-11.7822892221497));
#3433=CARTESIAN_POINT('',(-52.1648006818548,-19.6671417013234,-11.9822895075183));
#3434=CARTESIAN_POINT('',(-52.2418698983274,-19.5355761914084,-11.9822896402584));
#3435=CARTESIAN_POINT('',(-52.3047966500719,-19.4281534023969,-11.9063303188444));
#3436=CARTESIAN_POINT('',(-52.3304863155857,-19.3842983575701,-11.7822892221497));
#3437=CARTESIAN_POINT('',(-52.2133287996657,-19.7156698191343,-11.9822895075183));
#3438=CARTESIAN_POINT('',(-52.3448943095804,-19.6386006026616,-11.9822896402584));
#3439=CARTESIAN_POINT('',(-52.4523170985938,-19.5756738509174,-11.9063303188444));
#3440=CARTESIAN_POINT('',(-52.4961721434165,-19.5499841854029,-11.7822892221497));
#3441=CARTESIAN_POINT('',(-52.2133287053476,-19.7842989414987,-11.9822895075183));
#3442=CARTESIAN_POINT('',(-52.3448941093447,-19.7842991223108,-11.9822896402584));
#3443=CARTESIAN_POINT('',(-52.4523168118767,-19.7842992699438,-11.9063303188444));
#3444=CARTESIAN_POINT('',(-52.4961718213936,-19.7842993302139,-11.7822892221497));
#3451=EDGE_LOOP('',(#6257,#6258,#6259,#6260));
#3453=CARTESIAN_POINT('',(-51.9790147356544,-19.7842989414987,-11.9822895075183));
#3454=CARTESIAN_POINT('',(-51.8474493316568,-19.7842991223108,-11.9822896402583));
#3455=CARTESIAN_POINT('',(-51.7400266291252,-19.7842992699438,-11.9063303188443));
#3456=CARTESIAN_POINT('',(-51.6961716196085,-19.7842993302139,-11.7822892221497));
#3457=CARTESIAN_POINT('',(-51.9790146413363,-19.7156698191342,-11.9822895075183));
#3458=CARTESIAN_POINT('',(-51.8474491314212,-19.6386006026616,-11.9822896402583));
#3459=CARTESIAN_POINT('',(-51.7400263424083,-19.5756738509176,-11.9063303188443));
#3460=CARTESIAN_POINT('',(-51.6961712975854,-19.549984185403,-11.7822892221497));
#3461=CARTESIAN_POINT('',(-52.0275427591472,-19.6671417013232,-11.9822895075183));
#3462=CARTESIAN_POINT('',(-51.9504735426745,-19.5355761914084,-11.9822896402583));
#3463=CARTESIAN_POINT('',(-51.88754679093,-19.428153402397,-11.9063303188443));
#3464=CARTESIAN_POINT('',(-51.8618571254163,-19.3842983575703,-11.7822892221497));
#3465=CARTESIAN_POINT('',(-52.0961718815116,-19.6671417956412,-11.9822895075183));
#3466=CARTESIAN_POINT('',(-52.0961720623239,-19.5355763916436,-11.9822896402583));
#3467=CARTESIAN_POINT('',(-52.0961722099565,-19.4281536891119,-11.9063303188443));
#3468=CARTESIAN_POINT('',(-52.0961722702271,-19.3842986795967,-11.7822892221497));
#3475=EDGE_LOOP('',(#6261,#6262,#6263,#6264,#6265,#6266));
#3476=AXIS2_PLACEMENT_3D('',#6267,#6268,#6269);
#3477=EDGE_LOOP('',(#6270,#6271,#6272,#6273));
#3478=AXIS2_PLACEMENT_3D('',#6274,#6275,#6276);
#3479=EDGE_LOOP('',(#6277,#6278,#6279,#6280));
#3481=CARTESIAN_POINT('',(-52.0961718815116,-21.1014557653344,-11.9822895075183));
#3482=CARTESIAN_POINT('',(-52.0961720623239,-21.2330211693317,-11.9822896402583));
#3483=CARTESIAN_POINT('',(-52.0961722099565,-21.3404438718633,-11.9063303188445));
#3484=CARTESIAN_POINT('',(-52.0961722702271,-21.3842988813802,-11.7822892221501));
#3485=CARTESIAN_POINT('',(-52.0275427591473,-21.1014558596524,-11.9822895075183));
#3486=CARTESIAN_POINT('',(-51.9504735426747,-21.2330213695672,-11.9822896402583));
#3487=CARTESIAN_POINT('',(-51.8875467909302,-21.34044415858,-11.9063303188445));
#3488=CARTESIAN_POINT('',(-51.8618571254164,-21.3842992034031,-11.7822892221501));
#3489=CARTESIAN_POINT('',(-51.9790146413363,-21.0529277418414,-11.9822895075183));
#3490=CARTESIAN_POINT('',(-51.8474491314215,-21.1299969583139,-11.9822896402583));
#3491=CARTESIAN_POINT('',(-51.7400263424087,-21.1929237100583,-11.9063303188445));
#3492=CARTESIAN_POINT('',(-51.6961712975855,-21.2186133755721,-11.7822892221501));
#3493=CARTESIAN_POINT('',(-51.9790147356544,-20.9842986194769,-11.9822895075183));
#3494=CARTESIAN_POINT('',(-51.847449331657,-20.9842984386648,-11.9822896402583));
#3495=CARTESIAN_POINT('',(-51.7400266291255,-20.9842982910319,-11.9063303188445));
#3496=CARTESIAN_POINT('',(-51.6961716196086,-20.9842982307617,-11.7822892221501));
#3503=EDGE_LOOP('',(#6281,#6282,#6283,#6284));
#3505=CARTESIAN_POINT('',(-52.2133287053476,-20.9842986194769,-11.9822895075183));
#3506=CARTESIAN_POINT('',(-52.3448941093444,-20.9842984386648,-11.9822896402584));
#3507=CARTESIAN_POINT('',(-52.4523168118764,-20.9842982910319,-11.9063303188447));
#3508=CARTESIAN_POINT('',(-52.4961718213934,-20.9842982307618,-11.7822892221501));
#3509=CARTESIAN_POINT('',(-52.2133287996657,-21.0529277418413,-11.9822895075183));
#3510=CARTESIAN_POINT('',(-52.3448943095802,-21.1299969583139,-11.9822896402584));
#3511=CARTESIAN_POINT('',(-52.4523170985935,-21.1929237100584,-11.9063303188447));
#3512=CARTESIAN_POINT('',(-52.4961721434163,-21.2186133755723,-11.7822892221501));
#3513=CARTESIAN_POINT('',(-52.1648006818547,-21.1014558596522,-11.9822895075183));
#3514=CARTESIAN_POINT('',(-52.2418698983273,-21.2330213695672,-11.9822896402584));
#3515=CARTESIAN_POINT('',(-52.3047966500718,-21.3404441585801,-11.9063303188447));
#3516=CARTESIAN_POINT('',(-52.3304863155856,-21.3842992034033,-11.7822892221501));
#3517=CARTESIAN_POINT('',(-52.0961715594901,-21.1014557653341,-11.9822895075183));
#3518=CARTESIAN_POINT('',(-52.096171378678,-21.2330211693316,-11.9822896402584));
#3519=CARTESIAN_POINT('',(-52.0961712310451,-21.3404438718633,-11.9063303188447));
#3520=CARTESIAN_POINT('',(-52.096171170775,-21.3842988813802,-11.7822892221501));
#3527=EDGE_LOOP('',(#6285,#6286,#6287,#6288));
#3528=AXIS2_PLACEMENT_3D('',#6289,#6290,#6291);
#3529=EDGE_LOOP('',(#6292,#6293,#6294,#6295));
#3530=AXIS2_PLACEMENT_3D('',#6296,#6297,#6298);
#3531=EDGE_LOOP('',(#6299,#6300,#6301,#6302));
#3532=AXIS2_PLACEMENT_3D('',#6303,#6304,#6305);
#3533=EDGE_LOOP('',(#6306,#6307,#6308,#6309));
#3534=AXIS2_PLACEMENT_3D('',#6310,#6311,#6312);
#3535=EDGE_LOOP('',(#6313,#6314,#6315,#6316,#6317,#6318,#6319,#6320,#6321,#6322,#6323,#6324,#6325,#6326,#6327,#6328,#6329));
#3536=AXIS2_PLACEMENT_3D('',#6330,#6331,#6332);
#3537=EDGE_LOOP('',(#6333,#6334,#6335,#6336));
#3538=AXIS2_PLACEMENT_3D('',#6337,#6338,#6339);
#3539=EDGE_LOOP('',(#6340,#6341,#6342,#6343));
#3540=AXIS2_PLACEMENT_3D('',#6344,#6345,#6346);
#3541=EDGE_LOOP('',(#6347,#6348,#6349));
#3542=AXIS2_PLACEMENT_3D('',#6350,#6351,#6352);
#3543=EDGE_LOOP('',(#6353,#6354,#6355,#6356));
#3544=AXIS2_PLACEMENT_3D('',#6357,#6358,#6359);
#3545=EDGE_LOOP('',(#6360,#6361,#6362,#6363,#6364,#6365,#6366,#6367,#6368,#6369));
#3546=AXIS2_PLACEMENT_3D('',#6370,#6371,#6372);
#3547=EDGE_LOOP('',(#6373,#6374,#6375,#6376,#6377,#6378,#6379,#6380,#6381,#6382,#6383,#6384,#6385,#6386,#6387,#6388,#6389,#6390));
#3548=EDGE_LOOP('',(#6391,#6392,#6393,#6394,#6395,#6396,#6397,#6398,#6399,#6400,#6401,#6402));
#3549=AXIS2_PLACEMENT_3D('',#6403,#6404,#6405);
#3550=EDGE_LOOP('',(#6406,#6407,#6408,#6409,#6410,#6411,#6412,#6413,#6414,#6415));
#3551=AXIS2_PLACEMENT_3D('',#6416,#6417,#6418);
#3552=EDGE_LOOP('',(#6419,#6420,#6421,#6422,#6423));
#3553=AXIS2_PLACEMENT_3D('',#6424,#6425,#6426);
#3554=EDGE_LOOP('',(#6427,#6428,#6429,#6430,#6431,#6432));
#3555=AXIS2_PLACEMENT_3D('',#6433,#6434,#6435);
#3556=EDGE_LOOP('',(#6436,#6437,#6438,#6439,#6440,#6441,#6442,#6443));
#3557=AXIS2_PLACEMENT_3D('',#6444,#6445,#6446);
#3558=EDGE_LOOP('',(#6447,#6448,#6449,#6450,#6451,#6452,#6453,#6454,#6455,#6456,#6457,#6458));
#3559=AXIS2_PLACEMENT_3D('',#6459,#6460,#6461);
#3560=EDGE_LOOP('',(#6462,#6463,#6464,#6465));
#3561=AXIS2_PLACEMENT_3D('',#6466,#6467,#6468);
#3562=EDGE_LOOP('',(#6469,#6470,#6471,#6472,#6473));
#3563=AXIS2_PLACEMENT_3D('',#6474,#6475,#6476);
#3564=EDGE_LOOP('',(#6477,#6478,#6479,#6480));
#3565=AXIS2_PLACEMENT_3D('',#6481,#6482,#6483);
#3566=EDGE_LOOP('',(#6484,#6485,#6486,#6487));
#3567=AXIS2_PLACEMENT_3D('',#6488,#6489,#6490);
#3568=EDGE_LOOP('',(#6491,#6492,#6493,#6494));
#3569=AXIS2_PLACEMENT_3D('',#6495,#6496,#6497);
#3570=EDGE_LOOP('',(#6498,#6499,#6500,#6501));
#3571=AXIS2_PLACEMENT_3D('',#6502,#6503,#6504);
#3572=EDGE_LOOP('',(#6505,#6506,#6507,#6508));
#3573=AXIS2_PLACEMENT_3D('',#6509,#6510,#6511);
#3574=EDGE_LOOP('',(#6512,#6513,#6514,#6515,#6516,#6517,#6518,#6519,#6520,#6521,#6522,#6523,#6524,#6525,#6526,#6527,#6528,#6529,#6530,#6531,#6532,#6533,#6534,#6535,#6536,#6537,#6538,#6539,#6540,#6541,#6542));
#3575=EDGE_LOOP('',(#6543,#6544));
#3576=EDGE_LOOP('',(#6545,#6546));
#3577=EDGE_LOOP('',(#6547,#6548));
#3578=EDGE_LOOP('',(#6549,#6550));
#3579=EDGE_LOOP('',(#6551,#6552,#6553,#6554));
#3580=EDGE_LOOP('',(#6555,#6556,#6557,#6558,#6559,#6560,#6561,#6562,#6563,#6564,#6565,#6566));
#3581=AXIS2_PLACEMENT_3D('',#6567,#6568,#6569);
#3582=EDGE_LOOP('',(#6570,#6571,#6572,#6573,#6574,#6575,#6576));
#3583=AXIS2_PLACEMENT_3D('',#6577,#6578,#6579);
#3584=EDGE_LOOP('',(#6580,#6581,#6582,#6583,#6584,#6585,#6586));
#3585=AXIS2_PLACEMENT_3D('',#6587,#6588,#6589);
#3586=EDGE_LOOP('',(#6590,#6591,#6592,#6593,#6594,#6595));
#3587=AXIS2_PLACEMENT_3D('',#6596,#6597,#6598);
#3588=EDGE_LOOP('',(#6599,#6600,#6601,#6602));
#3589=AXIS2_PLACEMENT_3D('',#6603,#6604,#6605);
#3590=EDGE_LOOP('',(#6606,#6607,#6608,#6609,#6610,#6611,#6612));
#3591=AXIS2_PLACEMENT_3D('',#6613,#6614,#6615);
#3592=EDGE_LOOP('',(#6616,#6617,#6618,#6619));
#3593=AXIS2_PLACEMENT_3D('',#6620,#6621,#6622);
#3594=EDGE_LOOP('',(#6623,#6624,#6625,#6626,#6627,#6628,#6629,#6630,#6631,#6632));
#3595=AXIS2_PLACEMENT_3D('',#6633,#6634,#6635);
#3596=EDGE_LOOP('',(#6636,#6637,#6638,#6639,#6640,#6641,#6642));
#3597=AXIS2_PLACEMENT_3D('',#6643,#6644,#6645);
#3598=EDGE_LOOP('',(#6646,#6647,#6648,#6649));
#3599=AXIS2_PLACEMENT_3D('',#6650,#6651,#6652);
#3600=EDGE_LOOP('',(#6653,#6654,#6655,#6656,#6657,#6658,#6659,#6660,#6661,#6662,#6663,#6664,#6665,#6666));
#3601=AXIS2_PLACEMENT_3D('',#6667,#6668,#6669);
#3602=EDGE_LOOP('',(#6670,#6671,#6672,#6673));
#3603=AXIS2_PLACEMENT_3D('',#6674,#6675,#6676);
#3604=EDGE_LOOP('',(#6677,#6678,#6679,#6680));
#3605=AXIS2_PLACEMENT_3D('',#6681,#6682,#6683);
#3606=EDGE_LOOP('',(#6684,#6685,#6686,#6687));
#3607=AXIS2_PLACEMENT_3D('',#6688,#6689,#6690);
#3608=EDGE_LOOP('',(#6691,#6692,#6693,#6694));
#3609=AXIS2_PLACEMENT_3D('',#6695,#6696,#6697);
#3610=EDGE_LOOP('',(#6698,#6699,#6700,#6701,#6702,#6703,#6704,#6705));
#3611=AXIS2_PLACEMENT_3D('',#6706,#6707,#6708);
#3612=EDGE_LOOP('',(#6709,#6710,#6711,#6712));
#3613=AXIS2_PLACEMENT_3D('',#6713,#6714,#6715);
#3614=EDGE_LOOP('',(#6716,#6717,#6718,#6719));
#3615=AXIS2_PLACEMENT_3D('',#6720,#6721,#6722);
#3616=EDGE_LOOP('',(#6723,#6724,#6725,#6726));
#3617=AXIS2_PLACEMENT_3D('',#6727,#6728,#6729);
#3618=EDGE_LOOP('',(#6730,#6731,#6732,#6733));
#3619=AXIS2_PLACEMENT_3D('',#6734,#6735,#6736);
#3620=EDGE_LOOP('',(#6737,#6738,#6739,#6740,#6741,#6742,#6743,#6744));
#3621=AXIS2_PLACEMENT_3D('',#6745,#6746,#6747);
#3622=EDGE_LOOP('',(#6748,#6749,#6750,#6751));
#3623=AXIS2_PLACEMENT_3D('',#6752,#6753,#6754);
#3624=EDGE_LOOP('',(#6755,#6756,#6757,#6758));
#3625=AXIS2_PLACEMENT_3D('',#6759,#6760,#6761);
#3626=EDGE_LOOP('',(#6762,#6763,#6764,#6765,#6766,#6767,#6768));
#3627=AXIS2_PLACEMENT_3D('',#6769,#6770,#6771);
#3628=EDGE_LOOP('',(#6772,#6773,#6774,#6775,#6776,#6777,#6778));
#3629=AXIS2_PLACEMENT_3D('',#6779,#6780,#6781);
#3630=EDGE_LOOP('',(#6782,#6783,#6784,#6785,#6786,#6787,#6788,#6789,#6790,#6791,#6792));
#3631=AXIS2_PLACEMENT_3D('',#6793,#6794,#6795);
#3632=EDGE_LOOP('',(#6796,#6797,#6798,#6799));
#3633=AXIS2_PLACEMENT_3D('',#6800,#6801,#6802);
#3634=EDGE_LOOP('',(#6803,#6804,#6805,#6806));
#3635=AXIS2_PLACEMENT_3D('',#6807,#6808,#6809);
#3636=EDGE_LOOP('',(#6810,#6811,#6812,#6813,#6814));
#3637=AXIS2_PLACEMENT_3D('',#6815,#6816,#6817);
#3638=EDGE_LOOP('',(#6818,#6819,#6820,#6821,#6822,#6823,#6824,#6825));
#3639=AXIS2_PLACEMENT_3D('',#6826,#6827,#6828);
#3640=EDGE_LOOP('',(#6829,#6830,#6831,#6832));
#3641=AXIS2_PLACEMENT_3D('',#6833,#6834,#6835);
#3642=EDGE_LOOP('',(#6836,#6837,#6838,#6839));
#3643=AXIS2_PLACEMENT_3D('',#6840,#6841,#6842);
#3644=EDGE_LOOP('',(#6843,#6844,#6845,#6846));
#3645=CARTESIAN_POINT('',(-49.481251041436,-19.3842987804878,13.0711065934516));
#3646=CARTESIAN_POINT('',(-49.481251041436,-19.3842987804878,13.0711065934516));
#3647=CARTESIAN_POINT('',(-49.481251041436,-19.3842987804878,13.0711065934516));
#3648=CARTESIAN_POINT('',(-49.481251041436,-19.3842987804878,13.0711065934516));
#3649=CARTESIAN_POINT('',(-49.481251041436,-19.3842987804878,13.0711065934516));
#3650=CARTESIAN_POINT('',(-49.481251041436,-19.3842987804878,13.0711065934516));
#3651=CARTESIAN_POINT('',(-49.481251041436,-19.3842987804878,13.0711065934516));
#3652=CARTESIAN_POINT('',(-49.481251041436,-19.3842987804878,13.0711065934516));
#3653=CARTESIAN_POINT('',(-49.481251041436,-19.3842987804878,13.0711065934516));
#3654=CARTESIAN_POINT('',(-49.481251041436,-19.3842987804878,13.0711065934516));
#3655=CARTESIAN_POINT('',(-49.481251041436,-19.3842987804878,13.0711065934516));
#3656=CARTESIAN_POINT('',(-49.481251041436,-19.3842987804878,13.0711065934516));
#3657=CARTESIAN_POINT('',(-49.481251041436,-19.3842987804878,13.0711065934516));
#3658=CARTESIAN_POINT('',(-49.481251041436,-19.3842987804878,13.0711065934516));
#3659=CARTESIAN_POINT('',(-49.481251041436,-19.3842987804878,13.0711065934516));
#3660=CARTESIAN_POINT('',(-49.481251041436,-19.3842987804878,13.0711065934516));
#3661=CARTESIAN_POINT('',(-49.481251041436,-19.3842987804878,13.0711065934516));
#3662=CARTESIAN_POINT('',(-49.481251041436,-19.3842987804878,13.0711065934516));
#3663=CARTESIAN_POINT('',(-49.481251041436,-19.3842987804878,13.0711065934516));
#3664=CARTESIAN_POINT('',(-49.4986434592937,-19.3842987804978,13.0776027956719));
#3665=CARTESIAN_POINT('',(-49.4985506196006,-19.3842987803932,13.0777544101672));
#3666=CARTESIAN_POINT('',(-49.4983648382461,-19.3842987801978,13.0780561691655));
#3667=CARTESIAN_POINT('',(-49.498084345491,-19.3842987799438,13.0785068957116));
#3668=CARTESIAN_POINT('',(-49.497802354614,-19.3842987797288,13.0789552237616));
#3669=CARTESIAN_POINT('',(-49.497518248445,-19.3842987795538,13.0794021450516));
#3670=CARTESIAN_POINT('',(-49.497232026986,-19.3842987794168,13.0798476595716));
#3671=CARTESIAN_POINT('',(-49.496943690235,-19.3842987793198,13.0802917673316));
#3672=CARTESIAN_POINT('',(-49.496653238193,-19.3842987792618,13.0807344683316));
#3673=CARTESIAN_POINT('',(-49.496360670861,-19.3842987792418,13.0811757625616));
#3674=CARTESIAN_POINT('',(-49.496065988237,-19.3842987792618,13.0816156500316));
#3675=CARTESIAN_POINT('',(-49.495769190322,-19.3842987793198,13.0820541307416));
#3676=CARTESIAN_POINT('',(-49.495470277116,-19.3842987794168,13.0824912046916));
#3677=CARTESIAN_POINT('',(-49.49516924862,-19.3842987795538,13.0829268718716));
#3678=CARTESIAN_POINT('',(-49.494866104832,-19.3842987797288,13.0833611322916));
#3679=CARTESIAN_POINT('',(-49.494560845753,-19.3842987799428,13.0837939859516));
#3680=CARTESIAN_POINT('',(-49.4942400494057,-19.3842987802078,13.084244272641));
#3681=CARTESIAN_POINT('',(-49.4940201102029,-19.3842987804173,13.0845496789745));
#3682=CARTESIAN_POINT('',(-49.4939029294381,-19.3842987805368,13.0847114694009));
#3683=CARTESIAN_POINT('',(-49.5334422702722,-19.3853170798191,13.0905299869842));
#3684=CARTESIAN_POINT('',(-49.5331647616892,-19.3852805927234,13.0909860072895));
#3685=CARTESIAN_POINT('',(-49.5326092757916,-19.3852125072889,13.0918937042235));
#3686=CARTESIAN_POINT('',(-49.53177014435,-19.3851242959348,13.0932496811116));
#3687=CARTESIAN_POINT('',(-49.530926105352,-19.3850499375638,13.0945985792316));
#3688=CARTESIAN_POINT('',(-49.530075337678,-19.3849891787488,13.0959433400616));
#3689=CARTESIAN_POINT('',(-49.529217865159,-19.3849419709228,13.0972839241216));
#3690=CARTESIAN_POINT('',(-49.528353710705,-19.3849082764218,13.0986202938816));
#3691=CARTESIAN_POINT('',(-49.527482896862,-19.3848880684768,13.0999524131616));
#3692=CARTESIAN_POINT('',(-49.526605446335,-19.3848813311158,13.1012802468416));
#3693=CARTESIAN_POINT('',(-49.525721382386,-19.3848880590288,13.1026037605016));
#3694=CARTESIAN_POINT('',(-49.524830729061,-19.3849082575178,13.1039229202816));
#3695=CARTESIAN_POINT('',(-49.523933511302,-19.3849419425488,13.1052376925816));
#3696=CARTESIAN_POINT('',(-49.523029755033,-19.3849891408798,13.1065480435716));
#3697=CARTESIAN_POINT('',(-49.522119487312,-19.3850498901718,13.1078539386316));
#3698=CARTESIAN_POINT('',(-49.521202736616,-19.3851242389818,13.1091553415616));
#3699=CARTESIAN_POINT('',(-49.5202392201378,-19.3852160896281,13.1105088438941));
#3700=CARTESIAN_POINT('',(-49.5195785790203,-19.3852889951119,13.1114265952537));
#3701=CARTESIAN_POINT('',(-49.5192265923856,-19.3853306349458,13.1119126941801));
#3702=CARTESIAN_POINT('',(-49.5856525423046,-19.3904743839538,13.1097167018699));
#3703=CARTESIAN_POINT('',(-49.585109071123,-19.3902426722747,13.1106091994601));
#3704=CARTESIAN_POINT('',(-49.5840164968541,-19.3898087773365,13.1123939157498));
#3705=CARTESIAN_POINT('',(-49.582353672127,-19.3892433829858,13.1150816587016));
#3706=CARTESIAN_POINT('',(-49.580670642918,-19.3887644329878,13.1177739612316));
#3707=CARTESIAN_POINT('',(-49.57896556235,-19.3883714754858,13.1204736580516));
#3708=CARTESIAN_POINT('',(-49.577240290966,-19.3880651602968,13.1231776596916));
#3709=CARTESIAN_POINT('',(-49.575496733908,-19.3878459934558,13.1258828729716));
#3710=CARTESIAN_POINT('',(-49.573736836429,-19.3877143364778,13.1285862071216));
#3711=CARTESIAN_POINT('',(-49.571962579445,-19.3876704061958,13.1312845794816));
#3712=CARTESIAN_POINT('',(-49.570175975452,-19.3877142748918,13.1339749206316));
#3713=CARTESIAN_POINT('',(-49.568379064957,-19.3878458703868,13.1366541793516));
#3714=CARTESIAN_POINT('',(-49.566573913258,-19.3880649759458,13.1393193278316));
#3715=CARTESIAN_POINT('',(-49.564762607278,-19.3883712301578,13.1419673674016));
#3716=CARTESIAN_POINT('',(-49.562947252093,-19.3887641270878,13.1445953347716));
#3717=CARTESIAN_POINT('',(-49.561129966988,-19.3892430170218,13.1472003086016));
#3718=CARTESIAN_POINT('',(-49.5592335351717,-19.389831739773,13.1498920365467));
#3719=CARTESIAN_POINT('',(-49.5579445646963,-19.3902962115762,13.1517023510375));
#3720=CARTESIAN_POINT('',(-49.5572614728926,-19.3905604310162,13.152656370247));
#3721=CARTESIAN_POINT('',(-49.6378343487561,-19.3998157574986,13.1286872135496));
#3722=CARTESIAN_POINT('',(-49.6370667294739,-19.3992342896296,13.1299795146556));
#3723=CARTESIAN_POINT('',(-49.6355088040305,-19.3981393611821,13.1325839862797));
#3724=CARTESIAN_POINT('',(-49.633097626214,-19.3966993833018,13.1365601536216));
#3725=CARTESIAN_POINT('',(-49.630621766583,-19.3954698912528,13.1405894577916));
#3726=CARTESIAN_POINT('',(-49.628082868256,-19.3944544642178,13.1446686412616));
#3727=CARTESIAN_POINT('',(-49.625488329287,-19.3936587222548,13.1487852460016));
#3728=CARTESIAN_POINT('',(-49.622845943087,-19.3930871006368,13.1529264611116));
#3729=CARTESIAN_POINT('',(-49.620163840348,-19.3927428032888,13.1570792270216));
#3730=CARTESIAN_POINT('',(-49.617450426252,-19.3926277675628,13.1612303448716));
#3731=CARTESIAN_POINT('',(-49.61471431252,-19.3927426420768,13.1653665894816));
#3732=CARTESIAN_POINT('',(-49.611964244745,-19.3930867791198,13.1694748231116));
#3733=CARTESIAN_POINT('',(-49.609209026458,-19.3936582422408,13.1735421071916));
#3734=CARTESIAN_POINT('',(-49.606457442112,-19.3944538283898,13.1775558093716));
#3735=CARTESIAN_POINT('',(-49.603718181185,-19.3954691031448,13.1815037044216));
#3736=CARTESIAN_POINT('',(-49.600999765126,-19.3966984472588,13.1853740687916));
#3737=CARTESIAN_POINT('',(-49.5981930458844,-19.3981978482045,13.1893209032561));
#3738=CARTESIAN_POINT('',(-49.5963108428972,-19.3993693647151,13.1919321479824));
#3739=CARTESIAN_POINT('',(-49.5953216366369,-19.4000315475941,13.1932945580182));
#3740=CARTESIAN_POINT('',(-49.6899738257967,-19.4139597545755,13.1474387821008));
#3741=CARTESIAN_POINT('',(-49.689088203916,-19.4128888631802,13.1490906189519));
#3742=CARTESIAN_POINT('',(-49.6872560649599,-19.4108547924571,13.1524566112025));
#3743=CARTESIAN_POINT('',(-49.684321059428,-19.4081403686068,13.1576956146516));
#3744=CARTESIAN_POINT('',(-49.681215829877,-19.4057931985848,13.1630913633116));
#3745=CARTESIAN_POINT('',(-49.677948668644,-19.4038338972318,13.1686260059216));
#3746=CARTESIAN_POINT('',(-49.674536801151,-19.4022852078528,13.1742674341916));
#3747=CARTESIAN_POINT('',(-49.67099966689,-19.4011654524448,13.1799813353016));
#3748=CARTESIAN_POINT('',(-49.667358588604,-19.4004880640118,13.1857317888116));
#3749=CARTESIAN_POINT('',(-49.663636386594,-19.4002612426368,13.1914819151016));
#3750=CARTESIAN_POINT('',(-49.659856954741,-19.4004877463508,13.1971945546916));
#3751=CARTESIAN_POINT('',(-49.656044813875,-19.4011648209818,13.2028329592616));
#3752=CARTESIAN_POINT('',(-49.652224655762,-19.4022842702048,13.2083614765716));
#3753=CARTESIAN_POINT('',(-49.648420889162,-19.4038326645848,13.2137462098316));
#3754=CARTESIAN_POINT('',(-49.644657199046,-19.4057916853998,13.2189556297016));
#3755=CARTESIAN_POINT('',(-49.640956131417,-19.4081385922588,13.2239611157116));
#3756=CARTESIAN_POINT('',(-49.6371807563551,-19.4109650583348,13.2289459692267));
#3757=CARTESIAN_POINT('',(-49.6346890247177,-19.4131397034859,13.2321489342522));
#3758=CARTESIAN_POINT('',(-49.6333926164922,-19.4143567726979,13.2337911496107));
#3759=CARTESIAN_POINT('',(-49.7419471008452,-19.4332732007464,13.1659302145239));
#3760=CARTESIAN_POINT('',(-49.7411063288287,-19.4316170636867,13.1678877284658));
#3761=CARTESIAN_POINT('',(-49.7393027851997,-19.4284349773591,13.1719358897646));
#3762=CARTESIAN_POINT('',(-49.736221320175,-19.4241031874948,13.1784041972116));
#3763=CARTESIAN_POINT('',(-49.732779449342,-19.4202912628158,13.1852143591316));
#3764=CARTESIAN_POINT('',(-49.72898880968,-19.4170612042478,13.1923250151916));
#3765=CARTESIAN_POINT('',(-49.724876437599,-19.4144765806588,13.1996703834716));
#3766=CARTESIAN_POINT('',(-49.720477653125,-19.4125902368228,13.2071760454816));
#3767=CARTESIAN_POINT('',(-49.715835294219,-19.4114418684888,13.2147610567016));
#3768=CARTESIAN_POINT('',(-49.710998532791,-19.4110561134058,13.2223405172116));
#3769=CARTESIAN_POINT('',(-49.706021318217,-19.4114413286108,13.2298284506716));
#3770=CARTESIAN_POINT('',(-49.700960538179,-19.4125891687358,13.2371407956116));
#3771=CARTESIAN_POINT('',(-49.695874022576,-19.4144750071088,13.2441982947016));
#3772=CARTESIAN_POINT('',(-49.690818536025,-19.4170591579488,13.2509290801416));
#3773=CARTESIAN_POINT('',(-49.685847902223,-19.4202887849048,13.2572707938716));
#3774=CARTESIAN_POINT('',(-49.681011380626,-19.4241003256918,13.2631721395916));
#3775=CARTESIAN_POINT('',(-49.6761489381669,-19.4286109763535,13.2688305620977));
#3776=CARTESIAN_POINT('',(-49.6730015980301,-19.4320092764339,13.2722983042431));
#3777=CARTESIAN_POINT('',(-49.6713839379801,-19.4338863542065,13.2740271528432));
#3778=CARTESIAN_POINT('',(-49.7844210452865,-19.4564754554091,13.1808903387478));
#3779=CARTESIAN_POINT('',(-49.7838493530771,-19.4542462201857,13.1830386575186));
#3780=CARTESIAN_POINT('',(-49.7825159531813,-19.4499018944771,13.1875580594187));
#3781=CARTESIAN_POINT('',(-49.779905395808,-19.4438357562628,13.1950089073416));
#3782=CARTESIAN_POINT('',(-49.776673496438,-19.4383744599478,13.2030642056016));
#3783=CARTESIAN_POINT('',(-49.772816062965,-19.4336542261268,13.2116575768416));
#3784=CARTESIAN_POINT('',(-49.768356403392,-19.4298148419588,13.2206788318516));
#3785=CARTESIAN_POINT('',(-49.763340563412,-19.4269772287188,13.2299933968816));
#3786=CARTESIAN_POINT('',(-49.757836528042,-19.4252349281648,13.2394476872816));
#3787=CARTESIAN_POINT('',(-49.751931605302,-19.4246471307208,13.2488764583616));
#3788=CARTESIAN_POINT('',(-49.745728172595,-19.4252341064728,13.2581114990916));
#3789=CARTESIAN_POINT('',(-49.739338189369,-19.4269756135638,13.2669908205816));
#3790=CARTESIAN_POINT('',(-49.732877032695,-19.4298124875938,13.2753674044416));
#3791=CARTESIAN_POINT('',(-49.726457284595,-19.4336512086948,13.2831166231516));
#3792=CARTESIAN_POINT('',(-49.720183082254,-19.4383708719358,13.2901416195216));
#3793=CARTESIAN_POINT('',(-49.714145537106,-19.4438317002168,13.2963762227416));
#3794=CARTESIAN_POINT('',(-49.7081695359104,-19.4501484180254,13.302021482921));
#3795=CARTESIAN_POINT('',(-49.7043812156952,-19.4547813289671,13.305234348191));
#3796=CARTESIAN_POINT('',(-49.7024586532626,-19.4572993877901,13.3067668661147));
#3797=CARTESIAN_POINT('',(-49.8132174238521,-19.4782494687322,13.1909605650628));
#3798=CARTESIAN_POINT('',(-49.8130656230306,-19.4756646312485,13.1932216296771));
#3799=CARTESIAN_POINT('',(-49.8125299882068,-19.4705613932886,13.1980475212019));
#3800=CARTESIAN_POINT('',(-49.810935408804,-19.4632574147058,13.2062265109016));
#3801=CARTESIAN_POINT('',(-49.808477670219,-19.4565277756098,13.2152834837416));
#3802=CARTESIAN_POINT('',(-49.805100615395,-19.4505884135218,13.2251383805716));
#3803=CARTESIAN_POINT('',(-49.800787773253,-19.4456700963238,13.2356388260116));
#3804=CARTESIAN_POINT('',(-49.795566699263,-19.4419831259108,13.2465806609416));
#3805=CARTESIAN_POINT('',(-49.78951284759,-19.4396969268698,13.2577174160916));
#3806=CARTESIAN_POINT('',(-49.782748080414,-19.4389217361348,13.2687764079216));
#3807=CARTESIAN_POINT('',(-49.775433337485,-19.4396958446128,13.2794796417716));
#3808=CARTESIAN_POINT('',(-49.767756248855,-19.4419810145328,13.2895663860816));
#3809=CARTESIAN_POINT('',(-49.759915617058,-19.4456670557888,13.2988137218716));
#3810=CARTESIAN_POINT('',(-49.752105351289,-19.4505845793518,13.3070517964016));
#3811=CARTESIAN_POINT('',(-49.744500394198,-19.4565233048838,13.3141717813716));
#3812=CARTESIAN_POINT('',(-49.737246492759,-19.4632524718148,13.3201262263716));
#3813=CARTESIAN_POINT('',(-49.7301580926758,-19.470858290656,13.3251323979422));
#3814=CARTESIAN_POINT('',(-49.7257402619369,-19.4762927967621,13.3277033952545));
#3815=CARTESIAN_POINT('',(-49.723520242607,-19.4792033271798,13.3288528589768));
#3816=CARTESIAN_POINT('',(-49.8290839464776,-19.4930784444257,13.1964909307167));
#3817=CARTESIAN_POINT('',(-49.8292833564801,-19.490340280796,13.1988234015042));
#3818=CARTESIAN_POINT('',(-49.8294343451693,-19.4848905862021,13.2038444818278));
#3819=CARTESIAN_POINT('',(-49.828776646756,-19.4769674508088,13.2124972080116));
#3820=CARTESIAN_POINT('',(-49.827105819478,-19.4695577098748,13.2222188941316));
#3821=CARTESIAN_POINT('',(-49.824311528968,-19.4629282094888,13.2329244685116));
#3822=CARTESIAN_POINT('',(-49.820328901482,-19.4573729923568,13.2444327901416));
#3823=CARTESIAN_POINT('',(-49.815153273047,-19.4531689033598,13.2564863490616));
#3824=CARTESIAN_POINT('',(-49.808851168285,-19.4505447065638,13.2687636552616));
#3825=CARTESIAN_POINT('',(-49.801562508382,-19.4496518656138,13.2809035610516));
#3826=CARTESIAN_POINT('',(-49.793492038892,-19.4505434610958,13.2925385155316));
#3827=CARTESIAN_POINT('',(-49.784890654049,-19.4531664859178,13.3033307684416));
#3828=CARTESIAN_POINT('',(-49.776030069831,-19.4573695393718,13.3130042797416));
#3829=CARTESIAN_POINT('',(-49.7671760302,-19.4629239019518,13.3213662094916));
#3830=CARTESIAN_POINT('',(-49.758565223236,-19.4695527515058,13.3283149100816));
#3831=CARTESIAN_POINT('',(-49.750389470223,-19.4769620472248,13.3338350169816));
#3832=CARTESIAN_POINT('',(-49.7424565515111,-19.4852126986501,13.3381640871446));
#3833=CARTESIAN_POINT('',(-49.7375587482448,-19.491010799011,13.3401544948768));
#3834=CARTESIAN_POINT('',(-49.7351106972388,-19.4940878859297,13.3409755826072));
#3835=CARTESIAN_POINT('',(-49.8405700211665,-19.5058048656262,13.2004856629287));
#3836=CARTESIAN_POINT('',(-49.841110899758,-19.5030132866697,13.2028859266463));
#3837=CARTESIAN_POINT('',(-49.8419400873601,-19.4974211100508,13.2080853420429));
#3838=CARTESIAN_POINT('',(-49.842242526548,-19.4891859505048,13.2171569632316));
#3839=CARTESIAN_POINT('',(-49.841417136694,-19.4813892986768,13.2274603394916));
#3840=CARTESIAN_POINT('',(-49.839295105024,-19.4743342099708,13.2389079599216));
#3841=CARTESIAN_POINT('',(-49.835755130476,-19.4683636633398,13.2512934625916));
#3842=CARTESIAN_POINT('',(-49.830749976553,-19.4638091868178,13.2643095871116));
#3843=CARTESIAN_POINT('',(-49.824326671231,-19.4609503588928,13.2775630839316));
#3844=CARTESIAN_POINT('',(-49.816634582757,-19.4599748806348,13.2906076324216));
#3845=CARTESIAN_POINT('',(-49.807916989469,-19.4609489991718,13.3029904966416));
#3846=CARTESIAN_POINT('',(-49.798486211151,-19.4638065589328,13.3143034803816));
#3847=CARTESIAN_POINT('',(-49.78868742244,-19.4683599354558,13.3242265820316));
#3848=CARTESIAN_POINT('',(-49.778859608642,-19.4743296013348,13.3325549038316));
#3849=CARTESIAN_POINT('',(-49.769302238058,-19.4813840503148,13.3392048630416));
#3850=CARTESIAN_POINT('',(-49.76025334958,-19.4891802986428,13.3442019354916));
#3851=CARTESIAN_POINT('',(-49.7515151097447,-19.4977559480384,13.3478070824148));
#3852=CARTESIAN_POINT('',(-49.7461549566668,-19.5037010859038,13.3492188160104));
#3853=CARTESIAN_POINT('',(-49.743485557436,-19.5068331757706,13.3497213304112));
#3854=CARTESIAN_POINT('',(-49.8496795955947,-19.5180867892931,13.203647127708));
#3855=CARTESIAN_POINT('',(-49.8505954089064,-19.5153198470201,13.2061259424232));
#3856=CARTESIAN_POINT('',(-49.8521806667027,-19.509743474628,13.2115221809024));
#3857=CARTESIAN_POINT('',(-49.853591452339,-19.5014308055408,13.2210330239216));
#3858=CARTESIAN_POINT('',(-49.853783846537,-19.4934667373678,13.2319330908716));
#3859=CARTESIAN_POINT('',(-49.85251832502,-19.4861794934038,13.2441339774216));
#3860=CARTESIAN_POINT('',(-49.849599990032,-19.4799513987488,13.2574034754916));
#3861=CARTESIAN_POINT('',(-49.844920119192,-19.4751621630668,13.2713805034616));
#3862=CARTESIAN_POINT('',(-49.838489782738,-19.4721388242248,13.2855924420716));
#3863=CARTESIAN_POINT('',(-49.830457904365,-19.4711041599208,13.2994984594116));
#3864=CARTESIAN_POINT('',(-49.821105282239,-19.4721373830958,13.3125530017416));
#3865=CARTESIAN_POINT('',(-49.810812975071,-19.4751593900788,13.3242751414616));
#3866=CARTESIAN_POINT('',(-49.800012181313,-19.4799474923658,13.3343059978416));
#3867=CARTESIAN_POINT('',(-49.789128869137,-19.4861747077368,13.3424403960216));
#3868=CARTESIAN_POINT('',(-49.778536851001,-19.4934613450318,13.3486283075716));
#3869=CARTESIAN_POINT('',(-49.768528111356,-19.5014250657738,13.3529513926916));
#3870=CARTESIAN_POINT('',(-49.7588995423302,-19.510081502817,13.3557005344628));
#3871=CARTESIAN_POINT('',(-49.7530239612398,-19.5160054617818,13.3564675572287));
#3872=CARTESIAN_POINT('',(-49.750106264841,-19.5191052618366,13.3566237081662));
#3873=CARTESIAN_POINT('',(-49.8563267611142,-19.5292568976442,13.2059505327314));
#3874=CARTESIAN_POINT('',(-49.8576109862083,-19.5266337760588,13.2085199182505));
#3875=CARTESIAN_POINT('',(-49.8599475995774,-19.521321512966,13.2141313105721));
#3876=CARTESIAN_POINT('',(-49.862489463142,-19.5133230093598,13.2240890898416));
#3877=CARTESIAN_POINT('',(-49.863753935847,-19.5055840461558,13.2355721220816));
#3878=CARTESIAN_POINT('',(-49.863428198118,-19.4984362631778,13.2484905289716));
#3879=CARTESIAN_POINT('',(-49.861235854673,-19.4922759854398,13.2625864724516));
#3880=CARTESIAN_POINT('',(-49.856994482025,-19.4875061421528,13.2774455560616));
#3881=CARTESIAN_POINT('',(-49.850665401312,-19.4844801855408,13.2925164601616));
#3882=CARTESIAN_POINT('',(-49.842385374599,-19.4834419614508,13.3071654461316));
#3883=CARTESIAN_POINT('',(-49.832466001511,-19.4844787403308,13.3207582011516));
#3884=CARTESIAN_POINT('',(-49.821356158123,-19.4875033719178,13.3327488438616));
#3885=CARTESIAN_POINT('',(-49.809576468498,-19.4922721063458,13.3427509170616));
#3886=CARTESIAN_POINT('',(-49.797645016918,-19.4984315476638,13.3505717732316));
#3887=CARTESIAN_POINT('',(-49.786014605171,-19.5055787803828,13.3562062486716));
#3888=CARTESIAN_POINT('',(-49.775034292825,-19.5133174584538,13.3597994622116));
#3889=CARTESIAN_POINT('',(-49.7644965974851,-19.5216467959999,13.3616735755989));
#3890=CARTESIAN_POINT('',(-49.7580886714856,-19.5272867278398,13.3618095257316));
#3891=CARTESIAN_POINT('',(-49.7549126841573,-19.5302218472803,13.3616326607123));
#3892=CARTESIAN_POINT('',(-49.8608826299759,-19.5383616110088,13.2075268620148));
#3893=CARTESIAN_POINT('',(-49.8624762527646,-19.5359307710178,13.2101801545699));
#3894=CARTESIAN_POINT('',(-49.8654479806121,-19.5309897546433,13.2159858611244));
#3895=CARTESIAN_POINT('',(-49.868960662537,-19.5234931141608,13.2263319392216));
#3896=CARTESIAN_POINT('',(-49.871161889981,-19.5161845397078,13.2383089764216));
#3897=CARTESIAN_POINT('',(-49.871675650038,-19.5093852944648,13.2518251335616));
#3898=CARTESIAN_POINT('',(-49.870152419802,-19.5034871485318,13.2666004225016));
#3899=CARTESIAN_POINT('',(-49.866340676806,-19.4988956496948,13.2821749240316));
#3900=CARTESIAN_POINT('',(-49.860151855402,-19.4959715867318,13.2979303912416));
#3901=CARTESIAN_POINT('',(-49.851705765785,-19.4949662989768,13.3131547516516));
#3902=CARTESIAN_POINT('',(-49.841336386336,-19.4959701881608,13.3271404215716));
#3903=CARTESIAN_POINT('',(-49.829549833453,-19.4988929768888,13.3392906637916));
#3904=CARTESIAN_POINT('',(-49.816944912437,-19.5034834234468,13.3492018535616));
#3905=CARTESIAN_POINT('',(-49.804121202536,-19.5093807934698,13.3566988843416));
#3906=CARTESIAN_POINT('',(-49.791601531562,-19.5161795484008,13.3618205083716));
#3907=CARTESIAN_POINT('',(-49.779785428136,-19.5234878918678,13.3647691392716));
#3908=CARTESIAN_POINT('',(-49.7684622203117,-19.5312946501415,13.3658938209487));
#3909=CARTESIAN_POINT('',(-49.7615917912137,-19.536537954864,13.3655023140714));
#3910=CARTESIAN_POINT('',(-49.7581906439748,-19.5392554161034,13.3650499471678));
#3911=CARTESIAN_POINT('',(-49.8649379843521,-19.5484013312006,13.2089285097406));
#3912=CARTESIAN_POINT('',(-49.8668814587001,-19.5462801107745,13.2116878371163));
#3913=CARTESIAN_POINT('',(-49.8705756430422,-19.5419525965855,13.2177334482287));
#3914=CARTESIAN_POINT('',(-49.87520862374,-19.5353359612888,13.2285404691416));
#3915=CARTESIAN_POINT('',(-49.87850925707,-19.5288354219478,13.2410876289816));
#3916=CARTESIAN_POINT('',(-49.880028966739,-19.5227429354268,13.2552792697616));
#3917=CARTESIAN_POINT('',(-49.879330757017,-19.5174222534228,13.2708089725016));
#3918=CARTESIAN_POINT('',(-49.876076830123,-19.5132570754528,13.2871641301816));
#3919=CARTESIAN_POINT('',(-49.870112459398,-19.5105938091638,13.3036499696816));
#3920=CARTESIAN_POINT('',(-49.861529707438,-19.5096762461718,13.3194661178516));
#3921=CARTESIAN_POINT('',(-49.85068297237,-19.5105925333238,13.3338246685216));
#3922=CARTESIAN_POINT('',(-49.838142823166,-19.5132546448448,13.3460768685616));
#3923=CARTESIAN_POINT('',(-49.824599788302,-19.5174188824778,13.3558075928816));
#3924=CARTESIAN_POINT('',(-49.810750434742,-19.5227388877808,13.3628700820516));
#3925=CARTESIAN_POINT('',(-49.79720127906,-19.5288309654388,13.3673596461516));
#3926=CARTESIAN_POINT('',(-49.78441218825,-19.5353313340558,13.3695472623316));
#3927=CARTESIAN_POINT('',(-49.7721695820735,-19.5422217208791,13.369812227949));
#3928=CARTESIAN_POINT('',(-49.7647543243371,-19.5468117815532,13.368829587058));
#3929=CARTESIAN_POINT('',(-49.7610869633817,-19.5491809322449,13.3680714250858));
#3930=CARTESIAN_POINT('',(-49.8682289171168,-19.5594766978398,13.2100642938091));
#3931=CARTESIAN_POINT('',(-49.8705264067216,-19.557846917136,13.2129417977219));
#3932=CARTESIAN_POINT('',(-49.8749555570328,-19.5545109629129,13.2192506199228));
#3933=CARTESIAN_POINT('',(-49.880743007032,-19.5493743279308,13.2305490937216));
#3934=CARTESIAN_POINT('',(-49.885193671873,-19.5442918519308,13.2436906594816));
#3935=CARTESIAN_POINT('',(-49.887784694082,-19.5394954942168,13.2585740285016));
#3936=CARTESIAN_POINT('',(-49.88798592149,-19.5352802834398,13.2748641868116));
#3937=CARTESIAN_POINT('',(-49.885363979538,-19.5319630418918,13.2919932665116));
#3938=CARTESIAN_POINT('',(-49.879687055727,-19.5298338318378,13.3091873136816));
#3939=CARTESIAN_POINT('',(-49.87101018553,-19.5290987863208,13.3255560158816));
#3940=CARTESIAN_POINT('',(-49.859703551816,-19.5298328102958,13.3402321055716));
#3941=CARTESIAN_POINT('',(-49.846403224144,-19.5319611015588,13.3525194238416));
#3942=CARTESIAN_POINT('',(-49.831896803324,-19.5352776049338,13.3619990991816));
#3943=CARTESIAN_POINT('',(-49.816984809017,-19.5394922969238,13.3685615497416));
#3944=CARTESIAN_POINT('',(-49.802363668897,-19.5442883551588,13.3723660344216));
#3945=CARTESIAN_POINT('',(-49.788557937468,-19.5493707228068,13.3737563671316));
#3946=CARTESIAN_POINT('',(-49.7753517488596,-19.5547199035844,13.3731421382773));
#3947=CARTESIAN_POINT('',(-49.7673634435991,-19.558256679862,13.3715670593059));
#3948=CARTESIAN_POINT('',(-49.7634155085264,-19.5600754330078,13.3705049883889));
#3949=CARTESIAN_POINT('',(-49.8711219217787,-19.5753587583407,13.2110605479749));
#3950=CARTESIAN_POINT('',(-49.8738074064016,-19.574673695436,13.2140787536236));
#3951=CARTESIAN_POINT('',(-49.8790453181374,-19.5732653236931,13.2206973986466));
#3952=CARTESIAN_POINT('',(-49.886115915646,-19.5710763586398,13.2325615711616));
#3953=CARTESIAN_POINT('',(-49.891859970283,-19.5688898834998,13.2463745118216));
#3954=CARTESIAN_POINT('',(-49.895673102026,-19.5668074116318,13.2620265630216));
#3955=CARTESIAN_POINT('',(-49.896919391564,-19.5649617364698,13.2791491160116));
#3956=CARTESIAN_POINT('',(-49.895053332211,-19.5634988991368,13.2971115909216));
#3957=CARTESIAN_POINT('',(-49.889748997385,-19.5625551060758,13.3150516552616));
#3958=CARTESIAN_POINT('',(-49.881011897593,-19.5622284026248,13.3319803555916));
#3959=CARTESIAN_POINT('',(-49.869224265142,-19.5625546523798,13.3469461035616));
#3960=CARTESIAN_POINT('',(-49.855093725244,-19.5634980408548,13.3592066645116));
#3961=CARTESIAN_POINT('',(-49.83951805667,-19.5649605590748,13.3683471665816));
#3962=CARTESIAN_POINT('',(-49.823417178263,-19.5668060172948,13.3743068689816));
#3963=CARTESIAN_POINT('',(-49.807591095964,-19.5688883721818,13.3773209417616));
#3964=CARTESIAN_POINT('',(-49.792638852836,-19.5710748151528,13.3778154307116));
#3965=CARTESIAN_POINT('',(-49.7783427917219,-19.5733543712198,13.3762320994933));
#3966=CARTESIAN_POINT('',(-49.7697041870807,-19.5748466399956,13.3740144139028));
#3967=CARTESIAN_POINT('',(-49.7654372812396,-19.5756102924691,13.3726248424835));
#3968=CARTESIAN_POINT('',(-49.8712743715044,-19.5882068853965,13.211113080965));
#3969=CARTESIAN_POINT('',(-49.8740090014087,-19.5884860316262,13.2141532556515));
#3970=CARTESIAN_POINT('',(-49.8793501570843,-19.5890599800116,13.22081909642));
#3971=CARTESIAN_POINT('',(-49.886587919826,-19.5899522623438,13.2327650338116));
#3972=CARTESIAN_POINT('',(-49.892504676193,-19.5908437354238,13.2466703609816));
#3973=CARTESIAN_POINT('',(-49.896485976634,-19.5916929777528,13.2624234243916));
#3974=CARTESIAN_POINT('',(-49.897881763981,-19.5924457811698,13.2796504908716));
#3975=CARTESIAN_POINT('',(-49.896130431055,-19.5930425122698,13.2977123883116));
#3976=CARTESIAN_POINT('',(-49.890891388699,-19.5934275444428,13.3157353608816));
#3977=CARTESIAN_POINT('',(-49.882161094654,-19.5935608329238,13.3327184309716));
#3978=CARTESIAN_POINT('',(-49.87032141796,-19.5934277294898,13.3477007388516));
#3979=CARTESIAN_POINT('',(-49.856088553372,-19.5930428623068,13.3599365187616));
#3980=CARTESIAN_POINT('',(-49.840374966519,-19.5924462612928,13.3690141296916));
#3981=CARTESIAN_POINT('',(-49.824117052241,-19.5916935462458,13.3748814166016));
#3982=CARTESIAN_POINT('',(-49.808129319961,-19.5908443514798,13.3777846219816));
#3983=CARTESIAN_POINT('',(-49.793021350578,-19.5899528913568,13.3781605215316));
#3984=CARTESIAN_POINT('',(-49.7785755425545,-19.5890236814627,13.3764543285245));
#3985=CARTESIAN_POINT('',(-49.7698464621316,-19.5884155524636,13.3741580931646));
#3986=CARTESIAN_POINT('',(-49.7655348958714,-19.5881043928125,13.3727290621608));
#3987=CARTESIAN_POINT('',(-49.8701851390153,-19.5967693415619,13.2107385188623));
#3988=CARTESIAN_POINT('',(-49.8727377440982,-19.5977262323374,13.2137109569053));
#3989=CARTESIAN_POINT('',(-49.8776977241724,-19.5996889793974,13.2202279685141));
#3990=CARTESIAN_POINT('',(-49.884324288112,-19.6027249026758,13.2319032686616));
#3991=CARTESIAN_POINT('',(-49.889617800388,-19.6057427437078,13.2454884847816));
#3992=CARTESIAN_POINT('',(-49.89300263426,-19.6086036638778,13.2608762085016));
#3993=CARTESIAN_POINT('',(-49.893880751412,-19.6111285390468,13.2777092373816));
#3994=CARTESIAN_POINT('',(-49.89174730704,-19.6131226290948,13.2953792148516));
#3995=CARTESIAN_POINT('',(-49.886310838461,-19.6144058956998,13.3130557427416));
#3996=CARTESIAN_POINT('',(-49.877595153427,-19.6148495160908,13.3297858725616));
#3997=CARTESIAN_POINT('',(-49.865978146065,-19.6144065121868,13.3446489109916));
#3998=CARTESIAN_POINT('',(-49.852141187336,-19.6131237976758,13.3569194334016));
#3999=CARTESIAN_POINT('',(-49.836941744002,-19.6111301471328,13.3661809065816));
#4000=CARTESIAN_POINT('',(-49.821256397991,-19.6086055758678,13.3723545257516));
#4001=CARTESIAN_POINT('',(-49.805848062857,-19.6057448255608,13.3756477190716));
#4002=CARTESIAN_POINT('',(-49.791289670443,-19.6027270391608,13.3764568215316));
#4003=CARTESIAN_POINT('',(-49.777364288273,-19.5995654840638,13.3752118204152));
#4004=CARTESIAN_POINT('',(-49.7689443910972,-19.597485177641,13.3732169995609));
#4005=CARTESIAN_POINT('',(-49.7647841699845,-19.5964179009133,13.3719406125543));
#4006=EDGE_LOOP('',(#6847,#6848,#6849,#6850));
#4007=AXIS2_PLACEMENT_3D('',#6851,#6852,#6853);
#4008=EDGE_LOOP('',(#6854,#6855,#6856,#6857));
#4009=AXIS2_PLACEMENT_3D('',#6858,#6859,#6860);
#4010=EDGE_LOOP('',(#6861,#6862,#6863,#6864));
#4011=AXIS2_PLACEMENT_3D('',#6865,#6866,#6867);
#4012=EDGE_LOOP('',(#6868,#6869,#6870,#6871,#6872,#6873));
#4013=AXIS2_PLACEMENT_3D('',#6874,#6875,#6876);
#4014=EDGE_LOOP('',(#6877,#6878,#6879,#6880,#6881));
#4015=AXIS2_PLACEMENT_3D('',#6882,#6883,#6884);
#4016=EDGE_LOOP('',(#6885,#6886,#6887,#6888,#6889,#6890,#6891));
#4017=AXIS2_PLACEMENT_3D('',#6892,#6893,#6894);
#4018=EDGE_LOOP('',(#6895,#6896,#6897,#6898,#6899,#6900,#6901,#6902,#6903,#6904));
#4019=AXIS2_PLACEMENT_3D('',#6905,#6906,#6907);
#4020=EDGE_LOOP('',(#6908,#6909,#6910,#6911));
#4021=AXIS2_PLACEMENT_3D('',#6912,#6913,#6914);
#4022=EDGE_LOOP('',(#6915,#6916,#6917,#6918));
#4023=AXIS2_PLACEMENT_3D('',#6919,#6920,#6921);
#4024=EDGE_LOOP('',(#6922,#6923,#6924,#6925,#6926));
#4025=AXIS2_PLACEMENT_3D('',#6927,#6928,#6929);
#4026=EDGE_LOOP('',(#6930,#6931,#6932,#6933));
#4027=AXIS2_PLACEMENT_3D('',#6934,#6935,#6936);
#4028=EDGE_LOOP('',(#6937,#6938,#6939,#6940,#6941));
#4029=AXIS2_PLACEMENT_3D('',#6942,#6943,#6944);
#4030=EDGE_LOOP('',(#6945,#6946,#6947,#6948,#6949));
#4031=CARTESIAN_POINT('',(-50.8746569031204,-17.8839472501982,12.8325923521848));
#4032=CARTESIAN_POINT('',(-50.8544985590451,-17.8828304268299,12.8468458845366));
#4033=CARTESIAN_POINT('',(-50.8182697660047,-17.8861195969899,12.8721139932374));
#4034=CARTESIAN_POINT('',(-50.7659118347622,-17.9061458797991,12.9076280466017));
#4035=CARTESIAN_POINT('',(-50.7223278159342,-17.9347504428292,12.9364064153553));
#4036=CARTESIAN_POINT('',(-50.6831771736961,-17.9739810463158,12.9613668168347));
#4037=CARTESIAN_POINT('',(-50.6510183276056,-18.0217464115728,12.9808461344866));
#4038=CARTESIAN_POINT('',(-50.6275658848031,-18.0749242636246,12.9938431948728));
#4039=CARTESIAN_POINT('',(-50.6133278628823,-18.1303057768065,13.0002116453779));
#4040=CARTESIAN_POINT('',(-50.6097627407729,-18.1664537314132,13.0003376920759));
#4041=CARTESIAN_POINT('',(-50.6092575708286,-18.1840252663671,12.9995349029498));
#4042=CARTESIAN_POINT('',(-50.929122344883,-17.8881754685321,12.8623912406373));
#4043=CARTESIAN_POINT('',(-50.9081961848464,-17.8847616960181,12.8771764827163));
#4044=CARTESIAN_POINT('',(-50.8703193885687,-17.8844207490031,12.9043667997398));
#4045=CARTESIAN_POINT('',(-50.8153706107917,-17.901054115883,12.9450138611889));
#4046=CARTESIAN_POINT('',(-50.7697991370242,-17.9283524844118,12.9796678949361));
#4047=CARTESIAN_POINT('',(-50.7294252410163,-17.968034895755,13.0114751369873));
#4048=CARTESIAN_POINT('',(-50.6972338708657,-18.0177699464889,13.0381721927989));
#4049=CARTESIAN_POINT('',(-50.675117002532,-18.073888425492,13.0581931180929));
#4050=CARTESIAN_POINT('',(-50.6634693541497,-18.1325402550077,13.071023032536));
#4051=CARTESIAN_POINT('',(-50.6622319211868,-18.1707046322039,13.074930122328));
#4052=CARTESIAN_POINT('',(-50.6629725961587,-18.189188233278,13.0758905850567));
#4053=CARTESIAN_POINT('',(-51.0082200041154,-17.8845271706995,12.9069180937846));
#4054=CARTESIAN_POINT('',(-50.9859844895944,-17.8773332656176,12.9210207100565));
#4055=CARTESIAN_POINT('',(-50.9452859261578,-17.8704534851803,12.9487672748376));
#4056=CARTESIAN_POINT('',(-50.8858474853351,-17.879662942496,12.9949392375544));
#4057=CARTESIAN_POINT('',(-50.8368210376314,-17.9027536583425,13.0374735805521));
#4058=CARTESIAN_POINT('',(-50.7943555854287,-17.9409119783378,13.079505456639));
#4059=CARTESIAN_POINT('',(-50.7622011539236,-17.9915649404705,13.117622039244));
#4060=CARTESIAN_POINT('',(-50.7425110756751,-18.0501742011379,13.1490861343889));
#4061=CARTESIAN_POINT('',(-50.7353656988457,-18.111808655964,13.1725529370013));
#4062=CARTESIAN_POINT('',(-50.7380130336757,-18.1516826779025,13.1826637937531));
#4063=CARTESIAN_POINT('',(-50.7407837835414,-18.1708718084074,13.1864988606302));
#4064=CARTESIAN_POINT('',(-51.098883686165,-17.8609021016028,12.9603544924816));
#4065=CARTESIAN_POINT('',(-51.074490369599,-17.8505160419738,12.9708248479816));
#4066=CARTESIAN_POINT('',(-51.029178509502,-17.8371427579578,12.9942200190116));
#4067=CARTESIAN_POINT('',(-50.962332638121,-17.8366411597718,13.0414371983916));
#4068=CARTESIAN_POINT('',(-50.907611685567,-17.8522029888688,13.0906032552916));
#4069=CARTESIAN_POINT('',(-50.861856690672,-17.8846491005838,13.1444935484916));
#4070=CARTESIAN_POINT('',(-50.830133479544,-17.9315544934728,13.1979373120916));
#4071=CARTESIAN_POINT('',(-50.814805765431,-17.9876951539548,13.2458722190916));
#4072=CARTESIAN_POINT('',(-50.8150340217353,-18.0471485414372,13.2850459279373));
#4073=CARTESIAN_POINT('',(-50.8235771844949,-18.0853001807351,13.3043054407429));
#4074=CARTESIAN_POINT('',(-50.8293153808951,-18.103518645095,13.3123461562452));
#4075=CARTESIAN_POINT('',(-51.154237984808,-17.8371160708088,12.9938936204416));
#4076=CARTESIAN_POINT('',(-51.128258704539,-17.8256652967028,13.0010673715616));
#4077=CARTESIAN_POINT('',(-51.07955011091,-17.8094977676898,13.0198091623316));
#4078=CARTESIAN_POINT('',(-51.007189139868,-17.8033811860158,13.0653754008616));
#4079=CARTESIAN_POINT('',(-50.948212986045,-17.8135569617588,13.1174680362716));
#4080=CARTESIAN_POINT('',(-50.900050127015,-17.8407312735508,13.1785942169016));
#4081=CARTESIAN_POINT('',(-50.868779637215,-17.8827866286548,13.2423606952416));
#4082=CARTESIAN_POINT('',(-50.856834761455,-17.9343719957058,13.3018262001216));
#4083=CARTESIAN_POINT('',(-50.8625333047254,-17.9892614256692,13.3521107097081));
#4084=CARTESIAN_POINT('',(-50.8752818705808,-18.0242907442489,13.3778110181197));
#4085=CARTESIAN_POINT('',(-50.8830961791829,-18.0409343307576,13.3887953373651));
#4086=CARTESIAN_POINT('',(-51.199924911411,-17.8062451574048,13.0224041977616));
#4087=CARTESIAN_POINT('',(-51.172318117831,-17.7953569115328,13.0258465032416));
#4088=CARTESIAN_POINT('',(-51.120141289728,-17.7790910782498,13.0388191393116));
#4089=CARTESIAN_POINT('',(-51.042132674786,-17.7698672201758,13.0806665924516));
#4090=CARTESIAN_POINT('',(-50.97880199952,-17.7753906036688,13.1339203862116));
#4091=CARTESIAN_POINT('',(-50.928234343231,-17.7963291989908,13.2008955821516));
#4092=CARTESIAN_POINT('',(-50.89756365239,-17.8310344680308,13.2741040036116));
#4093=CARTESIAN_POINT('',(-50.889201977606,-17.8745646399658,13.3445965033516));
#4094=CARTESIAN_POINT('',(-50.9004639483508,-17.9210465086263,13.405659251427));
#4095=CARTESIAN_POINT('',(-50.9173438079263,-17.9505453757137,13.4376080508099));
#4096=CARTESIAN_POINT('',(-50.9271654418878,-17.9644971120288,13.4514396121267));
#4097=CARTESIAN_POINT('',(-51.2494780772187,-17.7531249469145,13.0541327896051));
#4098=CARTESIAN_POINT('',(-51.2197771469032,-17.7454549721132,13.0525472906108));
#4099=CARTESIAN_POINT('',(-51.1631369645465,-17.7332872733927,13.0573121576588));
#4100=CARTESIAN_POINT('',(-51.0778048478628,-17.7240846914674,13.0925889599379));
#4101=CARTESIAN_POINT('',(-51.0088122344445,-17.7247332170866,13.1456760372215));
#4102=CARTESIAN_POINT('',(-50.9551724103858,-17.7357863915091,13.2188051499586));
#4103=CARTESIAN_POINT('',(-50.9254206926343,-17.7564115183088,13.3032534350077));
#4104=CARTESIAN_POINT('',(-50.9218369944312,-17.783194663388,13.3873651106519));
#4105=CARTESIAN_POINT('',(-50.9402749517385,-17.8119558119144,13.4618558541426));
#4106=CARTESIAN_POINT('',(-50.9623291508377,-17.8300745182681,13.5015611140834));
#4107=CARTESIAN_POINT('',(-50.9746317819537,-17.838592238375,13.5189128195199));
#4108=CARTESIAN_POINT('',(-51.2632269346479,-17.7037452513552,13.0634171251563));
#4109=CARTESIAN_POINT('',(-51.2327275558434,-17.7015539818186,13.0598417515156));
#4110=CARTESIAN_POINT('',(-51.1743866615783,-17.6980689437228,13.0611307649995));
#4111=CARTESIAN_POINT('',(-51.0862334344408,-17.6953905166035,13.0929677260142));
#4112=CARTESIAN_POINT('',(-51.0150506097023,-17.6955097000087,13.1450598657098));
#4113=CARTESIAN_POINT('',(-50.960254382192,-17.6985929128568,13.2197303136816));
#4114=CARTESIAN_POINT('',(-50.9309395861307,-17.7044205924824,13.3079140889935));
#4115=CARTESIAN_POINT('',(-50.9292709353082,-17.7120277128536,13.3968676418688));
#4116=CARTESIAN_POINT('',(-50.9504472741602,-17.7202220472088,13.476210304359));
#4117=CARTESIAN_POINT('',(-50.9743909554218,-17.7253973794424,13.5187086835102));
#4118=CARTESIAN_POINT('',(-50.9875822162546,-17.727833239877,13.5373218094057));
#4119=CARTESIAN_POINT('',(-51.2594107807418,-17.6695967744188,13.0608511679789));
#4120=CARTESIAN_POINT('',(-51.2291137361695,-17.6712431360646,13.0578068901385));
#4121=CARTESIAN_POINT('',(-51.1712110997311,-17.67385779465,13.0600182086301));
#4122=CARTESIAN_POINT('',(-51.0837993199796,-17.6758523594471,13.0927487813338));
#4123=CARTESIAN_POINT('',(-51.0131991677438,-17.6757398983043,13.1450758313428));
#4124=CARTESIAN_POINT('',(-50.9587161556483,-17.6733974342464,13.2193018921644));
#4125=CARTESIAN_POINT('',(-50.9292923811763,-17.6689948540367,13.3064618070339));
#4126=CARTESIAN_POINT('',(-50.9271198999136,-17.6632596831873,13.3941074752832));
#4127=CARTESIAN_POINT('',(-50.9475709652413,-17.657088010076,13.4721510885099));
#4128=CARTESIAN_POINT('',(-50.9710134845264,-17.6531927159707,13.513907130024));
#4129=CARTESIAN_POINT('',(-50.9839692663906,-17.651359831943,13.5321860158237));
#4130=EDGE_LOOP('',(#6950,#6951,#6952));
#4131=AXIS2_PLACEMENT_3D('',#6953,#6954,#6955);
#4132=EDGE_LOOP('',(#6956,#6957,#6958,#6959));
#4133=AXIS2_PLACEMENT_3D('',#6960,#6961,#6962);
#4134=EDGE_LOOP('',(#6963,#6964,#6965,#6966,#6967));
#4135=AXIS2_PLACEMENT_3D('',#6968,#6969,#6970);
#4136=EDGE_LOOP('',(#6971,#6972,#6973,#6974));
#4137=AXIS2_PLACEMENT_3D('',#6975,#6976,#6977);
#4138=EDGE_LOOP('',(#6978,#6979,#6980));
#4139=AXIS2_PLACEMENT_3D('',#6981,#6982,#6983);
#4140=EDGE_LOOP('',(#6984,#6985,#6986,#6987));
#4141=AXIS2_PLACEMENT_3D('',#6988,#6989,#6990);
#4142=EDGE_LOOP('',(#6991,#6992,#6993,#6994));
#4143=AXIS2_PLACEMENT_3D('',#6995,#6996,#6997);
#4144=EDGE_LOOP('',(#6998,#6999,#7000,#7001));
#4145=AXIS2_PLACEMENT_3D('',#7002,#7003,#7004);
#4146=EDGE_LOOP('',(#7005,#7006,#7007,#7008));
#4147=AXIS2_PLACEMENT_3D('',#7009,#7010,#7011);
#4148=EDGE_LOOP('',(#7012,#7013,#7014,#7015));
#4149=AXIS2_PLACEMENT_3D('',#7016,#7017,#7018);
#4150=EDGE_LOOP('',(#7019,#7020,#7021,#7022,#7023,#7024));
#4151=AXIS2_PLACEMENT_3D('',#7025,#7026,#7027);
#4152=EDGE_LOOP('',(#7028,#7029,#7030,#7031));
#4153=AXIS2_PLACEMENT_3D('',#7032,#7033,#7034);
#4154=EDGE_LOOP('',(#7035,#7036,#7037,#7038));
#4155=AXIS2_PLACEMENT_3D('',#7039,#7040,#7041);
#4156=EDGE_LOOP('',(#7042,#7043,#7044,#7045));
#4157=AXIS2_PLACEMENT_3D('',#7046,#7047,#7048);
#4158=EDGE_LOOP('',(#7049,#7050,#7051,#7052,#7053,#7054));
#4159=AXIS2_PLACEMENT_3D('',#7055,#7056,#7057);
#4160=EDGE_LOOP('',(#7058,#7059,#7060,#7061));
#4161=AXIS2_PLACEMENT_3D('',#7062,#7063,#7064);
#4162=EDGE_LOOP('',(#7065,#7066,#7067,#7068,#7069,#7070,#7071,#7072,#7073,#7074,#7075,#7076,#7077,#7078));
#4163=AXIS2_PLACEMENT_3D('',#7079,#7080,#7081);
#4164=EDGE_LOOP('',(#7082,#7083,#7084,#7085));
#4165=AXIS2_PLACEMENT_3D('',#7086,#7087,#7088);
#4166=EDGE_LOOP('',(#7089,#7090,#7091));
#4167=AXIS2_PLACEMENT_3D('',#7092,#7093,#7094);
#4168=EDGE_LOOP('',(#7095,#7096,#7097));
#4169=AXIS2_PLACEMENT_3D('',#7098,#7099,#7100);
#4170=EDGE_LOOP('',(#7101,#7102,#7103,#7104,#7105));
#4171=AXIS2_PLACEMENT_3D('',#7106,#7107,#7108);
#4172=EDGE_LOOP('',(#7109,#7110,#7111,#7112,#7113,#7114));
#4173=AXIS2_PLACEMENT_3D('',#7115,#7116,#7117);
#4174=EDGE_LOOP('',(#7118,#7119,#7120,#7121,#7122,#7123));
#4175=AXIS2_PLACEMENT_3D('',#7124,#7125,#7126);
#4176=EDGE_LOOP('',(#7127,#7128,#7129,#7130));
#4177=AXIS2_PLACEMENT_3D('',#7131,#7132,#7133);
#4178=EDGE_LOOP('',(#7134,#7135,#7136,#7137));
#4179=AXIS2_PLACEMENT_3D('',#7138,#7139,#7140);
#4180=EDGE_LOOP('',(#7141,#7142,#7143,#7144));
#4181=AXIS2_PLACEMENT_3D('',#7145,#7146,#7147);
#4182=EDGE_LOOP('',(#7148,#7149,#7150,#7151,#7152,#7153));
#4183=AXIS2_PLACEMENT_3D('',#7154,#7155,#7156);
#4184=EDGE_LOOP('',(#7157,#7158,#7159,#7160));
#4185=AXIS2_PLACEMENT_3D('',#7161,#7162,#7163);
#4186=EDGE_LOOP('',(#7164,#7165,#7166,#7167));
#4187=AXIS2_PLACEMENT_3D('',#7168,#7169,#7170);
#4188=EDGE_LOOP('',(#7171,#7172,#7173,#7174,#7175,#7176,#7177));
#4189=AXIS2_PLACEMENT_3D('',#7178,#7179,#7180);
#4190=EDGE_LOOP('',(#7181,#7182,#7183,#7184));
#4191=AXIS2_PLACEMENT_3D('',#7185,#7186,#7187);
#4192=EDGE_LOOP('',(#7188,#7189,#7190,#7191,#7192,#7193,#7194));
#4193=AXIS2_PLACEMENT_3D('',#7195,#7196,#7197);
#4194=EDGE_LOOP('',(#7198,#7199,#7200,#7201));
#4195=AXIS2_PLACEMENT_3D('',#7202,#7203,#7204);
#4196=EDGE_LOOP('',(#7205,#7206,#7207,#7208));
#4197=AXIS2_PLACEMENT_3D('',#7209,#7210,#7211);
#4198=EDGE_LOOP('',(#7212,#7213,#7214,#7215));
#4199=AXIS2_PLACEMENT_3D('',#7216,#7217,#7218);
#4200=EDGE_LOOP('',(#7219,#7220,#7221,#7222));
#4201=AXIS2_PLACEMENT_3D('',#7223,#7224,#7225);
#4202=EDGE_LOOP('',(#7226,#7227,#7228,#7229));
#4203=AXIS2_PLACEMENT_3D('',#7230,#7231,#7232);
#4204=EDGE_LOOP('',(#7233,#7234,#7235,#7236));
#4205=AXIS2_PLACEMENT_3D('',#7237,#7238,#7239);
#4206=EDGE_LOOP('',(#7240,#7241,#7242,#7243));
#4207=AXIS2_PLACEMENT_3D('',#7244,#7245,#7246);
#4208=EDGE_LOOP('',(#7247,#7248,#7249,#7250,#7251,#7252,#7253,#7254));
#4209=AXIS2_PLACEMENT_3D('',#7255,#7256,#7257);
#4210=EDGE_LOOP('',(#7258,#7259,#7260,#7261,#7262,#7263,#7264,#7265));
#4211=AXIS2_PLACEMENT_3D('',#7266,#7267,#7268);
#4212=EDGE_LOOP('',(#7269,#7270,#7271,#7272,#7273));
#4213=AXIS2_PLACEMENT_3D('',#7274,#7275,#7276);
#4214=EDGE_LOOP('',(#7277,#7278,#7279,#7280,#7281,#7282,#7283,#7284,#7285,#7286));
#4215=AXIS2_PLACEMENT_3D('',#7287,#7288,#7289);
#4216=EDGE_LOOP('',(#7290,#7291,#7292,#7293));
#4217=AXIS2_PLACEMENT_3D('',#7294,#7295,#7296);
#4218=EDGE_LOOP('',(#7297,#7298,#7299,#7300,#7301,#7302,#7303,#7304,#7305));
#4219=AXIS2_PLACEMENT_3D('',#7306,#7307,#7308);
#4220=EDGE_LOOP('',(#7309,#7310,#7311,#7312));
#4221=AXIS2_PLACEMENT_3D('',#7313,#7314,#7315);
#4222=EDGE_LOOP('',(#7316,#7317,#7318,#7319,#7320,#7321,#7322,#7323,#7324,#7325,#7326,#7327,#7328,#7329,#7330,#7331,#7332,#7333));
#4223=AXIS2_PLACEMENT_3D('',#7334,#7335,#7336);
#4224=EDGE_LOOP('',(#7337,#7338,#7339,#7340));
#4225=AXIS2_PLACEMENT_3D('',#7341,#7342,#7343);
#4226=EDGE_LOOP('',(#7344,#7345,#7346,#7347));
#4227=AXIS2_PLACEMENT_3D('',#7348,#7349,#7350);
#4228=EDGE_LOOP('',(#7351,#7352,#7353,#7354));
#4229=AXIS2_PLACEMENT_3D('',#7355,#7356,#7357);
#4230=EDGE_LOOP('',(#7358,#7359,#7360,#7361));
#4231=AXIS2_PLACEMENT_3D('',#7362,#7363,#7364);
#4232=EDGE_LOOP('',(#7365,#7366,#7367,#7368));
#4233=AXIS2_PLACEMENT_3D('',#7369,#7370,#7371);
#4234=EDGE_LOOP('',(#7372,#7373,#7374,#7375,#7376,#7377,#7378));
#4235=AXIS2_PLACEMENT_3D('',#7379,#7380,#7381);
#4236=EDGE_LOOP('',(#7382,#7383,#7384,#7385));
#4237=AXIS2_PLACEMENT_3D('',#7386,#7387,#7388);
#4238=EDGE_LOOP('',(#7389,#7390,#7391,#7392,#7393,#7394));
#4239=AXIS2_PLACEMENT_3D('',#7395,#7396,#7397);
#4240=EDGE_LOOP('',(#7398,#7399,#7400,#7401,#7402,#7403,#7404,#7405,#7406,#7407,#7408,#7409,#7410,#7411,#7412,#7413));
#4241=AXIS2_PLACEMENT_3D('',#7414,#7415,#7416);
#4242=EDGE_LOOP('',(#7417,#7418,#7419,#7420));
#4243=AXIS2_PLACEMENT_3D('',#7421,#7422,#7423);
#4244=EDGE_LOOP('',(#7424,#7425,#7426,#7427));
#4245=AXIS2_PLACEMENT_3D('',#7428,#7429,#7430);
#4246=EDGE_LOOP('',(#7431,#7432,#7433,#7434));
#4247=AXIS2_PLACEMENT_3D('',#7435,#7436,#7437);
#4248=EDGE_LOOP('',(#7438,#7439,#7440,#7441));
#4249=AXIS2_PLACEMENT_3D('',#7442,#7443,#7444);
#4250=EDGE_LOOP('',(#7445,#7446,#7447,#7448));
#4251=AXIS2_PLACEMENT_3D('',#7449,#7450,#7451);
#4252=EDGE_LOOP('',(#7452,#7453,#7454,#7455));
#4253=AXIS2_PLACEMENT_3D('',#7456,#7457,#7458);
#4254=EDGE_LOOP('',(#7459,#7460,#7461,#7462));
#4255=AXIS2_PLACEMENT_3D('',#7463,#7464,#7465);
#4256=EDGE_LOOP('',(#7466,#7467,#7468,#7469));
#4257=AXIS2_PLACEMENT_3D('',#7470,#7471,#7472);
#4258=EDGE_LOOP('',(#7473,#7474,#7475,#7476));
#4259=AXIS2_PLACEMENT_3D('',#7477,#7478,#7479);
#4260=EDGE_LOOP('',(#7480,#7481,#7482,#7483));
#4261=AXIS2_PLACEMENT_3D('',#7484,#7485,#7486);
#4262=EDGE_LOOP('',(#7487,#7488,#7489,#7490));
#4263=AXIS2_PLACEMENT_3D('',#7491,#7492,#7493);
#4264=EDGE_LOOP('',(#7494,#7495,#7496,#7497));
#4265=AXIS2_PLACEMENT_3D('',#7498,#7499,#7500);
#4266=EDGE_LOOP('',(#7501,#7502,#7503,#7504,#7505));
#4267=AXIS2_PLACEMENT_3D('',#7506,#7507,#7508);
#4268=EDGE_LOOP('',(#7509,#7510,#7511,#7512,#7513));
#4269=AXIS2_PLACEMENT_3D('',#7514,#7515,#7516);
#4270=EDGE_LOOP('',(#7517,#7518,#7519,#7520,#7521,#7522,#7523,#7524));
#4271=AXIS2_PLACEMENT_3D('',#7525,#7526,#7527);
#4272=EDGE_LOOP('',(#7528,#7529,#7530,#7531));
#4273=AXIS2_PLACEMENT_3D('',#7532,#7533,#7534);
#4274=EDGE_LOOP('',(#7535,#7536,#7537,#7538));
#4275=AXIS2_PLACEMENT_3D('',#7539,#7540,#7541);
#4276=EDGE_LOOP('',(#7542,#7543,#7544,#7545));
#4277=AXIS2_PLACEMENT_3D('',#7546,#7547,#7548);
#4278=EDGE_LOOP('',(#7549,#7550,#7551,#7552));
#4279=AXIS2_PLACEMENT_3D('',#7553,#7554,#7555);
#4280=EDGE_LOOP('',(#7556,#7557,#7558,#7559));
#4281=AXIS2_PLACEMENT_3D('',#7560,#7561,#7562);
#4282=EDGE_LOOP('',(#7563,#7564,#7565,#7566));
#4283=AXIS2_PLACEMENT_3D('',#7567,#7568,#7569);
#4284=EDGE_LOOP('',(#7570,#7571,#7572,#7573));
#4285=AXIS2_PLACEMENT_3D('',#7574,#7575,#7576);
#4286=EDGE_LOOP('',(#7577,#7578,#7579,#7580));
#4287=AXIS2_PLACEMENT_3D('',#7581,#7582,#7583);
#4288=EDGE_LOOP('',(#7584,#7585,#7586,#7587));
#4289=AXIS2_PLACEMENT_3D('',#7588,#7589,#7590);
#4290=EDGE_LOOP('',(#7591,#7592,#7593,#7594,#7595,#7596,#7597,#7598,#7599));
#4291=EDGE_LOOP('',(#7600,#7601,#7602,#7603));
#4292=AXIS2_PLACEMENT_3D('',#7604,#7605,#7606);
#4293=EDGE_LOOP('',(#7607,#7608,#7609,#7610));
#4294=AXIS2_PLACEMENT_3D('',#7611,#7612,#7613);
#4295=EDGE_LOOP('',(#7614,#7615,#7616,#7617));
#4296=AXIS2_PLACEMENT_3D('',#7618,#7619,#7620);
#4297=EDGE_LOOP('',(#7621,#7622,#7623,#7624));
#4298=AXIS2_PLACEMENT_3D('',#7625,#7626,#7627);
#4299=EDGE_LOOP('',(#7628,#7629,#7630,#7631));
#4300=AXIS2_PLACEMENT_3D('',#7632,#7633,#7634);
#4301=EDGE_LOOP('',(#7635,#7636,#7637,#7638));
#4302=AXIS2_PLACEMENT_3D('',#7639,#7640,#7641);
#4303=EDGE_LOOP('',(#7642,#7643,#7644,#7645));
#4304=AXIS2_PLACEMENT_3D('',#7646,#7647,#7648);
#4305=EDGE_LOOP('',(#7649,#7650,#7651,#7652));
#4306=AXIS2_PLACEMENT_3D('',#7653,#7654,#7655);
#4307=EDGE_LOOP('',(#7656,#7657,#7658,#7659));
#4308=AXIS2_PLACEMENT_3D('',#7660,#7661,#7662);
#4309=EDGE_LOOP('',(#7663,#7664,#7665,#7666));
#4310=AXIS2_PLACEMENT_3D('',#7667,#7668,#7669);
#4311=EDGE_LOOP('',(#7670,#7671,#7672,#7673));
#4312=AXIS2_PLACEMENT_3D('',#7674,#7675,#7676);
#4313=EDGE_LOOP('',(#7677,#7678,#7679,#7680));
#4314=AXIS2_PLACEMENT_3D('',#7681,#7682,#7683);
#4315=EDGE_LOOP('',(#7684,#7685,#7686,#7687));
#4317=CARTESIAN_POINT('',(-48.446185602427,-26.084289841497,-6.38632576250519));
#4318=CARTESIAN_POINT('',(-48.4461856025238,-26.3771913640478,-6.38633099899324));
#4319=CARTESIAN_POINT('',(-48.4461817690272,-26.5843040168963,-6.17921834618036));
#4320=CARTESIAN_POINT('',(-48.446176347644,-26.5842987804076,-5.8863168236798));
#4321=CARTESIAN_POINT('',(-48.0001215341182,-26.084289841497,-6.38633401880971));
#4322=CARTESIAN_POINT('',(-48.0001184198027,-26.3771913640478,-6.38633925535531));
#4323=CARTESIAN_POINT('',(-48.1232952696901,-26.5843040168963,-6.17922432256204));
#4324=CARTESIAN_POINT('',(-48.2974936413427,-26.5842987804076,-5.88631957568273));
#4325=CARTESIAN_POINT('',(-47.6961717205812,-26.084289841497,-6.06891142911306));
#4326=CARTESIAN_POINT('',(-47.6961664840927,-26.3771913640478,-6.06891444941911));
#4327=CARTESIAN_POINT('',(-47.9032791369414,-26.5843040168963,-5.9494558294699));
#4328=CARTESIAN_POINT('',(-48.1961806594922,-26.5842987804076,-5.78051582902257));
#4329=CARTESIAN_POINT('',(-47.6961717205812,-26.0842898414969,-5.6363257627134));
#4330=CARTESIAN_POINT('',(-47.6961664840927,-26.3771913640478,-5.63632576271339));
#4331=CARTESIAN_POINT('',(-47.9032791369414,-26.5843040168963,-5.63632576271339));
#4332=CARTESIAN_POINT('',(-48.1961806594922,-26.5842987804076,-5.6363257627134));
#4333=CARTESIAN_POINT('',(-47.6961717205812,-26.084289841497,-5.20374009631447));
#4334=CARTESIAN_POINT('',(-47.6961664840927,-26.3771913640478,-5.20373707600773));
#4335=CARTESIAN_POINT('',(-47.9032791369414,-26.5843040168963,-5.32319569595689));
#4336=CARTESIAN_POINT('',(-48.1961806594922,-26.5842987804076,-5.49213569640423));
#4337=CARTESIAN_POINT('',(-48.0001215341183,-26.084289841497,-4.88631750661724));
#4338=CARTESIAN_POINT('',(-48.0001184198027,-26.3771913640478,-4.88631227007148));
#4339=CARTESIAN_POINT('',(-48.1232952696901,-26.5843040168963,-5.09342720286479));
#4340=CARTESIAN_POINT('',(-48.2974936413427,-26.5842987804076,-5.38633194974476));
#4341=CARTESIAN_POINT('',(-48.4461856024271,-26.0842898414969,-4.88632576292165));
#4342=CARTESIAN_POINT('',(-48.4461856025239,-26.3771913640478,-4.88632052643365));
#4343=CARTESIAN_POINT('',(-48.4461817690272,-26.5843040168963,-5.09343317924714));
#4344=CARTESIAN_POINT('',(-48.446176347644,-26.5842987804076,-5.38633470174795));
#4351=EDGE_LOOP('',(#7688,#7689,#7690,#7691));
#4353=CARTESIAN_POINT('',(-48.4461578385749,-26.084289841497,-4.88632576292165));
#4354=CARTESIAN_POINT('',(-48.4461578384779,-26.3771913640478,-4.88632052643365));
#4355=CARTESIAN_POINT('',(-48.4461616719748,-26.5843040168963,-5.09343317924714));
#4356=CARTESIAN_POINT('',(-48.4461670933579,-26.5842987804076,-5.38633470174795));
#4357=CARTESIAN_POINT('',(-48.8922219068836,-26.084289841497,-4.88631750661725));
#4358=CARTESIAN_POINT('',(-48.8922250211986,-26.3771913640478,-4.8863122700715));
#4359=CARTESIAN_POINT('',(-48.7690481713118,-26.5843040168963,-5.09342720286481));
#4360=CARTESIAN_POINT('',(-48.5948497996593,-26.5842987804076,-5.38633194974477));
#4361=CARTESIAN_POINT('',(-49.1961717204207,-26.084289841497,-5.20374009631448));
#4362=CARTESIAN_POINT('',(-49.1961769569093,-26.3771913640478,-5.20373707600774));
#4363=CARTESIAN_POINT('',(-48.9890643040606,-26.5843040168963,-5.3231956959569));
#4364=CARTESIAN_POINT('',(-48.6961627815098,-26.5842987804076,-5.49213569640423));
#4365=CARTESIAN_POINT('',(-49.1961717204208,-26.0842898414969,-5.6363257627134));
#4366=CARTESIAN_POINT('',(-49.1961769569093,-26.3771913640478,-5.63632576271339));
#4367=CARTESIAN_POINT('',(-48.9890643040606,-26.5843040168963,-5.63632576271339));
#4368=CARTESIAN_POINT('',(-48.6961627815098,-26.5842987804076,-5.6363257627134));
#4369=CARTESIAN_POINT('',(-49.1961717204207,-26.084289841497,-6.06891142911308));
#4370=CARTESIAN_POINT('',(-49.1961769569093,-26.3771913640478,-6.06891444941913));
#4371=CARTESIAN_POINT('',(-48.9890643040606,-26.5843040168963,-5.94945582946992));
#4372=CARTESIAN_POINT('',(-48.6961627815098,-26.5842987804076,-5.78051582902257));
#4373=CARTESIAN_POINT('',(-48.8922219068836,-26.084289841497,-6.38633401880974));
#4374=CARTESIAN_POINT('',(-48.8922250211986,-26.3771913640478,-6.38633925535534));
#4375=CARTESIAN_POINT('',(-48.7690481713118,-26.5843040168963,-6.17922432256206));
#4376=CARTESIAN_POINT('',(-48.5948497996593,-26.5842987804076,-5.88631957568274));
#4377=CARTESIAN_POINT('',(-48.4461578385749,-26.084289841497,-6.38632576250519));
#4378=CARTESIAN_POINT('',(-48.4461578384779,-26.3771913640478,-6.38633099899324));
#4379=CARTESIAN_POINT('',(-48.4461616719748,-26.5843040168963,-6.17921834618035));
#4380=CARTESIAN_POINT('',(-48.4461670933579,-26.5842987804076,-5.8863168236798));
#4387=EDGE_LOOP('',(#7692,#7693));
#4388=AXIS2_PLACEMENT_3D('',#7694,#7695,#7696);
#4389=EDGE_LOOP('',(#7697,#7698,#7699,#7700));
#4390=AXIS2_PLACEMENT_3D('',#7701,#7702,#7703);
#4391=EDGE_LOOP('',(#7704,#7705,#7706,#7707));
#4392=AXIS2_PLACEMENT_3D('',#7708,#7709,#7710);
#4393=EDGE_LOOP('',(#7711,#7712,#7713,#7714));
#4395=CARTESIAN_POINT('',(-62.396185602427,-26.084289841497,1.66771049268998));
#4396=CARTESIAN_POINT('',(-62.3961856025238,-26.3771913640476,1.66770525620182));
#4397=CARTESIAN_POINT('',(-62.3961817690271,-26.5843040168961,1.87481790901489));
#4398=CARTESIAN_POINT('',(-62.396176347644,-26.5842987804076,2.16771943151544));
#4399=CARTESIAN_POINT('',(-61.9501215341182,-26.084289841497,1.66770223638548));
#4400=CARTESIAN_POINT('',(-61.9501184198027,-26.3771913640476,1.66769699983964));
#4401=CARTESIAN_POINT('',(-62.07329526969,-26.5843040168961,1.8748119326329));
#4402=CARTESIAN_POINT('',(-62.2474936413424,-26.5842987804076,2.16771667951233));
#4403=CARTESIAN_POINT('',(-61.6461717205812,-26.084289841497,1.98512482608218));
#4404=CARTESIAN_POINT('',(-61.6461664840927,-26.3771913640476,1.98512180577587));
#4405=CARTESIAN_POINT('',(-61.8532791369412,-26.5843040168961,2.10458042572492));
#4406=CARTESIAN_POINT('',(-62.1461806594918,-26.5842987804076,2.27352042617227));
#4407=CARTESIAN_POINT('',(-61.6461717205812,-26.084289841497,2.4177104924816));
#4408=CARTESIAN_POINT('',(-61.6461664840927,-26.3771913640476,2.4177104924816));
#4409=CARTESIAN_POINT('',(-61.8532791369412,-26.5843040168961,2.4177104924816));
#4410=CARTESIAN_POINT('',(-62.1461806594918,-26.5842987804076,2.4177104924816));
#4411=CARTESIAN_POINT('',(-61.6461717205812,-26.084289841497,2.85029615888105));
#4412=CARTESIAN_POINT('',(-61.6461664840927,-26.3771913640476,2.85029917918736));
#4413=CARTESIAN_POINT('',(-61.8532791369412,-26.5843040168961,2.7308405592383));
#4414=CARTESIAN_POINT('',(-62.1461806594918,-26.5842987804076,2.56190055879094));
#4415=CARTESIAN_POINT('',(-61.9501215341182,-26.084289841497,3.16771874857776));
#4416=CARTESIAN_POINT('',(-61.9501184198028,-26.3771913640476,3.1677239851236));
#4417=CARTESIAN_POINT('',(-62.07329526969,-26.5843040168961,2.96060905233032));
#4418=CARTESIAN_POINT('',(-62.2474936413424,-26.5842987804076,2.66770430545088));
#4419=CARTESIAN_POINT('',(-62.3961856024271,-26.084289841497,3.16771049227321));
#4420=CARTESIAN_POINT('',(-62.3961856025239,-26.3771913640476,3.16771572876137));
#4421=CARTESIAN_POINT('',(-62.3961817690272,-26.5843040168961,2.9606030759483));
#4422=CARTESIAN_POINT('',(-62.3961763476441,-26.5842987804076,2.66770155344776));
#4429=EDGE_LOOP('',(#7715,#7716,#7717,#7718));
#4431=CARTESIAN_POINT('',(-62.3961578385748,-26.084289841497,3.16771049227321));
#4432=CARTESIAN_POINT('',(-62.396157838478,-26.3771913640476,3.16771572876136));
#4433=CARTESIAN_POINT('',(-62.3961616719748,-26.5843040168961,2.9606030759483));
#4434=CARTESIAN_POINT('',(-62.3961670933579,-26.5842987804076,2.66770155344776));
#4435=CARTESIAN_POINT('',(-62.8422219068834,-26.084289841497,3.16771874857778));
#4436=CARTESIAN_POINT('',(-62.8422250211986,-26.3771913640476,3.16772398512362));
#4437=CARTESIAN_POINT('',(-62.7190481713119,-26.5843040168961,2.96060905233034));
#4438=CARTESIAN_POINT('',(-62.5448497996595,-26.5842987804076,2.66770430545089));
#4439=CARTESIAN_POINT('',(-63.1461717204195,-26.084289841497,2.85029615888101));
#4440=CARTESIAN_POINT('',(-63.1461769569067,-26.3771913640476,2.85029917918738));
#4441=CARTESIAN_POINT('',(-62.9390643040605,-26.5843040168961,2.73084055923831));
#4442=CARTESIAN_POINT('',(-62.6461627815102,-26.5842987804076,2.56190055879095));
#4443=CARTESIAN_POINT('',(-63.1461717204195,-26.084289841497,2.4177104924816));
#4444=CARTESIAN_POINT('',(-63.1461769569067,-26.3771913640476,2.4177104924816));
#4445=CARTESIAN_POINT('',(-62.9390643040605,-26.5843040168961,2.4177104924816));
#4446=CARTESIAN_POINT('',(-62.6461627815102,-26.5842987804076,2.4177104924816));
#4447=CARTESIAN_POINT('',(-63.1461717204195,-26.084289841497,1.98512482608215));
#4448=CARTESIAN_POINT('',(-63.1461769569067,-26.3771913640476,1.98512180577585));
#4449=CARTESIAN_POINT('',(-62.9390643040605,-26.5843040168961,2.1045804257249));
#4450=CARTESIAN_POINT('',(-62.6461627815102,-26.5842987804076,2.27352042617226));
#4451=CARTESIAN_POINT('',(-62.8422219068835,-26.084289841497,1.66770223638544));
#4452=CARTESIAN_POINT('',(-62.8422250211987,-26.3771913640476,1.66769699983961));
#4453=CARTESIAN_POINT('',(-62.7190481713119,-26.5843040168961,1.87481193263288));
#4454=CARTESIAN_POINT('',(-62.5448497996596,-26.5842987804076,2.16771667951231));
#4455=CARTESIAN_POINT('',(-62.3961578385749,-26.084289841497,1.66771049268998));
#4456=CARTESIAN_POINT('',(-62.396157838478,-26.3771913640476,1.66770525620183));
#4457=CARTESIAN_POINT('',(-62.3961616719748,-26.5843040168961,1.8748179090149));
#4458=CARTESIAN_POINT('',(-62.3961670933579,-26.5842987804076,2.16771943151543));
#4465=EDGE_LOOP('',(#7719,#7720));
#4466=AXIS2_PLACEMENT_3D('',#7721,#7722,#7723);
#4467=EDGE_LOOP('',(#7724,#7725,#7726,#7727));
#4468=AXIS2_PLACEMENT_3D('',#7728,#7729,#7730);
#4469=EDGE_LOOP('',(#7731,#7732,#7733,#7734));
#4470=AXIS2_PLACEMENT_3D('',#7735,#7736,#7737);
#4471=EDGE_LOOP('',(#7738,#7739,#7740,#7741));
#4473=CARTESIAN_POINT('',(-48.4461856024271,-26.084289841497,9.72174674788549));
#4474=CARTESIAN_POINT('',(-48.4461856025241,-26.3771913640478,9.72174151139692));
#4475=CARTESIAN_POINT('',(-48.4461817690272,-26.5843040168963,9.92885416421052));
#4476=CARTESIAN_POINT('',(-48.4461763476441,-26.5842987804076,10.2217556867112));
#4477=CARTESIAN_POINT('',(-48.0001215341184,-26.084289841497,9.7217384915804));
#4478=CARTESIAN_POINT('',(-48.0001184198034,-26.3771913640478,9.72173325503473));
#4479=CARTESIAN_POINT('',(-48.1232952696902,-26.5843040168963,9.92884818782862));
#4480=CARTESIAN_POINT('',(-48.2974936413427,-26.5842987804076,10.221752934708));
#4481=CARTESIAN_POINT('',(-47.6961717205812,-26.084289841497,10.0391610812776));
#4482=CARTESIAN_POINT('',(-47.6961664840927,-26.3771913640478,10.0391580609709));
#4483=CARTESIAN_POINT('',(-47.9032791369414,-26.5843040168963,10.1586166809201));
#4484=CARTESIAN_POINT('',(-48.1961806594922,-26.5842987804076,10.3275566813674));
#4485=CARTESIAN_POINT('',(-47.6961717205812,-26.0842898414969,10.4717467476766));
#4486=CARTESIAN_POINT('',(-47.6961664840927,-26.3771913640478,10.4717467476766));
#4487=CARTESIAN_POINT('',(-47.9032791369414,-26.5843040168963,10.4717467476766));
#4488=CARTESIAN_POINT('',(-48.1961806594922,-26.5842987804076,10.4717467476766));
#4489=CARTESIAN_POINT('',(-47.6961717205812,-26.084289841497,10.9043324140763));
#4490=CARTESIAN_POINT('',(-47.6961664840927,-26.3771913640478,10.9043354343823));
#4491=CARTESIAN_POINT('',(-47.9032791369414,-26.5843040168963,10.7848768144331));
#4492=CARTESIAN_POINT('',(-48.1961806594922,-26.5842987804076,10.6159368139858));
#4493=CARTESIAN_POINT('',(-48.0001215341184,-26.084289841497,11.221755003773));
#4494=CARTESIAN_POINT('',(-48.0001184198034,-26.3771913640478,11.2217602403192));
#4495=CARTESIAN_POINT('',(-48.1232952696902,-26.5843040168963,11.0146453075253));
#4496=CARTESIAN_POINT('',(-48.2974936413427,-26.5842987804076,10.7217405606459));
#4497=CARTESIAN_POINT('',(-48.4461856024271,-26.084289841497,11.2217467474684));
#4498=CARTESIAN_POINT('',(-48.446185602524,-26.3771913640478,11.2217519839566));
#4499=CARTESIAN_POINT('',(-48.4461817690272,-26.5843040168963,11.0146393311436));
#4500=CARTESIAN_POINT('',(-48.446176347644,-26.5842987804076,10.721737808643));
#4507=EDGE_LOOP('',(#7742,#7743,#7744,#7745));
#4509=CARTESIAN_POINT('',(-48.4461578385749,-26.084289841497,11.2217467474684));
#4510=CARTESIAN_POINT('',(-48.4461578384781,-26.3771913640478,11.2217519839566));
#4511=CARTESIAN_POINT('',(-48.4461616719748,-26.5843040168963,11.0146393311436));
#4512=CARTESIAN_POINT('',(-48.4461670933579,-26.5842987804076,10.721737808643));
#4513=CARTESIAN_POINT('',(-48.8922219068837,-26.084289841497,11.221755003773));
#4514=CARTESIAN_POINT('',(-48.8922250211993,-26.3771913640478,11.2217602403192));
#4515=CARTESIAN_POINT('',(-48.7690481713119,-26.5843040168963,11.0146453075253));
#4516=CARTESIAN_POINT('',(-48.5948497996593,-26.5842987804076,10.7217405606459));
#4517=CARTESIAN_POINT('',(-49.1961717204207,-26.084289841497,10.9043324140763));
#4518=CARTESIAN_POINT('',(-49.1961769569093,-26.3771913640478,10.9043354343823));
#4519=CARTESIAN_POINT('',(-48.9890643040606,-26.5843040168963,10.7848768144331));
#4520=CARTESIAN_POINT('',(-48.6961627815098,-26.5842987804076,10.6159368139858));
#4521=CARTESIAN_POINT('',(-49.1961717204208,-26.0842898414969,10.4717467476766));
#4522=CARTESIAN_POINT('',(-49.1961769569093,-26.3771913640478,10.4717467476766));
#4523=CARTESIAN_POINT('',(-48.9890643040606,-26.5843040168963,10.4717467476766));
#4524=CARTESIAN_POINT('',(-48.6961627815098,-26.5842987804076,10.4717467476766));
#4525=CARTESIAN_POINT('',(-49.1961717204207,-26.084289841497,10.0391610812777));
#4526=CARTESIAN_POINT('',(-49.1961769569093,-26.3771913640478,10.0391580609709));
#4527=CARTESIAN_POINT('',(-48.9890643040606,-26.5843040168963,10.1586166809201));
#4528=CARTESIAN_POINT('',(-48.6961627815098,-26.5842987804076,10.3275566813674));
#4529=CARTESIAN_POINT('',(-48.8922219068837,-26.084289841497,9.72173849158043));
#4530=CARTESIAN_POINT('',(-48.8922250211992,-26.3771913640478,9.72173325503476));
#4531=CARTESIAN_POINT('',(-48.7690481713119,-26.5843040168963,9.92884818782864));
#4532=CARTESIAN_POINT('',(-48.5948497996593,-26.5842987804076,10.221752934708));
#4533=CARTESIAN_POINT('',(-48.4461578385749,-26.084289841497,9.72174674788549));
#4534=CARTESIAN_POINT('',(-48.4461578384781,-26.3771913640478,9.72174151139692));
#4535=CARTESIAN_POINT('',(-48.4461616719748,-26.5843040168963,9.92885416421052));
#4536=CARTESIAN_POINT('',(-48.4461670933579,-26.5842987804076,10.2217556867112));
#4543=EDGE_LOOP('',(#7746,#7747));
#4544=AXIS2_PLACEMENT_3D('',#7748,#7749,#7750);
#4545=EDGE_LOOP('',(#7751,#7752,#7753,#7754));
#4546=AXIS2_PLACEMENT_3D('',#7755,#7756,#7757);
#4547=ORIENTED_EDGE('',*,*,#7758,.F.);
#4548=ORIENTED_EDGE('',*,*,#7759,.F.);
#4549=ORIENTED_EDGE('',*,*,#7760,.T.);
#4550=ORIENTED_EDGE('',*,*,#7761,.F.);
#4551=CARTESIAN_POINT('',(-53.096171720501,-20.7136632595098,5.64563562198159));
#4552=DIRECTION('',(0.0,-0.997214162381317,0.0745916506462302));
#4553=DIRECTION('',(0.0,-0.0745916506462302,-0.997214162381317));
#4554=ORIENTED_EDGE('',*,*,#7762,.F.);
#4555=ORIENTED_EDGE('',*,*,#7763,.F.);
#4556=ORIENTED_EDGE('',*,*,#7764,.F.);
#4557=ORIENTED_EDGE('',*,*,#7765,.F.);
#4558=CARTESIAN_POINT('',(-53.096171720501,-22.0151805478977,3.0400972782346));
#4559=DIRECTION('',(0.0,-0.826316972312719,0.563205345560516));
#4560=DIRECTION('',(0.0,-0.563205345560516,-0.826316972312719));
#4561=ORIENTED_EDGE('',*,*,#7766,.F.);
#4562=ORIENTED_EDGE('',*,*,#7767,.F.);
#4563=ORIENTED_EDGE('',*,*,#7768,.F.);
#4564=ORIENTED_EDGE('',*,*,#7769,.F.);
#4565=CARTESIAN_POINT('',(-53.096171720501,-22.8177015280003,6.0976047712146));
#4566=DIRECTION('',(0.0,-0.999390827019096,-0.0348994967025009));
#4567=DIRECTION('',(0.0,0.0348994967025009,-0.999390827019096));
#4568=ORIENTED_EDGE('',*,*,#7770,.F.);
#4569=ORIENTED_EDGE('',*,*,#7771,.F.);
#4570=ORIENTED_EDGE('',*,*,#7772,.T.);
#4571=ORIENTED_EDGE('',*,*,#7773,.F.);
#4572=CARTESIAN_POINT('',(-53.846171720501,-24.6840629413448,8.8927104924816));
#4573=DIRECTION('',(-1.0,0.0,-0.0));
#4574=DIRECTION('',(0.0,0.0,-1.0));
#4575=ORIENTED_EDGE('',*,*,#7774,.F.);
#4576=ORIENTED_EDGE('',*,*,#7775,.F.);
#4577=ORIENTED_EDGE('',*,*,#7776,.F.);
#4578=ORIENTED_EDGE('',*,*,#7777,.T.);
#4579=CARTESIAN_POINT('',(-55.096171720501,-22.9835211580728,-3.4807964766684));
#4580=DIRECTION('',(0.0,-0.754976769488004,-0.655751536432403));
#4581=DIRECTION('',(0.0,0.655751536432403,-0.754976769488004));
#4582=ORIENTED_EDGE('',*,*,#7778,.T.);
#4583=ORIENTED_EDGE('',*,*,#7777,.F.);
#4584=ORIENTED_EDGE('',*,*,#7779,.T.);
#4585=ORIENTED_EDGE('',*,*,#7780,.F.);
#4586=ORIENTED_EDGE('',*,*,#7781,.F.);
#4587=ORIENTED_EDGE('',*,*,#7782,.F.);
#4588=CARTESIAN_POINT('',(-55.096171720501,-22.6060327733288,-3.1529207084584));
#4589=DIRECTION('',(0.0,-0.655751536432403,0.754976769488004));
#4590=DIRECTION('',(-1.0,0.0,0.0));
#4591=ORIENTED_EDGE('',*,*,#7783,.T.);
#4592=ORIENTED_EDGE('',*,*,#7782,.T.);
#4593=ORIENTED_EDGE('',*,*,#7784,.F.);
#4594=ORIENTED_EDGE('',*,*,#7785,.T.);
#4595=CARTESIAN_POINT('',(-55.096171720501,-22.8027582342585,-2.9264276776084));
#4596=DIRECTION('',(-1.0,0.0,0.0));
#4597=DIRECTION('',(0.0,0.0,1.0));
#4598=ORIENTED_EDGE('',*,*,#7786,.T.);
#4599=ORIENTED_EDGE('',*,*,#7785,.F.);
#4600=ORIENTED_EDGE('',*,*,#7787,.F.);
#4601=ORIENTED_EDGE('',*,*,#7788,.F.);
#4602=ORIENTED_EDGE('',*,*,#7789,.T.);
#4603=ORIENTED_EDGE('',*,*,#7775,.T.);
#4604=CARTESIAN_POINT('',(-55.096171720501,-22.409307312399,-3.3794137392984));
#4605=DIRECTION('',(0.0,-0.655751536432403,0.754976769488004));
#4606=DIRECTION('',(-1.0,0.0,0.0));
#4607=ORIENTED_EDGE('',*,*,#7776,.T.);
#4608=ORIENTED_EDGE('',*,*,#7789,.F.);
#4609=ORIENTED_EDGE('',*,*,#7790,.F.);
#4610=ORIENTED_EDGE('',*,*,#7779,.F.);
#4611=CARTESIAN_POINT('',(-51.296171720501,-22.9055102102883,-3.2656181067884));
#4612=DIRECTION('',(0.0,-0.655751536432406,0.754976769488002));
#4613=DIRECTION('',(0.0,-0.754976769488002,-0.655751536432406));
#4614=ORIENTED_EDGE('',*,*,#7790,.T.);
#4615=ORIENTED_EDGE('',*,*,#7788,.T.);
#4616=ORIENTED_EDGE('',*,*,#7791,.F.);
#4617=ORIENTED_EDGE('',*,*,#7780,.T.);
#4618=CARTESIAN_POINT('',(-51.096171720501,-22.5029409861527,-2.9159578285984));
#4619=DIRECTION('',(1.0,0.0,0.0));
#4620=DIRECTION('',(0.0,1.0,0.0));
#4621=ORIENTED_EDGE('',*,*,#7792,.T.);
#4622=ORIENTED_EDGE('',*,*,#7793,.T.);
#4623=ORIENTED_EDGE('',*,*,#7794,.T.);
#4624=ORIENTED_EDGE('',*,*,#7791,.T.);
#4625=CARTESIAN_POINT('',(-51.096171720501,-22.8027582342585,-2.9264276776084));
#4626=DIRECTION('',(-1.0,0.0,0.0));
#4627=DIRECTION('',(0.0,0.0,1.0));
#4628=ORIENTED_EDGE('',*,*,#7795,.T.);
#4629=ORIENTED_EDGE('',*,*,#7796,.F.);
#4630=ORIENTED_EDGE('',*,*,#7781,.T.);
#4631=ORIENTED_EDGE('',*,*,#7794,.F.);
#4632=CARTESIAN_POINT('',(-57.125461080521,-22.8027582342585,-2.9264276776084));
#4633=DIRECTION('',(-1.0,0.0,-0.0));
#4634=DIRECTION('',(0.0,0.0,-1.0));
#4635=ORIENTED_EDGE('',*,*,#7797,.T.);
#4636=ORIENTED_EDGE('',*,*,#7784,.T.);
#4637=ORIENTED_EDGE('',*,*,#7796,.T.);
#4638=ORIENTED_EDGE('',*,*,#7798,.T.);
#4639=CARTESIAN_POINT('',(-55.096171720501,-22.8027582342585,-2.9264276776084));
#4640=DIRECTION('',(1.0,0.0,0.0));
#4641=DIRECTION('',(0.0,1.0,0.0));
#4642=ORIENTED_EDGE('',*,*,#7798,.F.);
#4643=ORIENTED_EDGE('',*,*,#7799,.T.);
#4644=ORIENTED_EDGE('',*,*,#7800,.F.);
#4645=ORIENTED_EDGE('',*,*,#7801,.T.);
#4646=CARTESIAN_POINT('',(-55.096171720501,-22.6060327733288,-3.1529207084584));
#4647=DIRECTION('',(-1.0,0.0,0.0));
#4648=DIRECTION('',(0.0,0.0,1.0));
#4649=ORIENTED_EDGE('',*,*,#7802,.F.);
#4650=ORIENTED_EDGE('',*,*,#7801,.F.);
#4651=ORIENTED_EDGE('',*,*,#7803,.F.);
#4652=ORIENTED_EDGE('',*,*,#7804,.F.);
#4653=ORIENTED_EDGE('',*,*,#7805,.F.);
#4654=ORIENTED_EDGE('',*,*,#7806,.F.);
#4655=ORIENTED_EDGE('',*,*,#7807,.F.);
#4656=ORIENTED_EDGE('',*,*,#7808,.F.);
#4657=ORIENTED_EDGE('',*,*,#7809,.F.);
#4658=ORIENTED_EDGE('',*,*,#7810,.T.);
#4659=ORIENTED_EDGE('',*,*,#7769,.T.);
#4660=ORIENTED_EDGE('',*,*,#7811,.F.);
#4661=ORIENTED_EDGE('',*,*,#7812,.T.);
#4662=ORIENTED_EDGE('',*,*,#7813,.T.);
#4663=ORIENTED_EDGE('',*,*,#7814,.F.);
#4664=ORIENTED_EDGE('',*,*,#7815,.F.);
#4665=ORIENTED_EDGE('',*,*,#7816,.T.);
#4666=ORIENTED_EDGE('',*,*,#7817,.T.);
#4667=CARTESIAN_POINT('',(-55.096171720501,-22.5844284451333,8.0136501905031));
#4668=DIRECTION('',(0.0,-0.999390827019096,-0.0348994967024998));
#4669=DIRECTION('',(0.0,0.0348994967024998,-0.999390827019096));
#4670=ORIENTED_EDGE('',*,*,#7818,.F.);
#4671=ORIENTED_EDGE('',*,*,#7819,.T.);
#4672=ORIENTED_EDGE('',*,*,#7793,.F.);
#4673=ORIENTED_EDGE('',*,*,#7804,.T.);
#4674=CARTESIAN_POINT('',(-51.096171720501,-23.1840629413448,8.2927104924816));
#4675=DIRECTION('',(1.0,0.0,0.0));
#4676=DIRECTION('',(0.0,1.0,0.0));
#4677=ORIENTED_EDGE('',*,*,#7820,.F.);
#4678=ORIENTED_EDGE('',*,*,#7799,.F.);
#4679=ORIENTED_EDGE('',*,*,#7795,.F.);
#4680=ORIENTED_EDGE('',*,*,#7819,.F.);
#4681=ORIENTED_EDGE('',*,*,#7821,.T.);
#4682=ORIENTED_EDGE('',*,*,#7822,.T.);
#4683=ORIENTED_EDGE('',*,*,#7823,.F.);
#4684=ORIENTED_EDGE('',*,*,#7824,.F.);
#4685=ORIENTED_EDGE('',*,*,#7825,.F.);
#4686=ORIENTED_EDGE('',*,*,#7826,.F.);
#4687=ORIENTED_EDGE('',*,*,#7827,.F.);
#4688=ORIENTED_EDGE('',*,*,#7767,.T.);
#4689=ORIENTED_EDGE('',*,*,#7828,.T.);
#4690=ORIENTED_EDGE('',*,*,#7829,.F.);
#4691=ORIENTED_EDGE('',*,*,#7830,.T.);
#4692=ORIENTED_EDGE('',*,*,#7831,.T.);
#4693=ORIENTED_EDGE('',*,*,#7832,.F.);
#4694=ORIENTED_EDGE('',*,*,#7833,.F.);
#4695=CARTESIAN_POINT('',(-55.096171720501,-22.8842456932391,8.0031803414924));
#4696=DIRECTION('',(0.0,-0.999390827019096,-0.0348994967024998));
#4697=DIRECTION('',(0.0,0.0348994967024998,-0.999390827019096));
#4698=ORIENTED_EDGE('',*,*,#7834,.T.);
#4699=ORIENTED_EDGE('',*,*,#7835,.F.);
#4700=ORIENTED_EDGE('',*,*,#7820,.T.);
#4701=ORIENTED_EDGE('',*,*,#7836,.F.);
#4702=CARTESIAN_POINT('',(-49.033787867849,-23.1840629413448,7.9927104924816));
#4703=DIRECTION('',(1.0,-0.0,0.0));
#4704=DIRECTION('',(0.0,0.0,1.0));
#4705=ORIENTED_EDGE('',*,*,#7837,.T.);
#4706=ORIENTED_EDGE('',*,*,#7838,.T.);
#4707=ORIENTED_EDGE('',*,*,#7836,.T.);
#4708=ORIENTED_EDGE('',*,*,#7818,.T.);
#4709=CARTESIAN_POINT('',(-51.096171720501,-23.1840629413448,7.9927104924816));
#4710=DIRECTION('',(-1.0,0.0,0.0));
#4711=DIRECTION('',(0.0,0.0,1.0));
#4712=ORIENTED_EDGE('',*,*,#7839,.F.);
#4713=ORIENTED_EDGE('',*,*,#7840,.F.);
#4714=ORIENTED_EDGE('',*,*,#7838,.F.);
#4715=ORIENTED_EDGE('',*,*,#7841,.T.);
#4716=CARTESIAN_POINT('',(-51.096171720501,-22.8027582342585,-2.9264276776084));
#4717=DIRECTION('',(-1.0,0.0,0.0));
#4718=DIRECTION('',(0.0,0.0,1.0));
#4719=ORIENTED_EDGE('',*,*,#7842,.T.);
#4720=ORIENTED_EDGE('',*,*,#7841,.F.);
#4721=ORIENTED_EDGE('',*,*,#7843,.F.);
#4722=ORIENTED_EDGE('',*,*,#7844,.T.);
#4723=ORIENTED_EDGE('',*,*,#7845,.T.);
#4724=ORIENTED_EDGE('',*,*,#7846,.T.);
#4725=ORIENTED_EDGE('',*,*,#7847,.F.);
#4726=ORIENTED_EDGE('',*,*,#7848,.T.);
#4727=ORIENTED_EDGE('',*,*,#7849,.F.);
#4728=ORIENTED_EDGE('',*,*,#7850,.F.);
#4729=ORIENTED_EDGE('',*,*,#7851,.T.);
#4730=ORIENTED_EDGE('',*,*,#7852,.F.);
#4731=ORIENTED_EDGE('',*,*,#7853,.T.);
#4732=ORIENTED_EDGE('',*,*,#7854,.T.);
#4733=ORIENTED_EDGE('',*,*,#7855,.T.);
#4734=ORIENTED_EDGE('',*,*,#7856,.F.);
#4735=ORIENTED_EDGE('',*,*,#7857,.T.);
#4736=ORIENTED_EDGE('',*,*,#7858,.F.);
#4737=ORIENTED_EDGE('',*,*,#7859,.T.);
#4738=ORIENTED_EDGE('',*,*,#7860,.F.);
#4739=ORIENTED_EDGE('',*,*,#7861,.T.);
#4740=ORIENTED_EDGE('',*,*,#7862,.T.);
#4741=ORIENTED_EDGE('',*,*,#7863,.T.);
#4742=ORIENTED_EDGE('',*,*,#7864,.F.);
#4743=ORIENTED_EDGE('',*,*,#7865,.T.);
#4744=ORIENTED_EDGE('',*,*,#7866,.F.);
#4745=ORIENTED_EDGE('',*,*,#7867,.F.);
#4746=ORIENTED_EDGE('',*,*,#7868,.T.);
#4747=ORIENTED_EDGE('',*,*,#7869,.F.);
#4748=ORIENTED_EDGE('',*,*,#7870,.T.);
#4749=ORIENTED_EDGE('',*,*,#7871,.F.);
#4750=ORIENTED_EDGE('',*,*,#7872,.F.);
#4751=ORIENTED_EDGE('',*,*,#7873,.F.);
#4752=ORIENTED_EDGE('',*,*,#7874,.F.);
#4753=ORIENTED_EDGE('',*,*,#7875,.F.);
#4754=ORIENTED_EDGE('',*,*,#7876,.F.);
#4755=ORIENTED_EDGE('',*,*,#7877,.F.);
#4756=ORIENTED_EDGE('',*,*,#7878,.F.);
#4757=CARTESIAN_POINT('',(-55.096171720501,-23.1840629413448,8.59271049248159));
#4758=DIRECTION('',(0.0,0.0,-1.0));
#4759=DIRECTION('',(0.0,-1.0,0.0));
#4760=ORIENTED_EDGE('',*,*,#7879,.F.);
#4761=ORIENTED_EDGE('',*,*,#7870,.F.);
#4762=ORIENTED_EDGE('',*,*,#7880,.F.);
#4763=ORIENTED_EDGE('',*,*,#7881,.F.);
#4764=CARTESIAN_POINT('',(-51.596171720501,-23.6840629413448,8.1927104924816));
#4765=DIRECTION('',(-0.0,1.0,0.0));
#4766=DIRECTION('',(1.0,0.0,0.0));
#4767=ORIENTED_EDGE('',*,*,#7882,.T.);
#4768=ORIENTED_EDGE('',*,*,#7881,.T.);
#4769=ORIENTED_EDGE('',*,*,#7883,.F.);
#4770=ORIENTED_EDGE('',*,*,#7884,.T.);
#4771=ORIENTED_EDGE('',*,*,#7885,.T.);
#4772=ORIENTED_EDGE('',*,*,#7886,.T.);
#4773=ORIENTED_EDGE('',*,*,#7887,.T.);
#4774=ORIENTED_EDGE('',*,*,#7888,.F.);
#4775=ORIENTED_EDGE('',*,*,#7889,.T.);
#4776=ORIENTED_EDGE('',*,*,#7890,.T.);
#4777=ORIENTED_EDGE('',*,*,#7891,.T.);
#4778=ORIENTED_EDGE('',*,*,#7892,.F.);
#4779=ORIENTED_EDGE('',*,*,#7893,.T.);
#4780=ORIENTED_EDGE('',*,*,#7894,.T.);
#4781=ORIENTED_EDGE('',*,*,#7895,.T.);
#4782=ORIENTED_EDGE('',*,*,#7896,.F.);
#4783=ORIENTED_EDGE('',*,*,#7897,.T.);
#4784=ORIENTED_EDGE('',*,*,#7898,.T.);
#4785=ORIENTED_EDGE('',*,*,#7899,.T.);
#4786=ORIENTED_EDGE('',*,*,#7900,.F.);
#4787=ORIENTED_EDGE('',*,*,#7901,.T.);
#4788=ORIENTED_EDGE('',*,*,#7902,.T.);
#4789=ORIENTED_EDGE('',*,*,#7903,.T.);
#4790=ORIENTED_EDGE('',*,*,#7904,.T.);
#4791=ORIENTED_EDGE('',*,*,#7905,.F.);
#4792=ORIENTED_EDGE('',*,*,#7906,.T.);
#4793=ORIENTED_EDGE('',*,*,#7907,.T.);
#4794=ORIENTED_EDGE('',*,*,#7908,.F.);
#4795=ORIENTED_EDGE('',*,*,#7834,.F.);
#4796=ORIENTED_EDGE('',*,*,#7840,.T.);
#4797=ORIENTED_EDGE('',*,*,#7909,.F.);
#4798=ORIENTED_EDGE('',*,*,#7910,.T.);
#4799=ORIENTED_EDGE('',*,*,#7911,.F.);
#4800=ORIENTED_EDGE('',*,*,#7912,.F.);
#4801=ORIENTED_EDGE('',*,*,#7913,.F.);
#4802=ORIENTED_EDGE('',*,*,#7914,.F.);
#4803=CARTESIAN_POINT('',(-55.096171720501,-23.1840629413448,8.2927104924816));
#4804=DIRECTION('',(0.0,0.0,-1.0));
#4805=DIRECTION('',(0.0,-1.0,0.0));
#4806=ORIENTED_EDGE('',*,*,#7915,.F.);
#4807=ORIENTED_EDGE('',*,*,#7844,.F.);
#4808=ORIENTED_EDGE('',*,*,#7916,.F.);
#4809=ORIENTED_EDGE('',*,*,#7908,.T.);
#4810=CARTESIAN_POINT('',(-55.096171720501,-22.8842456932391,8.0031803414924));
#4811=DIRECTION('',(-1.0,0.0,0.0));
#4812=DIRECTION('',(0.0,0.0,1.0));
#4813=ORIENTED_EDGE('',*,*,#7917,.T.);
#4814=ORIENTED_EDGE('',*,*,#7800,.T.);
#4815=ORIENTED_EDGE('',*,*,#7835,.T.);
#4816=ORIENTED_EDGE('',*,*,#7916,.T.);
#4817=CARTESIAN_POINT('',(-55.096171720501,-23.1840629413448,7.9927104924816));
#4818=DIRECTION('',(1.0,0.0,0.0));
#4819=DIRECTION('',(0.0,1.0,0.0));
#4820=ORIENTED_EDGE('',*,*,#7803,.T.);
#4821=ORIENTED_EDGE('',*,*,#7917,.F.);
#4822=ORIENTED_EDGE('',*,*,#7843,.T.);
#4823=ORIENTED_EDGE('',*,*,#7837,.F.);
#4824=CARTESIAN_POINT('',(-49.033787867849,-23.1840629413448,7.9927104924816));
#4825=DIRECTION('',(1.0,-0.0,0.0));
#4826=DIRECTION('',(0.0,0.0,1.0));
#4827=ORIENTED_EDGE('',*,*,#7915,.T.);
#4828=ORIENTED_EDGE('',*,*,#7907,.F.);
#4829=ORIENTED_EDGE('',*,*,#7918,.T.);
#4830=ORIENTED_EDGE('',*,*,#7845,.F.);
#4831=CARTESIAN_POINT('',(-54.896171720501,-23.6840629413448,8.1927104924816));
#4832=DIRECTION('',(-0.707106781186598,-0.707106781186498,-0.0));
#4833=DIRECTION('',(-0.707106781186498,0.707106781186598,0.0));
#4834=ORIENTED_EDGE('',*,*,#7918,.F.);
#4835=ORIENTED_EDGE('',*,*,#7906,.F.);
#4836=ORIENTED_EDGE('',*,*,#7919,.F.);
#4837=ORIENTED_EDGE('',*,*,#7846,.F.);
#4838=CARTESIAN_POINT('',(-54.596171720501,-23.6840629413448,8.1927104924816));
#4839=DIRECTION('',(-0.0,1.0,0.0));
#4840=DIRECTION('',(1.0,0.0,0.0));
#4841=ORIENTED_EDGE('',*,*,#7920,.T.);
#4842=ORIENTED_EDGE('',*,*,#7847,.T.);
#4843=ORIENTED_EDGE('',*,*,#7919,.T.);
#4844=ORIENTED_EDGE('',*,*,#7905,.T.);
#4845=CARTESIAN_POINT('',(-54.596171720501,-26.1840629413448,8.1927104924816));
#4846=DIRECTION('',(1.0,0.0,0.0));
#4847=DIRECTION('',(0.0,1.0,0.0));
#4848=ORIENTED_EDGE('',*,*,#7921,.T.);
#4849=ORIENTED_EDGE('',*,*,#7848,.F.);
#4850=ORIENTED_EDGE('',*,*,#7920,.F.);
#4851=ORIENTED_EDGE('',*,*,#7904,.F.);
#4852=CARTESIAN_POINT('',(-54.596171720501,-24.1801355304448,8.1927104924816));
#4853=DIRECTION('',(0.0,0.0,-1.0));
#4854=DIRECTION('',(0.0,1.0,0.0));
#4855=ORIENTED_EDGE('',*,*,#7921,.F.);
#4856=ORIENTED_EDGE('',*,*,#7903,.F.);
#4857=ORIENTED_EDGE('',*,*,#7922,.F.);
#4858=ORIENTED_EDGE('',*,*,#7849,.T.);
#4859=CARTESIAN_POINT('',(-54.596171720501,-24.3840629413448,8.2927104924816));
#4860=DIRECTION('',(-0.0,1.0,0.0));
#4861=DIRECTION('',(1.0,0.0,0.0));
#4862=ORIENTED_EDGE('',*,*,#7922,.T.);
#4863=ORIENTED_EDGE('',*,*,#7902,.F.);
#4864=ORIENTED_EDGE('',*,*,#7923,.F.);
#4865=ORIENTED_EDGE('',*,*,#7850,.T.);
#4866=CARTESIAN_POINT('',(-54.666171720501,-24.3840629413448,8.2927104924816));
#4867=DIRECTION('',(-1.0,0.0,0.0));
#4868=DIRECTION('',(0.0,0.0,1.0));
#4869=ORIENTED_EDGE('',*,*,#7923,.T.);
#4870=ORIENTED_EDGE('',*,*,#7901,.F.);
#4871=ORIENTED_EDGE('',*,*,#7924,.F.);
#4872=ORIENTED_EDGE('',*,*,#7851,.F.);
#4873=CARTESIAN_POINT('',(-54.666171720501,-24.4840629413448,8.2927104924816));
#4874=DIRECTION('',(-0.990341746674331,-0.138647844534404,-0.0));
#4875=DIRECTION('',(-0.138647844534404,0.990341746674331,0.0));
#4876=ORIENTED_EDGE('',*,*,#7924,.T.);
#4877=ORIENTED_EDGE('',*,*,#7900,.T.);
#4878=ORIENTED_EDGE('',*,*,#7925,.T.);
#4879=ORIENTED_EDGE('',*,*,#7852,.T.);
#4880=CARTESIAN_POINT('',(-54.596171720501,-26.1840629413448,8.1927104924816));
#4881=DIRECTION('',(1.0,0.0,0.0));
#4882=DIRECTION('',(0.0,1.0,0.0));
#4883=ORIENTED_EDGE('',*,*,#7926,.T.);
#4884=ORIENTED_EDGE('',*,*,#7853,.F.);
#4885=ORIENTED_EDGE('',*,*,#7925,.F.);
#4886=ORIENTED_EDGE('',*,*,#7899,.F.);
#4887=CARTESIAN_POINT('',(-54.596171720501,-25.9840629413448,8.1927104924816));
#4888=DIRECTION('',(0.707106781186498,0.707106781186598,0.0));
#4889=DIRECTION('',(0.0,0.0,-1.0));
#4890=ORIENTED_EDGE('',*,*,#7927,.F.);
#4891=ORIENTED_EDGE('',*,*,#7854,.F.);
#4892=ORIENTED_EDGE('',*,*,#7926,.F.);
#4893=ORIENTED_EDGE('',*,*,#7898,.F.);
#4894=CARTESIAN_POINT('',(-53.421171720501,-26.1840629413448,8.1927104924816));
#4895=DIRECTION('',(-0.0,1.0,0.0));
#4896=DIRECTION('',(1.0,0.0,0.0));
#4897=ORIENTED_EDGE('',*,*,#7928,.F.);
#4898=ORIENTED_EDGE('',*,*,#7855,.F.);
#4899=ORIENTED_EDGE('',*,*,#7927,.T.);
#4900=ORIENTED_EDGE('',*,*,#7897,.F.);
#4901=CARTESIAN_POINT('',(-53.621171720501,-26.3840629413448,8.1927104924816));
#4902=DIRECTION('',(-0.0,0.0,1.0));
#4903=DIRECTION('',(0.0,-1.0,0.0));
#4904=ORIENTED_EDGE('',*,*,#7928,.T.);
#4905=ORIENTED_EDGE('',*,*,#7896,.T.);
#4906=ORIENTED_EDGE('',*,*,#7929,.F.);
#4907=ORIENTED_EDGE('',*,*,#7856,.T.);
#4908=CARTESIAN_POINT('',(-53.421171720501,-28.9840629413448,8.1927104924816));
#4909=DIRECTION('',(1.0,0.0,0.0));
#4910=DIRECTION('',(0.0,1.0,0.0));
#4911=ORIENTED_EDGE('',*,*,#7930,.T.);
#4912=ORIENTED_EDGE('',*,*,#7857,.F.);
#4913=ORIENTED_EDGE('',*,*,#7929,.T.);
#4914=ORIENTED_EDGE('',*,*,#7895,.F.);
#4915=CARTESIAN_POINT('',(-53.196171720501,-29.4840629413448,8.1927104924816));
#4916=DIRECTION('',(0.911921505175105,0.410364677328802,0.0));
#4917=DIRECTION('',(0.0,0.0,-1.0));
#4918=ORIENTED_EDGE('',*,*,#7894,.F.);
#4919=ORIENTED_EDGE('',*,*,#7931,.F.);
#4920=ORIENTED_EDGE('',*,*,#7858,.T.);
#4921=ORIENTED_EDGE('',*,*,#7930,.F.);
#4922=CARTESIAN_POINT('',(-55.096171720501,-29.4840629413448,8.59271049248159));
#4923=DIRECTION('',(0.0,-1.0,0.0));
#4924=DIRECTION('',(0.0,0.0,-1.0));
#4925=ORIENTED_EDGE('',*,*,#7932,.F.);
#4926=ORIENTED_EDGE('',*,*,#7859,.F.);
#4927=ORIENTED_EDGE('',*,*,#7931,.T.);
#4928=ORIENTED_EDGE('',*,*,#7893,.F.);
#4929=CARTESIAN_POINT('',(-52.996171720501,-29.4840629413448,8.1927104924816));
#4930=DIRECTION('',(-0.911921505175105,0.410364677328802,0.0));
#4931=DIRECTION('',(0.0,0.0,1.0));
#4932=ORIENTED_EDGE('',*,*,#7933,.T.);
#4933=ORIENTED_EDGE('',*,*,#7860,.T.);
#4934=ORIENTED_EDGE('',*,*,#7932,.T.);
#4935=ORIENTED_EDGE('',*,*,#7892,.T.);
#4936=CARTESIAN_POINT('',(-52.771171720501,-28.9840629413448,8.1927104924816));
#4937=DIRECTION('',(-1.0,0.0,0.0));
#4938=DIRECTION('',(0.0,0.0,1.0));
#4939=ORIENTED_EDGE('',*,*,#7934,.T.);
#4940=ORIENTED_EDGE('',*,*,#7861,.F.);
#4941=ORIENTED_EDGE('',*,*,#7933,.F.);
#4942=ORIENTED_EDGE('',*,*,#7891,.F.);
#4943=CARTESIAN_POINT('',(-52.571171720501,-26.3840629413448,8.1927104924816));
#4944=DIRECTION('',(-0.0,0.0,1.0));
#4945=DIRECTION('',(0.0,-1.0,0.0));
#4946=ORIENTED_EDGE('',*,*,#7934,.F.);
#4947=ORIENTED_EDGE('',*,*,#7890,.F.);
#4948=ORIENTED_EDGE('',*,*,#7935,.F.);
#4949=ORIENTED_EDGE('',*,*,#7862,.F.);
#4950=CARTESIAN_POINT('',(-52.771171720501,-26.1840629413448,8.1927104924816));
#4951=DIRECTION('',(-0.0,1.0,0.0));
#4952=DIRECTION('',(1.0,0.0,0.0));
#4953=ORIENTED_EDGE('',*,*,#7936,.F.);
#4954=ORIENTED_EDGE('',*,*,#7863,.F.);
#4955=ORIENTED_EDGE('',*,*,#7935,.T.);
#4956=ORIENTED_EDGE('',*,*,#7889,.F.);
#4957=CARTESIAN_POINT('',(-51.796171720501,-26.1840629413448,8.1927104924816));
#4958=DIRECTION('',(-0.707106781186548,0.707106781186548,0.0));
#4959=DIRECTION('',(0.0,0.0,1.0));
#4960=ORIENTED_EDGE('',*,*,#7937,.T.);
#4961=ORIENTED_EDGE('',*,*,#7864,.T.);
#4962=ORIENTED_EDGE('',*,*,#7936,.T.);
#4963=ORIENTED_EDGE('',*,*,#7888,.T.);
#4964=CARTESIAN_POINT('',(-51.596171720501,-26.1840629413448,8.1927104924816));
#4965=DIRECTION('',(-1.0,0.0,0.0));
#4966=DIRECTION('',(0.0,0.0,1.0));
#4967=ORIENTED_EDGE('',*,*,#7937,.F.);
#4968=ORIENTED_EDGE('',*,*,#7887,.F.);
#4969=ORIENTED_EDGE('',*,*,#7938,.F.);
#4970=ORIENTED_EDGE('',*,*,#7865,.F.);
#4971=CARTESIAN_POINT('',(-51.526171720501,-24.4840629413448,8.2927104924816));
#4972=DIRECTION('',(0.990341746674331,-0.138647844534404,0.0));
#4973=DIRECTION('',(0.0,0.0,-1.0));
#4974=ORIENTED_EDGE('',*,*,#7938,.T.);
#4975=ORIENTED_EDGE('',*,*,#7886,.F.);
#4976=ORIENTED_EDGE('',*,*,#7939,.F.);
#4977=ORIENTED_EDGE('',*,*,#7866,.T.);
#4978=CARTESIAN_POINT('',(-51.526171720501,-24.3840629413448,8.2927104924816));
#4979=DIRECTION('',(1.0,0.0,0.0));
#4980=DIRECTION('',(0.0,1.0,0.0));
#4981=ORIENTED_EDGE('',*,*,#7939,.T.);
#4982=ORIENTED_EDGE('',*,*,#7885,.F.);
#4983=ORIENTED_EDGE('',*,*,#7940,.F.);
#4984=ORIENTED_EDGE('',*,*,#7867,.T.);
#4985=CARTESIAN_POINT('',(-51.596171720501,-24.3840629413448,8.2927104924816));
#4986=DIRECTION('',(-0.0,1.0,0.0));
#4987=DIRECTION('',(1.0,0.0,0.0));
#4988=ORIENTED_EDGE('',*,*,#7941,.F.);
#4989=ORIENTED_EDGE('',*,*,#7868,.F.);
#4990=ORIENTED_EDGE('',*,*,#7940,.T.);
#4991=ORIENTED_EDGE('',*,*,#7884,.F.);
#4992=CARTESIAN_POINT('',(-51.596171720501,-24.1801355304448,8.1927104924816));
#4993=DIRECTION('',(0.0,0.0,-1.0));
#4994=DIRECTION('',(0.0,1.0,0.0));
#4995=ORIENTED_EDGE('',*,*,#7941,.T.);
#4996=ORIENTED_EDGE('',*,*,#7883,.T.);
#4997=ORIENTED_EDGE('',*,*,#7880,.T.);
#4998=ORIENTED_EDGE('',*,*,#7869,.T.);
#4999=CARTESIAN_POINT('',(-51.596171720501,-26.1840629413448,8.1927104924816));
#5000=DIRECTION('',(-1.0,0.0,0.0));
#5001=DIRECTION('',(0.0,0.0,1.0));
#5002=ORIENTED_EDGE('',*,*,#7839,.T.);
#5003=ORIENTED_EDGE('',*,*,#7842,.F.);
#5004=ORIENTED_EDGE('',*,*,#7879,.T.);
#5005=ORIENTED_EDGE('',*,*,#7882,.F.);
#5006=CARTESIAN_POINT('',(-51.296171720501,-23.6840629413448,8.1927104924816));
#5007=DIRECTION('',(-0.707106781186598,0.707106781186498,0.0));
#5008=DIRECTION('',(0.0,0.0,1.0));
#5009=ORIENTED_EDGE('',*,*,#7942,.T.);
#5010=ORIENTED_EDGE('',*,*,#7943,.T.);
#5011=ORIENTED_EDGE('',*,*,#7914,.T.);
#5012=CARTESIAN_POINT('',(-53.646171720501,-23.1840629413448,8.4927104924816));
#5013=DIRECTION('',(0.0,-1.0,-0.0));
#5014=DIRECTION('',(0.0,0.0,-1.0));
#5015=ORIENTED_EDGE('',*,*,#7943,.F.);
#5016=ORIENTED_EDGE('',*,*,#7944,.T.);
#5017=ORIENTED_EDGE('',*,*,#7945,.T.);
#5018=ORIENTED_EDGE('',*,*,#7909,.T.);
#5019=ORIENTED_EDGE('',*,*,#7946,.T.);
#5020=ORIENTED_EDGE('',*,*,#7947,.T.);
#5021=ORIENTED_EDGE('',*,*,#7948,.F.);
#5022=ORIENTED_EDGE('',*,*,#7910,.F.);
#5023=ORIENTED_EDGE('',*,*,#7945,.F.);
#5024=ORIENTED_EDGE('',*,*,#7949,.T.);
#5025=ORIENTED_EDGE('',*,*,#7950,.T.);
#5026=ORIENTED_EDGE('',*,*,#7951,.F.);
#5027=CARTESIAN_POINT('',(-52.746171720501,-24.9592563332828,8.53745883070681));
#5028=DIRECTION('',(0.0,-0.435381037547711,0.900246273051924));
#5029=DIRECTION('',(-1.0,0.0,0.0));
#5030=ORIENTED_EDGE('',*,*,#7952,.F.);
#5031=ORIENTED_EDGE('',*,*,#7951,.T.);
#5032=ORIENTED_EDGE('',*,*,#7953,.F.);
#5033=ORIENTED_EDGE('',*,*,#7954,.T.);
#5034=CARTESIAN_POINT('',(-52.746171720501,-24.9157182295278,8.44743420340161));
#5035=DIRECTION('',(1.0,-0.0,0.0));
#5036=DIRECTION('',(0.0,0.0,1.0));
#5037=ORIENTED_EDGE('',*,*,#7954,.F.);
#5038=ORIENTED_EDGE('',*,*,#7955,.F.);
#5039=ORIENTED_EDGE('',*,*,#7956,.T.);
#5040=ORIENTED_EDGE('',*,*,#7957,.F.);
#5041=CARTESIAN_POINT('',(-52.746171720501,-24.9157182295278,8.44743420340161));
#5042=DIRECTION('',(1.0,-0.0,0.0));
#5043=DIRECTION('',(0.0,0.0,1.0));
#5044=ORIENTED_EDGE('',*,*,#7952,.T.);
#5045=ORIENTED_EDGE('',*,*,#7957,.T.);
#5046=ORIENTED_EDGE('',*,*,#7958,.F.);
#5047=ORIENTED_EDGE('',*,*,#7959,.T.);
#5048=ORIENTED_EDGE('',*,*,#7946,.F.);
#5049=ORIENTED_EDGE('',*,*,#7947,.F.);
#5050=ORIENTED_EDGE('',*,*,#7959,.F.);
#5051=ORIENTED_EDGE('',*,*,#7960,.F.);
#5052=ORIENTED_EDGE('',*,*,#7961,.T.);
#5053=ORIENTED_EDGE('',*,*,#7961,.F.);
#5054=ORIENTED_EDGE('',*,*,#7962,.T.);
#5055=ORIENTED_EDGE('',*,*,#7963,.F.);
#5056=ORIENTED_EDGE('',*,*,#7948,.T.);
#5057=ORIENTED_EDGE('',*,*,#7963,.T.);
#5058=ORIENTED_EDGE('',*,*,#7964,.T.);
#5059=ORIENTED_EDGE('',*,*,#7911,.T.);
#5060=ORIENTED_EDGE('',*,*,#7965,.T.);
#5061=ORIENTED_EDGE('',*,*,#7912,.T.);
#5062=ORIENTED_EDGE('',*,*,#7964,.F.);
#5063=CARTESIAN_POINT('',(-52.546171720501,-24.9157182295278,8.4927104924816));
#5064=DIRECTION('',(0.0,1.0,-0.0));
#5065=DIRECTION('',(0.0,0.0,1.0));
#5066=ORIENTED_EDGE('',*,*,#7965,.F.);
#5067=ORIENTED_EDGE('',*,*,#7962,.F.);
#5068=ORIENTED_EDGE('',*,*,#7960,.T.);
#5069=ORIENTED_EDGE('',*,*,#7966,.F.);
#5070=ORIENTED_EDGE('',*,*,#7967,.F.);
#5071=ORIENTED_EDGE('',*,*,#7967,.T.);
#5072=ORIENTED_EDGE('',*,*,#7968,.T.);
#5073=ORIENTED_EDGE('',*,*,#7969,.T.);
#5074=ORIENTED_EDGE('',*,*,#7913,.T.);
#5075=CARTESIAN_POINT('',(-55.096171720501,-24.6191410472808,8.4927104924816));
#5076=DIRECTION('',(-1.0,0.0,-0.0));
#5077=DIRECTION('',(0.0,0.0,-1.0));
#5078=ORIENTED_EDGE('',*,*,#7969,.F.);
#5079=ORIENTED_EDGE('',*,*,#7970,.F.);
#5080=ORIENTED_EDGE('',*,*,#7971,.T.);
#5081=ORIENTED_EDGE('',*,*,#7972,.F.);
#5082=ORIENTED_EDGE('',*,*,#7942,.F.);
#5083=ORIENTED_EDGE('',*,*,#7944,.F.);
#5084=ORIENTED_EDGE('',*,*,#7972,.T.);
#5085=ORIENTED_EDGE('',*,*,#7973,.T.);
#5086=ORIENTED_EDGE('',*,*,#7973,.F.);
#5087=ORIENTED_EDGE('',*,*,#7971,.F.);
#5088=ORIENTED_EDGE('',*,*,#7974,.F.);
#5089=ORIENTED_EDGE('',*,*,#7949,.F.);
#5090=ORIENTED_EDGE('',*,*,#7950,.F.);
#5091=ORIENTED_EDGE('',*,*,#7974,.T.);
#5092=ORIENTED_EDGE('',*,*,#7975,.F.);
#5093=ORIENTED_EDGE('',*,*,#7955,.T.);
#5094=ORIENTED_EDGE('',*,*,#7953,.T.);
#5095=ORIENTED_EDGE('',*,*,#7975,.T.);
#5096=ORIENTED_EDGE('',*,*,#7970,.T.);
#5097=ORIENTED_EDGE('',*,*,#7976,.F.);
#5098=ORIENTED_EDGE('',*,*,#7977,.T.);
#5099=ORIENTED_EDGE('',*,*,#7956,.F.);
#5100=ORIENTED_EDGE('',*,*,#7976,.T.);
#5101=ORIENTED_EDGE('',*,*,#7968,.F.);
#5102=CARTESIAN_POINT('',(-52.746171720501,-24.7892972591518,8.2927104924816));
#5103=DIRECTION('',(-0.0,0.987083231657716,0.160208282495502));
#5104=DIRECTION('',(1.0,0.0,0.0));
#5105=ORIENTED_EDGE('',*,*,#7977,.F.);
#5106=ORIENTED_EDGE('',*,*,#7966,.T.);
#5107=ORIENTED_EDGE('',*,*,#7958,.T.);
#5108=ORIENTED_EDGE('',*,*,#7978,.T.);
#5109=ORIENTED_EDGE('',*,*,#7979,.F.);
#5110=ORIENTED_EDGE('',*,*,#7878,.T.);
#5111=ORIENTED_EDGE('',*,*,#7980,.F.);
#5112=CARTESIAN_POINT('',(-53.946171720501,-24.6840629413448,8.6927104924816));
#5113=DIRECTION('',(0.0,1.0,-0.0));
#5114=DIRECTION('',(0.0,0.0,1.0));
#5115=ORIENTED_EDGE('',*,*,#7981,.F.);
#5116=ORIENTED_EDGE('',*,*,#7980,.T.);
#5117=ORIENTED_EDGE('',*,*,#7877,.T.);
#5118=ORIENTED_EDGE('',*,*,#7982,.T.);
#5119=ORIENTED_EDGE('',*,*,#7983,.T.);
#5120=ORIENTED_EDGE('',*,*,#7982,.F.);
#5121=ORIENTED_EDGE('',*,*,#7876,.T.);
#5122=ORIENTED_EDGE('',*,*,#7984,.F.);
#5123=CARTESIAN_POINT('',(-53.846171720501,-25.5569747630238,8.6927104924816));
#5124=DIRECTION('',(1.0,-0.0,0.0));
#5125=DIRECTION('',(0.0,0.0,1.0));
#5126=ORIENTED_EDGE('',*,*,#7985,.T.);
#5127=ORIENTED_EDGE('',*,*,#7984,.T.);
#5128=ORIENTED_EDGE('',*,*,#7875,.T.);
#5129=ORIENTED_EDGE('',*,*,#7986,.T.);
#5130=ORIENTED_EDGE('',*,*,#7874,.T.);
#5131=ORIENTED_EDGE('',*,*,#7987,.F.);
#5132=ORIENTED_EDGE('',*,*,#7988,.T.);
#5133=ORIENTED_EDGE('',*,*,#7986,.F.);
#5134=CARTESIAN_POINT('',(-52.246171720501,-23.1840629413448,8.6927104924816));
#5135=DIRECTION('',(0.0,-1.0,-0.0));
#5136=DIRECTION('',(0.0,0.0,-1.0));
#5137=ORIENTED_EDGE('',*,*,#7988,.F.);
#5138=ORIENTED_EDGE('',*,*,#7989,.T.);
#5139=ORIENTED_EDGE('',*,*,#7990,.T.);
#5140=CARTESIAN_POINT('',(-52.346171720501,-24.6840629413448,8.8927104924816));
#5141=DIRECTION('',(-1.0,0.0,0.0));
#5142=DIRECTION('',(0.0,0.0,1.0));
#5143=ORIENTED_EDGE('',*,*,#7985,.F.);
#5144=ORIENTED_EDGE('',*,*,#7990,.F.);
#5145=ORIENTED_EDGE('',*,*,#7991,.F.);
#5146=ORIENTED_EDGE('',*,*,#7992,.T.);
#5147=CARTESIAN_POINT('',(-52.546171720501,-24.6405248375898,8.80268586517639));
#5148=DIRECTION('',(0.0,-0.900246273051923,-0.435381037547713));
#5149=DIRECTION('',(0.0,0.435381037547713,-0.900246273051923));
#5150=ORIENTED_EDGE('',*,*,#7983,.F.);
#5151=ORIENTED_EDGE('',*,*,#7992,.F.);
#5152=ORIENTED_EDGE('',*,*,#7993,.F.);
#5153=ORIENTED_EDGE('',*,*,#7994,.F.);
#5154=CARTESIAN_POINT('',(-53.846171720501,-24.7276010450998,8.9827351197868));
#5155=DIRECTION('',(0.0,0.435381037547711,-0.900246273051924));
#5156=DIRECTION('',(-1.0,0.0,0.0));
#5157=ORIENTED_EDGE('',*,*,#7981,.T.);
#5158=ORIENTED_EDGE('',*,*,#7994,.T.);
#5159=ORIENTED_EDGE('',*,*,#7995,.T.);
#5160=ORIENTED_EDGE('',*,*,#7996,.F.);
#5161=CARTESIAN_POINT('',(-53.646171720501,-24.6405248375898,8.80268586517639));
#5162=DIRECTION('',(0.0,0.900246273051923,0.435381037547713));
#5163=DIRECTION('',(0.0,-0.435381037547713,0.900246273051923));
#5164=ORIENTED_EDGE('',*,*,#7978,.F.);
#5165=ORIENTED_EDGE('',*,*,#7996,.T.);
#5166=ORIENTED_EDGE('',*,*,#7997,.T.);
#5167=CARTESIAN_POINT('',(-53.846171720501,-24.6840629413448,8.8927104924816));
#5168=DIRECTION('',(-1.0,0.0,0.0));
#5169=DIRECTION('',(0.0,0.0,1.0));
#5170=ORIENTED_EDGE('',*,*,#7998,.T.);
#5171=ORIENTED_EDGE('',*,*,#7997,.F.);
#5172=ORIENTED_EDGE('',*,*,#7999,.F.);
#5173=ORIENTED_EDGE('',*,*,#8000,.T.);
#5174=CARTESIAN_POINT('',(-53.646171720501,-24.7827712645108,8.876689664232));
#5175=DIRECTION('',(0.0,0.1602082824955,-0.987083231657717));
#5176=DIRECTION('',(0.0,0.987083231657717,0.1602082824955));
#5177=ORIENTED_EDGE('',*,*,#8001,.F.);
#5178=ORIENTED_EDGE('',*,*,#8000,.F.);
#5179=ORIENTED_EDGE('',*,*,#7772,.F.);
#5180=ORIENTED_EDGE('',*,*,#8002,.F.);
#5181=CARTESIAN_POINT('',(-53.846171720501,-24.5340629413448,8.59271049248159));
#5182=DIRECTION('',(0.0,-0.987083231657716,-0.160208282495502));
#5183=DIRECTION('',(0.0,0.160208282495502,-0.987083231657716));
#5184=ORIENTED_EDGE('',*,*,#8003,.T.);
#5185=ORIENTED_EDGE('',*,*,#8002,.T.);
#5186=ORIENTED_EDGE('',*,*,#8004,.T.);
#5187=ORIENTED_EDGE('',*,*,#7989,.F.);
#5188=CARTESIAN_POINT('',(-52.546171720501,-24.7314795876768,8.5606688359825));
#5189=DIRECTION('',(0.0,-0.1602082824955,0.987083231657717));
#5190=DIRECTION('',(0.0,-0.987083231657717,-0.1602082824955));
#5191=ORIENTED_EDGE('',*,*,#8004,.F.);
#5192=ORIENTED_EDGE('',*,*,#7771,.T.);
#5193=ORIENTED_EDGE('',*,*,#8005,.T.);
#5194=ORIENTED_EDGE('',*,*,#7991,.T.);
#5195=ORIENTED_EDGE('',*,*,#7770,.T.);
#5196=ORIENTED_EDGE('',*,*,#8006,.F.);
#5197=ORIENTED_EDGE('',*,*,#7993,.T.);
#5198=ORIENTED_EDGE('',*,*,#8005,.F.);
#5199=CARTESIAN_POINT('',(-53.846171720501,-24.6840629413448,8.8927104924816));
#5200=DIRECTION('',(-1.0,0.0,-0.0));
#5201=DIRECTION('',(0.0,0.0,-1.0));
#5202=ORIENTED_EDGE('',*,*,#8006,.T.);
#5203=ORIENTED_EDGE('',*,*,#7773,.T.);
#5204=ORIENTED_EDGE('',*,*,#7999,.T.);
#5205=ORIENTED_EDGE('',*,*,#7995,.F.);
#5206=ORIENTED_EDGE('',*,*,#7873,.T.);
#5207=ORIENTED_EDGE('',*,*,#8007,.T.);
#5208=ORIENTED_EDGE('',*,*,#8003,.F.);
#5209=ORIENTED_EDGE('',*,*,#7987,.T.);
#5210=ORIENTED_EDGE('',*,*,#7872,.T.);
#5211=ORIENTED_EDGE('',*,*,#8008,.F.);
#5212=ORIENTED_EDGE('',*,*,#8001,.T.);
#5213=ORIENTED_EDGE('',*,*,#8007,.F.);
#5214=CARTESIAN_POINT('',(-55.096171720501,-24.4489848354088,8.6927104924816));
#5215=DIRECTION('',(1.0,-0.0,0.0));
#5216=DIRECTION('',(0.0,0.0,1.0));
#5217=ORIENTED_EDGE('',*,*,#7998,.F.);
#5218=ORIENTED_EDGE('',*,*,#8008,.T.);
#5219=ORIENTED_EDGE('',*,*,#7871,.T.);
#5220=ORIENTED_EDGE('',*,*,#7979,.T.);
#5221=ORIENTED_EDGE('',*,*,#7805,.T.);
#5222=ORIENTED_EDGE('',*,*,#8009,.T.);
#5223=ORIENTED_EDGE('',*,*,#7833,.T.);
#5224=ORIENTED_EDGE('',*,*,#8010,.T.);
#5225=CARTESIAN_POINT('',(-52.746171720501,-22.6269375923705,-2.2305304415084));
#5226=DIRECTION('',(1.0,0.0,0.0));
#5227=DIRECTION('',(0.0,1.0,0.0));
#5228=ORIENTED_EDGE('',*,*,#8011,.T.);
#5229=ORIENTED_EDGE('',*,*,#8010,.F.);
#5230=ORIENTED_EDGE('',*,*,#8012,.T.);
#5231=ORIENTED_EDGE('',*,*,#8013,.F.);
#5232=CARTESIAN_POINT('',(-52.746171720501,-21.8624644747628,1.6661612477566));
#5233=DIRECTION('',(-1.0,0.0,0.0));
#5234=DIRECTION('',(0.0,0.0,1.0));
#5235=ORIENTED_EDGE('',*,*,#8014,.T.);
#5236=ORIENTED_EDGE('',*,*,#8015,.T.);
#5237=ORIENTED_EDGE('',*,*,#8016,.T.);
#5238=ORIENTED_EDGE('',*,*,#8013,.T.);
#5239=CARTESIAN_POINT('',(-52.746171720501,-25.0001688793688,-1.3393826750224));
#5240=DIRECTION('',(1.0,0.0,0.0));
#5241=DIRECTION('',(0.0,1.0,0.0));
#5242=ORIENTED_EDGE('',*,*,#8017,.T.);
#5243=ORIENTED_EDGE('',*,*,#7765,.T.);
#5244=ORIENTED_EDGE('',*,*,#8018,.F.);
#5245=ORIENTED_EDGE('',*,*,#8019,.F.);
#5246=ORIENTED_EDGE('',*,*,#8020,.F.);
#5247=ORIENTED_EDGE('',*,*,#8021,.F.);
#5248=ORIENTED_EDGE('',*,*,#8022,.F.);
#5249=ORIENTED_EDGE('',*,*,#8023,.F.);
#5250=ORIENTED_EDGE('',*,*,#8016,.F.);
#5251=CARTESIAN_POINT('',(-51.996171720501,-20.6146196658998,4.38473513283159));
#5252=DIRECTION('',(0.0,0.826316972312721,-0.563205345560514));
#5253=DIRECTION('',(-1.0,0.0,0.0));
#5254=ORIENTED_EDGE('',*,*,#7806,.T.);
#5255=ORIENTED_EDGE('',*,*,#8011,.F.);
#5256=ORIENTED_EDGE('',*,*,#8023,.T.);
#5257=ORIENTED_EDGE('',*,*,#8024,.F.);
#5258=CARTESIAN_POINT('',(-51.534329464916,-21.8624644747628,1.6661612477566));
#5259=DIRECTION('',(1.0,-0.0,0.0));
#5260=DIRECTION('',(0.0,0.0,1.0));
#5261=ORIENTED_EDGE('',*,*,#8024,.T.);
#5262=ORIENTED_EDGE('',*,*,#8025,.T.);
#5263=ORIENTED_EDGE('',*,*,#8026,.T.);
#5264=ORIENTED_EDGE('',*,*,#8027,.F.);
#5265=CARTESIAN_POINT('',(-52.046171720501,-21.8624644747628,1.6661612477566));
#5266=DIRECTION('',(1.0,0.0,0.0));
#5267=DIRECTION('',(0.0,1.0,0.0));
#5268=ORIENTED_EDGE('',*,*,#7831,.F.);
#5269=ORIENTED_EDGE('',*,*,#8028,.T.);
#5270=ORIENTED_EDGE('',*,*,#7807,.T.);
#5271=ORIENTED_EDGE('',*,*,#8027,.T.);
#5272=CARTESIAN_POINT('',(-52.046171720501,-22.3713063937441,1.9106331467456));
#5273=DIRECTION('',(-1.0,0.0,0.0));
#5274=DIRECTION('',(0.0,0.0,1.0));
#5275=ORIENTED_EDGE('',*,*,#8029,.F.);
#5276=ORIENTED_EDGE('',*,*,#7808,.T.);
#5277=ORIENTED_EDGE('',*,*,#8028,.F.);
#5278=ORIENTED_EDGE('',*,*,#7830,.F.);
#5279=CARTESIAN_POINT('',(-52.046171720501,-22.3612874008548,1.6237267287296));
#5280=DIRECTION('',(0.0,0.0348994967024998,-0.999390827019096));
#5281=DIRECTION('',(-1.0,0.0,0.0));
#5282=ORIENTED_EDGE('',*,*,#7809,.T.);
#5283=ORIENTED_EDGE('',*,*,#8029,.T.);
#5284=ORIENTED_EDGE('',*,*,#7829,.T.);
#5285=ORIENTED_EDGE('',*,*,#8030,.T.);
#5286=CARTESIAN_POINT('',(-51.996171720501,-22.7710627245517,1.8966733480646));
#5287=DIRECTION('',(1.0,0.0,0.0));
#5288=DIRECTION('',(0.0,1.0,0.0));
#5289=ORIENTED_EDGE('',*,*,#7766,.T.);
#5290=ORIENTED_EDGE('',*,*,#7810,.F.);
#5291=ORIENTED_EDGE('',*,*,#8030,.F.);
#5292=ORIENTED_EDGE('',*,*,#7828,.F.);
#5293=CARTESIAN_POINT('',(-53.096171720501,-22.8177015280003,6.0976047712146));
#5294=DIRECTION('',(0.0,-0.999390827019096,-0.0348994967025009));
#5295=DIRECTION('',(0.0,0.0348994967025009,-0.999390827019096));
#5296=ORIENTED_EDGE('',*,*,#7768,.T.);
#5297=ORIENTED_EDGE('',*,*,#7827,.T.);
#5298=ORIENTED_EDGE('',*,*,#8031,.T.);
#5299=ORIENTED_EDGE('',*,*,#7811,.T.);
#5300=CARTESIAN_POINT('',(-54.196171720501,-22.7710627245517,1.8966733480646));
#5301=DIRECTION('',(-1.0,0.0,0.0));
#5302=DIRECTION('',(0.0,0.0,1.0));
#5303=ORIENTED_EDGE('',*,*,#8032,.F.);
#5304=ORIENTED_EDGE('',*,*,#7812,.F.);
#5305=ORIENTED_EDGE('',*,*,#8031,.F.);
#5306=ORIENTED_EDGE('',*,*,#7826,.T.);
#5307=CARTESIAN_POINT('',(-54.146171720501,-22.3612874008548,1.6237267287296));
#5308=DIRECTION('',(0.0,-0.0348994967024998,0.999390827019096));
#5309=DIRECTION('',(-1.0,0.0,0.0));
#5310=ORIENTED_EDGE('',*,*,#8032,.T.);
#5311=ORIENTED_EDGE('',*,*,#7825,.T.);
#5312=ORIENTED_EDGE('',*,*,#8033,.F.);
#5313=ORIENTED_EDGE('',*,*,#7813,.F.);
#5314=CARTESIAN_POINT('',(-54.146171720501,-22.3713063937441,1.9106331467456));
#5315=DIRECTION('',(-1.0,0.0,0.0));
#5316=DIRECTION('',(0.0,0.0,1.0));
#5317=ORIENTED_EDGE('',*,*,#8034,.T.);
#5318=ORIENTED_EDGE('',*,*,#8033,.T.);
#5319=ORIENTED_EDGE('',*,*,#8035,.T.);
#5320=ORIENTED_EDGE('',*,*,#8036,.T.);
#5321=CARTESIAN_POINT('',(-54.146171720501,-21.8624644747628,1.6661612477566));
#5322=DIRECTION('',(-1.0,0.0,0.0));
#5323=DIRECTION('',(0.0,0.0,1.0));
#5324=ORIENTED_EDGE('',*,*,#8020,.T.);
#5325=ORIENTED_EDGE('',*,*,#8036,.F.);
#5326=ORIENTED_EDGE('',*,*,#8037,.F.);
#5327=ORIENTED_EDGE('',*,*,#8038,.F.);
#5328=CARTESIAN_POINT('',(-54.146171720501,-20.8625147575938,4.55369673649959));
#5329=DIRECTION('',(-1.0,0.0,0.0));
#5330=DIRECTION('',(0.0,0.0,1.0));
#5331=ORIENTED_EDGE('',*,*,#8038,.T.);
#5332=ORIENTED_EDGE('',*,*,#8039,.T.);
#5333=ORIENTED_EDGE('',*,*,#8040,.T.);
#5334=ORIENTED_EDGE('',*,*,#8041,.T.);
#5335=CARTESIAN_POINT('',(-54.146171720501,-21.2756732437498,4.8352994092806));
#5336=DIRECTION('',(1.0,0.0,0.0));
#5337=DIRECTION('',(0.0,1.0,0.0));
#5338=ORIENTED_EDGE('',*,*,#8042,.F.);
#5339=ORIENTED_EDGE('',*,*,#8021,.T.);
#5340=ORIENTED_EDGE('',*,*,#8041,.F.);
#5341=ORIENTED_EDGE('',*,*,#8043,.T.);
#5342=CARTESIAN_POINT('',(-50.94824104408,-21.2756732437498,4.8352994092806));
#5343=DIRECTION('',(1.0,-0.0,0.0));
#5344=DIRECTION('',(0.0,0.591700302531719,0.806158019239325));
#5345=ORIENTED_EDGE('',*,*,#7759,.T.);
#5346=ORIENTED_EDGE('',*,*,#8044,.T.);
#5347=ORIENTED_EDGE('',*,*,#8045,.T.);
#5348=ORIENTED_EDGE('',*,*,#8043,.F.);
#5349=ORIENTED_EDGE('',*,*,#8046,.T.);
#5350=CARTESIAN_POINT('',(-51.996171720501,-20.4779019138448,4.7756260887636));
#5351=DIRECTION('',(0.0,-0.997214162381316,0.0745916506462312));
#5352=DIRECTION('',(-1.0,0.0,0.0));
#5353=ORIENTED_EDGE('',*,*,#7760,.F.);
#5354=ORIENTED_EDGE('',*,*,#8046,.F.);
#5355=ORIENTED_EDGE('',*,*,#8040,.F.);
#5356=ORIENTED_EDGE('',*,*,#8047,.T.);
#5357=CARTESIAN_POINT('',(-54.146171720501,-20.7770661625598,4.79800358395759));
#5358=DIRECTION('',(-1.0,0.0,0.0));
#5359=DIRECTION('',(0.0,0.0,1.0));
#5360=ORIENTED_EDGE('',*,*,#8048,.T.);
#5361=ORIENTED_EDGE('',*,*,#7761,.T.);
#5362=ORIENTED_EDGE('',*,*,#8047,.F.);
#5363=ORIENTED_EDGE('',*,*,#8049,.F.);
#5364=ORIENTED_EDGE('',*,*,#8050,.F.);
#5365=CARTESIAN_POINT('',(-51.996171720501,-20.7770661625598,4.79800358395759));
#5366=DIRECTION('',(0.0,-0.997214162381316,0.0745916506462312));
#5367=DIRECTION('',(-1.0,0.0,0.0));
#5368=ORIENTED_EDGE('',*,*,#8051,.F.);
#5369=ORIENTED_EDGE('',*,*,#8050,.T.);
#5370=ORIENTED_EDGE('',*,*,#8052,.F.);
#5371=ORIENTED_EDGE('',*,*,#8045,.F.);
#5372=CARTESIAN_POINT('',(-52.046171720501,-20.7770661625598,4.79800358395759));
#5373=DIRECTION('',(1.0,0.0,0.0));
#5374=DIRECTION('',(0.0,1.0,0.0));
#5375=ORIENTED_EDGE('',*,*,#8042,.T.);
#5376=ORIENTED_EDGE('',*,*,#8052,.T.);
#5377=ORIENTED_EDGE('',*,*,#8053,.T.);
#5378=ORIENTED_EDGE('',*,*,#8054,.T.);
#5379=CARTESIAN_POINT('',(-52.046171720501,-21.2756732437498,4.8352994092806));
#5380=DIRECTION('',(-1.0,0.0,0.0));
#5381=DIRECTION('',(0.0,0.0,1.0));
#5382=ORIENTED_EDGE('',*,*,#8022,.T.);
#5383=ORIENTED_EDGE('',*,*,#8054,.F.);
#5384=ORIENTED_EDGE('',*,*,#8055,.F.);
#5385=ORIENTED_EDGE('',*,*,#8025,.F.);
#5386=CARTESIAN_POINT('',(-52.046171720501,-20.8625147575938,4.55369673649959));
#5387=DIRECTION('',(1.0,0.0,0.0));
#5388=DIRECTION('',(0.0,1.0,0.0));
#5389=ORIENTED_EDGE('',*,*,#7763,.T.);
#5390=ORIENTED_EDGE('',*,*,#8056,.T.);
#5391=ORIENTED_EDGE('',*,*,#8014,.F.);
#5392=ORIENTED_EDGE('',*,*,#8057,.F.);
#5393=ORIENTED_EDGE('',*,*,#8055,.T.);
#5394=ORIENTED_EDGE('',*,*,#8058,.F.);
#5395=ORIENTED_EDGE('',*,*,#8037,.T.);
#5396=ORIENTED_EDGE('',*,*,#8059,.F.);
#5397=ORIENTED_EDGE('',*,*,#8060,.F.);
#5398=CARTESIAN_POINT('',(-51.996171720501,-20.8625147575938,4.55369673649959));
#5399=DIRECTION('',(0.0,0.826316972312721,-0.563205345560514));
#5400=DIRECTION('',(-1.0,0.0,0.0));
#5401=ORIENTED_EDGE('',*,*,#7762,.T.);
#5402=ORIENTED_EDGE('',*,*,#8017,.F.);
#5403=ORIENTED_EDGE('',*,*,#8015,.F.);
#5404=ORIENTED_EDGE('',*,*,#8056,.F.);
#5405=CARTESIAN_POINT('',(-53.096171720501,-22.0151805478977,3.0400972782346));
#5406=DIRECTION('',(0.0,-0.826316972312719,0.563205345560516));
#5407=DIRECTION('',(0.0,-0.563205345560516,-0.826316972312719));
#5408=ORIENTED_EDGE('',*,*,#8018,.T.);
#5409=ORIENTED_EDGE('',*,*,#7764,.T.);
#5410=ORIENTED_EDGE('',*,*,#8060,.T.);
#5411=ORIENTED_EDGE('',*,*,#8061,.T.);
#5412=CARTESIAN_POINT('',(-53.446171720501,-25.0001688793688,-1.3393826750224));
#5413=DIRECTION('',(-1.0,0.0,0.0));
#5414=DIRECTION('',(0.0,0.0,1.0));
#5415=ORIENTED_EDGE('',*,*,#8062,.T.);
#5416=ORIENTED_EDGE('',*,*,#8061,.F.);
#5417=ORIENTED_EDGE('',*,*,#8063,.T.);
#5418=ORIENTED_EDGE('',*,*,#8064,.F.);
#5419=CARTESIAN_POINT('',(-53.446171720501,-21.8624644747628,1.6661612477566));
#5420=DIRECTION('',(1.0,0.0,0.0));
#5421=DIRECTION('',(0.0,1.0,0.0));
#5422=ORIENTED_EDGE('',*,*,#7823,.T.);
#5423=ORIENTED_EDGE('',*,*,#8065,.T.);
#5424=ORIENTED_EDGE('',*,*,#7815,.T.);
#5425=ORIENTED_EDGE('',*,*,#8064,.T.);
#5426=CARTESIAN_POINT('',(-53.446171720501,-22.6269375923705,-2.2305304415084));
#5427=DIRECTION('',(-1.0,0.0,0.0));
#5428=DIRECTION('',(0.0,0.0,1.0));
#5429=ORIENTED_EDGE('',*,*,#8066,.F.);
#5430=ORIENTED_EDGE('',*,*,#7816,.F.);
#5431=ORIENTED_EDGE('',*,*,#8065,.F.);
#5432=ORIENTED_EDGE('',*,*,#7822,.F.);
#5433=CARTESIAN_POINT('',(-53.096171720501,-22.6269375923705,-2.2305304415084));
#5434=DIRECTION('',(0.0,-0.999390827019096,-0.0348994967024955));
#5435=DIRECTION('',(0.0,0.0348994967024955,-0.999390827019096));
#5436=ORIENTED_EDGE('',*,*,#7821,.F.);
#5437=ORIENTED_EDGE('',*,*,#8009,.F.);
#5438=ORIENTED_EDGE('',*,*,#7817,.F.);
#5439=ORIENTED_EDGE('',*,*,#8066,.T.);
#5440=CARTESIAN_POINT('',(-53.096171720501,-22.6269375923705,-2.2305304415084));
#5441=DIRECTION('',(0.0,-0.999390827019096,-0.0348994967024955));
#5442=DIRECTION('',(0.0,0.0348994967024955,-0.999390827019096));
#5443=ORIENTED_EDGE('',*,*,#7824,.T.);
#5444=ORIENTED_EDGE('',*,*,#8063,.F.);
#5445=ORIENTED_EDGE('',*,*,#8059,.T.);
#5446=ORIENTED_EDGE('',*,*,#8035,.F.);
#5447=CARTESIAN_POINT('',(-52.9343294649163,-21.8624644747628,1.6661612477566));
#5448=DIRECTION('',(1.0,-0.0,0.0));
#5449=DIRECTION('',(0.0,0.0,1.0));
#5450=ORIENTED_EDGE('',*,*,#8019,.T.);
#5451=ORIENTED_EDGE('',*,*,#8062,.F.);
#5452=ORIENTED_EDGE('',*,*,#7814,.T.);
#5453=ORIENTED_EDGE('',*,*,#8034,.F.);
#5454=CARTESIAN_POINT('',(-52.9343294649163,-21.8624644747628,1.6661612477566));
#5455=DIRECTION('',(1.0,-0.0,0.0));
#5456=DIRECTION('',(0.0,0.0,1.0));
#5457=ORIENTED_EDGE('',*,*,#8039,.F.);
#5458=ORIENTED_EDGE('',*,*,#8058,.T.);
#5459=ORIENTED_EDGE('',*,*,#8053,.F.);
#5460=ORIENTED_EDGE('',*,*,#8049,.T.);
#5461=CARTESIAN_POINT('',(-50.94824104408,-21.2756732437498,4.8352994092806));
#5462=DIRECTION('',(1.0,-0.0,0.0));
#5463=DIRECTION('',(0.0,0.591700302531716,0.806158019239327));
#5464=ORIENTED_EDGE('',*,*,#8057,.T.);
#5465=ORIENTED_EDGE('',*,*,#8012,.F.);
#5466=ORIENTED_EDGE('',*,*,#7832,.T.);
#5467=ORIENTED_EDGE('',*,*,#8026,.F.);
#5468=CARTESIAN_POINT('',(-51.534329464916,-21.8624644747628,1.6661612477566));
#5469=DIRECTION('',(1.0,-0.0,0.0));
#5470=DIRECTION('',(0.0,0.0,1.0));
#5471=ORIENTED_EDGE('',*,*,#7758,.T.);
#5472=ORIENTED_EDGE('',*,*,#8048,.F.);
#5473=ORIENTED_EDGE('',*,*,#8051,.T.);
#5474=ORIENTED_EDGE('',*,*,#8044,.F.);
#5475=CARTESIAN_POINT('',(-53.096171720501,-20.7136632595098,5.64563562198159));
#5476=DIRECTION('',(0.0,-0.997214162381317,0.0745916506462302));
#5477=DIRECTION('',(0.0,-0.0745916506462302,-0.997214162381317));
#5478=ORIENTED_EDGE('',*,*,#7787,.T.);
#5479=ORIENTED_EDGE('',*,*,#7797,.F.);
#5480=ORIENTED_EDGE('',*,*,#7802,.T.);
#5481=ORIENTED_EDGE('',*,*,#7792,.F.);
#5482=CARTESIAN_POINT('',(-57.125461080521,-22.8027582342585,-2.9264276776084));
#5483=DIRECTION('',(-1.0,0.0,-0.0));
#5484=DIRECTION('',(0.0,0.0,-1.0));
#5485=ORIENTED_EDGE('',*,*,#7783,.F.);
#5486=ORIENTED_EDGE('',*,*,#7786,.F.);
#5487=ORIENTED_EDGE('',*,*,#7774,.T.);
#5488=ORIENTED_EDGE('',*,*,#7778,.F.);
#5489=CARTESIAN_POINT('',(-54.896171720501,-22.8325258041752,-3.3496461693884));
#5490=DIRECTION('',(0.0,-0.655751536432406,0.754976769488002));
#5491=DIRECTION('',(0.0,-0.754976769488002,-0.655751536432406));
#5492=ORIENTED_EDGE('',*,*,#8067,.F.);
#5493=ORIENTED_EDGE('',*,*,#8068,.F.);
#5494=ORIENTED_EDGE('',*,*,#8069,.T.);
#5495=ORIENTED_EDGE('',*,*,#8070,.F.);
#5496=CARTESIAN_POINT('',(-53.096171720501,-18.4842987804878,-11.3822895075184));
#5497=DIRECTION('',(-0.0,0.0,1.0));
#5498=DIRECTION('',(0.0,1.0,0.0));
#5499=ORIENTED_EDGE('',*,*,#8071,.F.);
#5500=ORIENTED_EDGE('',*,*,#8072,.F.);
#5501=ORIENTED_EDGE('',*,*,#8073,.T.);
#5502=ORIENTED_EDGE('',*,*,#8074,.F.);
#5503=ORIENTED_EDGE('',*,*,#8075,.T.);
#5504=ORIENTED_EDGE('',*,*,#8076,.F.);
#5505=ORIENTED_EDGE('',*,*,#8077,.F.);
#5506=ORIENTED_EDGE('',*,*,#8078,.T.);
#5507=ORIENTED_EDGE('',*,*,#8070,.T.);
#5508=ORIENTED_EDGE('',*,*,#8079,.F.);
#5509=ORIENTED_EDGE('',*,*,#8080,.T.);
#5510=ORIENTED_EDGE('',*,*,#8081,.T.);
#5511=ORIENTED_EDGE('',*,*,#8082,.T.);
#5512=ORIENTED_EDGE('',*,*,#8083,.T.);
#5513=ORIENTED_EDGE('',*,*,#8084,.T.);
#5514=ORIENTED_EDGE('',*,*,#8085,.T.);
#5515=ORIENTED_EDGE('',*,*,#8086,.T.);
#5516=ORIENTED_EDGE('',*,*,#8087,.T.);
#5517=ORIENTED_EDGE('',*,*,#8088,.T.);
#5518=ORIENTED_EDGE('',*,*,#8089,.T.);
#5519=ORIENTED_EDGE('',*,*,#8090,.F.);
#5520=ORIENTED_EDGE('',*,*,#8091,.T.);
#5521=ORIENTED_EDGE('',*,*,#8092,.T.);
#5522=ORIENTED_EDGE('',*,*,#8093,.T.);
#5523=ORIENTED_EDGE('',*,*,#8094,.T.);
#5524=ORIENTED_EDGE('',*,*,#8095,.T.);
#5525=ORIENTED_EDGE('',*,*,#8096,.T.);
#5526=ORIENTED_EDGE('',*,*,#8097,.T.);
#5527=ORIENTED_EDGE('',*,*,#8098,.T.);
#5528=ORIENTED_EDGE('',*,*,#8099,.T.);
#5529=ORIENTED_EDGE('',*,*,#8100,.T.);
#5530=ORIENTED_EDGE('',*,*,#8101,.F.);
#5531=ORIENTED_EDGE('',*,*,#8102,.T.);
#5532=ORIENTED_EDGE('',*,*,#8074,.T.);
#5533=ORIENTED_EDGE('',*,*,#8103,.F.);
#5534=ORIENTED_EDGE('',*,*,#8104,.F.);
#5535=ORIENTED_EDGE('',*,*,#8105,.T.);
#5536=ORIENTED_EDGE('',*,*,#8106,.T.);
#5537=ORIENTED_EDGE('',*,*,#8107,.F.);
#5538=ORIENTED_EDGE('',*,*,#8108,.T.);
#5539=ORIENTED_EDGE('',*,*,#8109,.T.);
#5540=ORIENTED_EDGE('',*,*,#8110,.F.);
#5541=ORIENTED_EDGE('',*,*,#8111,.T.);
#5542=ORIENTED_EDGE('',*,*,#8112,.T.);
#5543=ORIENTED_EDGE('',*,*,#8113,.F.);
#5544=ORIENTED_EDGE('',*,*,#8114,.T.);
#5545=ORIENTED_EDGE('',*,*,#8115,.T.);
#5546=ORIENTED_EDGE('',*,*,#8116,.T.);
#5547=ORIENTED_EDGE('',*,*,#8117,.F.);
#5548=ORIENTED_EDGE('',*,*,#8118,.T.);
#5549=ORIENTED_EDGE('',*,*,#8119,.T.);
#5550=ORIENTED_EDGE('',*,*,#8120,.T.);
#5551=ORIENTED_EDGE('',*,*,#8121,.F.);
#5552=ORIENTED_EDGE('',*,*,#8122,.T.);
#5553=ORIENTED_EDGE('',*,*,#8123,.F.);
#5554=CARTESIAN_POINT('',(-51.096171720501,-18.4842987804878,-11.7822895075184));
#5555=DIRECTION('',(0.0,0.0,1.0));
#5556=DIRECTION('',(1.0,0.0,0.0));
#5557=ORIENTED_EDGE('',*,*,#8124,.F.);
#5558=ORIENTED_EDGE('',*,*,#8125,.T.);
#5559=ORIENTED_EDGE('',*,*,#8126,.F.);
#5560=ORIENTED_EDGE('',*,*,#8098,.F.);
#5561=CARTESIAN_POINT('',(-54.596171720501,-22.9842987804878,-11.3822895075184));
#5562=DIRECTION('',(-0.0,1.0,0.0));
#5563=DIRECTION('',(1.0,0.0,0.0));
#5564=ORIENTED_EDGE('',*,*,#8127,.T.);
#5565=ORIENTED_EDGE('',*,*,#8075,.F.);
#5566=ORIENTED_EDGE('',*,*,#8126,.T.);
#5567=ORIENTED_EDGE('',*,*,#8128,.F.);
#5568=CARTESIAN_POINT('',(-54.996171720501,-22.9842987804878,-11.3822895075184));
#5569=DIRECTION('',(0.707106781186598,0.707106781186498,0.0));
#5570=DIRECTION('',(0.0,0.0,-1.0));
#5571=ORIENTED_EDGE('',*,*,#8128,.T.);
#5572=ORIENTED_EDGE('',*,*,#8125,.F.);
#5573=ORIENTED_EDGE('',*,*,#8129,.T.);
#5574=ORIENTED_EDGE('',*,*,#8130,.F.);
#5575=ORIENTED_EDGE('',*,*,#8131,.T.);
#5576=ORIENTED_EDGE('',*,*,#8132,.F.);
#5577=ORIENTED_EDGE('',*,*,#8133,.T.);
#5578=ORIENTED_EDGE('',*,*,#8134,.F.);
#5579=ORIENTED_EDGE('',*,*,#8135,.T.);
#5580=ORIENTED_EDGE('',*,*,#8136,.T.);
#5581=ORIENTED_EDGE('',*,*,#8137,.T.);
#5582=ORIENTED_EDGE('',*,*,#8138,.F.);
#5583=ORIENTED_EDGE('',*,*,#8139,.T.);
#5584=ORIENTED_EDGE('',*,*,#8140,.F.);
#5585=ORIENTED_EDGE('',*,*,#8141,.T.);
#5586=ORIENTED_EDGE('',*,*,#8142,.F.);
#5587=ORIENTED_EDGE('',*,*,#8143,.T.);
#5588=ORIENTED_EDGE('',*,*,#8144,.F.);
#5589=ORIENTED_EDGE('',*,*,#8145,.T.);
#5590=ORIENTED_EDGE('',*,*,#8146,.F.);
#5591=ORIENTED_EDGE('',*,*,#8147,.F.);
#5592=ORIENTED_EDGE('',*,*,#8068,.T.);
#5593=ORIENTED_EDGE('',*,*,#8148,.T.);
#5594=ORIENTED_EDGE('',*,*,#8149,.F.);
#5595=ORIENTED_EDGE('',*,*,#8150,.T.);
#5596=ORIENTED_EDGE('',*,*,#8151,.F.);
#5597=ORIENTED_EDGE('',*,*,#8152,.F.);
#5598=ORIENTED_EDGE('',*,*,#8153,.F.);
#5599=ORIENTED_EDGE('',*,*,#8154,.F.);
#5600=ORIENTED_EDGE('',*,*,#8155,.F.);
#5601=ORIENTED_EDGE('',*,*,#8156,.T.);
#5602=ORIENTED_EDGE('',*,*,#8157,.T.);
#5603=ORIENTED_EDGE('',*,*,#8158,.F.);
#5604=ORIENTED_EDGE('',*,*,#8159,.T.);
#5605=ORIENTED_EDGE('',*,*,#8160,.T.);
#5606=ORIENTED_EDGE('',*,*,#8161,.F.);
#5607=ORIENTED_EDGE('',*,*,#8162,.T.);
#5608=ORIENTED_EDGE('',*,*,#8163,.T.);
#5609=ORIENTED_EDGE('',*,*,#8164,.F.);
#5610=ORIENTED_EDGE('',*,*,#8165,.T.);
#5611=ORIENTED_EDGE('',*,*,#8166,.T.);
#5612=ORIENTED_EDGE('',*,*,#8167,.T.);
#5613=ORIENTED_EDGE('',*,*,#8168,.T.);
#5614=ORIENTED_EDGE('',*,*,#8169,.F.);
#5615=ORIENTED_EDGE('',*,*,#8170,.T.);
#5616=ORIENTED_EDGE('',*,*,#8171,.T.);
#5617=ORIENTED_EDGE('',*,*,#8172,.F.);
#5618=CARTESIAN_POINT('',(-51.096171720501,-18.4842987804878,-11.3822895075184));
#5619=DIRECTION('',(0.0,0.0,1.0));
#5620=DIRECTION('',(1.0,0.0,0.0));
#5621=ORIENTED_EDGE('',*,*,#8127,.F.);
#5622=ORIENTED_EDGE('',*,*,#8150,.F.);
#5623=ORIENTED_EDGE('',*,*,#8173,.F.);
#5624=ORIENTED_EDGE('',*,*,#8076,.T.);
#5625=CARTESIAN_POINT('',(-55.096171720501,-18.7842987804878,-4.8822895075184));
#5626=DIRECTION('',(1.0,0.0,0.0));
#5627=DIRECTION('',(0.0,1.0,0.0));
#5628=ORIENTED_EDGE('',*,*,#8174,.T.);
#5629=ORIENTED_EDGE('',*,*,#8173,.T.);
#5630=ORIENTED_EDGE('',*,*,#8175,.T.);
#5631=ORIENTED_EDGE('',*,*,#8176,.T.);
#5632=CARTESIAN_POINT('',(-55.096171720501,-18.4842987804878,-10.7822895075184));
#5633=DIRECTION('',(1.0,0.0,0.0));
#5634=DIRECTION('',(0.0,1.0,0.0));
#5635=ORIENTED_EDGE('',*,*,#8176,.F.);
#5636=ORIENTED_EDGE('',*,*,#8177,.T.);
#5637=ORIENTED_EDGE('',*,*,#8178,.F.);
#5638=ORIENTED_EDGE('',*,*,#8179,.T.);
#5639=CARTESIAN_POINT('',(-55.096171720501,-18.4842987804878,-11.3822895075184));
#5640=DIRECTION('',(-1.0,0.0,0.0));
#5641=DIRECTION('',(0.0,0.0,1.0));
#5642=ORIENTED_EDGE('',*,*,#8180,.T.);
#5643=ORIENTED_EDGE('',*,*,#8181,.F.);
#5644=ORIENTED_EDGE('',*,*,#8179,.F.);
#5645=ORIENTED_EDGE('',*,*,#8182,.F.);
#5646=ORIENTED_EDGE('',*,*,#8183,.T.);
#5647=CARTESIAN_POINT('',(-51.096171720501,-17.5366690208578,-10.4629185027914));
#5648=DIRECTION('',(0.0,-0.947629759631716,-0.319371004727005));
#5649=DIRECTION('',(0.0,0.319371004727005,-0.947629759631716));
#5650=ORIENTED_EDGE('',*,*,#8184,.F.);
#5651=ORIENTED_EDGE('',*,*,#8185,.T.);
#5652=ORIENTED_EDGE('',*,*,#8183,.F.);
#5653=ORIENTED_EDGE('',*,*,#8186,.T.);
#5654=CARTESIAN_POINT('',(-53.096171720501,-19.6041801382288,-5.5807124160984));
#5655=DIRECTION('',(0.0,-0.947629759631715,-0.319371004727006));
#5656=DIRECTION('',(0.0,-0.319371004727006,0.947629759631715));
#5657=ORIENTED_EDGE('',*,*,#8186,.F.);
#5658=ORIENTED_EDGE('',*,*,#8187,.F.);
#5659=ORIENTED_EDGE('',*,*,#8188,.T.);
#5660=ORIENTED_EDGE('',*,*,#8189,.F.);
#5661=CARTESIAN_POINT('',(-53.096171720501,-19.6041801382288,-5.5807124160984));
#5662=DIRECTION('',(0.0,-0.947629759631715,-0.319371004727006));
#5663=DIRECTION('',(0.0,-0.319371004727006,0.947629759631715));
#5664=ORIENTED_EDGE('',*,*,#8190,.F.);
#5665=ORIENTED_EDGE('',*,*,#8191,.F.);
#5666=ORIENTED_EDGE('',*,*,#8192,.F.);
#5667=ORIENTED_EDGE('',*,*,#8193,.F.);
#5668=ORIENTED_EDGE('',*,*,#8189,.T.);
#5669=CARTESIAN_POINT('',(-51.096171720501,-17.9157209247078,-10.5906669046822));
#5670=DIRECTION('',(0.0,-0.947629759631716,-0.319371004727005));
#5671=DIRECTION('',(0.0,0.319371004727005,-0.947629759631716));
#5672=ORIENTED_EDGE('',*,*,#8194,.T.);
#5673=ORIENTED_EDGE('',*,*,#8193,.T.);
#5674=ORIENTED_EDGE('',*,*,#8195,.F.);
#5675=ORIENTED_EDGE('',*,*,#8196,.T.);
#5676=ORIENTED_EDGE('',*,*,#8197,.F.);
#5677=CARTESIAN_POINT('',(-48.969648200885,-18.7842987804878,-4.8822895075184));
#5678=DIRECTION('',(1.0,-0.0,0.0));
#5679=DIRECTION('',(0.0,0.0,1.0));
#5680=ORIENTED_EDGE('',*,*,#8198,.T.);
#5681=ORIENTED_EDGE('',*,*,#8178,.T.);
#5682=ORIENTED_EDGE('',*,*,#8197,.T.);
#5683=ORIENTED_EDGE('',*,*,#8199,.T.);
#5684=CARTESIAN_POINT('',(-55.096171720501,-18.7842987804878,-4.8822895075184));
#5685=DIRECTION('',(-1.0,0.0,0.0));
#5686=DIRECTION('',(0.0,0.0,1.0));
#5687=ORIENTED_EDGE('',*,*,#8200,.T.);
#5688=ORIENTED_EDGE('',*,*,#8201,.T.);
#5689=ORIENTED_EDGE('',*,*,#8199,.F.);
#5690=ORIENTED_EDGE('',*,*,#8202,.T.);
#5691=CARTESIAN_POINT('',(-55.096171720501,-19.7319285401198,-5.20166051224541));
#5692=DIRECTION('',(-1.0,0.0,0.0));
#5693=DIRECTION('',(0.0,0.0,1.0));
#5694=ORIENTED_EDGE('',*,*,#8203,.T.);
#5695=ORIENTED_EDGE('',*,*,#8202,.F.);
#5696=ORIENTED_EDGE('',*,*,#8196,.F.);
#5697=ORIENTED_EDGE('',*,*,#8204,.F.);
#5698=ORIENTED_EDGE('',*,*,#8205,.T.);
#5699=ORIENTED_EDGE('',*,*,#8206,.F.);
#5700=CARTESIAN_POINT('',(-51.096171720501,-19.5811602924158,-4.2781275004314));
#5701=DIRECTION('',(0.0,-0.796861511928329,0.604162007086922));
#5702=DIRECTION('',(-1.0,0.0,0.0));
#5703=ORIENTED_EDGE('',*,*,#8207,.F.);
#5704=ORIENTED_EDGE('',*,*,#8206,.T.);
#5705=ORIENTED_EDGE('',*,*,#8208,.F.);
#5706=ORIENTED_EDGE('',*,*,#8209,.F.);
#5707=CARTESIAN_POINT('',(-51.096171720501,-18.7503212177078,-3.18228950751841));
#5708=DIRECTION('',(-0.0,0.604162007086922,0.796861511928329));
#5709=DIRECTION('',(1.0,0.0,0.0));
#5710=ORIENTED_EDGE('',*,*,#8210,.T.);
#5711=ORIENTED_EDGE('',*,*,#8209,.T.);
#5712=ORIENTED_EDGE('',*,*,#8211,.T.);
#5713=ORIENTED_EDGE('',*,*,#8212,.F.);
#5714=ORIENTED_EDGE('',*,*,#8213,.F.);
#5715=ORIENTED_EDGE('',*,*,#8201,.F.);
#5716=CARTESIAN_POINT('',(-51.096171720501,-19.2624156876478,-4.51979230326641));
#5717=DIRECTION('',(0.0,-0.796861511928329,0.604162007086922));
#5718=DIRECTION('',(-1.0,0.0,0.0));
#5719=ORIENTED_EDGE('',*,*,#8213,.T.);
#5720=ORIENTED_EDGE('',*,*,#8214,.F.);
#5721=ORIENTED_EDGE('',*,*,#8215,.T.);
#5722=ORIENTED_EDGE('',*,*,#8182,.T.);
#5723=ORIENTED_EDGE('',*,*,#8198,.F.);
#5724=CARTESIAN_POINT('',(-48.969648200885,-18.7842987804878,-4.8822895075184));
#5725=DIRECTION('',(1.0,-0.0,0.0));
#5726=DIRECTION('',(0.0,0.0,1.0));
#5727=ORIENTED_EDGE('',*,*,#8187,.T.);
#5728=ORIENTED_EDGE('',*,*,#8215,.F.);
#5729=ORIENTED_EDGE('',*,*,#8216,.F.);
#5730=ORIENTED_EDGE('',*,*,#8217,.F.);
#5731=ORIENTED_EDGE('',*,*,#8218,.T.);
#5732=CARTESIAN_POINT('',(-51.096171720501,-17.5366690208578,-10.4629185027914));
#5733=DIRECTION('',(0.0,-0.947629759631716,-0.319371004727005));
#5734=DIRECTION('',(0.0,0.319371004727005,-0.947629759631716));
#5735=ORIENTED_EDGE('',*,*,#8190,.T.);
#5736=ORIENTED_EDGE('',*,*,#8188,.F.);
#5737=ORIENTED_EDGE('',*,*,#8218,.F.);
#5738=ORIENTED_EDGE('',*,*,#8219,.F.);
#5739=CARTESIAN_POINT('',(-52.696171720501,-19.6041801382288,-5.5807124160984));
#5740=DIRECTION('',(1.0,0.0,0.0));
#5741=DIRECTION('',(0.0,1.0,0.0));
#5742=ORIENTED_EDGE('',*,*,#8220,.T.);
#5743=ORIENTED_EDGE('',*,*,#8069,.F.);
#5744=ORIENTED_EDGE('',*,*,#8221,.T.);
#5745=ORIENTED_EDGE('',*,*,#8219,.T.);
#5746=CARTESIAN_POINT('',(-52.696171720501,-18.4842987804878,-10.7822895075184));
#5747=DIRECTION('',(1.0,0.0,0.0));
#5748=DIRECTION('',(0.0,1.0,0.0));
#5749=ORIENTED_EDGE('',*,*,#8191,.T.);
#5750=ORIENTED_EDGE('',*,*,#8221,.F.);
#5751=ORIENTED_EDGE('',*,*,#8147,.T.);
#5752=ORIENTED_EDGE('',*,*,#8222,.F.);
#5753=CARTESIAN_POINT('',(-49.730938555058,-18.4842987804878,-10.7822895075184));
#5754=DIRECTION('',(1.0,-0.0,0.0));
#5755=DIRECTION('',(0.0,0.0,1.0));
#5756=ORIENTED_EDGE('',*,*,#8223,.T.);
#5757=ORIENTED_EDGE('',*,*,#8224,.T.);
#5758=ORIENTED_EDGE('',*,*,#8222,.T.);
#5759=ORIENTED_EDGE('',*,*,#8225,.T.);
#5760=CARTESIAN_POINT('',(-51.096171720501,-18.4842987804878,-10.7822895075184));
#5761=DIRECTION('',(-1.0,0.0,0.0));
#5762=DIRECTION('',(0.0,0.0,1.0));
#5763=ORIENTED_EDGE('',*,*,#8226,.F.);
#5764=ORIENTED_EDGE('',*,*,#8080,.F.);
#5765=ORIENTED_EDGE('',*,*,#8225,.F.);
#5766=ORIENTED_EDGE('',*,*,#8146,.T.);
#5767=CARTESIAN_POINT('',(-51.096171720501,-17.9157209247078,-10.5906669046822));
#5768=DIRECTION('',(1.0,0.0,0.0));
#5769=DIRECTION('',(0.0,1.0,0.0));
#5770=ORIENTED_EDGE('',*,*,#8227,.T.);
#5771=ORIENTED_EDGE('',*,*,#8081,.F.);
#5772=ORIENTED_EDGE('',*,*,#8226,.T.);
#5773=ORIENTED_EDGE('',*,*,#8145,.F.);
#5774=CARTESIAN_POINT('',(-51.096171720501,-22.8842987804878,-10.5906669046822));
#5775=DIRECTION('',(0.707106781186498,-0.707106781186598,0.0));
#5776=DIRECTION('',(0.0,0.0,-1.0));
#5777=ORIENTED_EDGE('',*,*,#8228,.F.);
#5778=ORIENTED_EDGE('',*,*,#8082,.F.);
#5779=ORIENTED_EDGE('',*,*,#8227,.F.);
#5780=ORIENTED_EDGE('',*,*,#8144,.T.);
#5781=CARTESIAN_POINT('',(-51.596171720501,-22.9842987804878,-11.3822895075184));
#5782=DIRECTION('',(-0.0,1.0,0.0));
#5783=DIRECTION('',(1.0,0.0,0.0));
#5784=ORIENTED_EDGE('',*,*,#8229,.T.);
#5785=ORIENTED_EDGE('',*,*,#8083,.F.);
#5786=ORIENTED_EDGE('',*,*,#8228,.T.);
#5787=ORIENTED_EDGE('',*,*,#8143,.F.);
#5788=CARTESIAN_POINT('',(-51.396171720501,-23.1842987804878,-11.3822895075184));
#5789=DIRECTION('',(0.0,-0.0,-1.0));
#5790=DIRECTION('',(0.0,-1.0,0.0));
#5791=ORIENTED_EDGE('',*,*,#8229,.F.);
#5792=ORIENTED_EDGE('',*,*,#8142,.T.);
#5793=ORIENTED_EDGE('',*,*,#8230,.F.);
#5794=ORIENTED_EDGE('',*,*,#8084,.F.);
#5795=CARTESIAN_POINT('',(-51.596171720501,-26.1842987804878,-11.3822895075184));
#5796=DIRECTION('',(-1.0,0.0,0.0));
#5797=DIRECTION('',(0.0,0.0,1.0));
#5798=ORIENTED_EDGE('',*,*,#8231,.T.);
#5799=ORIENTED_EDGE('',*,*,#8085,.F.);
#5800=ORIENTED_EDGE('',*,*,#8230,.T.);
#5801=ORIENTED_EDGE('',*,*,#8141,.F.);
#5802=CARTESIAN_POINT('',(-51.596171720501,-25.9842987804878,-11.3822895075184));
#5803=DIRECTION('',(-0.707106781186548,0.707106781186548,0.0));
#5804=DIRECTION('',(0.0,0.0,1.0));
#5805=ORIENTED_EDGE('',*,*,#8232,.F.);
#5806=ORIENTED_EDGE('',*,*,#8086,.F.);
#5807=ORIENTED_EDGE('',*,*,#8231,.F.);
#5808=ORIENTED_EDGE('',*,*,#8140,.T.);
#5809=CARTESIAN_POINT('',(-52.771171720501,-26.1842987804878,-11.3822895075184));
#5810=DIRECTION('',(-0.0,1.0,0.0));
#5811=DIRECTION('',(1.0,0.0,0.0));
#5812=ORIENTED_EDGE('',*,*,#8233,.T.);
#5813=ORIENTED_EDGE('',*,*,#8087,.F.);
#5814=ORIENTED_EDGE('',*,*,#8232,.T.);
#5815=ORIENTED_EDGE('',*,*,#8139,.F.);
#5816=CARTESIAN_POINT('',(-52.571171720501,-26.3842987804878,-11.3822895075184));
#5817=DIRECTION('',(0.0,-0.0,-1.0));
#5818=DIRECTION('',(0.0,-1.0,0.0));
#5819=ORIENTED_EDGE('',*,*,#8233,.F.);
#5820=ORIENTED_EDGE('',*,*,#8138,.T.);
#5821=ORIENTED_EDGE('',*,*,#8234,.F.);
#5822=ORIENTED_EDGE('',*,*,#8088,.F.);
#5823=CARTESIAN_POINT('',(-52.771171720501,-28.9842987804878,-11.3822895075184));
#5824=DIRECTION('',(-1.0,0.0,0.0));
#5825=DIRECTION('',(0.0,0.0,1.0));
#5826=ORIENTED_EDGE('',*,*,#8234,.T.);
#5827=ORIENTED_EDGE('',*,*,#8137,.F.);
#5828=ORIENTED_EDGE('',*,*,#8235,.F.);
#5829=ORIENTED_EDGE('',*,*,#8089,.F.);
#5830=CARTESIAN_POINT('',(-52.996171720501,-29.4842987804878,-11.3822895075184));
#5831=DIRECTION('',(-0.911921505175105,0.410364677328802,0.0));
#5832=DIRECTION('',(0.0,0.0,1.0));
#5833=ORIENTED_EDGE('',*,*,#8136,.F.);
#5834=ORIENTED_EDGE('',*,*,#8236,.F.);
#5835=ORIENTED_EDGE('',*,*,#8090,.T.);
#5836=ORIENTED_EDGE('',*,*,#8235,.T.);
#5837=CARTESIAN_POINT('',(-51.096171720501,-29.4842987804878,-11.7822895075184));
#5838=DIRECTION('',(0.0,-1.0,0.0));
#5839=DIRECTION('',(0.0,0.0,-1.0));
#5840=ORIENTED_EDGE('',*,*,#8236,.T.);
#5841=ORIENTED_EDGE('',*,*,#8135,.F.);
#5842=ORIENTED_EDGE('',*,*,#8237,.F.);
#5843=ORIENTED_EDGE('',*,*,#8091,.F.);
#5844=CARTESIAN_POINT('',(-53.196171720501,-29.4842987804878,-11.3822895075184));
#5845=DIRECTION('',(0.911921505175105,0.410364677328802,0.0));
#5846=DIRECTION('',(0.0,0.0,-1.0));
#5847=ORIENTED_EDGE('',*,*,#8238,.F.);
#5848=ORIENTED_EDGE('',*,*,#8092,.F.);
#5849=ORIENTED_EDGE('',*,*,#8237,.T.);
#5850=ORIENTED_EDGE('',*,*,#8134,.T.);
#5851=CARTESIAN_POINT('',(-53.421171720501,-28.9842987804878,-11.3822895075184));
#5852=DIRECTION('',(1.0,0.0,0.0));
#5853=DIRECTION('',(0.0,1.0,0.0));
#5854=ORIENTED_EDGE('',*,*,#8239,.T.);
#5855=ORIENTED_EDGE('',*,*,#8093,.F.);
#5856=ORIENTED_EDGE('',*,*,#8238,.T.);
#5857=ORIENTED_EDGE('',*,*,#8133,.F.);
#5858=CARTESIAN_POINT('',(-53.621171720501,-26.3842987804878,-11.3822895075184));
#5859=DIRECTION('',(0.0,-0.0,-1.0));
#5860=DIRECTION('',(0.0,-1.0,0.0));
#5861=ORIENTED_EDGE('',*,*,#8239,.F.);
#5862=ORIENTED_EDGE('',*,*,#8132,.T.);
#5863=ORIENTED_EDGE('',*,*,#8240,.F.);
#5864=ORIENTED_EDGE('',*,*,#8094,.F.);
#5865=CARTESIAN_POINT('',(-53.421171720501,-26.1842987804878,-11.3822895075184));
#5866=DIRECTION('',(-0.0,1.0,0.0));
#5867=DIRECTION('',(1.0,0.0,0.0));
#5868=ORIENTED_EDGE('',*,*,#8241,.T.);
#5869=ORIENTED_EDGE('',*,*,#8095,.F.);
#5870=ORIENTED_EDGE('',*,*,#8240,.T.);
#5871=ORIENTED_EDGE('',*,*,#8131,.F.);
#5872=CARTESIAN_POINT('',(-54.396171720501,-26.1842987804878,-11.3822895075184));
#5873=DIRECTION('',(0.707106781186598,0.707106781186498,0.0));
#5874=DIRECTION('',(0.0,0.0,-1.0));
#5875=ORIENTED_EDGE('',*,*,#8242,.F.);
#5876=ORIENTED_EDGE('',*,*,#8096,.F.);
#5877=ORIENTED_EDGE('',*,*,#8241,.F.);
#5878=ORIENTED_EDGE('',*,*,#8130,.T.);
#5879=CARTESIAN_POINT('',(-54.596171720501,-26.1842987804878,-11.3822895075184));
#5880=DIRECTION('',(1.0,0.0,0.0));
#5881=DIRECTION('',(0.0,1.0,0.0));
#5882=ORIENTED_EDGE('',*,*,#8124,.T.);
#5883=ORIENTED_EDGE('',*,*,#8097,.F.);
#5884=ORIENTED_EDGE('',*,*,#8242,.T.);
#5885=ORIENTED_EDGE('',*,*,#8129,.F.);
#5886=CARTESIAN_POINT('',(-54.796171720501,-23.1842987804878,-11.3822895075184));
#5887=DIRECTION('',(0.0,-0.0,-1.0));
#5888=DIRECTION('',(0.0,-1.0,0.0));
#5889=ORIENTED_EDGE('',*,*,#8243,.F.);
#5890=ORIENTED_EDGE('',*,*,#8192,.T.);
#5891=ORIENTED_EDGE('',*,*,#8224,.F.);
#5892=ORIENTED_EDGE('',*,*,#8216,.T.);
#5893=CARTESIAN_POINT('',(-51.096171720501,-19.5811602924158,-4.2781275004314));
#5894=DIRECTION('',(1.0,0.0,0.0));
#5895=DIRECTION('',(0.0,1.0,0.0));
#5896=ORIENTED_EDGE('',*,*,#8214,.T.);
#5897=ORIENTED_EDGE('',*,*,#8244,.T.);
#5898=ORIENTED_EDGE('',*,*,#8195,.T.);
#5899=ORIENTED_EDGE('',*,*,#8243,.T.);
#5900=CARTESIAN_POINT('',(-51.096171720501,-18.7842987804878,-4.8822895075184));
#5901=DIRECTION('',(1.0,0.0,0.0));
#5902=DIRECTION('',(0.0,1.0,0.0));
#5903=ORIENTED_EDGE('',*,*,#8245,.T.);
#5904=ORIENTED_EDGE('',*,*,#8204,.T.);
#5905=ORIENTED_EDGE('',*,*,#8244,.F.);
#5906=ORIENTED_EDGE('',*,*,#8212,.T.);
#5907=CARTESIAN_POINT('',(-51.096171720501,-18.7842987804878,-4.8822895075184));
#5908=DIRECTION('',(1.0,0.0,0.0));
#5909=DIRECTION('',(0.0,1.0,0.0));
#5910=ORIENTED_EDGE('',*,*,#8245,.F.);
#5911=ORIENTED_EDGE('',*,*,#8211,.F.);
#5912=ORIENTED_EDGE('',*,*,#8208,.T.);
#5913=ORIENTED_EDGE('',*,*,#8205,.F.);
#5914=CARTESIAN_POINT('',(-51.396171720501,-18.9315698198378,-3.42134796109741));
#5915=DIRECTION('',(0.0,-0.796861511928329,0.604162007086922));
#5916=DIRECTION('',(0.0,0.604162007086922,0.796861511928329));
#5917=ORIENTED_EDGE('',*,*,#8079,.T.);
#5918=ORIENTED_EDGE('',*,*,#8220,.F.);
#5919=ORIENTED_EDGE('',*,*,#8217,.T.);
#5920=ORIENTED_EDGE('',*,*,#8223,.F.);
#5921=CARTESIAN_POINT('',(-49.730938555058,-18.4842987804878,-10.7822895075184));
#5922=DIRECTION('',(1.0,-0.0,0.0));
#5923=DIRECTION('',(0.0,0.0,1.0));
#5924=ORIENTED_EDGE('',*,*,#8067,.T.);
#5925=ORIENTED_EDGE('',*,*,#8078,.F.);
#5926=ORIENTED_EDGE('',*,*,#8246,.T.);
#5927=ORIENTED_EDGE('',*,*,#8148,.F.);
#5928=CARTESIAN_POINT('',(-53.096171720501,-18.4842987804878,-11.3822895075184));
#5929=DIRECTION('',(-0.0,0.0,1.0));
#5930=DIRECTION('',(0.0,1.0,0.0));
#5931=ORIENTED_EDGE('',*,*,#8247,.T.);
#5932=ORIENTED_EDGE('',*,*,#8248,.T.);
#5933=ORIENTED_EDGE('',*,*,#8249,.T.);
#5934=ORIENTED_EDGE('',*,*,#8246,.F.);
#5935=CARTESIAN_POINT('',(-53.496171720501,-18.4842987804878,-10.7822895075184));
#5936=DIRECTION('',(-1.0,0.0,0.0));
#5937=DIRECTION('',(0.0,0.0,1.0));
#5938=ORIENTED_EDGE('',*,*,#8149,.T.);
#5939=ORIENTED_EDGE('',*,*,#8249,.F.);
#5940=ORIENTED_EDGE('',*,*,#8250,.T.);
#5941=ORIENTED_EDGE('',*,*,#8175,.F.);
#5942=CARTESIAN_POINT('',(-52.1309385550579,-18.4842987804878,-10.7822895075184));
#5943=DIRECTION('',(1.0,-0.0,0.0));
#5944=DIRECTION('',(0.0,0.0,1.0));
#5945=ORIENTED_EDGE('',*,*,#8184,.T.);
#5946=ORIENTED_EDGE('',*,*,#8194,.F.);
#5947=ORIENTED_EDGE('',*,*,#8177,.F.);
#5948=ORIENTED_EDGE('',*,*,#8250,.F.);
#5949=ORIENTED_EDGE('',*,*,#8251,.F.);
#5950=CARTESIAN_POINT('',(-51.096171720501,-17.9157209247078,-10.5906669046822));
#5951=DIRECTION('',(0.0,-0.947629759631716,-0.319371004727005));
#5952=DIRECTION('',(0.0,0.319371004727005,-0.947629759631716));
#5953=ORIENTED_EDGE('',*,*,#8180,.F.);
#5954=ORIENTED_EDGE('',*,*,#8185,.F.);
#5955=ORIENTED_EDGE('',*,*,#8251,.T.);
#5956=ORIENTED_EDGE('',*,*,#8248,.F.);
#5957=CARTESIAN_POINT('',(-53.496171720501,-19.6041801382288,-5.5807124160984));
#5958=DIRECTION('',(-1.0,0.0,0.0));
#5959=DIRECTION('',(0.0,0.0,1.0));
#5960=ORIENTED_EDGE('',*,*,#8181,.T.);
#5961=ORIENTED_EDGE('',*,*,#8247,.F.);
#5962=ORIENTED_EDGE('',*,*,#8077,.T.);
#5963=ORIENTED_EDGE('',*,*,#8174,.F.);
#5964=CARTESIAN_POINT('',(-52.1309385550579,-18.4842987804878,-10.7822895075184));
#5965=DIRECTION('',(1.0,-0.0,0.0));
#5966=DIRECTION('',(0.0,0.0,1.0));
#5967=ORIENTED_EDGE('',*,*,#8207,.T.);
#5968=ORIENTED_EDGE('',*,*,#8210,.F.);
#5969=ORIENTED_EDGE('',*,*,#8200,.F.);
#5970=ORIENTED_EDGE('',*,*,#8203,.F.);
#5971=CARTESIAN_POINT('',(-54.796171720501,-18.5826862040378,-3.6858634664914));
#5972=DIRECTION('',(0.0,-0.796861511928329,0.604162007086922));
#5973=DIRECTION('',(0.0,0.604162007086922,0.796861511928329));
#5974=ORIENTED_EDGE('',*,*,#8252,.T.);
#5975=ORIENTED_EDGE('',*,*,#8253,.T.);
#5976=ORIENTED_EDGE('',*,*,#8154,.T.);
#5977=ORIENTED_EDGE('',*,*,#8254,.F.);
#5978=ORIENTED_EDGE('',*,*,#8118,.F.);
#5979=CARTESIAN_POINT('',(-52.546171720501,-24.5342987804878,-11.3822895075184));
#5980=DIRECTION('',(1.0,0.0,0.0));
#5981=DIRECTION('',(0.0,1.0,0.0));
#5982=ORIENTED_EDGE('',*,*,#8254,.T.);
#5983=ORIENTED_EDGE('',*,*,#8153,.T.);
#5984=ORIENTED_EDGE('',*,*,#8255,.F.);
#5985=ORIENTED_EDGE('',*,*,#8119,.F.);
#5986=CARTESIAN_POINT('',(-52.546171720501,-24.5342987804878,-11.3822895075184));
#5987=DIRECTION('',(-0.0,1.0,0.0));
#5988=DIRECTION('',(1.0,0.0,0.0));
#5989=ORIENTED_EDGE('',*,*,#8256,.T.);
#5990=ORIENTED_EDGE('',*,*,#8120,.F.);
#5991=ORIENTED_EDGE('',*,*,#8255,.T.);
#5992=ORIENTED_EDGE('',*,*,#8152,.T.);
#5993=ORIENTED_EDGE('',*,*,#8257,.T.);
#5994=CARTESIAN_POINT('',(-53.646171720501,-24.5342987804878,-11.3822895075184));
#5995=DIRECTION('',(-1.0,0.0,0.0));
#5996=DIRECTION('',(0.0,0.0,1.0));
#5997=ORIENTED_EDGE('',*,*,#8253,.F.);
#5998=ORIENTED_EDGE('',*,*,#8258,.T.);
#5999=ORIENTED_EDGE('',*,*,#8257,.F.);
#6000=ORIENTED_EDGE('',*,*,#8151,.T.);
#6001=CARTESIAN_POINT('',(-59.146171720501,-25.6586013316398,-11.9822895075184));
#6002=DIRECTION('',(-1.0,0.0,-0.0));
#6003=DIRECTION('',(0.0,0.0,-1.0));
#6004=ORIENTED_EDGE('',*,*,#8252,.F.);
#6005=ORIENTED_EDGE('',*,*,#8259,.F.);
#6006=ORIENTED_EDGE('',*,*,#8260,.T.);
#6007=ORIENTED_EDGE('',*,*,#8261,.F.);
#6008=ORIENTED_EDGE('',*,*,#8256,.F.);
#6009=ORIENTED_EDGE('',*,*,#8258,.F.);
#6010=CARTESIAN_POINT('',(-53.646171720501,-24.5342987804878,-11.8152122998096));
#6011=DIRECTION('',(-0.0,0.397290224369391,0.917693019271978));
#6012=DIRECTION('',(1.0,0.0,0.0));
#6013=ORIENTED_EDGE('',*,*,#8121,.T.);
#6014=ORIENTED_EDGE('',*,*,#8261,.T.);
#6015=ORIENTED_EDGE('',*,*,#8262,.F.);
#6016=ORIENTED_EDGE('',*,*,#8263,.F.);
#6017=ORIENTED_EDGE('',*,*,#8264,.F.);
#6018=CARTESIAN_POINT('',(-53.646171720501,-24.5342987804878,-11.8152122998096));
#6019=DIRECTION('',(-1.0,0.0,0.0));
#6020=DIRECTION('',(0.0,0.0,1.0));
#6021=ORIENTED_EDGE('',*,*,#8122,.F.);
#6022=ORIENTED_EDGE('',*,*,#8264,.T.);
#6023=ORIENTED_EDGE('',*,*,#8265,.T.);
#6024=CARTESIAN_POINT('',(-53.646171720501,-25.6586013316398,-11.9822895075184));
#6025=DIRECTION('',(1.0,0.0,0.0));
#6026=DIRECTION('',(0.0,1.0,0.0));
#6027=ORIENTED_EDGE('',*,*,#8265,.F.);
#6028=ORIENTED_EDGE('',*,*,#8266,.T.);
#6029=ORIENTED_EDGE('',*,*,#8267,.F.);
#6030=ORIENTED_EDGE('',*,*,#8123,.T.);
#6031=CARTESIAN_POINT('',(-59.146171720501,-25.6586013316398,-11.9822895075184));
#6032=DIRECTION('',(-1.0,0.0,-0.0));
#6033=DIRECTION('',(0.0,0.0,-1.0));
#6034=ORIENTED_EDGE('',*,*,#8116,.F.);
#6035=ORIENTED_EDGE('',*,*,#8267,.T.);
#6036=ORIENTED_EDGE('',*,*,#8268,.T.);
#6037=CARTESIAN_POINT('',(-52.546171720501,-25.6586013316398,-11.9822895075184));
#6038=DIRECTION('',(-1.0,0.0,0.0));
#6039=DIRECTION('',(0.0,0.0,1.0));
#6040=ORIENTED_EDGE('',*,*,#8117,.T.);
#6041=ORIENTED_EDGE('',*,*,#8268,.F.);
#6042=ORIENTED_EDGE('',*,*,#8269,.F.);
#6043=ORIENTED_EDGE('',*,*,#8270,.T.);
#6044=ORIENTED_EDGE('',*,*,#8259,.T.);
#6045=CARTESIAN_POINT('',(-52.546171720501,-24.5342987804878,-11.8152122998096));
#6046=DIRECTION('',(1.0,0.0,0.0));
#6047=DIRECTION('',(0.0,1.0,0.0));
#6048=ORIENTED_EDGE('',*,*,#8271,.T.);
#6049=ORIENTED_EDGE('',*,*,#8262,.T.);
#6050=ORIENTED_EDGE('',*,*,#8260,.F.);
#6051=ORIENTED_EDGE('',*,*,#8270,.F.);
#6052=CARTESIAN_POINT('',(-53.646171720501,-24.5342987804878,-11.8152122998096));
#6053=DIRECTION('',(0.0,-0.917693019271978,0.397290224369391));
#6054=DIRECTION('',(-1.0,0.0,0.0));
#6055=ORIENTED_EDGE('',*,*,#8263,.T.);
#6056=ORIENTED_EDGE('',*,*,#8271,.F.);
#6057=ORIENTED_EDGE('',*,*,#8269,.T.);
#6058=ORIENTED_EDGE('',*,*,#8266,.F.);
#6059=CARTESIAN_POINT('',(-53.646171720501,-24.6932148702358,-12.1822895075184));
#6060=DIRECTION('',(-0.0,0.397290224369391,0.917693019271978));
#6061=DIRECTION('',(1.0,0.0,0.0));
#6062=ORIENTED_EDGE('',*,*,#8272,.F.);
#6063=ORIENTED_EDGE('',*,*,#8273,.F.);
#6064=ORIENTED_EDGE('',*,*,#8274,.T.);
#6065=ORIENTED_EDGE('',*,*,#8160,.F.);
#6066=ORIENTED_EDGE('',*,*,#8155,.T.);
#6067=ORIENTED_EDGE('',*,*,#8274,.F.);
#6068=ORIENTED_EDGE('',*,*,#8275,.T.);
#6069=ORIENTED_EDGE('',*,*,#8276,.F.);
#6070=CARTESIAN_POINT('',(-53.9790144329756,-20.9842987804878,-11.2822895075184));
#6071=DIRECTION('',(0.0,1.0,0.0));
#6072=DIRECTION('',(0.0,0.0,-1.0));
#6073=ORIENTED_EDGE('',*,*,#8156,.F.);
#6074=ORIENTED_EDGE('',*,*,#8276,.T.);
#6075=ORIENTED_EDGE('',*,*,#8277,.F.);
#6076=ORIENTED_EDGE('',*,*,#8278,.T.);
#6077=ORIENTED_EDGE('',*,*,#8278,.F.);
#6078=ORIENTED_EDGE('',*,*,#8279,.F.);
#6079=ORIENTED_EDGE('',*,*,#8280,.T.);
#6080=ORIENTED_EDGE('',*,*,#8157,.F.);
#6081=ORIENTED_EDGE('',*,*,#8281,.T.);
#6082=ORIENTED_EDGE('',*,*,#8282,.F.);
#6083=ORIENTED_EDGE('',*,*,#8158,.T.);
#6084=ORIENTED_EDGE('',*,*,#8280,.F.);
#6085=CARTESIAN_POINT('',(-54.213329008026,-19.7842987804878,-11.2822895075184));
#6086=DIRECTION('',(0.0,-1.0,0.0));
#6087=DIRECTION('',(0.0,0.0,1.0));
#6088=ORIENTED_EDGE('',*,*,#8159,.F.);
#6089=ORIENTED_EDGE('',*,*,#8282,.T.);
#6090=ORIENTED_EDGE('',*,*,#8283,.F.);
#6091=ORIENTED_EDGE('',*,*,#8272,.T.);
#6092=ORIENTED_EDGE('',*,*,#8273,.T.);
#6093=ORIENTED_EDGE('',*,*,#8283,.T.);
#6094=ORIENTED_EDGE('',*,*,#8281,.F.);
#6095=ORIENTED_EDGE('',*,*,#8279,.T.);
#6096=ORIENTED_EDGE('',*,*,#8277,.T.);
#6097=ORIENTED_EDGE('',*,*,#8275,.F.);
#6098=CARTESIAN_POINT('',(-54.096171720501,-19.7842987804878,-11.5822895075184));
#6099=DIRECTION('',(0.0,0.0,1.0));
#6100=DIRECTION('',(1.0,0.0,0.0));
#6101=ORIENTED_EDGE('',*,*,#8284,.F.);
#6102=ORIENTED_EDGE('',*,*,#8285,.F.);
#6103=ORIENTED_EDGE('',*,*,#8286,.T.);
#6104=ORIENTED_EDGE('',*,*,#8166,.F.);
#6105=ORIENTED_EDGE('',*,*,#8161,.T.);
#6106=ORIENTED_EDGE('',*,*,#8286,.F.);
#6107=ORIENTED_EDGE('',*,*,#8287,.T.);
#6108=ORIENTED_EDGE('',*,*,#8288,.F.);
#6109=CARTESIAN_POINT('',(-51.979014432976,-20.9842987804878,-11.2822895075184));
#6110=DIRECTION('',(0.0,1.0,0.0));
#6111=DIRECTION('',(0.0,0.0,-1.0));
#6112=ORIENTED_EDGE('',*,*,#8162,.F.);
#6113=ORIENTED_EDGE('',*,*,#8288,.T.);
#6114=ORIENTED_EDGE('',*,*,#8289,.F.);
#6115=ORIENTED_EDGE('',*,*,#8290,.T.);
#6116=ORIENTED_EDGE('',*,*,#8290,.F.);
#6117=ORIENTED_EDGE('',*,*,#8291,.F.);
#6118=ORIENTED_EDGE('',*,*,#8292,.T.);
#6119=ORIENTED_EDGE('',*,*,#8163,.F.);
#6120=ORIENTED_EDGE('',*,*,#8293,.T.);
#6121=ORIENTED_EDGE('',*,*,#8294,.F.);
#6122=ORIENTED_EDGE('',*,*,#8164,.T.);
#6123=ORIENTED_EDGE('',*,*,#8292,.F.);
#6124=CARTESIAN_POINT('',(-52.2133290080264,-19.7842987804878,-11.2822895075184));
#6125=DIRECTION('',(0.0,-1.0,0.0));
#6126=DIRECTION('',(0.0,0.0,1.0));
#6127=ORIENTED_EDGE('',*,*,#8165,.F.);
#6128=ORIENTED_EDGE('',*,*,#8294,.T.);
#6129=ORIENTED_EDGE('',*,*,#8295,.F.);
#6130=ORIENTED_EDGE('',*,*,#8284,.T.);
#6131=ORIENTED_EDGE('',*,*,#8285,.T.);
#6132=ORIENTED_EDGE('',*,*,#8295,.T.);
#6133=ORIENTED_EDGE('',*,*,#8293,.F.);
#6134=ORIENTED_EDGE('',*,*,#8291,.T.);
#6135=ORIENTED_EDGE('',*,*,#8289,.T.);
#6136=ORIENTED_EDGE('',*,*,#8287,.F.);
#6137=CARTESIAN_POINT('',(-52.096171720501,-19.7842987804878,-11.5822895075184));
#6138=DIRECTION('',(0.0,0.0,1.0));
#6139=DIRECTION('',(1.0,0.0,0.0));
#6140=ORIENTED_EDGE('',*,*,#8172,.T.);
#6141=ORIENTED_EDGE('',*,*,#8296,.F.);
#6142=ORIENTED_EDGE('',*,*,#8297,.T.);
#6143=ORIENTED_EDGE('',*,*,#8298,.F.);
#6144=CARTESIAN_POINT('',(-53.1229666397441,-27.0842987804878,-11.4822895075184));
#6145=DIRECTION('',(0.0,1.0,-0.0));
#6146=DIRECTION('',(-1.0,0.0,0.0));
#6147=ORIENTED_EDGE('',*,*,#8299,.F.);
#6148=ORIENTED_EDGE('',*,*,#8167,.F.);
#6149=ORIENTED_EDGE('',*,*,#8298,.T.);
#6150=ORIENTED_EDGE('',*,*,#8300,.F.);
#6151=ORIENTED_EDGE('',*,*,#8301,.T.);
#6152=ORIENTED_EDGE('',*,*,#8302,.F.);
#6153=ORIENTED_EDGE('',*,*,#8303,.T.);
#6154=ORIENTED_EDGE('',*,*,#8300,.T.);
#6155=ORIENTED_EDGE('',*,*,#8297,.F.);
#6156=ORIENTED_EDGE('',*,*,#8304,.T.);
#6157=CARTESIAN_POINT('',(-53.096171720501,-27.0842987804878,-11.2822895075184));
#6158=DIRECTION('',(0.0,0.0,1.0));
#6159=DIRECTION('',(1.0,0.0,0.0));
#6160=ORIENTED_EDGE('',*,*,#8304,.F.);
#6161=ORIENTED_EDGE('',*,*,#8296,.T.);
#6162=ORIENTED_EDGE('',*,*,#8171,.F.);
#6163=ORIENTED_EDGE('',*,*,#8305,.T.);
#6164=ORIENTED_EDGE('',*,*,#8305,.F.);
#6165=ORIENTED_EDGE('',*,*,#8170,.F.);
#6166=ORIENTED_EDGE('',*,*,#8306,.T.);
#6167=ORIENTED_EDGE('',*,*,#8301,.F.);
#6168=ORIENTED_EDGE('',*,*,#8169,.T.);
#6169=ORIENTED_EDGE('',*,*,#8307,.F.);
#6170=ORIENTED_EDGE('',*,*,#8302,.T.);
#6171=ORIENTED_EDGE('',*,*,#8306,.F.);
#6172=CARTESIAN_POINT('',(-53.0693768012579,-28.6842987804878,-11.4822895075184));
#6173=DIRECTION('',(0.0,-1.0,0.0));
#6174=DIRECTION('',(1.0,0.0,0.0));
#6175=ORIENTED_EDGE('',*,*,#8303,.F.);
#6176=ORIENTED_EDGE('',*,*,#8307,.T.);
#6177=ORIENTED_EDGE('',*,*,#8168,.F.);
#6178=ORIENTED_EDGE('',*,*,#8299,.T.);
#6179=ORIENTED_EDGE('',*,*,#8103,.T.);
#6180=ORIENTED_EDGE('',*,*,#8073,.F.);
#6181=ORIENTED_EDGE('',*,*,#8308,.T.);
#6182=ORIENTED_EDGE('',*,*,#8309,.F.);
#6183=CARTESIAN_POINT('',(-53.0693768012579,-27.0842987804878,-11.8822895075184));
#6184=DIRECTION('',(0.0,1.0,-0.0));
#6185=DIRECTION('',(-1.0,0.0,0.0));
#6186=ORIENTED_EDGE('',*,*,#8099,.F.);
#6187=ORIENTED_EDGE('',*,*,#8309,.T.);
#6188=ORIENTED_EDGE('',*,*,#8310,.F.);
#6189=ORIENTED_EDGE('',*,*,#8311,.T.);
#6190=ORIENTED_EDGE('',*,*,#8311,.F.);
#6191=ORIENTED_EDGE('',*,*,#8312,.F.);
#6192=ORIENTED_EDGE('',*,*,#8313,.T.);
#6193=ORIENTED_EDGE('',*,*,#8100,.F.);
#6194=ORIENTED_EDGE('',*,*,#8101,.T.);
#6195=ORIENTED_EDGE('',*,*,#8313,.F.);
#6196=ORIENTED_EDGE('',*,*,#8314,.T.);
#6197=ORIENTED_EDGE('',*,*,#8315,.F.);
#6198=CARTESIAN_POINT('',(-53.1229666397441,-27.0842987804878,-11.8822895075184));
#6199=DIRECTION('',(0.0,-1.0,0.0));
#6200=DIRECTION('',(1.0,0.0,0.0));
#6201=ORIENTED_EDGE('',*,*,#8102,.F.);
#6202=ORIENTED_EDGE('',*,*,#8315,.T.);
#6203=ORIENTED_EDGE('',*,*,#8316,.F.);
#6204=ORIENTED_EDGE('',*,*,#8071,.T.);
#6205=ORIENTED_EDGE('',*,*,#8316,.T.);
#6206=ORIENTED_EDGE('',*,*,#8314,.F.);
#6207=ORIENTED_EDGE('',*,*,#8312,.T.);
#6208=ORIENTED_EDGE('',*,*,#8310,.T.);
#6209=ORIENTED_EDGE('',*,*,#8308,.F.);
#6210=ORIENTED_EDGE('',*,*,#8072,.T.);
#6211=CARTESIAN_POINT('',(-53.096171720501,-27.0842987804878,-11.6822895075184));
#6212=DIRECTION('',(0.0,0.0,-1.0));
#6213=DIRECTION('',(0.0,-1.0,0.0));
#6214=ORIENTED_EDGE('',*,*,#8317,.F.);
#6215=ORIENTED_EDGE('',*,*,#8318,.F.);
#6216=ORIENTED_EDGE('',*,*,#8319,.T.);
#6217=ORIENTED_EDGE('',*,*,#8109,.F.);
#6218=ORIENTED_EDGE('',*,*,#8104,.T.);
#6219=ORIENTED_EDGE('',*,*,#8319,.F.);
#6220=ORIENTED_EDGE('',*,*,#8320,.T.);
#6221=ORIENTED_EDGE('',*,*,#8321,.F.);
#6222=CARTESIAN_POINT('',(-54.213329008026,-19.7842987804878,-11.6822895075184));
#6223=DIRECTION('',(0.0,1.0,0.0));
#6224=DIRECTION('',(0.0,0.0,-1.0));
#6225=ORIENTED_EDGE('',*,*,#8105,.F.);
#6226=ORIENTED_EDGE('',*,*,#8321,.T.);
#6227=ORIENTED_EDGE('',*,*,#8322,.F.);
#6228=ORIENTED_EDGE('',*,*,#8323,.T.);
#6229=ORIENTED_EDGE('',*,*,#8323,.F.);
#6230=ORIENTED_EDGE('',*,*,#8324,.F.);
#6231=ORIENTED_EDGE('',*,*,#8325,.T.);
#6232=ORIENTED_EDGE('',*,*,#8106,.F.);
#6233=ORIENTED_EDGE('',*,*,#8326,.T.);
#6234=ORIENTED_EDGE('',*,*,#8327,.F.);
#6235=ORIENTED_EDGE('',*,*,#8107,.T.);
#6236=ORIENTED_EDGE('',*,*,#8325,.F.);
#6237=CARTESIAN_POINT('',(-53.9790144329756,-19.7842987804878,-11.6822895075184));
#6238=DIRECTION('',(0.0,-1.0,0.0));
#6239=DIRECTION('',(0.0,0.0,1.0));
#6240=ORIENTED_EDGE('',*,*,#8108,.F.);
#6241=ORIENTED_EDGE('',*,*,#8327,.T.);
#6242=ORIENTED_EDGE('',*,*,#8328,.F.);
#6243=ORIENTED_EDGE('',*,*,#8317,.T.);
#6244=ORIENTED_EDGE('',*,*,#8318,.T.);
#6245=ORIENTED_EDGE('',*,*,#8328,.T.);
#6246=ORIENTED_EDGE('',*,*,#8326,.F.);
#6247=ORIENTED_EDGE('',*,*,#8324,.T.);
#6248=ORIENTED_EDGE('',*,*,#8322,.T.);
#6249=ORIENTED_EDGE('',*,*,#8320,.F.);
#6250=CARTESIAN_POINT('',(-54.096171720501,-19.7842987804878,-11.9822895075184));
#6251=DIRECTION('',(0.0,0.0,1.0));
#6252=DIRECTION('',(1.0,0.0,0.0));
#6253=ORIENTED_EDGE('',*,*,#8329,.F.);
#6254=ORIENTED_EDGE('',*,*,#8330,.T.);
#6255=ORIENTED_EDGE('',*,*,#8115,.F.);
#6256=ORIENTED_EDGE('',*,*,#8331,.T.);
#6257=ORIENTED_EDGE('',*,*,#8331,.F.);
#6258=ORIENTED_EDGE('',*,*,#8114,.F.);
#6259=ORIENTED_EDGE('',*,*,#8332,.T.);
#6260=ORIENTED_EDGE('',*,*,#8333,.F.);
#6261=ORIENTED_EDGE('',*,*,#8334,.T.);
#6262=ORIENTED_EDGE('',*,*,#8335,.T.);
#6263=ORIENTED_EDGE('',*,*,#8336,.F.);
#6264=ORIENTED_EDGE('',*,*,#8329,.T.);
#6265=ORIENTED_EDGE('',*,*,#8333,.T.);
#6266=ORIENTED_EDGE('',*,*,#8337,.F.);
#6267=CARTESIAN_POINT('',(-52.096171720501,-19.7842987804878,-11.9822895075184));
#6268=DIRECTION('',(0.0,0.0,-1.0));
#6269=DIRECTION('',(0.0,-1.0,0.0));
#6270=ORIENTED_EDGE('',*,*,#8113,.T.);
#6271=ORIENTED_EDGE('',*,*,#8338,.F.);
#6272=ORIENTED_EDGE('',*,*,#8337,.T.);
#6273=ORIENTED_EDGE('',*,*,#8332,.F.);
#6274=CARTESIAN_POINT('',(-51.979014432976,-19.7842987804878,-11.6822895075184));
#6275=DIRECTION('',(0.0,-1.0,0.0));
#6276=DIRECTION('',(0.0,0.0,1.0));
#6277=ORIENTED_EDGE('',*,*,#8334,.F.);
#6278=ORIENTED_EDGE('',*,*,#8338,.T.);
#6279=ORIENTED_EDGE('',*,*,#8112,.F.);
#6280=ORIENTED_EDGE('',*,*,#8339,.T.);
#6281=ORIENTED_EDGE('',*,*,#8339,.F.);
#6282=ORIENTED_EDGE('',*,*,#8111,.F.);
#6283=ORIENTED_EDGE('',*,*,#8340,.T.);
#6284=ORIENTED_EDGE('',*,*,#8335,.F.);
#6285=ORIENTED_EDGE('',*,*,#8336,.T.);
#6286=ORIENTED_EDGE('',*,*,#8340,.F.);
#6287=ORIENTED_EDGE('',*,*,#8110,.T.);
#6288=ORIENTED_EDGE('',*,*,#8330,.F.);
#6289=CARTESIAN_POINT('',(-52.2133290080264,-19.7842987804878,-11.6822895075184));
#6290=DIRECTION('',(0.0,1.0,0.0));
#6291=DIRECTION('',(0.0,0.0,-1.0));
#6292=ORIENTED_EDGE('',*,*,#8341,.F.);
#6293=ORIENTED_EDGE('',*,*,#8342,.F.);
#6294=ORIENTED_EDGE('',*,*,#8343,.T.);
#6295=ORIENTED_EDGE('',*,*,#8344,.F.);
#6296=CARTESIAN_POINT('',(-48.77217325778,-32.6342987804878,8.66771049248159));
#6297=DIRECTION('',(0.0,-1.0,0.0));
#6298=DIRECTION('',(0.0,0.0,1.0));
#6299=ORIENTED_EDGE('',*,*,#8345,.F.);
#6300=ORIENTED_EDGE('',*,*,#8346,.T.);
#6301=ORIENTED_EDGE('',*,*,#8347,.F.);
#6302=ORIENTED_EDGE('',*,*,#8348,.F.);
#6303=CARTESIAN_POINT('',(-53.096171720501,-20.0842987804878,2.41771049248159));
#6304=DIRECTION('',(0.0,1.0,0.0));
#6305=DIRECTION('',(0.0,0.0,1.0));
#6306=ORIENTED_EDGE('',*,*,#8349,.F.);
#6307=ORIENTED_EDGE('',*,*,#8350,.F.);
#6308=ORIENTED_EDGE('',*,*,#8351,.T.);
#6309=ORIENTED_EDGE('',*,*,#8352,.F.);
#6310=CARTESIAN_POINT('',(-47.296171720501,-25.9842987804878,11.3677104924816));
#6311=DIRECTION('',(0.0,-1.0,0.0));
#6312=DIRECTION('',(0.0,0.0,1.0));
#6313=ORIENTED_EDGE('',*,*,#8353,.F.);
#6314=ORIENTED_EDGE('',*,*,#8354,.F.);
#6315=ORIENTED_EDGE('',*,*,#8355,.T.);
#6316=ORIENTED_EDGE('',*,*,#8356,.F.);
#6317=ORIENTED_EDGE('',*,*,#8357,.T.);
#6318=ORIENTED_EDGE('',*,*,#8358,.F.);
#6319=ORIENTED_EDGE('',*,*,#8359,.T.);
#6320=ORIENTED_EDGE('',*,*,#8360,.F.);
#6321=ORIENTED_EDGE('',*,*,#8361,.T.);
#6322=ORIENTED_EDGE('',*,*,#8362,.F.);
#6323=ORIENTED_EDGE('',*,*,#8363,.T.);
#6324=ORIENTED_EDGE('',*,*,#8364,.F.);
#6325=ORIENTED_EDGE('',*,*,#8365,.T.);
#6326=ORIENTED_EDGE('',*,*,#8366,.F.);
#6327=ORIENTED_EDGE('',*,*,#8367,.T.);
#6328=ORIENTED_EDGE('',*,*,#8368,.F.);
#6329=ORIENTED_EDGE('',*,*,#8369,.F.);
#6330=CARTESIAN_POINT('',(-53.096171720501,-19.3842987804878,2.41771049248159));
#6331=DIRECTION('',(0.0,1.0,0.0));
#6332=DIRECTION('',(0.0,0.0,-1.0));
#6333=ORIENTED_EDGE('',*,*,#8370,.F.);
#6334=ORIENTED_EDGE('',*,*,#8371,.F.);
#6335=ORIENTED_EDGE('',*,*,#8372,.F.);
#6336=ORIENTED_EDGE('',*,*,#8373,.F.);
#6337=CARTESIAN_POINT('',(-60.660545652907,-32.6342987804878,4.01771049248159));
#6338=DIRECTION('',(0.0,-1.0,0.0));
#6339=DIRECTION('',(0.0,0.0,1.0));
#6340=ORIENTED_EDGE('',*,*,#8374,.F.);
#6341=ORIENTED_EDGE('',*,*,#8375,.F.);
#6342=ORIENTED_EDGE('',*,*,#8376,.T.);
#6343=ORIENTED_EDGE('',*,*,#8377,.T.);
#6344=CARTESIAN_POINT('',(-53.096171720501,-22.3342987804878,2.41771049248159));
#6345=DIRECTION('',(0.0,1.0,0.0));
#6346=DIRECTION('',(0.0,0.0,1.0));
#6347=ORIENTED_EDGE('',*,*,#8378,.F.);
#6348=ORIENTED_EDGE('',*,*,#8379,.T.);
#6349=ORIENTED_EDGE('',*,*,#8380,.T.);
#6350=CARTESIAN_POINT('',(-51.229502395291,-17.6842987804878,13.3598130201116));
#6351=DIRECTION('',(0.0,0.0,-1.0));
#6352=DIRECTION('',(1.0,0.0,0.0));
#6353=ORIENTED_EDGE('',*,*,#8381,.F.);
#6354=ORIENTED_EDGE('',*,*,#8382,.F.);
#6355=ORIENTED_EDGE('',*,*,#8383,.F.);
#6356=ORIENTED_EDGE('',*,*,#8384,.F.);
#6357=CARTESIAN_POINT('',(-55.296171720501,-23.3342987804878,8.21771049248159));
#6358=DIRECTION('',(0.0,-0.948683298050524,-0.316227766016808));
#6359=DIRECTION('',(0.0,0.316227766016808,-0.948683298050524));
#6360=ORIENTED_EDGE('',*,*,#8385,.T.);
#6361=ORIENTED_EDGE('',*,*,#8386,.T.);
#6362=ORIENTED_EDGE('',*,*,#8387,.T.);
#6363=ORIENTED_EDGE('',*,*,#8388,.T.);
#6364=ORIENTED_EDGE('',*,*,#8389,.T.);
#6365=ORIENTED_EDGE('',*,*,#8384,.T.);
#6366=ORIENTED_EDGE('',*,*,#8390,.T.);
#6367=ORIENTED_EDGE('',*,*,#8391,.T.);
#6368=ORIENTED_EDGE('',*,*,#8392,.F.);
#6369=ORIENTED_EDGE('',*,*,#8393,.F.);
#6370=CARTESIAN_POINT('',(-55.296171720501,-22.8342987804878,4.74150050020559));
#6371=DIRECTION('',(-1.0,0.0,0.0));
#6372=DIRECTION('',(0.0,0.0,1.0));
#6373=ORIENTED_EDGE('',*,*,#8375,.T.);
#6374=ORIENTED_EDGE('',*,*,#8394,.T.);
#6375=ORIENTED_EDGE('',*,*,#8395,.T.);
#6376=ORIENTED_EDGE('',*,*,#8396,.T.);
#6377=ORIENTED_EDGE('',*,*,#8397,.T.);
#6378=ORIENTED_EDGE('',*,*,#8398,.T.);
#6379=ORIENTED_EDGE('',*,*,#8373,.T.);
#6380=ORIENTED_EDGE('',*,*,#8399,.T.);
#6381=ORIENTED_EDGE('',*,*,#8400,.T.);
#6382=ORIENTED_EDGE('',*,*,#8401,.T.);
#6383=ORIENTED_EDGE('',*,*,#8402,.T.);
#6384=ORIENTED_EDGE('',*,*,#8403,.T.);
#6385=ORIENTED_EDGE('',*,*,#8404,.T.);
#6386=ORIENTED_EDGE('',*,*,#8405,.T.);
#6387=ORIENTED_EDGE('',*,*,#8344,.T.);
#6388=ORIENTED_EDGE('',*,*,#8406,.T.);
#6389=ORIENTED_EDGE('',*,*,#8407,.T.);
#6390=ORIENTED_EDGE('',*,*,#8408,.T.);
#6391=ORIENTED_EDGE('',*,*,#8409,.T.);
#6392=ORIENTED_EDGE('',*,*,#8393,.T.);
#6393=ORIENTED_EDGE('',*,*,#8410,.T.);
#6394=ORIENTED_EDGE('',*,*,#8411,.T.);
#6395=ORIENTED_EDGE('',*,*,#8412,.T.);
#6396=ORIENTED_EDGE('',*,*,#8413,.T.);
#6397=ORIENTED_EDGE('',*,*,#8414,.T.);
#6398=ORIENTED_EDGE('',*,*,#8415,.T.);
#6399=ORIENTED_EDGE('',*,*,#8416,.T.);
#6400=ORIENTED_EDGE('',*,*,#8417,.T.);
#6401=ORIENTED_EDGE('',*,*,#8418,.T.);
#6402=ORIENTED_EDGE('',*,*,#8419,.T.);
#6403=CARTESIAN_POINT('',(-53.096171720501,-22.6342987804878,2.41771049248159));
#6404=DIRECTION('',(0.0,1.0,0.0));
#6405=DIRECTION('',(1.0,0.0,-0.0));
#6406=ORIENTED_EDGE('',*,*,#8420,.F.);
#6407=ORIENTED_EDGE('',*,*,#8421,.F.);
#6408=ORIENTED_EDGE('',*,*,#8376,.F.);
#6409=ORIENTED_EDGE('',*,*,#8408,.F.);
#6410=ORIENTED_EDGE('',*,*,#8422,.F.);
#6411=ORIENTED_EDGE('',*,*,#8423,.F.);
#6412=ORIENTED_EDGE('',*,*,#8424,.F.);
#6413=ORIENTED_EDGE('',*,*,#8425,.F.);
#6414=ORIENTED_EDGE('',*,*,#8426,.T.);
#6415=ORIENTED_EDGE('',*,*,#8427,.F.);
#6416=CARTESIAN_POINT('',(-50.042204606109,-32.6342987804878,11.0765837081816));
#6417=DIRECTION('',(0.737154140200746,0.0,-0.675724628517342));
#6418=DIRECTION('',(0.0,-1.0,0.0));
#6419=ORIENTED_EDGE('',*,*,#8428,.T.);
#6420=ORIENTED_EDGE('',*,*,#8427,.T.);
#6421=ORIENTED_EDGE('',*,*,#8429,.T.);
#6422=ORIENTED_EDGE('',*,*,#8430,.T.);
#6423=ORIENTED_EDGE('',*,*,#8431,.T.);
#6424=CARTESIAN_POINT('',(-53.096171720501,-19.3842987804878,2.41771049248159));
#6425=DIRECTION('',(0.0,1.0,0.0));
#6426=DIRECTION('',(1.0,0.0,-0.0));
#6427=ORIENTED_EDGE('',*,*,#8432,.T.);
#6428=ORIENTED_EDGE('',*,*,#8431,.F.);
#6429=ORIENTED_EDGE('',*,*,#8433,.T.);
#6430=ORIENTED_EDGE('',*,*,#8363,.F.);
#6431=ORIENTED_EDGE('',*,*,#8434,.F.);
#6432=ORIENTED_EDGE('',*,*,#8435,.F.);
#6433=CARTESIAN_POINT('',(-44.596171720501,-30.0844615925478,-3.3105091262134));
#6434=DIRECTION('',(0.558850694506816,0.0,0.829268292682923));
#6435=DIRECTION('',(0.0,-1.0,0.0));
#6436=ORIENTED_EDGE('',*,*,#8377,.F.);
#6437=ORIENTED_EDGE('',*,*,#8421,.T.);
#6438=ORIENTED_EDGE('',*,*,#8436,.F.);
#6439=ORIENTED_EDGE('',*,*,#8435,.T.);
#6440=ORIENTED_EDGE('',*,*,#8437,.F.);
#6441=ORIENTED_EDGE('',*,*,#8438,.T.);
#6442=ORIENTED_EDGE('',*,*,#8346,.F.);
#6443=ORIENTED_EDGE('',*,*,#8439,.T.);
#6444=CARTESIAN_POINT('',(-53.096171720501,-22.6342987804878,2.41771049248159));
#6445=DIRECTION('',(0.0,-1.0,0.0));
#6446=DIRECTION('',(0.0,0.0,1.0));
#6447=ORIENTED_EDGE('',*,*,#8439,.F.);
#6448=ORIENTED_EDGE('',*,*,#8440,.F.);
#6449=ORIENTED_EDGE('',*,*,#8441,.T.);
#6450=ORIENTED_EDGE('',*,*,#8442,.F.);
#6451=ORIENTED_EDGE('',*,*,#8443,.T.);
#6452=ORIENTED_EDGE('',*,*,#8444,.F.);
#6453=ORIENTED_EDGE('',*,*,#8445,.T.);
#6454=ORIENTED_EDGE('',*,*,#8446,.F.);
#6455=ORIENTED_EDGE('',*,*,#8447,.T.);
#6456=ORIENTED_EDGE('',*,*,#8448,.F.);
#6457=ORIENTED_EDGE('',*,*,#8449,.T.);
#6458=ORIENTED_EDGE('',*,*,#8450,.F.);
#6459=CARTESIAN_POINT('',(-53.096171720501,-22.6342987804878,2.41771049248159));
#6460=DIRECTION('',(0.0,-1.0,0.0));
#6461=DIRECTION('',(0.0,0.0,1.0));
#6462=ORIENTED_EDGE('',*,*,#8374,.T.);
#6463=ORIENTED_EDGE('',*,*,#8450,.T.);
#6464=ORIENTED_EDGE('',*,*,#8451,.T.);
#6465=ORIENTED_EDGE('',*,*,#8394,.F.);
#6466=CARTESIAN_POINT('',(-53.096171720501,-22.3342987804878,2.41771049248159));
#6467=DIRECTION('',(0.0,1.0,0.0));
#6468=DIRECTION('',(0.0,0.0,1.0));
#6469=ORIENTED_EDGE('',*,*,#8395,.F.);
#6470=ORIENTED_EDGE('',*,*,#8451,.F.);
#6471=ORIENTED_EDGE('',*,*,#8449,.F.);
#6472=ORIENTED_EDGE('',*,*,#8452,.T.);
#6473=ORIENTED_EDGE('',*,*,#8453,.F.);
#6474=CARTESIAN_POINT('',(-54.596171720501,-32.6342987804878,12.2315886811416));
#6475=DIRECTION('',(-1.0,0.0,0.0));
#6476=DIRECTION('',(0.0,0.0,1.0));
#6477=ORIENTED_EDGE('',*,*,#8396,.F.);
#6478=ORIENTED_EDGE('',*,*,#8453,.T.);
#6479=ORIENTED_EDGE('',*,*,#8454,.F.);
#6480=ORIENTED_EDGE('',*,*,#8455,.F.);
#6481=CARTESIAN_POINT('',(-54.696171720501,-32.6342987804878,12.2315886811416));
#6482=DIRECTION('',(0.0,-1.0,0.0));
#6483=DIRECTION('',(0.0,0.0,1.0));
#6484=ORIENTED_EDGE('',*,*,#8397,.F.);
#6485=ORIENTED_EDGE('',*,*,#8455,.T.);
#6486=ORIENTED_EDGE('',*,*,#8456,.F.);
#6487=ORIENTED_EDGE('',*,*,#8457,.F.);
#6488=CARTESIAN_POINT('',(-51.696171720501,-32.6342987804878,3.21771049248159));
#6489=DIRECTION('',(0.0,-1.0,0.0));
#6490=DIRECTION('',(0.0,0.0,1.0));
#6491=ORIENTED_EDGE('',*,*,#8370,.T.);
#6492=ORIENTED_EDGE('',*,*,#8398,.F.);
#6493=ORIENTED_EDGE('',*,*,#8457,.T.);
#6494=ORIENTED_EDGE('',*,*,#8458,.F.);
#6495=CARTESIAN_POINT('',(-60.660545652907,-32.6342987804878,4.01771049248159));
#6496=DIRECTION('',(0.0,-1.0,0.0));
#6497=DIRECTION('',(0.0,0.0,1.0));
#6498=ORIENTED_EDGE('',*,*,#8399,.F.);
#6499=ORIENTED_EDGE('',*,*,#8372,.T.);
#6500=ORIENTED_EDGE('',*,*,#8459,.F.);
#6501=ORIENTED_EDGE('',*,*,#8460,.F.);
#6502=CARTESIAN_POINT('',(-51.696171720501,-32.6342987804878,3.21771049248159));
#6503=DIRECTION('',(0.0,-1.0,0.0));
#6504=DIRECTION('',(0.0,0.0,1.0));
#6505=ORIENTED_EDGE('',*,*,#8461,.F.);
#6506=ORIENTED_EDGE('',*,*,#8400,.F.);
#6507=ORIENTED_EDGE('',*,*,#8460,.T.);
#6508=ORIENTED_EDGE('',*,*,#8462,.F.);
#6509=CARTESIAN_POINT('',(-55.396171720501,-32.6342987804878,10.8701610803656));
#6510=DIRECTION('',(0.0,-1.0,0.0));
#6511=DIRECTION('',(0.0,0.0,1.0));
#6512=ORIENTED_EDGE('',*,*,#8463,.T.);
#6513=ORIENTED_EDGE('',*,*,#8464,.T.);
#6514=ORIENTED_EDGE('',*,*,#8465,.T.);
#6515=ORIENTED_EDGE('',*,*,#8466,.T.);
#6516=ORIENTED_EDGE('',*,*,#8358,.T.);
#6517=ORIENTED_EDGE('',*,*,#8467,.T.);
#6518=ORIENTED_EDGE('',*,*,#8350,.T.);
#6519=ORIENTED_EDGE('',*,*,#8468,.T.);
#6520=ORIENTED_EDGE('',*,*,#8469,.T.);
#6521=ORIENTED_EDGE('',*,*,#8423,.T.);
#6522=ORIENTED_EDGE('',*,*,#8470,.T.);
#6523=ORIENTED_EDGE('',*,*,#8471,.T.);
#6524=ORIENTED_EDGE('',*,*,#8342,.T.);
#6525=ORIENTED_EDGE('',*,*,#8472,.T.);
#6526=ORIENTED_EDGE('',*,*,#8473,.T.);
#6527=ORIENTED_EDGE('',*,*,#8474,.T.);
#6528=ORIENTED_EDGE('',*,*,#8475,.F.);
#6529=ORIENTED_EDGE('',*,*,#8476,.T.);
#6530=ORIENTED_EDGE('',*,*,#8462,.T.);
#6531=ORIENTED_EDGE('',*,*,#8459,.T.);
#6532=ORIENTED_EDGE('',*,*,#8371,.T.);
#6533=ORIENTED_EDGE('',*,*,#8458,.T.);
#6534=ORIENTED_EDGE('',*,*,#8456,.T.);
#6535=ORIENTED_EDGE('',*,*,#8454,.T.);
#6536=ORIENTED_EDGE('',*,*,#8452,.F.);
#6537=ORIENTED_EDGE('',*,*,#8448,.T.);
#6538=ORIENTED_EDGE('',*,*,#8477,.F.);
#6539=ORIENTED_EDGE('',*,*,#8478,.T.);
#6540=ORIENTED_EDGE('',*,*,#8354,.T.);
#6541=ORIENTED_EDGE('',*,*,#8479,.T.);
#6542=ORIENTED_EDGE('',*,*,#8480,.T.);
#6543=ORIENTED_EDGE('',*,*,#8481,.T.);
#6544=ORIENTED_EDGE('',*,*,#8482,.T.);
#6545=ORIENTED_EDGE('',*,*,#8483,.T.);
#6546=ORIENTED_EDGE('',*,*,#8484,.T.);
#6547=ORIENTED_EDGE('',*,*,#8485,.T.);
#6548=ORIENTED_EDGE('',*,*,#8486,.T.);
#6549=ORIENTED_EDGE('',*,*,#8487,.T.);
#6550=ORIENTED_EDGE('',*,*,#8488,.T.);
#6551=ORIENTED_EDGE('',*,*,#8489,.F.);
#6552=ORIENTED_EDGE('',*,*,#8490,.F.);
#6553=ORIENTED_EDGE('',*,*,#8491,.F.);
#6554=ORIENTED_EDGE('',*,*,#8492,.F.);
#6555=ORIENTED_EDGE('',*,*,#8493,.T.);
#6556=ORIENTED_EDGE('',*,*,#8494,.T.);
#6557=ORIENTED_EDGE('',*,*,#8495,.T.);
#6558=ORIENTED_EDGE('',*,*,#8496,.T.);
#6559=ORIENTED_EDGE('',*,*,#8497,.T.);
#6560=ORIENTED_EDGE('',*,*,#8498,.T.);
#6561=ORIENTED_EDGE('',*,*,#8499,.T.);
#6562=ORIENTED_EDGE('',*,*,#8500,.T.);
#6563=ORIENTED_EDGE('',*,*,#8501,.T.);
#6564=ORIENTED_EDGE('',*,*,#8502,.T.);
#6565=ORIENTED_EDGE('',*,*,#8503,.F.);
#6566=ORIENTED_EDGE('',*,*,#8504,.T.);
#6567=CARTESIAN_POINT('',(-53.096171720501,-24.4842987804878,2.41771049248159));
#6568=DIRECTION('',(0.0,1.0,0.0));
#6569=DIRECTION('',(1.0,0.0,-0.0));
#6570=ORIENTED_EDGE('',*,*,#8505,.F.);
#6571=ORIENTED_EDGE('',*,*,#8480,.F.);
#6572=ORIENTED_EDGE('',*,*,#8506,.F.);
#6573=ORIENTED_EDGE('',*,*,#8507,.F.);
#6574=ORIENTED_EDGE('',*,*,#8508,.T.);
#6575=ORIENTED_EDGE('',*,*,#8509,.T.);
#6576=ORIENTED_EDGE('',*,*,#8510,.T.);
#6577=CARTESIAN_POINT('',(-56.046171720501,-19.3842987804878,-13.9322895075184));
#6578=DIRECTION('',(1.0,0.0,0.0));
#6579=DIRECTION('',(0.0,1.0,0.0));
#6580=ORIENTED_EDGE('',*,*,#8511,.F.);
#6581=ORIENTED_EDGE('',*,*,#8512,.F.);
#6582=ORIENTED_EDGE('',*,*,#8513,.F.);
#6583=ORIENTED_EDGE('',*,*,#8514,.T.);
#6584=ORIENTED_EDGE('',*,*,#8510,.F.);
#6585=ORIENTED_EDGE('',*,*,#8515,.F.);
#6586=ORIENTED_EDGE('',*,*,#8516,.T.);
#6587=CARTESIAN_POINT('',(-53.096171720501,-17.8842987804878,2.41771049248159));
#6588=DIRECTION('',(0.0,1.0,0.0));
#6589=DIRECTION('',(1.0,0.0,-0.0));
#6590=ORIENTED_EDGE('',*,*,#8516,.F.);
#6591=ORIENTED_EDGE('',*,*,#8517,.F.);
#6592=ORIENTED_EDGE('',*,*,#8518,.T.);
#6593=ORIENTED_EDGE('',*,*,#8519,.T.);
#6594=ORIENTED_EDGE('',*,*,#8520,.T.);
#6595=ORIENTED_EDGE('',*,*,#8521,.T.);
#6596=CARTESIAN_POINT('',(-55.196171720501,-17.8842987804878,-8.8380658023784));
#6597=DIRECTION('',(1.0,0.0,0.0));
#6598=DIRECTION('',(0.0,1.0,0.0));
#6599=ORIENTED_EDGE('',*,*,#8522,.F.);
#6600=ORIENTED_EDGE('',*,*,#8523,.F.);
#6601=ORIENTED_EDGE('',*,*,#8511,.T.);
#6602=ORIENTED_EDGE('',*,*,#8521,.F.);
#6603=CARTESIAN_POINT('',(-54.621171720501,-26.5842987804878,-11.3322895075184));
#6604=DIRECTION('',(0.0,0.0,1.0));
#6605=DIRECTION('',(1.0,0.0,0.0));
#6606=ORIENTED_EDGE('',*,*,#8524,.F.);
#6607=ORIENTED_EDGE('',*,*,#8525,.F.);
#6608=ORIENTED_EDGE('',*,*,#8526,.T.);
#6609=ORIENTED_EDGE('',*,*,#8512,.T.);
#6610=ORIENTED_EDGE('',*,*,#8523,.T.);
#6611=ORIENTED_EDGE('',*,*,#8527,.T.);
#6612=ORIENTED_EDGE('',*,*,#8528,.T.);
#6613=CARTESIAN_POINT('',(-55.146171720501,-18.1342987804878,-6.33203951376841));
#6614=DIRECTION('',(-1.0,0.0,0.0));
#6615=DIRECTION('',(0.0,0.0,1.0));
#6616=ORIENTED_EDGE('',*,*,#8529,.F.);
#6617=ORIENTED_EDGE('',*,*,#8530,.T.);
#6618=ORIENTED_EDGE('',*,*,#8528,.F.);
#6619=ORIENTED_EDGE('',*,*,#8531,.T.);
#6620=CARTESIAN_POINT('',(-53.096171720501,-22.9842987804878,2.41771049248159));
#6621=DIRECTION('',(0.0,1.0,0.0));
#6622=DIRECTION('',(1.0,0.0,-0.0));
#6623=ORIENTED_EDGE('',*,*,#8532,.F.);
#6624=ORIENTED_EDGE('',*,*,#8533,.T.);
#6625=ORIENTED_EDGE('',*,*,#8534,.T.);
#6626=ORIENTED_EDGE('',*,*,#8490,.T.);
#6627=ORIENTED_EDGE('',*,*,#8535,.F.);
#6628=ORIENTED_EDGE('',*,*,#8536,.T.);
#6629=ORIENTED_EDGE('',*,*,#8531,.F.);
#6630=ORIENTED_EDGE('',*,*,#8527,.F.);
#6631=ORIENTED_EDGE('',*,*,#8537,.F.);
#6632=ORIENTED_EDGE('',*,*,#8538,.F.);
#6633=CARTESIAN_POINT('',(-54.621171720501,-26.5842987804878,-11.3322895075184));
#6634=DIRECTION('',(0.0,0.0,1.0));
#6635=DIRECTION('',(1.0,0.0,0.0));
#6636=ORIENTED_EDGE('',*,*,#8538,.T.);
#6637=ORIENTED_EDGE('',*,*,#8539,.T.);
#6638=ORIENTED_EDGE('',*,*,#8540,.T.);
#6639=ORIENTED_EDGE('',*,*,#8541,.F.);
#6640=ORIENTED_EDGE('',*,*,#8542,.F.);
#6641=ORIENTED_EDGE('',*,*,#8543,.F.);
#6642=ORIENTED_EDGE('',*,*,#8544,.T.);
#6643=CARTESIAN_POINT('',(-51.046171720501,-18.1342987804878,-6.33203951376841));
#6644=DIRECTION('',(1.0,0.0,0.0));
#6645=DIRECTION('',(0.0,1.0,0.0));
#6646=ORIENTED_EDGE('',*,*,#8545,.F.);
#6647=ORIENTED_EDGE('',*,*,#8532,.T.);
#6648=ORIENTED_EDGE('',*,*,#8544,.F.);
#6649=ORIENTED_EDGE('',*,*,#8546,.T.);
#6650=CARTESIAN_POINT('',(-53.096171720501,-22.9842987804878,2.41771049248159));
#6651=DIRECTION('',(0.0,1.0,0.0));
#6652=DIRECTION('',(1.0,0.0,-0.0));
#6653=ORIENTED_EDGE('',*,*,#8547,.F.);
#6654=ORIENTED_EDGE('',*,*,#8548,.T.);
#6655=ORIENTED_EDGE('',*,*,#8549,.F.);
#6656=ORIENTED_EDGE('',*,*,#8550,.F.);
#6657=ORIENTED_EDGE('',*,*,#8551,.F.);
#6658=ORIENTED_EDGE('',*,*,#8524,.T.);
#6659=ORIENTED_EDGE('',*,*,#8530,.F.);
#6660=ORIENTED_EDGE('',*,*,#8552,.T.);
#6661=ORIENTED_EDGE('',*,*,#8553,.T.);
#6662=ORIENTED_EDGE('',*,*,#8492,.T.);
#6663=ORIENTED_EDGE('',*,*,#8554,.F.);
#6664=ORIENTED_EDGE('',*,*,#8555,.T.);
#6665=ORIENTED_EDGE('',*,*,#8546,.F.);
#6666=ORIENTED_EDGE('',*,*,#8543,.T.);
#6667=CARTESIAN_POINT('',(-54.621171720501,-26.5842987804878,-11.8322895075184));
#6668=DIRECTION('',(0.0,0.0,-1.0));
#6669=DIRECTION('',(0.0,-1.0,0.0));
#6670=ORIENTED_EDGE('',*,*,#8556,.T.);
#6671=ORIENTED_EDGE('',*,*,#8533,.F.);
#6672=ORIENTED_EDGE('',*,*,#8545,.T.);
#6673=ORIENTED_EDGE('',*,*,#8555,.F.);
#6674=CARTESIAN_POINT('',(-51.421171720501,-22.9842987804878,2.41771049248159));
#6675=DIRECTION('',(-0.707106781186598,0.707106781186498,0.0));
#6676=DIRECTION('',(0.0,0.0,1.0));
#6677=ORIENTED_EDGE('',*,*,#8556,.F.);
#6678=ORIENTED_EDGE('',*,*,#8554,.T.);
#6679=ORIENTED_EDGE('',*,*,#8491,.T.);
#6680=ORIENTED_EDGE('',*,*,#8534,.F.);
#6681=CARTESIAN_POINT('',(-51.571171720501,-26.5842987804878,-11.8322895075184));
#6682=DIRECTION('',(1.0,0.0,0.0));
#6683=DIRECTION('',(0.0,1.0,0.0));
#6684=ORIENTED_EDGE('',*,*,#8557,.F.);
#6685=ORIENTED_EDGE('',*,*,#8535,.T.);
#6686=ORIENTED_EDGE('',*,*,#8489,.T.);
#6687=ORIENTED_EDGE('',*,*,#8553,.F.);
#6688=CARTESIAN_POINT('',(-54.621171720501,-26.5842987804878,-11.8322895075184));
#6689=DIRECTION('',(-1.0,0.0,0.0));
#6690=DIRECTION('',(0.0,0.0,1.0));
#6691=ORIENTED_EDGE('',*,*,#8557,.T.);
#6692=ORIENTED_EDGE('',*,*,#8552,.F.);
#6693=ORIENTED_EDGE('',*,*,#8529,.T.);
#6694=ORIENTED_EDGE('',*,*,#8536,.F.);
#6695=CARTESIAN_POINT('',(-54.771171720501,-22.9842987804878,2.41771049248159));
#6696=DIRECTION('',(0.707106781186598,0.707106781186498,0.0));
#6697=DIRECTION('',(0.0,0.0,-1.0));
#6698=ORIENTED_EDGE('',*,*,#8558,.F.);
#6699=ORIENTED_EDGE('',*,*,#8525,.T.);
#6700=ORIENTED_EDGE('',*,*,#8551,.T.);
#6701=ORIENTED_EDGE('',*,*,#8559,.T.);
#6702=ORIENTED_EDGE('',*,*,#8560,.T.);
#6703=ORIENTED_EDGE('',*,*,#8561,.T.);
#6704=ORIENTED_EDGE('',*,*,#8547,.T.);
#6705=ORIENTED_EDGE('',*,*,#8542,.T.);
#6706=CARTESIAN_POINT('',(-53.096171720501,-18.1342987804878,2.41771049248159));
#6707=DIRECTION('',(0.0,-1.0,0.0));
#6708=DIRECTION('',(0.0,0.0,-1.0));
#6709=ORIENTED_EDGE('',*,*,#8562,.T.);
#6710=ORIENTED_EDGE('',*,*,#8548,.F.);
#6711=ORIENTED_EDGE('',*,*,#8561,.F.);
#6712=ORIENTED_EDGE('',*,*,#8563,.T.);
#6713=CARTESIAN_POINT('',(-52.196171720501,-26.3524529497148,-11.8322895075184));
#6714=DIRECTION('',(1.0,0.0,0.0));
#6715=DIRECTION('',(0.0,1.0,0.0));
#6716=ORIENTED_EDGE('',*,*,#8564,.F.);
#6717=ORIENTED_EDGE('',*,*,#8563,.F.);
#6718=ORIENTED_EDGE('',*,*,#8560,.F.);
#6719=ORIENTED_EDGE('',*,*,#8565,.T.);
#6720=CARTESIAN_POINT('',(-53.996171720501,-26.3524529497148,-12.3322895075184));
#6721=DIRECTION('',(0.0,0.0,-1.0));
#6722=DIRECTION('',(0.0,-1.0,0.0));
#6723=ORIENTED_EDGE('',*,*,#8566,.T.);
#6724=ORIENTED_EDGE('',*,*,#8565,.F.);
#6725=ORIENTED_EDGE('',*,*,#8559,.F.);
#6726=ORIENTED_EDGE('',*,*,#8550,.T.);
#6727=CARTESIAN_POINT('',(-53.996171720501,-26.3524529497148,-11.8322895075184));
#6728=DIRECTION('',(-1.0,0.0,0.0));
#6729=DIRECTION('',(0.0,0.0,1.0));
#6730=ORIENTED_EDGE('',*,*,#8549,.T.);
#6731=ORIENTED_EDGE('',*,*,#8562,.F.);
#6732=ORIENTED_EDGE('',*,*,#8564,.T.);
#6733=ORIENTED_EDGE('',*,*,#8566,.F.);
#6734=CARTESIAN_POINT('',(-53.996171720501,-23.4842987804878,-12.3322895075184));
#6735=DIRECTION('',(0.0,-0.707106781186498,-0.707106781186598));
#6736=DIRECTION('',(0.0,-0.707106781186598,0.707106781186498));
#6737=ORIENTED_EDGE('',*,*,#8567,.T.);
#6738=ORIENTED_EDGE('',*,*,#8568,.F.);
#6739=ORIENTED_EDGE('',*,*,#8464,.F.);
#6740=ORIENTED_EDGE('',*,*,#8569,.F.);
#6741=ORIENTED_EDGE('',*,*,#8513,.T.);
#6742=ORIENTED_EDGE('',*,*,#8526,.F.);
#6743=ORIENTED_EDGE('',*,*,#8558,.T.);
#6744=ORIENTED_EDGE('',*,*,#8541,.T.);
#6745=CARTESIAN_POINT('',(-56.046171720501,-19.3842987804878,-13.9322895075184));
#6746=DIRECTION('',(0.0,0.0,1.0));
#6747=DIRECTION('',(1.0,0.0,0.0));
#6748=ORIENTED_EDGE('',*,*,#8569,.T.);
#6749=ORIENTED_EDGE('',*,*,#8463,.F.);
#6750=ORIENTED_EDGE('',*,*,#8505,.T.);
#6751=ORIENTED_EDGE('',*,*,#8514,.F.);
#6752=CARTESIAN_POINT('',(-55.346171720501,-19.3842987804878,-13.2322895075184));
#6753=DIRECTION('',(0.0,1.0,0.0));
#6754=DIRECTION('',(0.0,0.0,-1.0));
#6755=ORIENTED_EDGE('',*,*,#8570,.T.);
#6756=ORIENTED_EDGE('',*,*,#8465,.F.);
#6757=ORIENTED_EDGE('',*,*,#8568,.T.);
#6758=ORIENTED_EDGE('',*,*,#8571,.F.);
#6759=CARTESIAN_POINT('',(-50.846171720501,-19.3842987804878,-13.2322895075184));
#6760=DIRECTION('',(0.0,1.0,0.0));
#6761=DIRECTION('',(0.0,0.0,-1.0));
#6762=ORIENTED_EDGE('',*,*,#8540,.F.);
#6763=ORIENTED_EDGE('',*,*,#8572,.F.);
#6764=ORIENTED_EDGE('',*,*,#8573,.T.);
#6765=ORIENTED_EDGE('',*,*,#8574,.F.);
#6766=ORIENTED_EDGE('',*,*,#8575,.F.);
#6767=ORIENTED_EDGE('',*,*,#8571,.T.);
#6768=ORIENTED_EDGE('',*,*,#8567,.F.);
#6769=CARTESIAN_POINT('',(-53.096171720501,-17.8842987804878,2.41771049248159));
#6770=DIRECTION('',(0.0,1.0,0.0));
#6771=DIRECTION('',(1.0,0.0,-0.0));
#6772=ORIENTED_EDGE('',*,*,#8570,.F.);
#6773=ORIENTED_EDGE('',*,*,#8575,.T.);
#6774=ORIENTED_EDGE('',*,*,#8576,.F.);
#6775=ORIENTED_EDGE('',*,*,#8577,.T.);
#6776=ORIENTED_EDGE('',*,*,#8578,.F.);
#6777=ORIENTED_EDGE('',*,*,#8359,.F.);
#6778=ORIENTED_EDGE('',*,*,#8466,.F.);
#6779=CARTESIAN_POINT('',(-50.146171720501,-19.3842987804878,-13.9322895075184));
#6780=DIRECTION('',(-1.0,0.0,0.0));
#6781=DIRECTION('',(0.0,0.0,1.0));
#6782=ORIENTED_EDGE('',*,*,#8353,.T.);
#6783=ORIENTED_EDGE('',*,*,#8579,.F.);
#6784=ORIENTED_EDGE('',*,*,#8580,.F.);
#6785=ORIENTED_EDGE('',*,*,#8581,.T.);
#6786=ORIENTED_EDGE('',*,*,#8582,.F.);
#6787=ORIENTED_EDGE('',*,*,#8583,.T.);
#6788=ORIENTED_EDGE('',*,*,#8584,.F.);
#6789=ORIENTED_EDGE('',*,*,#8585,.T.);
#6790=ORIENTED_EDGE('',*,*,#8586,.F.);
#6791=ORIENTED_EDGE('',*,*,#8506,.T.);
#6792=ORIENTED_EDGE('',*,*,#8479,.F.);
#6793=CARTESIAN_POINT('',(-53.096171720501,-19.3842987804878,2.41771049248159));
#6794=DIRECTION('',(0.0,1.0,0.0));
#6795=DIRECTION('',(0.0,0.0,-1.0));
#6796=ORIENTED_EDGE('',*,*,#8357,.F.);
#6797=ORIENTED_EDGE('',*,*,#8587,.T.);
#6798=ORIENTED_EDGE('',*,*,#8351,.F.);
#6799=ORIENTED_EDGE('',*,*,#8467,.F.);
#6800=CARTESIAN_POINT('',(-47.196171720501,-25.9842987804878,12.2305846891686));
#6801=DIRECTION('',(-1.0,0.0,0.0));
#6802=DIRECTION('',(0.0,0.0,1.0));
#6803=ORIENTED_EDGE('',*,*,#8349,.T.);
#6804=ORIENTED_EDGE('',*,*,#8588,.F.);
#6805=ORIENTED_EDGE('',*,*,#8589,.F.);
#6806=ORIENTED_EDGE('',*,*,#8468,.F.);
#6807=CARTESIAN_POINT('',(-47.296171720501,-25.9842987804878,11.3677104924816));
#6808=DIRECTION('',(0.0,-1.0,0.0));
#6809=DIRECTION('',(0.0,0.0,1.0));
#6810=ORIENTED_EDGE('',*,*,#8469,.F.);
#6811=ORIENTED_EDGE('',*,*,#8589,.T.);
#6812=ORIENTED_EDGE('',*,*,#8590,.F.);
#6813=ORIENTED_EDGE('',*,*,#8591,.F.);
#6814=ORIENTED_EDGE('',*,*,#8592,.F.);
#6815=CARTESIAN_POINT('',(-57.275185030484,-25.9842987804878,-13.1968416292984));
#6816=DIRECTION('',(0.0,-1.0,0.0));
#6817=DIRECTION('',(0.0,0.0,1.0));
#6818=ORIENTED_EDGE('',*,*,#8593,.T.);
#6819=ORIENTED_EDGE('',*,*,#8594,.T.);
#6820=ORIENTED_EDGE('',*,*,#8366,.T.);
#6821=ORIENTED_EDGE('',*,*,#8595,.T.);
#6822=ORIENTED_EDGE('',*,*,#8596,.T.);
#6823=ORIENTED_EDGE('',*,*,#8597,.T.);
#6824=ORIENTED_EDGE('',*,*,#8424,.T.);
#6825=ORIENTED_EDGE('',*,*,#8592,.T.);
#6826=CARTESIAN_POINT('',(-53.096171720501,-24.4842987804878,2.41771049248159));
#6827=DIRECTION('',(0.0,1.0,0.0));
#6828=DIRECTION('',(1.0,0.0,-0.0));
#6829=ORIENTED_EDGE('',*,*,#8598,.F.);
#6830=ORIENTED_EDGE('',*,*,#8425,.T.);
#6831=ORIENTED_EDGE('',*,*,#8597,.F.);
#6832=ORIENTED_EDGE('',*,*,#8599,.F.);
#6833=CARTESIAN_POINT('',(-48.996171720501,-27.2287914115928,12.2177104924816));
#6834=DIRECTION('',(0.75045339799116,0.0,0.660923367300265));
#6835=DIRECTION('',(0.0,-1.0,0.0));
#6836=ORIENTED_EDGE('',*,*,#8600,.F.);
#6837=ORIENTED_EDGE('',*,*,#8601,.F.);
#6838=ORIENTED_EDGE('',*,*,#8599,.T.);
#6839=ORIENTED_EDGE('',*,*,#8596,.F.);
#6840=CARTESIAN_POINT('',(-49.796171720501,-27.2287914115928,13.2773835999016));
#6841=DIRECTION('',(0.0,-1.0,0.0));
#6842=DIRECTION('',(0.0,0.0,1.0));
#6843=ORIENTED_EDGE('',*,*,#8602,.F.);
#6844=ORIENTED_EDGE('',*,*,#8603,.T.);
#6845=ORIENTED_EDGE('',*,*,#8601,.T.);
#6846=ORIENTED_EDGE('',*,*,#8604,.T.);
#6847=ORIENTED_EDGE('',*,*,#8595,.F.);
#6848=ORIENTED_EDGE('',*,*,#8365,.F.);
#6849=ORIENTED_EDGE('',*,*,#8604,.F.);
#6850=ORIENTED_EDGE('',*,*,#8600,.T.);
#6851=CARTESIAN_POINT('',(-49.796171720501,-27.2287914115928,13.2773835999016));
#6852=DIRECTION('',(0.0,-1.0,0.0));
#6853=DIRECTION('',(0.0,0.0,1.0));
#6854=ORIENTED_EDGE('',*,*,#8429,.F.);
#6855=ORIENTED_EDGE('',*,*,#8426,.F.);
#6856=ORIENTED_EDGE('',*,*,#8598,.T.);
#6857=ORIENTED_EDGE('',*,*,#8603,.F.);
#6858=CARTESIAN_POINT('',(-48.846081040903,-19.5842987804878,12.3498951659416));
#6859=DIRECTION('',(0.660923367300271,0.0,-0.750453397991155));
#6860=DIRECTION('',(0.750453397991155,0.0,0.660923367300271));
#6861=ORIENTED_EDGE('',*,*,#8430,.F.);
#6862=ORIENTED_EDGE('',*,*,#8602,.T.);
#6863=ORIENTED_EDGE('',*,*,#8364,.T.);
#6864=ORIENTED_EDGE('',*,*,#8433,.F.);
#6865=CARTESIAN_POINT('',(-53.096171720501,-19.5842987804878,2.41771049248159));
#6866=DIRECTION('',(0.0,1.0,0.0));
#6867=DIRECTION('',(0.0,0.0,1.0));
#6868=ORIENTED_EDGE('',*,*,#8605,.F.);
#6869=ORIENTED_EDGE('',*,*,#8606,.T.);
#6870=ORIENTED_EDGE('',*,*,#8607,.F.);
#6871=ORIENTED_EDGE('',*,*,#8367,.F.);
#6872=ORIENTED_EDGE('',*,*,#8594,.F.);
#6873=ORIENTED_EDGE('',*,*,#8608,.F.);
#6874=CARTESIAN_POINT('',(-50.446171720501,-27.2287914115928,12.7677104924816));
#6875=DIRECTION('',(-0.817891500572123,0.0,-0.575372482216417));
#6876=DIRECTION('',(-0.575372482216417,0.0,0.817891500572123));
#6877=ORIENTED_EDGE('',*,*,#8609,.T.);
#6878=ORIENTED_EDGE('',*,*,#8608,.T.);
#6879=ORIENTED_EDGE('',*,*,#8593,.F.);
#6880=ORIENTED_EDGE('',*,*,#8610,.F.);
#6881=ORIENTED_EDGE('',*,*,#8611,.T.);
#6882=CARTESIAN_POINT('',(-50.446171720501,-27.3842987804878,11.0177104924816));
#6883=DIRECTION('',(1.0,0.0,0.0));
#6884=DIRECTION('',(0.0,1.0,0.0));
#6885=ORIENTED_EDGE('',*,*,#8612,.F.);
#6886=ORIENTED_EDGE('',*,*,#8613,.F.);
#6887=ORIENTED_EDGE('',*,*,#8614,.F.);
#6888=ORIENTED_EDGE('',*,*,#8611,.F.);
#6889=ORIENTED_EDGE('',*,*,#8615,.T.);
#6890=ORIENTED_EDGE('',*,*,#8446,.T.);
#6891=ORIENTED_EDGE('',*,*,#8616,.F.);
#6892=CARTESIAN_POINT('',(-53.096171720501,-19.1842987804878,2.41771049248159));
#6893=DIRECTION('',(0.0,-1.0,0.0));
#6894=DIRECTION('',(0.0,0.0,-1.0));
#6895=ORIENTED_EDGE('',*,*,#8617,.T.);
#6896=ORIENTED_EDGE('',*,*,#8616,.T.);
#6897=ORIENTED_EDGE('',*,*,#8445,.F.);
#6898=ORIENTED_EDGE('',*,*,#8618,.F.);
#6899=ORIENTED_EDGE('',*,*,#8619,.F.);
#6900=ORIENTED_EDGE('',*,*,#8620,.F.);
#6901=ORIENTED_EDGE('',*,*,#8581,.F.);
#6902=ORIENTED_EDGE('',*,*,#8621,.F.);
#6903=ORIENTED_EDGE('',*,*,#8622,.T.);
#6904=ORIENTED_EDGE('',*,*,#8623,.F.);
#6905=CARTESIAN_POINT('',(-54.246171720501,-27.3842987804878,11.0177104924816));
#6906=DIRECTION('',(-1.0,0.0,0.0));
#6907=DIRECTION('',(0.0,0.0,1.0));
#6908=ORIENTED_EDGE('',*,*,#8623,.T.);
#6909=ORIENTED_EDGE('',*,*,#8624,.F.);
#6910=ORIENTED_EDGE('',*,*,#8625,.T.);
#6911=ORIENTED_EDGE('',*,*,#8626,.F.);
#6912=CARTESIAN_POINT('',(-53.946171720501,-18.1842987804878,2.41771049248159));
#6913=DIRECTION('',(0.0,0.0,-1.0));
#6914=DIRECTION('',(1.0,0.0,0.0));
#6915=ORIENTED_EDGE('',*,*,#8617,.F.);
#6916=ORIENTED_EDGE('',*,*,#8626,.T.);
#6917=ORIENTED_EDGE('',*,*,#8627,.T.);
#6918=ORIENTED_EDGE('',*,*,#8612,.T.);
#6919=CARTESIAN_POINT('',(-53.946171720501,-19.7121833958728,12.7677104924816));
#6920=DIRECTION('',(-1.0,0.0,0.0));
#6921=DIRECTION('',(0.0,0.0,1.0));
#6922=ORIENTED_EDGE('',*,*,#8627,.F.);
#6923=ORIENTED_EDGE('',*,*,#8628,.T.);
#6924=ORIENTED_EDGE('',*,*,#8629,.F.);
#6925=ORIENTED_EDGE('',*,*,#8630,.F.);
#6926=ORIENTED_EDGE('',*,*,#8613,.T.);
#6927=CARTESIAN_POINT('',(-56.42619465616,-19.7121833958728,12.7677104924816));
#6928=DIRECTION('',(-1.0,0.0,-0.0));
#6929=DIRECTION('',(0.0,0.0,-1.0));
#6930=ORIENTED_EDGE('',*,*,#8630,.T.);
#6931=ORIENTED_EDGE('',*,*,#8631,.T.);
#6932=ORIENTED_EDGE('',*,*,#8609,.F.);
#6933=ORIENTED_EDGE('',*,*,#8614,.T.);
#6934=CARTESIAN_POINT('',(-50.746171720501,-19.7121833958728,12.7677104924816));
#6935=DIRECTION('',(1.0,0.0,0.0));
#6936=DIRECTION('',(0.0,0.0,-1.0));
#6937=ORIENTED_EDGE('',*,*,#8605,.T.);
#6938=ORIENTED_EDGE('',*,*,#8631,.F.);
#6939=ORIENTED_EDGE('',*,*,#8629,.T.);
#6940=ORIENTED_EDGE('',*,*,#8632,.F.);
#6941=ORIENTED_EDGE('',*,*,#8633,.F.);
#6942=CARTESIAN_POINT('',(-46.698201007213,-18.1842987804878,6.9185718999876));
#6943=DIRECTION('',(0.575372482216412,0.0,-0.817891500572126));
#6944=DIRECTION('',(0.817891500572126,0.0,0.575372482216412));
#6945=ORIENTED_EDGE('',*,*,#8378,.T.);
#6946=ORIENTED_EDGE('',*,*,#8606,.F.);
#6947=ORIENTED_EDGE('',*,*,#8633,.T.);
#6948=ORIENTED_EDGE('',*,*,#8634,.F.);
#6949=ORIENTED_EDGE('',*,*,#8635,.T.);
#6950=ORIENTED_EDGE('',*,*,#8379,.F.);
#6951=ORIENTED_EDGE('',*,*,#8635,.F.);
#6952=ORIENTED_EDGE('',*,*,#8636,.T.);
#6953=CARTESIAN_POINT('',(-51.229502395291,-17.6842987804878,13.3598130201116));
#6954=DIRECTION('',(0.0,0.0,-1.0));
#6955=DIRECTION('',(1.0,0.0,0.0));
#6956=ORIENTED_EDGE('',*,*,#8380,.F.);
#6957=ORIENTED_EDGE('',*,*,#8637,.F.);
#6958=ORIENTED_EDGE('',*,*,#8368,.T.);
#6959=ORIENTED_EDGE('',*,*,#8607,.T.);
#6960=CARTESIAN_POINT('',(-50.691539170673,-17.6842987804878,12.5950987478216));
#6961=DIRECTION('',(-0.575372482216412,0.0,0.817891500572126));
#6962=DIRECTION('',(-0.817891500572126,0.0,-0.575372482216412));
#6963=ORIENTED_EDGE('',*,*,#8638,.F.);
#6964=ORIENTED_EDGE('',*,*,#8639,.F.);
#6965=ORIENTED_EDGE('',*,*,#8579,.T.);
#6966=ORIENTED_EDGE('',*,*,#8369,.T.);
#6967=ORIENTED_EDGE('',*,*,#8637,.T.);
#6968=CARTESIAN_POINT('',(-53.096171720501,-17.3842987804878,2.41771049248159));
#6969=DIRECTION('',(0.0,1.0,0.0));
#6970=DIRECTION('',(1.0,0.0,-0.0));
#6971=ORIENTED_EDGE('',*,*,#8640,.F.);
#6972=ORIENTED_EDGE('',*,*,#8621,.T.);
#6973=ORIENTED_EDGE('',*,*,#8580,.T.);
#6974=ORIENTED_EDGE('',*,*,#8639,.T.);
#6975=CARTESIAN_POINT('',(-53.946171720501,-17.6842987804878,2.41771049248159));
#6976=DIRECTION('',(0.0,0.0,-1.0));
#6977=DIRECTION('',(1.0,0.0,0.0));
#6978=ORIENTED_EDGE('',*,*,#8640,.T.);
#6979=ORIENTED_EDGE('',*,*,#8641,.T.);
#6980=ORIENTED_EDGE('',*,*,#8642,.F.);
#6981=CARTESIAN_POINT('',(-53.946171720501,-17.6842987804878,13.3598130201116));
#6982=DIRECTION('',(0.0,0.0,-1.0));
#6983=DIRECTION('',(1.0,0.0,0.0));
#6984=ORIENTED_EDGE('',*,*,#8622,.F.);
#6985=ORIENTED_EDGE('',*,*,#8642,.T.);
#6986=ORIENTED_EDGE('',*,*,#8643,.T.);
#6987=ORIENTED_EDGE('',*,*,#8624,.T.);
#6988=CARTESIAN_POINT('',(-53.946171720501,-17.6842987804878,12.8598130201116));
#6989=DIRECTION('',(-1.0,0.0,0.0));
#6990=DIRECTION('',(0.0,0.0,1.0));
#6991=ORIENTED_EDGE('',*,*,#8643,.F.);
#6992=ORIENTED_EDGE('',*,*,#8644,.T.);
#6993=ORIENTED_EDGE('',*,*,#8634,.T.);
#6994=ORIENTED_EDGE('',*,*,#8645,.T.);
#6995=CARTESIAN_POINT('',(-53.096171720501,-17.6842987804878,12.8598130201116));
#6996=DIRECTION('',(-1.0,0.0,-0.0));
#6997=DIRECTION('',(0.0,0.0,-1.0));
#6998=ORIENTED_EDGE('',*,*,#8632,.T.);
#6999=ORIENTED_EDGE('',*,*,#8628,.F.);
#7000=ORIENTED_EDGE('',*,*,#8625,.F.);
#7001=ORIENTED_EDGE('',*,*,#8645,.F.);
#7002=CARTESIAN_POINT('',(-53.096171720501,-17.8842987804878,2.41771049248159));
#7003=DIRECTION('',(0.0,1.0,0.0));
#7004=DIRECTION('',(1.0,0.0,-0.0));
#7005=ORIENTED_EDGE('',*,*,#8638,.T.);
#7006=ORIENTED_EDGE('',*,*,#8636,.F.);
#7007=ORIENTED_EDGE('',*,*,#8644,.F.);
#7008=ORIENTED_EDGE('',*,*,#8641,.F.);
#7009=CARTESIAN_POINT('',(-54.246171720501,-17.6842987804878,13.3598130201116));
#7010=DIRECTION('',(1.0,-0.0,0.0));
#7011=DIRECTION('',(0.0,0.0,1.0));
#7012=ORIENTED_EDGE('',*,*,#8582,.T.);
#7013=ORIENTED_EDGE('',*,*,#8620,.T.);
#7014=ORIENTED_EDGE('',*,*,#8646,.F.);
#7015=ORIENTED_EDGE('',*,*,#8647,.F.);
#7016=CARTESIAN_POINT('',(-53.096171720501,-19.5842987804878,2.41771049248159));
#7017=DIRECTION('',(0.0,1.0,0.0));
#7018=DIRECTION('',(0.0,0.0,1.0));
#7019=ORIENTED_EDGE('',*,*,#8648,.T.);
#7020=ORIENTED_EDGE('',*,*,#8443,.F.);
#7021=ORIENTED_EDGE('',*,*,#8649,.F.);
#7022=ORIENTED_EDGE('',*,*,#8583,.F.);
#7023=ORIENTED_EDGE('',*,*,#8647,.T.);
#7024=ORIENTED_EDGE('',*,*,#8650,.F.);
#7025=CARTESIAN_POINT('',(-61.596171720501,-30.0844615925478,-3.3105091262134));
#7026=DIRECTION('',(-0.558850694506816,0.0,0.829268292682923));
#7027=DIRECTION('',(0.0,1.0,0.0));
#7028=ORIENTED_EDGE('',*,*,#8651,.T.);
#7029=ORIENTED_EDGE('',*,*,#8650,.T.);
#7030=ORIENTED_EDGE('',*,*,#8646,.T.);
#7031=ORIENTED_EDGE('',*,*,#8619,.T.);
#7032=CARTESIAN_POINT('',(-53.096171720501,-19.3842987804878,2.41771049248159));
#7033=DIRECTION('',(0.0,1.0,0.0));
#7034=DIRECTION('',(1.0,0.0,-0.0));
#7035=ORIENTED_EDGE('',*,*,#8651,.F.);
#7036=ORIENTED_EDGE('',*,*,#8618,.T.);
#7037=ORIENTED_EDGE('',*,*,#8444,.T.);
#7038=ORIENTED_EDGE('',*,*,#8648,.F.);
#7039=CARTESIAN_POINT('',(-53.096171720501,-19.5842987804878,2.41771049248159));
#7040=DIRECTION('',(0.0,1.0,0.0));
#7041=DIRECTION('',(0.0,0.0,1.0));
#7042=ORIENTED_EDGE('',*,*,#8649,.T.);
#7043=ORIENTED_EDGE('',*,*,#8442,.T.);
#7044=ORIENTED_EDGE('',*,*,#8652,.T.);
#7045=ORIENTED_EDGE('',*,*,#8584,.T.);
#7046=CARTESIAN_POINT('',(-53.096171720501,-21.4842987804878,2.41771049248159));
#7047=DIRECTION('',(0.0,1.0,0.0));
#7048=DIRECTION('',(1.0,0.0,-0.0));
#7049=ORIENTED_EDGE('',*,*,#8653,.T.);
#7050=ORIENTED_EDGE('',*,*,#8654,.F.);
#7051=ORIENTED_EDGE('',*,*,#8655,.T.);
#7052=ORIENTED_EDGE('',*,*,#8585,.F.);
#7053=ORIENTED_EDGE('',*,*,#8652,.F.);
#7054=ORIENTED_EDGE('',*,*,#8441,.F.);
#7055=CARTESIAN_POINT('',(-58.601630235785,-30.0844615925478,-6.22823806950341));
#7056=DIRECTION('',(0.843507176779024,0.0,-0.537117903930115));
#7057=DIRECTION('',(0.0,-1.0,0.0));
#7058=ORIENTED_EDGE('',*,*,#8586,.T.);
#7059=ORIENTED_EDGE('',*,*,#8655,.F.);
#7060=ORIENTED_EDGE('',*,*,#8656,.F.);
#7061=ORIENTED_EDGE('',*,*,#8507,.T.);
#7062=CARTESIAN_POINT('',(-53.096171720501,-20.0842987804878,2.41771049248159));
#7063=DIRECTION('',(0.0,1.0,0.0));
#7064=DIRECTION('',(0.0,0.0,1.0));
#7065=ORIENTED_EDGE('',*,*,#8657,.T.);
#7066=ORIENTED_EDGE('',*,*,#8348,.T.);
#7067=ORIENTED_EDGE('',*,*,#8658,.T.);
#7068=ORIENTED_EDGE('',*,*,#8659,.T.);
#7069=ORIENTED_EDGE('',*,*,#8577,.F.);
#7070=ORIENTED_EDGE('',*,*,#8660,.F.);
#7071=ORIENTED_EDGE('',*,*,#8661,.F.);
#7072=ORIENTED_EDGE('',*,*,#8662,.T.);
#7073=ORIENTED_EDGE('',*,*,#8663,.T.);
#7074=ORIENTED_EDGE('',*,*,#8518,.F.);
#7075=ORIENTED_EDGE('',*,*,#8664,.F.);
#7076=ORIENTED_EDGE('',*,*,#8508,.F.);
#7077=ORIENTED_EDGE('',*,*,#8656,.T.);
#7078=ORIENTED_EDGE('',*,*,#8654,.T.);
#7079=CARTESIAN_POINT('',(-53.096171720501,-19.8842987804878,2.41771049248159));
#7080=DIRECTION('',(0.0,1.0,0.0));
#7081=DIRECTION('',(1.0,0.0,-0.0));
#7082=ORIENTED_EDGE('',*,*,#8515,.T.);
#7083=ORIENTED_EDGE('',*,*,#8509,.F.);
#7084=ORIENTED_EDGE('',*,*,#8664,.T.);
#7085=ORIENTED_EDGE('',*,*,#8517,.T.);
#7086=CARTESIAN_POINT('',(-56.046171720501,-17.8842987804878,-8.43228950751841));
#7087=DIRECTION('',(0.0,0.0,-1.0));
#7088=DIRECTION('',(0.0,-1.0,0.0));
#7089=ORIENTED_EDGE('',*,*,#8665,.T.);
#7090=ORIENTED_EDGE('',*,*,#8663,.F.);
#7091=ORIENTED_EDGE('',*,*,#8666,.T.);
#7092=CARTESIAN_POINT('',(-53.096171720501,-17.8842987804878,2.41771049248159));
#7093=DIRECTION('',(0.0,1.0,0.0));
#7094=DIRECTION('',(0.0,0.0,-1.0));
#7095=ORIENTED_EDGE('',*,*,#8666,.F.);
#7096=ORIENTED_EDGE('',*,*,#8662,.F.);
#7097=ORIENTED_EDGE('',*,*,#8667,.T.);
#7098=CARTESIAN_POINT('',(-53.096171720501,-17.8842987804878,2.41771049248159));
#7099=DIRECTION('',(0.0,1.0,0.0));
#7100=DIRECTION('',(0.0,0.0,-1.0));
#7101=ORIENTED_EDGE('',*,*,#8667,.F.);
#7102=ORIENTED_EDGE('',*,*,#8668,.F.);
#7103=ORIENTED_EDGE('',*,*,#8669,.F.);
#7104=ORIENTED_EDGE('',*,*,#8519,.F.);
#7105=ORIENTED_EDGE('',*,*,#8665,.F.);
#7106=CARTESIAN_POINT('',(-55.196171720501,-19.8842987804878,-8.8380658023784));
#7107=DIRECTION('',(0.0,-0.77635323804224,-0.630298064237333));
#7108=DIRECTION('',(0.0,0.630298064237333,-0.77635323804224));
#7109=ORIENTED_EDGE('',*,*,#8670,.T.);
#7110=ORIENTED_EDGE('',*,*,#8537,.T.);
#7111=ORIENTED_EDGE('',*,*,#8522,.T.);
#7112=ORIENTED_EDGE('',*,*,#8520,.F.);
#7113=ORIENTED_EDGE('',*,*,#8669,.T.);
#7114=ORIENTED_EDGE('',*,*,#8671,.F.);
#7115=CARTESIAN_POINT('',(-55.196171720501,-18.3842987804878,-11.0822895075184));
#7116=DIRECTION('',(-1.0,0.0,-0.0));
#7117=DIRECTION('',(0.0,0.0,-1.0));
#7118=ORIENTED_EDGE('',*,*,#8672,.T.);
#7119=ORIENTED_EDGE('',*,*,#8671,.T.);
#7120=ORIENTED_EDGE('',*,*,#8668,.T.);
#7121=ORIENTED_EDGE('',*,*,#8661,.T.);
#7122=ORIENTED_EDGE('',*,*,#8673,.T.);
#7123=ORIENTED_EDGE('',*,*,#8573,.F.);
#7124=CARTESIAN_POINT('',(-50.996171720501,-17.8842987804878,-8.8380658023784));
#7125=DIRECTION('',(-1.0,0.0,0.0));
#7126=DIRECTION('',(0.0,0.0,1.0));
#7127=ORIENTED_EDGE('',*,*,#8660,.T.);
#7128=ORIENTED_EDGE('',*,*,#8576,.T.);
#7129=ORIENTED_EDGE('',*,*,#8574,.T.);
#7130=ORIENTED_EDGE('',*,*,#8673,.F.);
#7131=CARTESIAN_POINT('',(-56.046171720501,-17.8842987804878,-8.43228950751841));
#7132=DIRECTION('',(0.0,0.0,-1.0));
#7133=DIRECTION('',(0.0,-1.0,0.0));
#7134=ORIENTED_EDGE('',*,*,#8670,.F.);
#7135=ORIENTED_EDGE('',*,*,#8672,.F.);
#7136=ORIENTED_EDGE('',*,*,#8572,.T.);
#7137=ORIENTED_EDGE('',*,*,#8539,.F.);
#7138=CARTESIAN_POINT('',(-54.621171720501,-26.5842987804878,-11.3322895075184));
#7139=DIRECTION('',(0.0,0.0,1.0));
#7140=DIRECTION('',(1.0,0.0,0.0));
#7141=ORIENTED_EDGE('',*,*,#8360,.T.);
#7142=ORIENTED_EDGE('',*,*,#8578,.T.);
#7143=ORIENTED_EDGE('',*,*,#8659,.F.);
#7144=ORIENTED_EDGE('',*,*,#8674,.F.);
#7145=CARTESIAN_POINT('',(-53.096171720501,-20.0842987804878,2.41771049248159));
#7146=DIRECTION('',(0.0,1.0,0.0));
#7147=DIRECTION('',(0.0,0.0,1.0));
#7148=ORIENTED_EDGE('',*,*,#8347,.T.);
#7149=ORIENTED_EDGE('',*,*,#8438,.F.);
#7150=ORIENTED_EDGE('',*,*,#8675,.F.);
#7151=ORIENTED_EDGE('',*,*,#8361,.F.);
#7152=ORIENTED_EDGE('',*,*,#8674,.T.);
#7153=ORIENTED_EDGE('',*,*,#8658,.F.);
#7154=CARTESIAN_POINT('',(-47.590713205217,-30.0844615925478,-6.22823806950341));
#7155=DIRECTION('',(-0.843507176779024,0.0,-0.537117903930115));
#7156=DIRECTION('',(-0.537117903930115,0.0,0.843507176779024));
#7157=ORIENTED_EDGE('',*,*,#8675,.T.);
#7158=ORIENTED_EDGE('',*,*,#8437,.T.);
#7159=ORIENTED_EDGE('',*,*,#8434,.T.);
#7160=ORIENTED_EDGE('',*,*,#8362,.T.);
#7161=CARTESIAN_POINT('',(-53.096171720501,-21.4842987804878,2.41771049248159));
#7162=DIRECTION('',(0.0,1.0,0.0));
#7163=DIRECTION('',(1.0,0.0,-0.0));
#7164=ORIENTED_EDGE('',*,*,#8345,.T.);
#7165=ORIENTED_EDGE('',*,*,#8657,.F.);
#7166=ORIENTED_EDGE('',*,*,#8653,.F.);
#7167=ORIENTED_EDGE('',*,*,#8440,.T.);
#7168=CARTESIAN_POINT('',(-53.096171720501,-20.0842987804878,2.41771049248159));
#7169=DIRECTION('',(0.0,1.0,0.0));
#7170=DIRECTION('',(0.0,0.0,1.0));
#7171=ORIENTED_EDGE('',*,*,#8447,.F.);
#7172=ORIENTED_EDGE('',*,*,#8615,.F.);
#7173=ORIENTED_EDGE('',*,*,#8610,.T.);
#7174=ORIENTED_EDGE('',*,*,#8591,.T.);
#7175=ORIENTED_EDGE('',*,*,#8676,.F.);
#7176=ORIENTED_EDGE('',*,*,#8677,.T.);
#7177=ORIENTED_EDGE('',*,*,#8477,.T.);
#7178=CARTESIAN_POINT('',(-53.096171720501,-22.6342987804878,2.41771049248159));
#7179=DIRECTION('',(0.0,-1.0,0.0));
#7180=DIRECTION('',(0.0,0.0,1.0));
#7181=ORIENTED_EDGE('',*,*,#8677,.F.);
#7182=ORIENTED_EDGE('',*,*,#8678,.T.);
#7183=ORIENTED_EDGE('',*,*,#8355,.F.);
#7184=ORIENTED_EDGE('',*,*,#8478,.F.);
#7185=CARTESIAN_POINT('',(-52.996171720501,-25.9842987804878,13.8672738029316));
#7186=DIRECTION('',(1.0,0.0,0.0));
#7187=DIRECTION('',(0.0,1.0,0.0));
#7188=ORIENTED_EDGE('',*,*,#8590,.T.);
#7189=ORIENTED_EDGE('',*,*,#8588,.T.);
#7190=ORIENTED_EDGE('',*,*,#8352,.T.);
#7191=ORIENTED_EDGE('',*,*,#8587,.F.);
#7192=ORIENTED_EDGE('',*,*,#8356,.T.);
#7193=ORIENTED_EDGE('',*,*,#8678,.F.);
#7194=ORIENTED_EDGE('',*,*,#8676,.T.);
#7195=CARTESIAN_POINT('',(-53.096171720501,-25.9842987804878,2.41771049248159));
#7196=DIRECTION('',(0.0,-1.0,0.0));
#7197=DIRECTION('',(0.0,0.0,-1.0));
#7198=ORIENTED_EDGE('',*,*,#8476,.F.);
#7199=ORIENTED_EDGE('',*,*,#8679,.T.);
#7200=ORIENTED_EDGE('',*,*,#8401,.F.);
#7201=ORIENTED_EDGE('',*,*,#8461,.T.);
#7202=CARTESIAN_POINT('',(-55.396171720501,-32.6342987804878,10.8701610803656));
#7203=DIRECTION('',(0.0,-1.0,0.0));
#7204=DIRECTION('',(0.0,0.0,1.0));
#7205=ORIENTED_EDGE('',*,*,#8402,.F.);
#7206=ORIENTED_EDGE('',*,*,#8679,.F.);
#7207=ORIENTED_EDGE('',*,*,#8475,.T.);
#7208=ORIENTED_EDGE('',*,*,#8680,.F.);
#7209=CARTESIAN_POINT('',(-55.296171720501,-32.6342987804878,9.9964004505976));
#7210=DIRECTION('',(-1.0,0.0,0.0));
#7211=DIRECTION('',(0.0,0.0,1.0));
#7212=ORIENTED_EDGE('',*,*,#8681,.F.);
#7213=ORIENTED_EDGE('',*,*,#8403,.F.);
#7214=ORIENTED_EDGE('',*,*,#8680,.T.);
#7215=ORIENTED_EDGE('',*,*,#8474,.F.);
#7216=CARTESIAN_POINT('',(-53.976171720501,-32.6342987804878,1.4477104924816));
#7217=DIRECTION('',(0.0,-1.0,0.0));
#7218=DIRECTION('',(0.0,0.0,1.0));
#7219=ORIENTED_EDGE('',*,*,#8473,.F.);
#7220=ORIENTED_EDGE('',*,*,#8682,.F.);
#7221=ORIENTED_EDGE('',*,*,#8404,.F.);
#7222=ORIENTED_EDGE('',*,*,#8681,.T.);
#7223=CARTESIAN_POINT('',(-53.976171720501,-32.6342987804878,1.4477104924816));
#7224=DIRECTION('',(0.0,-1.0,0.0));
#7225=DIRECTION('',(0.0,0.0,1.0));
#7226=ORIENTED_EDGE('',*,*,#8341,.T.);
#7227=ORIENTED_EDGE('',*,*,#8405,.F.);
#7228=ORIENTED_EDGE('',*,*,#8682,.T.);
#7229=ORIENTED_EDGE('',*,*,#8472,.F.);
#7230=CARTESIAN_POINT('',(-48.77217325778,-32.6342987804878,8.66771049248159));
#7231=DIRECTION('',(0.0,-1.0,0.0));
#7232=DIRECTION('',(0.0,0.0,1.0));
#7233=ORIENTED_EDGE('',*,*,#8406,.F.);
#7234=ORIENTED_EDGE('',*,*,#8343,.F.);
#7235=ORIENTED_EDGE('',*,*,#8471,.F.);
#7236=ORIENTED_EDGE('',*,*,#8683,.F.);
#7237=CARTESIAN_POINT('',(-50.050688531831,-32.6342987804878,10.9520615434346));
#7238=DIRECTION('',(0.821993397418316,0.0,0.569497018956811));
#7239=DIRECTION('',(0.0,-1.0,0.0));
#7240=ORIENTED_EDGE('',*,*,#8407,.F.);
#7241=ORIENTED_EDGE('',*,*,#8683,.T.);
#7242=ORIENTED_EDGE('',*,*,#8470,.F.);
#7243=ORIENTED_EDGE('',*,*,#8422,.T.);
#7244=CARTESIAN_POINT('',(-49.968489192089,-32.6342987804878,11.0090112453296));
#7245=DIRECTION('',(0.0,-1.0,0.0));
#7246=DIRECTION('',(0.0,0.0,1.0));
#7247=ORIENTED_EDGE('',*,*,#8482,.F.);
#7248=ORIENTED_EDGE('',*,*,#8684,.F.);
#7249=ORIENTED_EDGE('',*,*,#8685,.F.);
#7250=ORIENTED_EDGE('',*,*,#8686,.T.);
#7251=ORIENTED_EDGE('',*,*,#8418,.F.);
#7252=ORIENTED_EDGE('',*,*,#8687,.T.);
#7253=ORIENTED_EDGE('',*,*,#8688,.F.);
#7254=ORIENTED_EDGE('',*,*,#8689,.T.);
#7255=CARTESIAN_POINT('',(-53.096171720501,-26.5842987804878,2.41771049248159));
#7256=DIRECTION('',(0.0,-1.0,0.0));
#7257=DIRECTION('',(0.0,0.0,1.0));
#7258=ORIENTED_EDGE('',*,*,#8689,.F.);
#7259=ORIENTED_EDGE('',*,*,#8690,.F.);
#7260=ORIENTED_EDGE('',*,*,#8691,.T.);
#7261=ORIENTED_EDGE('',*,*,#8410,.F.);
#7262=ORIENTED_EDGE('',*,*,#8392,.T.);
#7263=ORIENTED_EDGE('',*,*,#8692,.F.);
#7264=ORIENTED_EDGE('',*,*,#8684,.T.);
#7265=ORIENTED_EDGE('',*,*,#8481,.F.);
#7266=CARTESIAN_POINT('',(-53.096171720501,-26.5842987804878,2.41771049248159));
#7267=DIRECTION('',(0.0,-1.0,0.0));
#7268=DIRECTION('',(0.0,0.0,1.0));
#7269=ORIENTED_EDGE('',*,*,#8693,.F.);
#7270=ORIENTED_EDGE('',*,*,#8694,.F.);
#7271=ORIENTED_EDGE('',*,*,#8685,.T.);
#7272=ORIENTED_EDGE('',*,*,#8692,.T.);
#7273=ORIENTED_EDGE('',*,*,#8391,.F.);
#7274=CARTESIAN_POINT('',(-53.096171720501,-22.8342987804878,2.41771049248159));
#7275=DIRECTION('',(0.0,1.0,0.0));
#7276=DIRECTION('',(1.0,0.0,-0.0));
#7277=ORIENTED_EDGE('',*,*,#8695,.T.);
#7278=ORIENTED_EDGE('',*,*,#8696,.T.);
#7279=ORIENTED_EDGE('',*,*,#8697,.F.);
#7280=ORIENTED_EDGE('',*,*,#8698,.T.);
#7281=ORIENTED_EDGE('',*,*,#8699,.F.);
#7282=ORIENTED_EDGE('',*,*,#8419,.F.);
#7283=ORIENTED_EDGE('',*,*,#8686,.F.);
#7284=ORIENTED_EDGE('',*,*,#8694,.T.);
#7285=ORIENTED_EDGE('',*,*,#8700,.T.);
#7286=ORIENTED_EDGE('',*,*,#8382,.T.);
#7287=CARTESIAN_POINT('',(-50.896171720501,-22.8342987804878,4.74150050020559));
#7288=DIRECTION('',(1.0,0.0,0.0));
#7289=DIRECTION('',(0.0,1.0,0.0));
#7290=ORIENTED_EDGE('',*,*,#8383,.T.);
#7291=ORIENTED_EDGE('',*,*,#8700,.F.);
#7292=ORIENTED_EDGE('',*,*,#8693,.T.);
#7293=ORIENTED_EDGE('',*,*,#8390,.F.);
#7294=CARTESIAN_POINT('',(-53.096171720501,-23.8342987804878,6.55543283231359));
#7295=DIRECTION('',(1.0,-0.0,0.0));
#7296=DIRECTION('',(0.0,0.0,1.0));
#7297=ORIENTED_EDGE('',*,*,#8701,.F.);
#7298=ORIENTED_EDGE('',*,*,#8702,.F.);
#7299=ORIENTED_EDGE('',*,*,#8703,.T.);
#7300=ORIENTED_EDGE('',*,*,#8704,.T.);
#7301=ORIENTED_EDGE('',*,*,#8385,.F.);
#7302=ORIENTED_EDGE('',*,*,#8409,.F.);
#7303=ORIENTED_EDGE('',*,*,#8699,.T.);
#7304=ORIENTED_EDGE('',*,*,#8705,.T.);
#7305=ORIENTED_EDGE('',*,*,#8706,.T.);
#7306=CARTESIAN_POINT('',(-55.296171720501,-22.8342987804878,9.11771049248159));
#7307=DIRECTION('',(0.0,0.0,1.0));
#7308=DIRECTION('',(1.0,0.0,0.0));
#7309=ORIENTED_EDGE('',*,*,#8707,.T.);
#7310=ORIENTED_EDGE('',*,*,#8706,.F.);
#7311=ORIENTED_EDGE('',*,*,#8708,.F.);
#7312=ORIENTED_EDGE('',*,*,#8709,.T.);
#7313=CARTESIAN_POINT('',(-52.096171720501,-26.5458515932968,8.61771049248159));
#7314=DIRECTION('',(1.0,0.0,0.0));
#7315=DIRECTION('',(0.0,1.0,0.0));
#7316=ORIENTED_EDGE('',*,*,#8710,.T.);
#7317=ORIENTED_EDGE('',*,*,#8711,.T.);
#7318=ORIENTED_EDGE('',*,*,#8712,.F.);
#7319=ORIENTED_EDGE('',*,*,#8709,.F.);
#7320=ORIENTED_EDGE('',*,*,#8713,.T.);
#7321=ORIENTED_EDGE('',*,*,#8697,.T.);
#7322=ORIENTED_EDGE('',*,*,#8714,.T.);
#7323=ORIENTED_EDGE('',*,*,#8715,.T.);
#7324=ORIENTED_EDGE('',*,*,#8716,.T.);
#7325=ORIENTED_EDGE('',*,*,#8717,.T.);
#7326=ORIENTED_EDGE('',*,*,#8718,.F.);
#7327=ORIENTED_EDGE('',*,*,#8503,.T.);
#7328=ORIENTED_EDGE('',*,*,#8719,.T.);
#7329=ORIENTED_EDGE('',*,*,#8720,.T.);
#7330=ORIENTED_EDGE('',*,*,#8721,.F.);
#7331=ORIENTED_EDGE('',*,*,#8722,.T.);
#7332=ORIENTED_EDGE('',*,*,#8387,.F.);
#7333=ORIENTED_EDGE('',*,*,#8723,.T.);
#7334=CARTESIAN_POINT('',(-54.621171720501,-26.5842987804878,8.59271049248159));
#7335=DIRECTION('',(0.0,0.0,1.0));
#7336=DIRECTION('',(1.0,0.0,0.0));
#7337=ORIENTED_EDGE('',*,*,#8724,.F.);
#7338=ORIENTED_EDGE('',*,*,#8723,.F.);
#7339=ORIENTED_EDGE('',*,*,#8386,.F.);
#7340=ORIENTED_EDGE('',*,*,#8704,.F.);
#7341=CARTESIAN_POINT('',(-53.096171720501,-22.8342987804878,2.41771049248159));
#7342=DIRECTION('',(0.0,1.0,0.0));
#7343=DIRECTION('',(1.0,0.0,-0.0));
#7344=ORIENTED_EDGE('',*,*,#8724,.T.);
#7345=ORIENTED_EDGE('',*,*,#8703,.F.);
#7346=ORIENTED_EDGE('',*,*,#8725,.T.);
#7347=ORIENTED_EDGE('',*,*,#8710,.F.);
#7348=CARTESIAN_POINT('',(-54.096171720501,-23.3342987804878,8.61771049248159));
#7349=DIRECTION('',(0.957826285221168,0.287347885566291,0.0));
#7350=DIRECTION('',(0.0,0.0,-1.0));
#7351=ORIENTED_EDGE('',*,*,#8725,.F.);
#7352=ORIENTED_EDGE('',*,*,#8702,.T.);
#7353=ORIENTED_EDGE('',*,*,#8726,.T.);
#7354=ORIENTED_EDGE('',*,*,#8711,.F.);
#7355=CARTESIAN_POINT('',(-54.096171720501,-26.5458515932968,8.61771049248159));
#7356=DIRECTION('',(-1.0,0.0,0.0));
#7357=DIRECTION('',(0.0,0.0,1.0));
#7358=ORIENTED_EDGE('',*,*,#8712,.T.);
#7359=ORIENTED_EDGE('',*,*,#8726,.F.);
#7360=ORIENTED_EDGE('',*,*,#8701,.T.);
#7361=ORIENTED_EDGE('',*,*,#8707,.F.);
#7362=CARTESIAN_POINT('',(-55.296171720501,-23.4842987804878,9.11771049248159));
#7363=DIRECTION('',(0.0,-0.707106781186498,0.707106781186598));
#7364=DIRECTION('',(-1.0,0.0,0.0));
#7365=ORIENTED_EDGE('',*,*,#8727,.F.);
#7366=ORIENTED_EDGE('',*,*,#8388,.F.);
#7367=ORIENTED_EDGE('',*,*,#8722,.F.);
#7368=ORIENTED_EDGE('',*,*,#8728,.T.);
#7369=CARTESIAN_POINT('',(-53.096171720501,-23.6842987804878,2.41771049248159));
#7370=DIRECTION('',(0.0,-1.0,0.0));
#7371=DIRECTION('',(0.0,0.0,-1.0));
#7372=ORIENTED_EDGE('',*,*,#8729,.T.);
#7373=ORIENTED_EDGE('',*,*,#8730,.F.);
#7374=ORIENTED_EDGE('',*,*,#8731,.T.);
#7375=ORIENTED_EDGE('',*,*,#8728,.F.);
#7376=ORIENTED_EDGE('',*,*,#8721,.T.);
#7377=ORIENTED_EDGE('',*,*,#8732,.T.);
#7378=ORIENTED_EDGE('',*,*,#8733,.F.);
#7379=CARTESIAN_POINT('',(-54.621171720501,-26.5842987804878,8.21771049248159));
#7380=DIRECTION('',(-1.0,0.0,0.0));
#7381=DIRECTION('',(0.0,0.0,1.0));
#7382=ORIENTED_EDGE('',*,*,#8734,.F.);
#7383=ORIENTED_EDGE('',*,*,#8733,.T.);
#7384=ORIENTED_EDGE('',*,*,#8735,.T.);
#7385=ORIENTED_EDGE('',*,*,#8736,.F.);
#7386=CARTESIAN_POINT('',(-54.621171720501,-26.5842987804878,8.24271049248159));
#7387=DIRECTION('',(0.0,0.0,-1.0));
#7388=DIRECTION('',(0.0,-1.0,0.0));
#7389=ORIENTED_EDGE('',*,*,#8737,.F.);
#7390=ORIENTED_EDGE('',*,*,#8738,.T.);
#7391=ORIENTED_EDGE('',*,*,#8739,.T.);
#7392=ORIENTED_EDGE('',*,*,#8736,.T.);
#7393=ORIENTED_EDGE('',*,*,#8740,.T.);
#7394=ORIENTED_EDGE('',*,*,#8716,.F.);
#7395=CARTESIAN_POINT('',(-51.571171720501,-26.5842987804878,8.21771049248159));
#7396=DIRECTION('',(1.0,0.0,0.0));
#7397=DIRECTION('',(0.0,1.0,0.0));
#7398=ORIENTED_EDGE('',*,*,#8741,.F.);
#7399=ORIENTED_EDGE('',*,*,#8742,.F.);
#7400=ORIENTED_EDGE('',*,*,#8743,.F.);
#7401=ORIENTED_EDGE('',*,*,#8744,.F.);
#7402=ORIENTED_EDGE('',*,*,#8745,.T.);
#7403=ORIENTED_EDGE('',*,*,#8746,.F.);
#7404=ORIENTED_EDGE('',*,*,#8717,.F.);
#7405=ORIENTED_EDGE('',*,*,#8740,.F.);
#7406=ORIENTED_EDGE('',*,*,#8735,.F.);
#7407=ORIENTED_EDGE('',*,*,#8732,.F.);
#7408=ORIENTED_EDGE('',*,*,#8720,.F.);
#7409=ORIENTED_EDGE('',*,*,#8747,.F.);
#7410=ORIENTED_EDGE('',*,*,#8748,.T.);
#7411=ORIENTED_EDGE('',*,*,#8749,.F.);
#7412=ORIENTED_EDGE('',*,*,#8750,.F.);
#7413=ORIENTED_EDGE('',*,*,#8751,.F.);
#7414=CARTESIAN_POINT('',(-53.096171720501,-25.9842987804878,2.41771049248159));
#7415=DIRECTION('',(0.0,-1.0,0.0));
#7416=DIRECTION('',(0.0,0.0,-1.0));
#7417=ORIENTED_EDGE('',*,*,#8752,.T.);
#7418=ORIENTED_EDGE('',*,*,#8751,.T.);
#7419=ORIENTED_EDGE('',*,*,#8753,.F.);
#7420=ORIENTED_EDGE('',*,*,#8498,.F.);
#7421=CARTESIAN_POINT('',(-54.096171720501,-25.9842987804878,6.26771049248159));
#7422=DIRECTION('',(-1.0,0.0,0.0));
#7423=DIRECTION('',(0.0,0.0,1.0));
#7424=ORIENTED_EDGE('',*,*,#8753,.T.);
#7425=ORIENTED_EDGE('',*,*,#8750,.T.);
#7426=ORIENTED_EDGE('',*,*,#8754,.F.);
#7427=ORIENTED_EDGE('',*,*,#8499,.F.);
#7428=CARTESIAN_POINT('',(-56.046171720501,-25.9842987804878,6.26771049248159));
#7429=DIRECTION('',(0.0,0.0,1.0));
#7430=DIRECTION('',(1.0,0.0,0.0));
#7431=ORIENTED_EDGE('',*,*,#8754,.T.);
#7432=ORIENTED_EDGE('',*,*,#8749,.T.);
#7433=ORIENTED_EDGE('',*,*,#8755,.F.);
#7434=ORIENTED_EDGE('',*,*,#8500,.F.);
#7435=CARTESIAN_POINT('',(-56.046171720501,-25.9842987804878,9.04039876840059));
#7436=DIRECTION('',(1.0,0.0,0.0));
#7437=DIRECTION('',(0.0,1.0,0.0));
#7438=ORIENTED_EDGE('',*,*,#8755,.T.);
#7439=ORIENTED_EDGE('',*,*,#8748,.F.);
#7440=ORIENTED_EDGE('',*,*,#8756,.T.);
#7441=ORIENTED_EDGE('',*,*,#8501,.F.);
#7442=CARTESIAN_POINT('',(-53.096171720501,-25.9842987804878,2.41771049248159));
#7443=DIRECTION('',(0.0,-1.0,0.0));
#7444=DIRECTION('',(0.0,0.0,1.0));
#7445=ORIENTED_EDGE('',*,*,#8756,.F.);
#7446=ORIENTED_EDGE('',*,*,#8747,.T.);
#7447=ORIENTED_EDGE('',*,*,#8719,.F.);
#7448=ORIENTED_EDGE('',*,*,#8502,.F.);
#7449=CARTESIAN_POINT('',(-54.096171720501,-25.9842987804878,9.59841380065459));
#7450=DIRECTION('',(-1.0,0.0,0.0));
#7451=DIRECTION('',(0.0,0.0,1.0));
#7452=ORIENTED_EDGE('',*,*,#8757,.T.);
#7453=ORIENTED_EDGE('',*,*,#8741,.T.);
#7454=ORIENTED_EDGE('',*,*,#8752,.F.);
#7455=ORIENTED_EDGE('',*,*,#8497,.F.);
#7456=CARTESIAN_POINT('',(-54.096171720501,-25.9842987804878,6.76771049248159));
#7457=DIRECTION('',(0.0,0.0,1.0));
#7458=DIRECTION('',(1.0,0.0,0.0));
#7459=ORIENTED_EDGE('',*,*,#8758,.T.);
#7460=ORIENTED_EDGE('',*,*,#8742,.T.);
#7461=ORIENTED_EDGE('',*,*,#8757,.F.);
#7462=ORIENTED_EDGE('',*,*,#8496,.F.);
#7463=CARTESIAN_POINT('',(-52.096171720501,-25.9842987804878,6.76771049248159));
#7464=DIRECTION('',(1.0,0.0,0.0));
#7465=DIRECTION('',(0.0,1.0,0.0));
#7466=ORIENTED_EDGE('',*,*,#8759,.T.);
#7467=ORIENTED_EDGE('',*,*,#8743,.T.);
#7468=ORIENTED_EDGE('',*,*,#8758,.F.);
#7469=ORIENTED_EDGE('',*,*,#8495,.F.);
#7470=CARTESIAN_POINT('',(-52.096171720501,-25.9842987804878,6.26771049248159));
#7471=DIRECTION('',(0.0,0.0,1.0));
#7472=DIRECTION('',(1.0,0.0,0.0));
#7473=ORIENTED_EDGE('',*,*,#8760,.F.);
#7474=ORIENTED_EDGE('',*,*,#8744,.T.);
#7475=ORIENTED_EDGE('',*,*,#8759,.F.);
#7476=ORIENTED_EDGE('',*,*,#8494,.F.);
#7477=CARTESIAN_POINT('',(-50.146171720501,-25.9842987804878,6.26771049248159));
#7478=DIRECTION('',(-1.0,0.0,0.0));
#7479=DIRECTION('',(0.0,0.0,1.0));
#7480=ORIENTED_EDGE('',*,*,#8761,.T.);
#7481=ORIENTED_EDGE('',*,*,#8745,.F.);
#7482=ORIENTED_EDGE('',*,*,#8760,.T.);
#7483=ORIENTED_EDGE('',*,*,#8493,.F.);
#7484=CARTESIAN_POINT('',(-53.096171720501,-25.9842987804878,2.41771049248159));
#7485=DIRECTION('',(0.0,-1.0,0.0));
#7486=DIRECTION('',(0.0,0.0,1.0));
#7487=ORIENTED_EDGE('',*,*,#8718,.T.);
#7488=ORIENTED_EDGE('',*,*,#8746,.T.);
#7489=ORIENTED_EDGE('',*,*,#8761,.F.);
#7490=ORIENTED_EDGE('',*,*,#8504,.F.);
#7491=CARTESIAN_POINT('',(-52.096171720501,-25.9842987804878,9.59841380065459));
#7492=DIRECTION('',(1.0,0.0,0.0));
#7493=DIRECTION('',(0.0,1.0,0.0));
#7494=ORIENTED_EDGE('',*,*,#8762,.T.);
#7495=ORIENTED_EDGE('',*,*,#8729,.F.);
#7496=ORIENTED_EDGE('',*,*,#8734,.T.);
#7497=ORIENTED_EDGE('',*,*,#8739,.F.);
#7498=CARTESIAN_POINT('',(-54.621171720501,-24.7842987804878,8.21771049248159));
#7499=DIRECTION('',(-0.0,0.707106781186598,0.707106781186498));
#7500=DIRECTION('',(1.0,0.0,0.0));
#7501=ORIENTED_EDGE('',*,*,#8763,.F.);
#7502=ORIENTED_EDGE('',*,*,#8730,.T.);
#7503=ORIENTED_EDGE('',*,*,#8762,.F.);
#7504=ORIENTED_EDGE('',*,*,#8738,.F.);
#7505=ORIENTED_EDGE('',*,*,#8764,.T.);
#7506=CARTESIAN_POINT('',(-55.296171720501,-28.0888418895968,8.01771049248159));
#7507=DIRECTION('',(0.0,0.0,-1.0));
#7508=DIRECTION('',(0.0,-1.0,0.0));
#7509=ORIENTED_EDGE('',*,*,#8765,.T.);
#7510=ORIENTED_EDGE('',*,*,#8766,.F.);
#7511=ORIENTED_EDGE('',*,*,#8764,.F.);
#7512=ORIENTED_EDGE('',*,*,#8737,.T.);
#7513=ORIENTED_EDGE('',*,*,#8715,.F.);
#7514=CARTESIAN_POINT('',(-51.571171720501,-24.1842987804878,8.21771049248159));
#7515=DIRECTION('',(0.957826285221168,-0.287347885566291,0.0));
#7516=DIRECTION('',(0.0,0.0,-1.0));
#7517=ORIENTED_EDGE('',*,*,#8763,.T.);
#7518=ORIENTED_EDGE('',*,*,#8766,.T.);
#7519=ORIENTED_EDGE('',*,*,#8767,.T.);
#7520=ORIENTED_EDGE('',*,*,#8695,.F.);
#7521=ORIENTED_EDGE('',*,*,#8381,.T.);
#7522=ORIENTED_EDGE('',*,*,#8389,.F.);
#7523=ORIENTED_EDGE('',*,*,#8727,.T.);
#7524=ORIENTED_EDGE('',*,*,#8731,.F.);
#7525=CARTESIAN_POINT('',(-55.296171720501,-23.7721635678604,7.31771049248159));
#7526=DIRECTION('',(-1.0,0.0,-0.0));
#7527=DIRECTION('',(0.0,0.0,-1.0));
#7528=ORIENTED_EDGE('',*,*,#8767,.F.);
#7529=ORIENTED_EDGE('',*,*,#8765,.F.);
#7530=ORIENTED_EDGE('',*,*,#8714,.F.);
#7531=ORIENTED_EDGE('',*,*,#8696,.F.);
#7532=CARTESIAN_POINT('',(-53.096171720501,-23.6842987804878,2.41771049248159));
#7533=DIRECTION('',(0.0,-1.0,0.0));
#7534=DIRECTION('',(0.0,0.0,-1.0));
#7535=ORIENTED_EDGE('',*,*,#8713,.F.);
#7536=ORIENTED_EDGE('',*,*,#8708,.T.);
#7537=ORIENTED_EDGE('',*,*,#8705,.F.);
#7538=ORIENTED_EDGE('',*,*,#8698,.F.);
#7539=CARTESIAN_POINT('',(-53.096171720501,-22.8342987804878,2.41771049248159));
#7540=DIRECTION('',(0.0,1.0,0.0));
#7541=DIRECTION('',(1.0,0.0,-0.0));
#7542=ORIENTED_EDGE('',*,*,#8691,.F.);
#7543=ORIENTED_EDGE('',*,*,#8768,.T.);
#7544=ORIENTED_EDGE('',*,*,#8769,.F.);
#7545=ORIENTED_EDGE('',*,*,#8411,.F.);
#7546=CARTESIAN_POINT('',(-55.296171720501,-22.8342987804878,-1.03228950751841));
#7547=DIRECTION('',(-1.0,0.0,0.0));
#7548=DIRECTION('',(0.0,0.0,1.0));
#7549=ORIENTED_EDGE('',*,*,#8769,.T.);
#7550=ORIENTED_EDGE('',*,*,#8770,.T.);
#7551=ORIENTED_EDGE('',*,*,#8771,.F.);
#7552=ORIENTED_EDGE('',*,*,#8412,.F.);
#7553=CARTESIAN_POINT('',(-59.246171720501,-22.8342987804878,-1.03228950751841));
#7554=DIRECTION('',(0.0,0.0,1.0));
#7555=DIRECTION('',(1.0,0.0,0.0));
#7556=ORIENTED_EDGE('',*,*,#8771,.T.);
#7557=ORIENTED_EDGE('',*,*,#8772,.T.);
#7558=ORIENTED_EDGE('',*,*,#8773,.F.);
#7559=ORIENTED_EDGE('',*,*,#8413,.F.);
#7560=CARTESIAN_POINT('',(-59.246171720501,-22.8342987804878,-5.13228950751841));
#7561=DIRECTION('',(-1.0,0.0,0.0));
#7562=DIRECTION('',(0.0,0.0,1.0));
#7563=ORIENTED_EDGE('',*,*,#8773,.T.);
#7564=ORIENTED_EDGE('',*,*,#8774,.T.);
#7565=ORIENTED_EDGE('',*,*,#8775,.F.);
#7566=ORIENTED_EDGE('',*,*,#8414,.F.);
#7567=CARTESIAN_POINT('',(-59.246171720501,-22.8342987804878,-5.13228950751841));
#7568=DIRECTION('',(0.0,0.0,-1.0));
#7569=DIRECTION('',(0.0,-1.0,0.0));
#7570=ORIENTED_EDGE('',*,*,#8775,.T.);
#7571=ORIENTED_EDGE('',*,*,#8776,.T.);
#7572=ORIENTED_EDGE('',*,*,#8777,.F.);
#7573=ORIENTED_EDGE('',*,*,#8415,.F.);
#7574=CARTESIAN_POINT('',(-46.946171720501,-22.8342987804878,-5.13228950751841));
#7575=DIRECTION('',(1.0,0.0,0.0));
#7576=DIRECTION('',(0.0,1.0,0.0));
#7577=ORIENTED_EDGE('',*,*,#8777,.T.);
#7578=ORIENTED_EDGE('',*,*,#8778,.T.);
#7579=ORIENTED_EDGE('',*,*,#8779,.F.);
#7580=ORIENTED_EDGE('',*,*,#8416,.F.);
#7581=CARTESIAN_POINT('',(-50.896171720501,-22.8342987804878,-1.03228950751841));
#7582=DIRECTION('',(0.0,0.0,1.0));
#7583=DIRECTION('',(1.0,0.0,0.0));
#7584=ORIENTED_EDGE('',*,*,#8779,.T.);
#7585=ORIENTED_EDGE('',*,*,#8780,.T.);
#7586=ORIENTED_EDGE('',*,*,#8687,.F.);
#7587=ORIENTED_EDGE('',*,*,#8417,.F.);
#7588=CARTESIAN_POINT('',(-50.896171720501,-22.8342987804878,-1.03228950751841));
#7589=DIRECTION('',(1.0,0.0,0.0));
#7590=DIRECTION('',(0.0,1.0,0.0));
#7591=ORIENTED_EDGE('',*,*,#8770,.F.);
#7592=ORIENTED_EDGE('',*,*,#8768,.F.);
#7593=ORIENTED_EDGE('',*,*,#8690,.T.);
#7594=ORIENTED_EDGE('',*,*,#8688,.T.);
#7595=ORIENTED_EDGE('',*,*,#8780,.F.);
#7596=ORIENTED_EDGE('',*,*,#8778,.F.);
#7597=ORIENTED_EDGE('',*,*,#8776,.F.);
#7598=ORIENTED_EDGE('',*,*,#8774,.F.);
#7599=ORIENTED_EDGE('',*,*,#8772,.F.);
#7600=ORIENTED_EDGE('',*,*,#8781,.F.);
#7601=ORIENTED_EDGE('',*,*,#8782,.F.);
#7602=ORIENTED_EDGE('',*,*,#8783,.F.);
#7603=ORIENTED_EDGE('',*,*,#8784,.F.);
#7604=CARTESIAN_POINT('',(-53.096171720501,-22.8342987804878,2.41771049248159));
#7605=DIRECTION('',(0.0,1.0,0.0));
#7606=DIRECTION('',(1.0,0.0,-0.0));
#7607=ORIENTED_EDGE('',*,*,#8785,.T.);
#7608=ORIENTED_EDGE('',*,*,#8786,.T.);
#7609=ORIENTED_EDGE('',*,*,#8784,.T.);
#7610=ORIENTED_EDGE('',*,*,#8787,.F.);
#7611=CARTESIAN_POINT('',(-55.196171720501,-23.0342987804878,-4.28228950751841));
#7612=DIRECTION('',(-1.0,0.0,-0.0));
#7613=DIRECTION('',(0.0,0.0,-1.0));
#7614=ORIENTED_EDGE('',*,*,#8783,.T.);
#7615=ORIENTED_EDGE('',*,*,#8788,.T.);
#7616=ORIENTED_EDGE('',*,*,#8789,.T.);
#7617=ORIENTED_EDGE('',*,*,#8787,.T.);
#7618=CARTESIAN_POINT('',(-55.396171720501,-23.0342987804878,-4.0822895075184));
#7619=DIRECTION('',(0.0,0.0,1.0));
#7620=DIRECTION('',(-1.0,0.0,0.0));
#7621=ORIENTED_EDGE('',*,*,#8789,.F.);
#7622=ORIENTED_EDGE('',*,*,#8790,.T.);
#7623=ORIENTED_EDGE('',*,*,#8791,.F.);
#7624=ORIENTED_EDGE('',*,*,#8792,.F.);
#7625=CARTESIAN_POINT('',(-55.196171720501,-29.0153030841718,-4.0822895075184));
#7626=DIRECTION('',(-1.0,0.0,0.0));
#7627=DIRECTION('',(0.0,0.0,1.0));
#7628=ORIENTED_EDGE('',*,*,#8785,.F.);
#7629=ORIENTED_EDGE('',*,*,#8792,.T.);
#7630=ORIENTED_EDGE('',*,*,#8793,.F.);
#7631=ORIENTED_EDGE('',*,*,#8794,.F.);
#7632=CARTESIAN_POINT('',(-55.196171720501,-29.0153030841718,-4.0822895075184));
#7633=DIRECTION('',(0.0,0.0,-1.0));
#7634=DIRECTION('',(0.0,-1.0,0.0));
#7635=ORIENTED_EDGE('',*,*,#8795,.F.);
#7636=ORIENTED_EDGE('',*,*,#8794,.T.);
#7637=ORIENTED_EDGE('',*,*,#8796,.F.);
#7638=ORIENTED_EDGE('',*,*,#8797,.F.);
#7639=CARTESIAN_POINT('',(-50.996171720501,-29.0153030841718,-4.0822895075184));
#7640=DIRECTION('',(1.0,0.0,0.0));
#7641=DIRECTION('',(0.0,1.0,0.0));
#7642=ORIENTED_EDGE('',*,*,#8798,.F.);
#7643=ORIENTED_EDGE('',*,*,#8797,.T.);
#7644=ORIENTED_EDGE('',*,*,#8799,.F.);
#7645=ORIENTED_EDGE('',*,*,#8790,.F.);
#7646=CARTESIAN_POINT('',(-55.196171720501,-29.0153030841718,-2.3822895075184));
#7647=DIRECTION('',(0.0,0.0,1.0));
#7648=DIRECTION('',(1.0,0.0,0.0));
#7649=ORIENTED_EDGE('',*,*,#8799,.T.);
#7650=ORIENTED_EDGE('',*,*,#8796,.T.);
#7651=ORIENTED_EDGE('',*,*,#8793,.T.);
#7652=ORIENTED_EDGE('',*,*,#8791,.T.);
#7653=CARTESIAN_POINT('',(-53.096171720501,-23.9842987804878,2.41771049248159));
#7654=DIRECTION('',(0.0,1.0,0.0));
#7655=DIRECTION('',(1.0,0.0,-0.0));
#7656=ORIENTED_EDGE('',*,*,#8782,.T.);
#7657=ORIENTED_EDGE('',*,*,#8800,.T.);
#7658=ORIENTED_EDGE('',*,*,#8798,.T.);
#7659=ORIENTED_EDGE('',*,*,#8788,.F.);
#7660=CARTESIAN_POINT('',(-55.196171720501,-23.0342987804878,-2.18228950751841));
#7661=DIRECTION('',(1.0,-0.0,0.0));
#7662=DIRECTION('',(0.0,0.0,1.0));
#7663=ORIENTED_EDGE('',*,*,#8781,.T.);
#7664=ORIENTED_EDGE('',*,*,#8786,.F.);
#7665=ORIENTED_EDGE('',*,*,#8795,.T.);
#7666=ORIENTED_EDGE('',*,*,#8800,.F.);
#7667=CARTESIAN_POINT('',(-50.796171720501,-23.0342987804878,-4.0822895075184));
#7668=DIRECTION('',(0.0,0.0,-1.0));
#7669=DIRECTION('',(1.0,0.0,0.0));
#7670=ORIENTED_EDGE('',*,*,#8801,.F.);
#7671=ORIENTED_EDGE('',*,*,#8802,.F.);
#7672=ORIENTED_EDGE('',*,*,#8484,.F.);
#7673=ORIENTED_EDGE('',*,*,#8803,.T.);
#7674=CARTESIAN_POINT('',(-48.446171720501,-26.5842987804878,-5.63632576271341));
#7675=DIRECTION('',(0.0,-1.0,0.0));
#7676=DIRECTION('',(0.0,0.0,1.0));
#7677=ORIENTED_EDGE('',*,*,#8803,.F.);
#7678=ORIENTED_EDGE('',*,*,#8483,.F.);
#7679=ORIENTED_EDGE('',*,*,#8802,.T.);
#7680=ORIENTED_EDGE('',*,*,#8804,.F.);
#7681=CARTESIAN_POINT('',(-48.446171720501,-26.5842987804878,-5.63632576271341));
#7682=DIRECTION('',(0.0,-1.0,0.0));
#7683=DIRECTION('',(0.0,0.0,1.0));
#7684=ORIENTED_EDGE('',*,*,#8805,.F.);
#7685=ORIENTED_EDGE('',*,*,#8806,.F.);
#7686=ORIENTED_EDGE('',*,*,#8807,.T.);
#7687=ORIENTED_EDGE('',*,*,#8804,.T.);
#7688=ORIENTED_EDGE('',*,*,#8801,.T.);
#7689=ORIENTED_EDGE('',*,*,#8807,.F.);
#7690=ORIENTED_EDGE('',*,*,#8808,.F.);
#7691=ORIENTED_EDGE('',*,*,#8805,.T.);
#7692=ORIENTED_EDGE('',*,*,#8808,.T.);
#7693=ORIENTED_EDGE('',*,*,#8806,.T.);
#7694=CARTESIAN_POINT('',(-48.446171720501,-26.5842987804878,-5.63632576271341));
#7695=DIRECTION('',(0.0,-1.0,0.0));
#7696=DIRECTION('',(0.0,0.0,-1.0));
#7697=ORIENTED_EDGE('',*,*,#8809,.F.);
#7698=ORIENTED_EDGE('',*,*,#8810,.F.);
#7699=ORIENTED_EDGE('',*,*,#8486,.F.);
#7700=ORIENTED_EDGE('',*,*,#8811,.T.);
#7701=CARTESIAN_POINT('',(-62.396171720501,-26.5842987804878,2.41771049248159));
#7702=DIRECTION('',(0.0,-1.0,0.0));
#7703=DIRECTION('',(0.0,0.0,1.0));
#7704=ORIENTED_EDGE('',*,*,#8811,.F.);
#7705=ORIENTED_EDGE('',*,*,#8485,.F.);
#7706=ORIENTED_EDGE('',*,*,#8810,.T.);
#7707=ORIENTED_EDGE('',*,*,#8812,.F.);
#7708=CARTESIAN_POINT('',(-62.396171720501,-26.5842987804878,2.41771049248159));
#7709=DIRECTION('',(0.0,-1.0,0.0));
#7710=DIRECTION('',(0.0,0.0,1.0));
#7711=ORIENTED_EDGE('',*,*,#8813,.F.);
#7712=ORIENTED_EDGE('',*,*,#8814,.F.);
#7713=ORIENTED_EDGE('',*,*,#8815,.T.);
#7714=ORIENTED_EDGE('',*,*,#8812,.T.);
#7715=ORIENTED_EDGE('',*,*,#8809,.T.);
#7716=ORIENTED_EDGE('',*,*,#8815,.F.);
#7717=ORIENTED_EDGE('',*,*,#8816,.F.);
#7718=ORIENTED_EDGE('',*,*,#8813,.T.);
#7719=ORIENTED_EDGE('',*,*,#8816,.T.);
#7720=ORIENTED_EDGE('',*,*,#8814,.T.);
#7721=CARTESIAN_POINT('',(-62.396171720501,-26.5842987804878,2.41771049248159));
#7722=DIRECTION('',(0.0,-1.0,0.0));
#7723=DIRECTION('',(0.0,0.0,-1.0));
#7724=ORIENTED_EDGE('',*,*,#8817,.F.);
#7725=ORIENTED_EDGE('',*,*,#8818,.F.);
#7726=ORIENTED_EDGE('',*,*,#8488,.F.);
#7727=ORIENTED_EDGE('',*,*,#8819,.T.);
#7728=CARTESIAN_POINT('',(-48.446171720501,-26.5842987804878,10.4717467476766));
#7729=DIRECTION('',(0.0,-1.0,0.0));
#7730=DIRECTION('',(0.0,0.0,1.0));
#7731=ORIENTED_EDGE('',*,*,#8819,.F.);
#7732=ORIENTED_EDGE('',*,*,#8487,.F.);
#7733=ORIENTED_EDGE('',*,*,#8818,.T.);
#7734=ORIENTED_EDGE('',*,*,#8820,.F.);
#7735=CARTESIAN_POINT('',(-48.446171720501,-26.5842987804878,10.4717467476766));
#7736=DIRECTION('',(0.0,-1.0,0.0));
#7737=DIRECTION('',(0.0,0.0,1.0));
#7738=ORIENTED_EDGE('',*,*,#8821,.F.);
#7739=ORIENTED_EDGE('',*,*,#8822,.F.);
#7740=ORIENTED_EDGE('',*,*,#8823,.T.);
#7741=ORIENTED_EDGE('',*,*,#8820,.T.);
#7742=ORIENTED_EDGE('',*,*,#8817,.T.);
#7743=ORIENTED_EDGE('',*,*,#8823,.F.);
#7744=ORIENTED_EDGE('',*,*,#8824,.F.);
#7745=ORIENTED_EDGE('',*,*,#8821,.T.);
#7746=ORIENTED_EDGE('',*,*,#8824,.T.);
#7747=ORIENTED_EDGE('',*,*,#8822,.T.);
#7748=CARTESIAN_POINT('',(-48.446171720501,-26.5842987804878,10.4717467476766));
#7749=DIRECTION('',(0.0,-1.0,0.0));
#7750=DIRECTION('',(0.0,0.0,-1.0));
#7751=ORIENTED_EDGE('',*,*,#8428,.F.);
#7752=ORIENTED_EDGE('',*,*,#8432,.F.);
#7753=ORIENTED_EDGE('',*,*,#8436,.T.);
#7754=ORIENTED_EDGE('',*,*,#8420,.T.);
#7755=CARTESIAN_POINT('',(-53.096171720501,-19.5842987804878,2.41771049248159));
#7756=DIRECTION('',(0.0,1.0,0.0));
#7757=DIRECTION('',(0.0,0.0,1.0));
#7758=EDGE_CURVE('',#8825,#8826,#8827,.T.);
#7759=EDGE_CURVE('',#8828,#8825,#8829,.T.);
#7760=EDGE_CURVE('',#8828,#8830,#8831,.T.);
#7761=EDGE_CURVE('',#8826,#8830,#8832,.T.);
#7762=EDGE_CURVE('',#8833,#8834,#8835,.T.);
#7763=EDGE_CURVE('',#8836,#8833,#8837,.T.);
#7764=EDGE_CURVE('',#8838,#8836,#8839,.T.);
#7765=EDGE_CURVE('',#8834,#8838,#8840,.T.);
#7766=EDGE_CURVE('',#8841,#8842,#8843,.T.);
#7767=EDGE_CURVE('',#8844,#8841,#8845,.T.);
#7768=EDGE_CURVE('',#8846,#8844,#8847,.T.);
#7769=EDGE_CURVE('',#8842,#8846,#8848,.T.);
#7770=EDGE_CURVE('',#8849,#8850,#8851,.T.);
#7771=EDGE_CURVE('',#8852,#8849,#8853,.T.);
#7772=EDGE_CURVE('',#8852,#8854,#8855,.T.);
#7773=EDGE_CURVE('',#8850,#8854,#8856,.T.);
#7774=EDGE_CURVE('',#8857,#8858,#8859,.T.);
#7775=EDGE_CURVE('',#8860,#8857,#8861,.T.);
#7776=EDGE_CURVE('',#8862,#8860,#8863,.T.);
#7777=EDGE_CURVE('',#8862,#8858,#8864,.T.);
#7778=EDGE_CURVE('',#8865,#8858,#8866,.T.);
#7779=EDGE_CURVE('',#8862,#8867,#8868,.T.);
#7780=EDGE_CURVE('',#8869,#8867,#8870,.T.);
#7781=EDGE_CURVE('',#8871,#8869,#8872,.T.);
#7782=EDGE_CURVE('',#8865,#8871,#8873,.T.);
#7783=EDGE_CURVE('',#8874,#8865,#8875,.T.);
#7784=EDGE_CURVE('',#8876,#8871,#8877,.T.);
#7785=EDGE_CURVE('',#8876,#8874,#8878,.T.);
#7786=EDGE_CURVE('',#8857,#8874,#8879,.T.);
#7787=EDGE_CURVE('',#8880,#8876,#8881,.T.);
#7788=EDGE_CURVE('',#8882,#8880,#8883,.T.);
#7789=EDGE_CURVE('',#8882,#8860,#8884,.T.);
#7790=EDGE_CURVE('',#8867,#8882,#8885,.T.);
#7791=EDGE_CURVE('',#8869,#8880,#8886,.T.);
#7792=EDGE_CURVE('',#8880,#8887,#8888,.T.);
#7793=EDGE_CURVE('',#8887,#8889,#8890,.T.);
#7794=EDGE_CURVE('',#8889,#8869,#8891,.T.);
#7795=EDGE_CURVE('',#8889,#8892,#8893,.T.);
#7796=EDGE_CURVE('',#8871,#8892,#8894,.T.);
#7797=EDGE_CURVE('',#8895,#8876,#8896,.T.);
#7798=EDGE_CURVE('',#8892,#8895,#8897,.T.);
#7799=EDGE_CURVE('',#8892,#8898,#8899,.T.);
#7800=EDGE_CURVE('',#8900,#8898,#8901,.T.);
#7801=EDGE_CURVE('',#8900,#8895,#8902,.T.);
#7802=EDGE_CURVE('',#8895,#8887,#8903,.T.);
#7803=EDGE_CURVE('',#8904,#8900,#8905,.T.);
#7804=EDGE_CURVE('',#8887,#8904,#8906,.T.);
#7805=EDGE_CURVE('',#8907,#8908,#8909,.T.);
#7806=EDGE_CURVE('',#8910,#8907,#8911,.T.);
#7807=EDGE_CURVE('',#8912,#8910,#8913,.T.);
#7808=EDGE_CURVE('',#8914,#8912,#8915,.T.);
#7809=EDGE_CURVE('',#8916,#8914,#8917,.T.);
#7810=EDGE_CURVE('',#8916,#8842,#8918,.T.);
#7811=EDGE_CURVE('',#8919,#8846,#8920,.T.);
#7812=EDGE_CURVE('',#8919,#8921,#8922,.T.);
#7813=EDGE_CURVE('',#8921,#8923,#8924,.T.);
#7814=EDGE_CURVE('',#8925,#8923,#8926,.T.);
#7815=EDGE_CURVE('',#8927,#8925,#8928,.T.);
#7816=EDGE_CURVE('',#8927,#8929,#8930,.T.);
#7817=EDGE_CURVE('',#8929,#8908,#8931,.T.);
#7818=EDGE_CURVE('',#8932,#8904,#8933,.T.);
#7819=EDGE_CURVE('',#8932,#8889,#8934,.T.);
#7820=EDGE_CURVE('',#8898,#8932,#8935,.T.);
#7821=EDGE_CURVE('',#8936,#8937,#8938,.T.);
#7822=EDGE_CURVE('',#8937,#8939,#8940,.T.);
#7823=EDGE_CURVE('',#8941,#8939,#8942,.T.);
#7824=EDGE_CURVE('',#8943,#8941,#8944,.T.);
#7825=EDGE_CURVE('',#8945,#8943,#8946,.T.);
#7826=EDGE_CURVE('',#8947,#8945,#8948,.T.);
#7827=EDGE_CURVE('',#8844,#8947,#8949,.T.);
#7828=EDGE_CURVE('',#8841,#8950,#8951,.T.);
#7829=EDGE_CURVE('',#8952,#8950,#8953,.T.);
#7830=EDGE_CURVE('',#8952,#8954,#8955,.T.);
#7831=EDGE_CURVE('',#8954,#8956,#8957,.T.);
#7832=EDGE_CURVE('',#8958,#8956,#8959,.T.);
#7833=EDGE_CURVE('',#8936,#8958,#8960,.T.);
#7834=EDGE_CURVE('',#8961,#8962,#8963,.T.);
#7835=EDGE_CURVE('',#8898,#8962,#8964,.T.);
#7836=EDGE_CURVE('',#8961,#8932,#8965,.T.);
#7837=EDGE_CURVE('',#8904,#8966,#8967,.T.);
#7838=EDGE_CURVE('',#8966,#8961,#8968,.T.);
#7839=EDGE_CURVE('',#8969,#8970,#8971,.T.);
#7840=EDGE_CURVE('',#8961,#8969,#8972,.T.);
#7841=EDGE_CURVE('',#8966,#8970,#8973,.T.);
#7842=EDGE_CURVE('',#8974,#8970,#8975,.T.);
#7843=EDGE_CURVE('',#8976,#8966,#8977,.T.);
#7844=EDGE_CURVE('',#8976,#8978,#8979,.T.);
#7845=EDGE_CURVE('',#8978,#8980,#8981,.T.);
#7846=EDGE_CURVE('',#8980,#8982,#8983,.T.);
#7847=EDGE_CURVE('',#8984,#8982,#8985,.T.);
#7848=EDGE_CURVE('',#8984,#8986,#8987,.T.);
#7849=EDGE_CURVE('',#8988,#8986,#8989,.T.);
#7850=EDGE_CURVE('',#8990,#8988,#8991,.T.);
#7851=EDGE_CURVE('',#8990,#8992,#8993,.T.);
#7852=EDGE_CURVE('',#8994,#8992,#8995,.T.);
#7853=EDGE_CURVE('',#8994,#8996,#8997,.T.);
#7854=EDGE_CURVE('',#8996,#8998,#8999,.T.);
#7855=EDGE_CURVE('',#8998,#9000,#9001,.T.);
#7856=EDGE_CURVE('',#9002,#9000,#9003,.T.);
#7857=EDGE_CURVE('',#9002,#9004,#9005,.T.);
#7858=EDGE_CURVE('',#9006,#9004,#9007,.T.);
#7859=EDGE_CURVE('',#9006,#9008,#9009,.T.);
#7860=EDGE_CURVE('',#9010,#9008,#9011,.T.);
#7861=EDGE_CURVE('',#9010,#9012,#9013,.T.);
#7862=EDGE_CURVE('',#9012,#9014,#9015,.T.);
#7863=EDGE_CURVE('',#9014,#9016,#9017,.T.);
#7864=EDGE_CURVE('',#9018,#9016,#9019,.T.);
#7865=EDGE_CURVE('',#9018,#9020,#9021,.T.);
#7866=EDGE_CURVE('',#9022,#9020,#9023,.T.);
#7867=EDGE_CURVE('',#9024,#9022,#9025,.T.);
#7868=EDGE_CURVE('',#9024,#9026,#9027,.T.);
#7869=EDGE_CURVE('',#9028,#9026,#9029,.T.);
#7870=EDGE_CURVE('',#9028,#8974,#9030,.T.);
#7871=EDGE_CURVE('',#9031,#9032,#9033,.T.);
#7872=EDGE_CURVE('',#9034,#9031,#9035,.T.);
#7873=EDGE_CURVE('',#9036,#9034,#9037,.T.);
#7874=EDGE_CURVE('',#9038,#9036,#9039,.T.);
#7875=EDGE_CURVE('',#9040,#9038,#9041,.T.);
#7876=EDGE_CURVE('',#9042,#9040,#9043,.T.);
#7877=EDGE_CURVE('',#9044,#9042,#9045,.T.);
#7878=EDGE_CURVE('',#9032,#9044,#9046,.T.);
#7879=EDGE_CURVE('',#8974,#9047,#9048,.T.);
#7880=EDGE_CURVE('',#9049,#9028,#9050,.T.);
#7881=EDGE_CURVE('',#9047,#9049,#9051,.T.);
#7882=EDGE_CURVE('',#8969,#9047,#9052,.T.);
#7883=EDGE_CURVE('',#9053,#9049,#9054,.T.);
#7884=EDGE_CURVE('',#9053,#9055,#9056,.T.);
#7885=EDGE_CURVE('',#9055,#9057,#9058,.T.);
#7886=EDGE_CURVE('',#9057,#9059,#9060,.T.);
#7887=EDGE_CURVE('',#9059,#9061,#9062,.T.);
#7888=EDGE_CURVE('',#9063,#9061,#9064,.T.);
#7889=EDGE_CURVE('',#9063,#9065,#9066,.T.);
#7890=EDGE_CURVE('',#9065,#9067,#9068,.T.);
#7891=EDGE_CURVE('',#9067,#9069,#9070,.T.);
#7892=EDGE_CURVE('',#9071,#9069,#9072,.T.);
#7893=EDGE_CURVE('',#9071,#9073,#9074,.T.);
#7894=EDGE_CURVE('',#9073,#9075,#9076,.T.);
#7895=EDGE_CURVE('',#9075,#9077,#9078,.T.);
#7896=EDGE_CURVE('',#9079,#9077,#9080,.T.);
#7897=EDGE_CURVE('',#9079,#9081,#9082,.T.);
#7898=EDGE_CURVE('',#9081,#9083,#9084,.T.);
#7899=EDGE_CURVE('',#9083,#9085,#9086,.T.);
#7900=EDGE_CURVE('',#9087,#9085,#9088,.T.);
#7901=EDGE_CURVE('',#9087,#9089,#9090,.T.);
#7902=EDGE_CURVE('',#9089,#9091,#9092,.T.);
#7903=EDGE_CURVE('',#9091,#9093,#9094,.T.);
#7904=EDGE_CURVE('',#9093,#9095,#9096,.T.);
#7905=EDGE_CURVE('',#9097,#9095,#9098,.T.);
#7906=EDGE_CURVE('',#9097,#9099,#9100,.T.);
#7907=EDGE_CURVE('',#9099,#9101,#9102,.T.);
#7908=EDGE_CURVE('',#8962,#9101,#9103,.T.);
#7909=EDGE_CURVE('',#9104,#9105,#9106,.T.);
#7910=EDGE_CURVE('',#9104,#9107,#9108,.T.);
#7911=EDGE_CURVE('',#9109,#9107,#9110,.T.);
#7912=EDGE_CURVE('',#9111,#9109,#9112,.T.);
#7913=EDGE_CURVE('',#9113,#9111,#9114,.T.);
#7914=EDGE_CURVE('',#9105,#9113,#9115,.T.);
#7915=EDGE_CURVE('',#8978,#9101,#9116,.T.);
#7916=EDGE_CURVE('',#8962,#8976,#9117,.T.);
#7917=EDGE_CURVE('',#8976,#8900,#9118,.T.);
#7918=EDGE_CURVE('',#9099,#8980,#9119,.T.);
#7919=EDGE_CURVE('',#8982,#9097,#9120,.T.);
#7920=EDGE_CURVE('',#9095,#8984,#9121,.T.);
#7921=EDGE_CURVE('',#9093,#8986,#9122,.T.);
#7922=EDGE_CURVE('',#8988,#9091,#9123,.T.);
#7923=EDGE_CURVE('',#8990,#9089,#9124,.T.);
#7924=EDGE_CURVE('',#8992,#9087,#9125,.T.);
#7925=EDGE_CURVE('',#9085,#8994,#9126,.T.);
#7926=EDGE_CURVE('',#9083,#8996,#9127,.T.);
#7927=EDGE_CURVE('',#8998,#9081,#9128,.T.);
#7928=EDGE_CURVE('',#9000,#9079,#9129,.T.);
#7929=EDGE_CURVE('',#9002,#9077,#9130,.T.);
#7930=EDGE_CURVE('',#9075,#9004,#9131,.T.);
#7931=EDGE_CURVE('',#9006,#9073,#9132,.T.);
#7932=EDGE_CURVE('',#9008,#9071,#9133,.T.);
#7933=EDGE_CURVE('',#9069,#9010,#9134,.T.);
#7934=EDGE_CURVE('',#9067,#9012,#9135,.T.);
#7935=EDGE_CURVE('',#9014,#9065,#9136,.T.);
#7936=EDGE_CURVE('',#9016,#9063,#9137,.T.);
#7937=EDGE_CURVE('',#9061,#9018,#9138,.T.);
#7938=EDGE_CURVE('',#9020,#9059,#9139,.T.);
#7939=EDGE_CURVE('',#9022,#9057,#9140,.T.);
#7940=EDGE_CURVE('',#9024,#9055,#9141,.T.);
#7941=EDGE_CURVE('',#9026,#9053,#9142,.T.);
#7942=EDGE_CURVE('',#9113,#9143,#9144,.T.);
#7943=EDGE_CURVE('',#9143,#9105,#9145,.T.);
#7944=EDGE_CURVE('',#9143,#9146,#9147,.T.);
#7945=EDGE_CURVE('',#9146,#9104,#9148,.T.);
#7946=EDGE_CURVE('',#9149,#9150,#9151,.T.);
#7947=EDGE_CURVE('',#9150,#9152,#9153,.T.);
#7948=EDGE_CURVE('',#9107,#9152,#9154,.T.);
#7949=EDGE_CURVE('',#9146,#9155,#9156,.T.);
#7950=EDGE_CURVE('',#9155,#9157,#9158,.T.);
#7951=EDGE_CURVE('',#9149,#9157,#9159,.T.);
#7952=EDGE_CURVE('',#9149,#9160,#9161,.T.);
#7953=EDGE_CURVE('',#9162,#9157,#9163,.T.);
#7954=EDGE_CURVE('',#9162,#9160,#9164,.T.);
#7955=EDGE_CURVE('',#9165,#9162,#9166,.T.);
#7956=EDGE_CURVE('',#9165,#9167,#9168,.T.);
#7957=EDGE_CURVE('',#9160,#9167,#9169,.T.);
#7958=EDGE_CURVE('',#9170,#9167,#9171,.T.);
#7959=EDGE_CURVE('',#9170,#9150,#9172,.T.);
#7960=EDGE_CURVE('',#9173,#9170,#9174,.T.);
#7961=EDGE_CURVE('',#9173,#9152,#9175,.T.);
#7962=EDGE_CURVE('',#9173,#9176,#9177,.T.);
#7963=EDGE_CURVE('',#9152,#9176,#9178,.T.);
#7964=EDGE_CURVE('',#9176,#9109,#9179,.T.);
#7965=EDGE_CURVE('',#9176,#9111,#9180,.T.);
#7966=EDGE_CURVE('',#9181,#9170,#9182,.T.);
#7967=EDGE_CURVE('',#9111,#9181,#9183,.T.);
#7968=EDGE_CURVE('',#9181,#9184,#9185,.T.);
#7969=EDGE_CURVE('',#9184,#9113,#9186,.T.);
#7970=EDGE_CURVE('',#9187,#9184,#9188,.T.);
#7971=EDGE_CURVE('',#9187,#9189,#9190,.T.);
#7972=EDGE_CURVE('',#9143,#9189,#9191,.T.);
#7973=EDGE_CURVE('',#9189,#9146,#9192,.T.);
#7974=EDGE_CURVE('',#9155,#9187,#9193,.T.);
#7975=EDGE_CURVE('',#9165,#9187,#9194,.T.);
#7976=EDGE_CURVE('',#9165,#9184,#9195,.T.);
#7977=EDGE_CURVE('',#9181,#9167,#9196,.T.);
#7978=EDGE_CURVE('',#9197,#9198,#9199,.T.);
#7979=EDGE_CURVE('',#9032,#9198,#9200,.T.);
#7980=EDGE_CURVE('',#9197,#9044,#9201,.T.);
#7981=EDGE_CURVE('',#9197,#9202,#9203,.T.);
#7982=EDGE_CURVE('',#9042,#9202,#9204,.T.);
#7983=EDGE_CURVE('',#9205,#9202,#9206,.T.);
#7984=EDGE_CURVE('',#9205,#9040,#9207,.T.);
#7985=EDGE_CURVE('',#9208,#9205,#9209,.T.);
#7986=EDGE_CURVE('',#9038,#9208,#9210,.T.);
#7987=EDGE_CURVE('',#9211,#9036,#9212,.T.);
#7988=EDGE_CURVE('',#9211,#9208,#9213,.T.);
#7989=EDGE_CURVE('',#9211,#9214,#9215,.T.);
#7990=EDGE_CURVE('',#9214,#9208,#9216,.T.);
#7991=EDGE_CURVE('',#9217,#9214,#9218,.T.);
#7992=EDGE_CURVE('',#9217,#9205,#9219,.T.);
#7993=EDGE_CURVE('',#9220,#9217,#9221,.T.);
#7994=EDGE_CURVE('',#9202,#9220,#9222,.T.);
#7995=EDGE_CURVE('',#9220,#9223,#9224,.T.);
#7996=EDGE_CURVE('',#9197,#9223,#9225,.T.);
#7997=EDGE_CURVE('',#9223,#9198,#9226,.T.);
#7998=EDGE_CURVE('',#9227,#9198,#9228,.T.);
#7999=EDGE_CURVE('',#8854,#9223,#9229,.T.);
#8000=EDGE_CURVE('',#8854,#9227,#9230,.T.);
#8001=EDGE_CURVE('',#9227,#9231,#9232,.T.);
#8002=EDGE_CURVE('',#9231,#8852,#9233,.T.);
#8003=EDGE_CURVE('',#9211,#9231,#9234,.T.);
#8004=EDGE_CURVE('',#8852,#9214,#9235,.T.);
#8005=EDGE_CURVE('',#8849,#9217,#9236,.T.);
#8006=EDGE_CURVE('',#9220,#8850,#9237,.T.);
#8007=EDGE_CURVE('',#9034,#9231,#9238,.T.);
#8008=EDGE_CURVE('',#9227,#9031,#9239,.T.);
#8009=EDGE_CURVE('',#8908,#8936,#9240,.T.);
#8010=EDGE_CURVE('',#8958,#8907,#9241,.T.);
#8011=EDGE_CURVE('',#9242,#8907,#9243,.T.);
#8012=EDGE_CURVE('',#8958,#9244,#9245,.T.);
#8013=EDGE_CURVE('',#9242,#9244,#9246,.T.);
#8014=EDGE_CURVE('',#9244,#9247,#9248,.T.);
#8015=EDGE_CURVE('',#9247,#9249,#9250,.T.);
#8016=EDGE_CURVE('',#9249,#9242,#9251,.T.);
#8017=EDGE_CURVE('',#9249,#8834,#9252,.T.);
#8018=EDGE_CURVE('',#9253,#8838,#9254,.T.);
#8019=EDGE_CURVE('',#9255,#9253,#9256,.T.);
#8020=EDGE_CURVE('',#9257,#9255,#9258,.T.);
#8021=EDGE_CURVE('',#9259,#9257,#9260,.T.);
#8022=EDGE_CURVE('',#9261,#9259,#9262,.T.);
#8023=EDGE_CURVE('',#9242,#9261,#9263,.T.);
#8024=EDGE_CURVE('',#8910,#9261,#9264,.T.);
#8025=EDGE_CURVE('',#9261,#9265,#9266,.T.);
#8026=EDGE_CURVE('',#9265,#8956,#9267,.T.);
#8027=EDGE_CURVE('',#8910,#8956,#9268,.T.);
#8028=EDGE_CURVE('',#8954,#8912,#9269,.T.);
#8029=EDGE_CURVE('',#8914,#8952,#9270,.T.);
#8030=EDGE_CURVE('',#8950,#8916,#9271,.T.);
#8031=EDGE_CURVE('',#8947,#8919,#9272,.T.);
#8032=EDGE_CURVE('',#8921,#8945,#9273,.T.);
#8033=EDGE_CURVE('',#8923,#8943,#9274,.T.);
#8034=EDGE_CURVE('',#9255,#8923,#9275,.T.);
#8035=EDGE_CURVE('',#8943,#9276,#9277,.T.);
#8036=EDGE_CURVE('',#9276,#9255,#9278,.T.);
#8037=EDGE_CURVE('',#9279,#9276,#9280,.T.);
#8038=EDGE_CURVE('',#9257,#9279,#9281,.T.);
#8039=EDGE_CURVE('',#9279,#9282,#9283,.T.);
#8040=EDGE_CURVE('',#9282,#9284,#9285,.T.);
#8041=EDGE_CURVE('',#9284,#9257,#9286,.T.);
#8042=EDGE_CURVE('',#9259,#9287,#9288,.T.);
#8043=EDGE_CURVE('',#9284,#9287,#9289,.T.);
#8044=EDGE_CURVE('',#8825,#9290,#9291,.T.);
#8045=EDGE_CURVE('',#9290,#9287,#9292,.T.);
#8046=EDGE_CURVE('',#9284,#8828,#9293,.T.);
#8047=EDGE_CURVE('',#9282,#8830,#9294,.T.);
#8048=EDGE_CURVE('',#9295,#8826,#9296,.T.);
#8049=EDGE_CURVE('',#9297,#9282,#9298,.T.);
#8050=EDGE_CURVE('',#9295,#9297,#9299,.T.);
#8051=EDGE_CURVE('',#9295,#9290,#9300,.T.);
#8052=EDGE_CURVE('',#9287,#9297,#9301,.T.);
#8053=EDGE_CURVE('',#9297,#9302,#9303,.T.);
#8054=EDGE_CURVE('',#9302,#9259,#9304,.T.);
#8055=EDGE_CURVE('',#9265,#9302,#9305,.T.);
#8056=EDGE_CURVE('',#8833,#9247,#9306,.T.);
#8057=EDGE_CURVE('',#9265,#9244,#9307,.T.);
#8058=EDGE_CURVE('',#9279,#9302,#9308,.T.);
#8059=EDGE_CURVE('',#9309,#9276,#9310,.T.);
#8060=EDGE_CURVE('',#8836,#9309,#9311,.T.);
#8061=EDGE_CURVE('',#9309,#9253,#9312,.T.);
#8062=EDGE_CURVE('',#8925,#9253,#9313,.T.);
#8063=EDGE_CURVE('',#9309,#8941,#9314,.T.);
#8064=EDGE_CURVE('',#8925,#8941,#9315,.T.);
#8065=EDGE_CURVE('',#8939,#8927,#9316,.T.);
#8066=EDGE_CURVE('',#8929,#8937,#9317,.T.);
#8067=EDGE_CURVE('',#9318,#9319,#9320,.T.);
#8068=EDGE_CURVE('',#9321,#9318,#9322,.T.);
#8069=EDGE_CURVE('',#9321,#9323,#9324,.T.);
#8070=EDGE_CURVE('',#9319,#9323,#9325,.T.);
#8071=EDGE_CURVE('',#9326,#9327,#9328,.T.);
#8072=EDGE_CURVE('',#9329,#9326,#9330,.T.);
#8073=EDGE_CURVE('',#9329,#9331,#9332,.T.);
#8074=EDGE_CURVE('',#9327,#9331,#9333,.T.);
#8075=EDGE_CURVE('',#9334,#9335,#9336,.T.);
#8076=EDGE_CURVE('',#9337,#9335,#9338,.T.);
#8077=EDGE_CURVE('',#9339,#9337,#9340,.T.);
#8078=EDGE_CURVE('',#9339,#9319,#9341,.T.);
#8079=EDGE_CURVE('',#9342,#9323,#9343,.T.);
#8080=EDGE_CURVE('',#9342,#9344,#9345,.T.);
#8081=EDGE_CURVE('',#9344,#9346,#9347,.T.);
#8082=EDGE_CURVE('',#9346,#9348,#9349,.T.);
#8083=EDGE_CURVE('',#9348,#9350,#9351,.T.);
#8084=EDGE_CURVE('',#9350,#9352,#9353,.T.);
#8085=EDGE_CURVE('',#9352,#9354,#9355,.T.);
#8086=EDGE_CURVE('',#9354,#9356,#9357,.T.);
#8087=EDGE_CURVE('',#9356,#9358,#9359,.T.);
#8088=EDGE_CURVE('',#9358,#9360,#9361,.T.);
#8089=EDGE_CURVE('',#9360,#9362,#9363,.T.);
#8090=EDGE_CURVE('',#9364,#9362,#9365,.T.);
#8091=EDGE_CURVE('',#9364,#9366,#9367,.T.);
#8092=EDGE_CURVE('',#9366,#9368,#9369,.T.);
#8093=EDGE_CURVE('',#9368,#9370,#9371,.T.);
#8094=EDGE_CURVE('',#9370,#9372,#9373,.T.);
#8095=EDGE_CURVE('',#9372,#9374,#9375,.T.);
#8096=EDGE_CURVE('',#9374,#9376,#9377,.T.);
#8097=EDGE_CURVE('',#9376,#9378,#9379,.T.);
#8098=EDGE_CURVE('',#9378,#9334,#9380,.T.);
#8099=EDGE_CURVE('',#9381,#9382,#9383,.T.);
#8100=EDGE_CURVE('',#9382,#9384,#9385,.T.);
#8101=EDGE_CURVE('',#9386,#9384,#9387,.T.);
#8102=EDGE_CURVE('',#9386,#9327,#9388,.T.);
#8103=EDGE_CURVE('',#9381,#9331,#9389,.T.);
#8104=EDGE_CURVE('',#9390,#9391,#9392,.T.);
#8105=EDGE_CURVE('',#9390,#9393,#9394,.T.);
#8106=EDGE_CURVE('',#9393,#9395,#9396,.T.);
#8107=EDGE_CURVE('',#9397,#9395,#9398,.T.);
#8108=EDGE_CURVE('',#9397,#9399,#9400,.T.);
#8109=EDGE_CURVE('',#9399,#9391,#9401,.T.);
#8110=EDGE_CURVE('',#9402,#9403,#9404,.T.);
#8111=EDGE_CURVE('',#9402,#9405,#9406,.T.);
#8112=EDGE_CURVE('',#9405,#9407,#9408,.T.);
#8113=EDGE_CURVE('',#9409,#9407,#9410,.T.);
#8114=EDGE_CURVE('',#9409,#9411,#9412,.T.);
#8115=EDGE_CURVE('',#9411,#9403,#9413,.T.);
#8116=EDGE_CURVE('',#9414,#9415,#9416,.T.);
#8117=EDGE_CURVE('',#9417,#9415,#9418,.T.);
#8118=EDGE_CURVE('',#9417,#9419,#9420,.T.);
#8119=EDGE_CURVE('',#9419,#9421,#9422,.T.);
#8120=EDGE_CURVE('',#9421,#9423,#9424,.T.);
#8121=EDGE_CURVE('',#9425,#9423,#9426,.T.);
#8122=EDGE_CURVE('',#9425,#9427,#9428,.T.);
#8123=EDGE_CURVE('',#9414,#9427,#9429,.T.);
#8124=EDGE_CURVE('',#9430,#9378,#9431,.T.);
#8125=EDGE_CURVE('',#9430,#9432,#9433,.T.);
#8126=EDGE_CURVE('',#9334,#9432,#9434,.T.);
#8127=EDGE_CURVE('',#9435,#9335,#9436,.T.);
#8128=EDGE_CURVE('',#9435,#9432,#9437,.T.);
#8129=EDGE_CURVE('',#9430,#9438,#9439,.T.);
#8130=EDGE_CURVE('',#9440,#9438,#9441,.T.);
#8131=EDGE_CURVE('',#9440,#9442,#9443,.T.);
#8132=EDGE_CURVE('',#9444,#9442,#9445,.T.);
#8133=EDGE_CURVE('',#9444,#9446,#9447,.T.);
#8134=EDGE_CURVE('',#9448,#9446,#9449,.T.);
#8135=EDGE_CURVE('',#9448,#9450,#9451,.T.);
#8136=EDGE_CURVE('',#9450,#9452,#9453,.T.);
#8137=EDGE_CURVE('',#9452,#9454,#9455,.T.);
#8138=EDGE_CURVE('',#9456,#9454,#9457,.T.);
#8139=EDGE_CURVE('',#9456,#9458,#9459,.T.);
#8140=EDGE_CURVE('',#9460,#9458,#9461,.T.);
#8141=EDGE_CURVE('',#9460,#9462,#9463,.T.);
#8142=EDGE_CURVE('',#9464,#9462,#9465,.T.);
#8143=EDGE_CURVE('',#9464,#9466,#9467,.T.);
#8144=EDGE_CURVE('',#9468,#9466,#9469,.T.);
#8145=EDGE_CURVE('',#9468,#9470,#9471,.T.);
#8146=EDGE_CURVE('',#9472,#9470,#9473,.T.);
#8147=EDGE_CURVE('',#9321,#9472,#9474,.T.);
#8148=EDGE_CURVE('',#9318,#9475,#9476,.T.);
#8149=EDGE_CURVE('',#9477,#9475,#9478,.T.);
#8150=EDGE_CURVE('',#9477,#9435,#9479,.T.);
#8151=EDGE_CURVE('',#9480,#9481,#9482,.T.);
#8152=EDGE_CURVE('',#9483,#9480,#9484,.T.);
#8153=EDGE_CURVE('',#9485,#9483,#9486,.T.);
#8154=EDGE_CURVE('',#9481,#9485,#9487,.T.);
#8155=EDGE_CURVE('',#9488,#9489,#9490,.T.);
#8156=EDGE_CURVE('',#9488,#9491,#9492,.T.);
#8157=EDGE_CURVE('',#9491,#9493,#9494,.T.);
#8158=EDGE_CURVE('',#9495,#9493,#9496,.T.);
#8159=EDGE_CURVE('',#9495,#9497,#9498,.T.);
#8160=EDGE_CURVE('',#9497,#9489,#9499,.T.);
#8161=EDGE_CURVE('',#9500,#9501,#9502,.T.);
#8162=EDGE_CURVE('',#9500,#9503,#9504,.T.);
#8163=EDGE_CURVE('',#9503,#9505,#9506,.T.);
#8164=EDGE_CURVE('',#9507,#9505,#9508,.T.);
#8165=EDGE_CURVE('',#9507,#9509,#9510,.T.);
#8166=EDGE_CURVE('',#9509,#9501,#9511,.T.);
#8167=EDGE_CURVE('',#9512,#9513,#9514,.T.);
#8168=EDGE_CURVE('',#9513,#9515,#9516,.T.);
#8169=EDGE_CURVE('',#9517,#9515,#9518,.T.);
#8170=EDGE_CURVE('',#9517,#9519,#9520,.T.);
#8171=EDGE_CURVE('',#9519,#9521,#9522,.T.);
#8172=EDGE_CURVE('',#9512,#9521,#9523,.T.);
#8173=EDGE_CURVE('',#9337,#9477,#9524,.T.);
#8174=EDGE_CURVE('',#9525,#9337,#9526,.T.);
#8175=EDGE_CURVE('',#9477,#9527,#9528,.T.);
#8176=EDGE_CURVE('',#9527,#9525,#9529,.T.);
#8177=EDGE_CURVE('',#9527,#9530,#9531,.T.);
#8178=EDGE_CURVE('',#9532,#9530,#9533,.T.);
#8179=EDGE_CURVE('',#9532,#9525,#9534,.T.);
#8180=EDGE_CURVE('',#9535,#9536,#9537,.T.);
#8181=EDGE_CURVE('',#9525,#9536,#9538,.T.);
#8182=EDGE_CURVE('',#9539,#9532,#9540,.T.);
#8183=EDGE_CURVE('',#9539,#9535,#9541,.T.);
#8184=EDGE_CURVE('',#9542,#9543,#9544,.T.);
#8185=EDGE_CURVE('',#9542,#9535,#9545,.T.);
#8186=EDGE_CURVE('',#9539,#9543,#9546,.T.);
#8187=EDGE_CURVE('',#9547,#9539,#9548,.T.);
#8188=EDGE_CURVE('',#9547,#9549,#9550,.T.);
#8189=EDGE_CURVE('',#9543,#9549,#9551,.T.);
#8190=EDGE_CURVE('',#9552,#9549,#9553,.T.);
#8191=EDGE_CURVE('',#9554,#9552,#9555,.T.);
#8192=EDGE_CURVE('',#9556,#9554,#9557,.T.);
#8193=EDGE_CURVE('',#9543,#9556,#9558,.T.);
#8194=EDGE_CURVE('',#9530,#9543,#9559,.T.);
#8195=EDGE_CURVE('',#9560,#9556,#9561,.T.);
#8196=EDGE_CURVE('',#9560,#9562,#9563,.T.);
#8197=EDGE_CURVE('',#9530,#9562,#9564,.T.);
#8198=EDGE_CURVE('',#9565,#9532,#9566,.T.);
#8199=EDGE_CURVE('',#9562,#9565,#9567,.T.);
#8200=EDGE_CURVE('',#9568,#9569,#9570,.T.);
#8201=EDGE_CURVE('',#9569,#9565,#9571,.T.);
#8202=EDGE_CURVE('',#9562,#9568,#9572,.T.);
#8203=EDGE_CURVE('',#9573,#9568,#9574,.T.);
#8204=EDGE_CURVE('',#9575,#9560,#9576,.T.);
#8205=EDGE_CURVE('',#9575,#9577,#9578,.T.);
#8206=EDGE_CURVE('',#9573,#9577,#9579,.T.);
#8207=EDGE_CURVE('',#9573,#9580,#9581,.T.);
#8208=EDGE_CURVE('',#9582,#9577,#9583,.T.);
#8209=EDGE_CURVE('',#9580,#9582,#9584,.T.);
#8210=EDGE_CURVE('',#9569,#9580,#9585,.T.);
#8211=EDGE_CURVE('',#9582,#9586,#9587,.T.);
#8212=EDGE_CURVE('',#9588,#9586,#9589,.T.);
#8213=EDGE_CURVE('',#9565,#9588,#9590,.T.);
#8214=EDGE_CURVE('',#9591,#9588,#9592,.T.);
#8215=EDGE_CURVE('',#9591,#9539,#9593,.T.);
#8216=EDGE_CURVE('',#9594,#9591,#9595,.T.);
#8217=EDGE_CURVE('',#9596,#9594,#9597,.T.);
#8218=EDGE_CURVE('',#9596,#9547,#9598,.T.);
#8219=EDGE_CURVE('',#9552,#9596,#9599,.T.);
#8220=EDGE_CURVE('',#9596,#9323,#9600,.T.);
#8221=EDGE_CURVE('',#9321,#9552,#9601,.T.);
#8222=EDGE_CURVE('',#9554,#9472,#9602,.T.);
#8223=EDGE_CURVE('',#9342,#9594,#9603,.T.);
#8224=EDGE_CURVE('',#9594,#9554,#9604,.T.);
#8225=EDGE_CURVE('',#9472,#9342,#9605,.T.);
#8226=EDGE_CURVE('',#9344,#9470,#9606,.T.);
#8227=EDGE_CURVE('',#9468,#9346,#9607,.T.);
#8228=EDGE_CURVE('',#9348,#9466,#9608,.T.);
#8229=EDGE_CURVE('',#9464,#9350,#9609,.T.);
#8230=EDGE_CURVE('',#9352,#9462,#9610,.T.);
#8231=EDGE_CURVE('',#9460,#9354,#9611,.T.);
#8232=EDGE_CURVE('',#9356,#9458,#9612,.T.);
#8233=EDGE_CURVE('',#9456,#9358,#9613,.T.);
#8234=EDGE_CURVE('',#9360,#9454,#9614,.T.);
#8235=EDGE_CURVE('',#9362,#9452,#9615,.T.);
#8236=EDGE_CURVE('',#9364,#9450,#9616,.T.);
#8237=EDGE_CURVE('',#9366,#9448,#9617,.T.);
#8238=EDGE_CURVE('',#9368,#9446,#9618,.T.);
#8239=EDGE_CURVE('',#9444,#9370,#9619,.T.);
#8240=EDGE_CURVE('',#9372,#9442,#9620,.T.);
#8241=EDGE_CURVE('',#9440,#9374,#9621,.T.);
#8242=EDGE_CURVE('',#9376,#9438,#9622,.T.);
#8243=EDGE_CURVE('',#9556,#9591,#9623,.T.);
#8244=EDGE_CURVE('',#9588,#9560,#9624,.T.);
#8245=EDGE_CURVE('',#9586,#9575,#9625,.T.);
#8246=EDGE_CURVE('',#9339,#9475,#9626,.T.);
#8247=EDGE_CURVE('',#9339,#9536,#9627,.T.);
#8248=EDGE_CURVE('',#9536,#9628,#9629,.T.);
#8249=EDGE_CURVE('',#9628,#9475,#9630,.T.);
#8250=EDGE_CURVE('',#9628,#9527,#9631,.T.);
#8251=EDGE_CURVE('',#9542,#9628,#9632,.T.);
#8252=EDGE_CURVE('',#9417,#9633,#9634,.T.);
#8253=EDGE_CURVE('',#9633,#9481,#9635,.T.);
#8254=EDGE_CURVE('',#9419,#9485,#9636,.T.);
#8255=EDGE_CURVE('',#9421,#9483,#9637,.T.);
#8256=EDGE_CURVE('',#9638,#9423,#9639,.T.);
#8257=EDGE_CURVE('',#9480,#9638,#9640,.T.);
#8258=EDGE_CURVE('',#9633,#9638,#9641,.T.);
#8259=EDGE_CURVE('',#9642,#9417,#9643,.T.);
#8260=EDGE_CURVE('',#9642,#9644,#9645,.T.);
#8261=EDGE_CURVE('',#9423,#9644,#9646,.T.);
#8262=EDGE_CURVE('',#9647,#9644,#9648,.T.);
#8263=EDGE_CURVE('',#9649,#9647,#9650,.T.);
#8264=EDGE_CURVE('',#9425,#9649,#9651,.T.);
#8265=EDGE_CURVE('',#9649,#9427,#9652,.T.);
#8266=EDGE_CURVE('',#9649,#9653,#9654,.T.);
#8267=EDGE_CURVE('',#9414,#9653,#9655,.T.);
#8268=EDGE_CURVE('',#9653,#9415,#9656,.T.);
#8269=EDGE_CURVE('',#9657,#9653,#9658,.T.);
#8270=EDGE_CURVE('',#9657,#9642,#9659,.T.);
#8271=EDGE_CURVE('',#9657,#9647,#9660,.T.);
#8272=EDGE_CURVE('',#9661,#9497,#9662,.T.);
#8273=EDGE_CURVE('',#9663,#9661,#9664,.T.);
#8274=EDGE_CURVE('',#9663,#9489,#9665,.T.);
#8275=EDGE_CURVE('',#9663,#9666,#9667,.T.);
#8276=EDGE_CURVE('',#9488,#9666,#9668,.T.);
#8277=EDGE_CURVE('',#9669,#9666,#9670,.T.);
#8278=EDGE_CURVE('',#9669,#9491,#9671,.T.);
#8279=EDGE_CURVE('',#9672,#9669,#9673,.T.);
#8280=EDGE_CURVE('',#9672,#9493,#9674,.T.);
#8281=EDGE_CURVE('',#9672,#9675,#9676,.T.);
#8282=EDGE_CURVE('',#9495,#9675,#9677,.T.);
#8283=EDGE_CURVE('',#9661,#9675,#9678,.T.);
#8284=EDGE_CURVE('',#9679,#9509,#9680,.T.);
#8285=EDGE_CURVE('',#9681,#9679,#9682,.T.);
#8286=EDGE_CURVE('',#9681,#9501,#9683,.T.);
#8287=EDGE_CURVE('',#9681,#9684,#9685,.T.);
#8288=EDGE_CURVE('',#9500,#9684,#9686,.T.);
#8289=EDGE_CURVE('',#9687,#9684,#9688,.T.);
#8290=EDGE_CURVE('',#9687,#9503,#9689,.T.);
#8291=EDGE_CURVE('',#9690,#9687,#9691,.T.);
#8292=EDGE_CURVE('',#9690,#9505,#9692,.T.);
#8293=EDGE_CURVE('',#9690,#9693,#9694,.T.);
#8294=EDGE_CURVE('',#9507,#9693,#9695,.T.);
#8295=EDGE_CURVE('',#9679,#9693,#9696,.T.);
#8296=EDGE_CURVE('',#9697,#9521,#9698,.T.);
#8297=EDGE_CURVE('',#9697,#9699,#9700,.T.);
#8298=EDGE_CURVE('',#9512,#9699,#9701,.T.);
#8299=EDGE_CURVE('',#9513,#9702,#9703,.T.);
#8300=EDGE_CURVE('',#9702,#9699,#9704,.T.);
#8301=EDGE_CURVE('',#9705,#9706,#9707,.T.);
#8302=EDGE_CURVE('',#9708,#9706,#9709,.T.);
#8303=EDGE_CURVE('',#9708,#9702,#9710,.T.);
#8304=EDGE_CURVE('',#9697,#9705,#9711,.T.);
#8305=EDGE_CURVE('',#9519,#9705,#9712,.T.);
#8306=EDGE_CURVE('',#9517,#9706,#9713,.T.);
#8307=EDGE_CURVE('',#9708,#9515,#9714,.T.);
#8308=EDGE_CURVE('',#9329,#9715,#9716,.T.);
#8309=EDGE_CURVE('',#9381,#9715,#9717,.T.);
#8310=EDGE_CURVE('',#9718,#9715,#9719,.T.);
#8311=EDGE_CURVE('',#9718,#9382,#9720,.T.);
#8312=EDGE_CURVE('',#9721,#9718,#9722,.T.);
#8313=EDGE_CURVE('',#9721,#9384,#9723,.T.);
#8314=EDGE_CURVE('',#9721,#9724,#9725,.T.);
#8315=EDGE_CURVE('',#9386,#9724,#9726,.T.);
#8316=EDGE_CURVE('',#9326,#9724,#9727,.T.);
#8317=EDGE_CURVE('',#9728,#9399,#9729,.T.);
#8318=EDGE_CURVE('',#9730,#9728,#9731,.T.);
#8319=EDGE_CURVE('',#9730,#9391,#9732,.T.);
#8320=EDGE_CURVE('',#9730,#9733,#9734,.T.);
#8321=EDGE_CURVE('',#9390,#9733,#9735,.T.);
#8322=EDGE_CURVE('',#9736,#9733,#9737,.T.);
#8323=EDGE_CURVE('',#9736,#9393,#9738,.T.);
#8324=EDGE_CURVE('',#9739,#9736,#9740,.T.);
#8325=EDGE_CURVE('',#9739,#9395,#9741,.T.);
#8326=EDGE_CURVE('',#9739,#9742,#9743,.T.);
#8327=EDGE_CURVE('',#9397,#9742,#9744,.T.);
#8328=EDGE_CURVE('',#9728,#9742,#9745,.T.);
#8329=EDGE_CURVE('',#9746,#9747,#9748,.T.);
#8330=EDGE_CURVE('',#9746,#9403,#9749,.T.);
#8331=EDGE_CURVE('',#9411,#9747,#9750,.T.);
#8332=EDGE_CURVE('',#9409,#9751,#9752,.T.);
#8333=EDGE_CURVE('',#9747,#9751,#9753,.T.);
#8334=EDGE_CURVE('',#9754,#9755,#9756,.T.);
#8335=EDGE_CURVE('',#9755,#9757,#9758,.T.);
#8336=EDGE_CURVE('',#9746,#9757,#9759,.T.);
#8337=EDGE_CURVE('',#9754,#9751,#9760,.T.);
#8338=EDGE_CURVE('',#9754,#9407,#9761,.T.);
#8339=EDGE_CURVE('',#9405,#9755,#9762,.T.);
#8340=EDGE_CURVE('',#9402,#9757,#9763,.T.);
#8341=EDGE_CURVE('',#9764,#9765,#9766,.T.);
#8342=EDGE_CURVE('',#9767,#9764,#9768,.T.);
#8343=EDGE_CURVE('',#9767,#9769,#9770,.T.);
#8344=EDGE_CURVE('',#9765,#9769,#9771,.T.);
#8345=EDGE_CURVE('',#9772,#9773,#9774,.T.);
#8346=EDGE_CURVE('',#9772,#9775,#9776,.T.);
#8347=EDGE_CURVE('',#9777,#9775,#9778,.T.);
#8348=EDGE_CURVE('',#9773,#9777,#9779,.T.);
#8349=EDGE_CURVE('',#9780,#9781,#9782,.T.);
#8350=EDGE_CURVE('',#9783,#9780,#9784,.T.);
#8351=EDGE_CURVE('',#9783,#9785,#9786,.T.);
#8352=EDGE_CURVE('',#9781,#9785,#9787,.T.);
#8353=EDGE_CURVE('',#9788,#9789,#9790,.T.);
#8354=EDGE_CURVE('',#9791,#9788,#9792,.T.);
#8355=EDGE_CURVE('',#9791,#9793,#9794,.T.);
#8356=EDGE_CURVE('',#9795,#9793,#9796,.T.);
#8357=EDGE_CURVE('',#9795,#9797,#9798,.T.);
#8358=EDGE_CURVE('',#9799,#9797,#9800,.T.);
#8359=EDGE_CURVE('',#9799,#9801,#9802,.T.);
#8360=EDGE_CURVE('',#9803,#9801,#9804,.T.);
#8361=EDGE_CURVE('',#9803,#9805,#9806,.T.);
#8362=EDGE_CURVE('',#9807,#9805,#9808,.T.);
#8363=EDGE_CURVE('',#9807,#9809,#9810,.T.);
#8364=EDGE_CURVE('',#9811,#9809,#9812,.T.);
#8365=EDGE_CURVE('',#9811,#9813,#9814,.T.);
#8366=EDGE_CURVE('',#9815,#9813,#9816,.T.);
#8367=EDGE_CURVE('',#9815,#9817,#9818,.T.);
#8368=EDGE_CURVE('',#9819,#9817,#9820,.T.);
#8369=EDGE_CURVE('',#9789,#9819,#9821,.T.);
#8370=EDGE_CURVE('',#9822,#9823,#9824,.T.);
#8371=EDGE_CURVE('',#9825,#9822,#9826,.T.);
#8372=EDGE_CURVE('',#9827,#9825,#9828,.T.);
#8373=EDGE_CURVE('',#9823,#9827,#9829,.T.);
#8374=EDGE_CURVE('',#9830,#9831,#9832,.T.);
#8375=EDGE_CURVE('',#9833,#9830,#9834,.T.);
#8376=EDGE_CURVE('',#9833,#9835,#9836,.T.);
#8377=EDGE_CURVE('',#9835,#9831,#9837,.T.);
#8378=EDGE_CURVE('',#9838,#9839,#9840,.T.);
#8379=EDGE_CURVE('',#9838,#9841,#9842,.T.);
#8380=EDGE_CURVE('',#9841,#9839,#9843,.T.);
#8381=EDGE_CURVE('',#9844,#9845,#9846,.T.);
#8382=EDGE_CURVE('',#9847,#9844,#9848,.T.);
#8383=EDGE_CURVE('',#9849,#9847,#9850,.T.);
#8384=EDGE_CURVE('',#9845,#9849,#9851,.T.);
#8385=EDGE_CURVE('',#9852,#9853,#9854,.T.);
#8386=EDGE_CURVE('',#9853,#9855,#9856,.T.);
#8387=EDGE_CURVE('',#9855,#9857,#9858,.T.);
#8388=EDGE_CURVE('',#9857,#9859,#9860,.T.);
#8389=EDGE_CURVE('',#9859,#9845,#9861,.T.);
#8390=EDGE_CURVE('',#9849,#9862,#9863,.T.);
#8391=EDGE_CURVE('',#9862,#9864,#9865,.T.);
#8392=EDGE_CURVE('',#9866,#9864,#9867,.T.);
#8393=EDGE_CURVE('',#9852,#9866,#9868,.T.);
#8394=EDGE_CURVE('',#9830,#9869,#9870,.T.);
#8395=EDGE_CURVE('',#9869,#9871,#9872,.T.);
#8396=EDGE_CURVE('',#9871,#9873,#9874,.T.);
#8397=EDGE_CURVE('',#9873,#9875,#9876,.T.);
#8398=EDGE_CURVE('',#9875,#9823,#9877,.T.);
#8399=EDGE_CURVE('',#9827,#9878,#9879,.T.);
#8400=EDGE_CURVE('',#9878,#9880,#9881,.T.);
#8401=EDGE_CURVE('',#9880,#9882,#9883,.T.);
#8402=EDGE_CURVE('',#9882,#9884,#9885,.T.);
#8403=EDGE_CURVE('',#9884,#9886,#9887,.T.);
#8404=EDGE_CURVE('',#9886,#9888,#9889,.T.);
#8405=EDGE_CURVE('',#9888,#9765,#9890,.T.);
#8406=EDGE_CURVE('',#9769,#9891,#9892,.T.);
#8407=EDGE_CURVE('',#9891,#9893,#9894,.T.);
#8408=EDGE_CURVE('',#9893,#9833,#9895,.T.);
#8409=EDGE_CURVE('',#9896,#9852,#9897,.T.);
#8410=EDGE_CURVE('',#9866,#9898,#9899,.T.);
#8411=EDGE_CURVE('',#9898,#9900,#9901,.T.);
#8412=EDGE_CURVE('',#9900,#9902,#9903,.T.);
#8413=EDGE_CURVE('',#9902,#9904,#9905,.T.);
#8414=EDGE_CURVE('',#9904,#9906,#9907,.T.);
#8415=EDGE_CURVE('',#9906,#9908,#9909,.T.);
#8416=EDGE_CURVE('',#9908,#9910,#9911,.T.);
#8417=EDGE_CURVE('',#9910,#9912,#9913,.T.);
#8418=EDGE_CURVE('',#9912,#9914,#9915,.T.);
#8419=EDGE_CURVE('',#9914,#9896,#9916,.T.);
#8420=EDGE_CURVE('',#9917,#9918,#9919,.T.);
#8421=EDGE_CURVE('',#9835,#9917,#9920,.T.);
#8422=EDGE_CURVE('',#9921,#9893,#9922,.T.);
#8423=EDGE_CURVE('',#9923,#9921,#9924,.T.);
#8424=EDGE_CURVE('',#9925,#9923,#9926,.T.);
#8425=EDGE_CURVE('',#9927,#9925,#9928,.T.);
#8426=EDGE_CURVE('',#9927,#9929,#9930,.T.);
#8427=EDGE_CURVE('',#9918,#9929,#9931,.T.);
#8428=EDGE_CURVE('',#9932,#9918,#9933,.T.);
#8429=EDGE_CURVE('',#9929,#9934,#9935,.T.);
#8430=EDGE_CURVE('',#9934,#9936,#9937,.T.);
#8431=EDGE_CURVE('',#9936,#9932,#9938,.T.);
#8432=EDGE_CURVE('',#9939,#9932,#9940,.T.);
#8433=EDGE_CURVE('',#9936,#9809,#9941,.T.);
#8434=EDGE_CURVE('',#9942,#9807,#9943,.T.);
#8435=EDGE_CURVE('',#9939,#9942,#9944,.T.);
#8436=EDGE_CURVE('',#9939,#9917,#9945,.T.);
#8437=EDGE_CURVE('',#9946,#9942,#9947,.T.);
#8438=EDGE_CURVE('',#9946,#9775,#9948,.T.);
#8439=EDGE_CURVE('',#9772,#9831,#9949,.T.);
#8440=EDGE_CURVE('',#9950,#9772,#9951,.T.);
#8441=EDGE_CURVE('',#9950,#9952,#9953,.T.);
#8442=EDGE_CURVE('',#9954,#9952,#9955,.T.);
#8443=EDGE_CURVE('',#9954,#9956,#9957,.T.);
#8444=EDGE_CURVE('',#9958,#9956,#9959,.T.);
#8445=EDGE_CURVE('',#9958,#9960,#9961,.T.);
#8446=EDGE_CURVE('',#9962,#9960,#9963,.T.);
#8447=EDGE_CURVE('',#9962,#9964,#9965,.T.);
#8448=EDGE_CURVE('',#9966,#9964,#9967,.T.);
#8449=EDGE_CURVE('',#9966,#9968,#9969,.T.);
#8450=EDGE_CURVE('',#9831,#9968,#9970,.T.);
#8451=EDGE_CURVE('',#9968,#9869,#9971,.T.);
#8452=EDGE_CURVE('',#9966,#9972,#9973,.T.);
#8453=EDGE_CURVE('',#9871,#9972,#9974,.T.);
#8454=EDGE_CURVE('',#9975,#9972,#9976,.T.);
#8455=EDGE_CURVE('',#9873,#9975,#9977,.T.);
#8456=EDGE_CURVE('',#9978,#9975,#9979,.T.);
#8457=EDGE_CURVE('',#9875,#9978,#9980,.T.);
#8458=EDGE_CURVE('',#9822,#9978,#9981,.T.);
#8459=EDGE_CURVE('',#9982,#9825,#9983,.T.);
#8460=EDGE_CURVE('',#9878,#9982,#9984,.T.);
#8461=EDGE_CURVE('',#9880,#9985,#9986,.T.);
#8462=EDGE_CURVE('',#9985,#9982,#9987,.T.);
#8463=EDGE_CURVE('',#9988,#9989,#9990,.T.);
#8464=EDGE_CURVE('',#9989,#9991,#9992,.T.);
#8465=EDGE_CURVE('',#9991,#9993,#9994,.T.);
#8466=EDGE_CURVE('',#9993,#9799,#9995,.T.);
#8467=EDGE_CURVE('',#9797,#9783,#9996,.T.);
#8468=EDGE_CURVE('',#9780,#9997,#9998,.T.);
#8469=EDGE_CURVE('',#9997,#9923,#9999,.T.);
#8470=EDGE_CURVE('',#9921,#10000,#10001,.T.);
#8471=EDGE_CURVE('',#10000,#9767,#10002,.T.);
#8472=EDGE_CURVE('',#9764,#10003,#10004,.T.);
#8473=EDGE_CURVE('',#10003,#10005,#10006,.T.);
#8474=EDGE_CURVE('',#10005,#10007,#10008,.T.);
#8475=EDGE_CURVE('',#10009,#10007,#10010,.T.);
#8476=EDGE_CURVE('',#10009,#9985,#10011,.T.);
#8477=EDGE_CURVE('',#10012,#9964,#10013,.T.);
#8478=EDGE_CURVE('',#10012,#9791,#10014,.T.);
#8479=EDGE_CURVE('',#9788,#10015,#10016,.T.);
#8480=EDGE_CURVE('',#10015,#9988,#10017,.T.);
#8481=EDGE_CURVE('',#10018,#10019,#10020,.T.);
#8482=EDGE_CURVE('',#10019,#10018,#10021,.T.);
#8483=EDGE_CURVE('',#10022,#10023,#10024,.T.);
#8484=EDGE_CURVE('',#10023,#10022,#10025,.T.);
#8485=EDGE_CURVE('',#10026,#10027,#10028,.T.);
#8486=EDGE_CURVE('',#10027,#10026,#10029,.T.);
#8487=EDGE_CURVE('',#10030,#10031,#10032,.T.);
#8488=EDGE_CURVE('',#10031,#10030,#10033,.T.);
#8489=EDGE_CURVE('',#10034,#10035,#10036,.T.);
#8490=EDGE_CURVE('',#10037,#10034,#10038,.T.);
#8491=EDGE_CURVE('',#10039,#10037,#10040,.T.);
#8492=EDGE_CURVE('',#10035,#10039,#10041,.T.);
#8493=EDGE_CURVE('',#10042,#10043,#10044,.T.);
#8494=EDGE_CURVE('',#10043,#10045,#10046,.T.);
#8495=EDGE_CURVE('',#10045,#10047,#10048,.T.);
#8496=EDGE_CURVE('',#10047,#10049,#10050,.T.);
#8497=EDGE_CURVE('',#10049,#10051,#10052,.T.);
#8498=EDGE_CURVE('',#10051,#10053,#10054,.T.);
#8499=EDGE_CURVE('',#10053,#10055,#10056,.T.);
#8500=EDGE_CURVE('',#10055,#10057,#10058,.T.);
#8501=EDGE_CURVE('',#10057,#10059,#10060,.T.);
#8502=EDGE_CURVE('',#10059,#10061,#10062,.T.);
#8503=EDGE_CURVE('',#10063,#10061,#10064,.T.);
#8504=EDGE_CURVE('',#10063,#10042,#10065,.T.);
#8505=EDGE_CURVE('',#9988,#10066,#10067,.T.);
#8506=EDGE_CURVE('',#10068,#10015,#10069,.T.);
#8507=EDGE_CURVE('',#10070,#10068,#10071,.T.);
#8508=EDGE_CURVE('',#10070,#10072,#10073,.T.);
#8509=EDGE_CURVE('',#10072,#10074,#10075,.T.);
#8510=EDGE_CURVE('',#10074,#10066,#10076,.T.);
#8511=EDGE_CURVE('',#10077,#10078,#10079,.T.);
#8512=EDGE_CURVE('',#10080,#10077,#10081,.T.);
#8513=EDGE_CURVE('',#10082,#10080,#10083,.T.);
#8514=EDGE_CURVE('',#10082,#10066,#10084,.T.);
#8515=EDGE_CURVE('',#10085,#10074,#10086,.T.);
#8516=EDGE_CURVE('',#10085,#10078,#10087,.T.);
#8517=EDGE_CURVE('',#10088,#10085,#10089,.T.);
#8518=EDGE_CURVE('',#10088,#10090,#10091,.T.);
#8519=EDGE_CURVE('',#10090,#10092,#10093,.T.);
#8520=EDGE_CURVE('',#10092,#10094,#10095,.T.);
#8521=EDGE_CURVE('',#10094,#10078,#10096,.T.);
#8522=EDGE_CURVE('',#10097,#10094,#10098,.T.);
#8523=EDGE_CURVE('',#10077,#10097,#10099,.T.);
#8524=EDGE_CURVE('',#10100,#10101,#10102,.T.);
#8525=EDGE_CURVE('',#10103,#10100,#10104,.T.);
#8526=EDGE_CURVE('',#10103,#10080,#10105,.T.);
#8527=EDGE_CURVE('',#10097,#10106,#10107,.T.);
#8528=EDGE_CURVE('',#10106,#10101,#10108,.T.);
#8529=EDGE_CURVE('',#10109,#10110,#10111,.T.);
#8530=EDGE_CURVE('',#10109,#10101,#10112,.T.);
#8531=EDGE_CURVE('',#10106,#10110,#10113,.T.);
#8532=EDGE_CURVE('',#10114,#10115,#10116,.T.);
#8533=EDGE_CURVE('',#10114,#10117,#10118,.T.);
#8534=EDGE_CURVE('',#10117,#10037,#10119,.T.);
#8535=EDGE_CURVE('',#10120,#10034,#10121,.T.);
#8536=EDGE_CURVE('',#10120,#10110,#10122,.T.);
#8537=EDGE_CURVE('',#10123,#10097,#10124,.T.);
#8538=EDGE_CURVE('',#10115,#10123,#10125,.T.);
#8539=EDGE_CURVE('',#10123,#10126,#10127,.T.);
#8540=EDGE_CURVE('',#10126,#10128,#10129,.T.);
#8541=EDGE_CURVE('',#10130,#10128,#10131,.T.);
#8542=EDGE_CURVE('',#10132,#10130,#10133,.T.);
#8543=EDGE_CURVE('',#10134,#10132,#10135,.T.);
#8544=EDGE_CURVE('',#10134,#10115,#10136,.T.);
#8545=EDGE_CURVE('',#10114,#10137,#10138,.T.);
#8546=EDGE_CURVE('',#10134,#10137,#10139,.T.);
#8547=EDGE_CURVE('',#10140,#10132,#10141,.T.);
#8548=EDGE_CURVE('',#10140,#10142,#10143,.T.);
#8549=EDGE_CURVE('',#10144,#10142,#10145,.T.);
#8550=EDGE_CURVE('',#10146,#10144,#10147,.T.);
#8551=EDGE_CURVE('',#10100,#10146,#10148,.T.);
#8552=EDGE_CURVE('',#10109,#10149,#10150,.T.);
#8553=EDGE_CURVE('',#10149,#10035,#10151,.T.);
#8554=EDGE_CURVE('',#10152,#10039,#10153,.T.);
#8555=EDGE_CURVE('',#10152,#10137,#10154,.T.);
#8556=EDGE_CURVE('',#10152,#10117,#10155,.T.);
#8557=EDGE_CURVE('',#10120,#10149,#10156,.T.);
#8558=EDGE_CURVE('',#10103,#10130,#10157,.T.);
#8559=EDGE_CURVE('',#10146,#10158,#10159,.T.);
#8560=EDGE_CURVE('',#10158,#10160,#10161,.T.);
#8561=EDGE_CURVE('',#10160,#10140,#10162,.T.);
#8562=EDGE_CURVE('',#10163,#10142,#10164,.T.);
#8563=EDGE_CURVE('',#10160,#10163,#10165,.T.);
#8564=EDGE_CURVE('',#10163,#10166,#10167,.T.);
#8565=EDGE_CURVE('',#10158,#10166,#10168,.T.);
#8566=EDGE_CURVE('',#10144,#10166,#10169,.T.);
#8567=EDGE_CURVE('',#10128,#10170,#10171,.T.);
#8568=EDGE_CURVE('',#9991,#10170,#10172,.T.);
#8569=EDGE_CURVE('',#10082,#9989,#10173,.T.);
#8570=EDGE_CURVE('',#10174,#9993,#10175,.T.);
#8571=EDGE_CURVE('',#10174,#10170,#10176,.T.);
#8572=EDGE_CURVE('',#10177,#10126,#10178,.T.);
#8573=EDGE_CURVE('',#10177,#10179,#10180,.T.);
#8574=EDGE_CURVE('',#10181,#10179,#10182,.T.);
#8575=EDGE_CURVE('',#10174,#10181,#10183,.T.);
#8576=EDGE_CURVE('',#10184,#10181,#10185,.T.);
#8577=EDGE_CURVE('',#10184,#10186,#10187,.T.);
#8578=EDGE_CURVE('',#9801,#10186,#10188,.T.);
#8579=EDGE_CURVE('',#10189,#9789,#10190,.T.);
#8580=EDGE_CURVE('',#10191,#10189,#10192,.T.);
#8581=EDGE_CURVE('',#10191,#10193,#10194,.T.);
#8582=EDGE_CURVE('',#10195,#10193,#10196,.T.);
#8583=EDGE_CURVE('',#10195,#10197,#10198,.T.);
#8584=EDGE_CURVE('',#10199,#10197,#10200,.T.);
#8585=EDGE_CURVE('',#10199,#10201,#10202,.T.);
#8586=EDGE_CURVE('',#10068,#10201,#10203,.T.);
#8587=EDGE_CURVE('',#9795,#9785,#10204,.T.);
#8588=EDGE_CURVE('',#10205,#9781,#10206,.T.);
#8589=EDGE_CURVE('',#9997,#10205,#10207,.T.);
#8590=EDGE_CURVE('',#10208,#10205,#10209,.T.);
#8591=EDGE_CURVE('',#10210,#10208,#10211,.T.);
#8592=EDGE_CURVE('',#9923,#10210,#10212,.T.);
#8593=EDGE_CURVE('',#10210,#10213,#10214,.T.);
#8594=EDGE_CURVE('',#10213,#9815,#10215,.T.);
#8595=EDGE_CURVE('',#9813,#10216,#10217,.T.);
#8596=EDGE_CURVE('',#10216,#10218,#10219,.T.);
#8597=EDGE_CURVE('',#10218,#9925,#10220,.T.);
#8598=EDGE_CURVE('',#9927,#10221,#10222,.T.);
#8599=EDGE_CURVE('',#10221,#10218,#10223,.T.);
#8600=EDGE_CURVE('',#10224,#10216,#10225,.T.);
#8601=EDGE_CURVE('',#10221,#10224,#10226,.T.);
#8602=EDGE_CURVE('',#9934,#9811,#10227,.T.);
#8603=EDGE_CURVE('',#9934,#10221,#10228,.T.);
#8604=EDGE_CURVE('',#10224,#9811,#10229,.T.);
#8605=EDGE_CURVE('',#10230,#10231,#10232,.T.);
#8606=EDGE_CURVE('',#10230,#9839,#10233,.T.);
#8607=EDGE_CURVE('',#9817,#9839,#10234,.T.);
#8608=EDGE_CURVE('',#10231,#10213,#10235,.T.);
#8609=EDGE_CURVE('',#10236,#10231,#10237,.T.);
#8610=EDGE_CURVE('',#10238,#10210,#10239,.T.);
#8611=EDGE_CURVE('',#10238,#10236,#10240,.T.);
#8612=EDGE_CURVE('',#10241,#10242,#10243,.T.);
#8613=EDGE_CURVE('',#10244,#10241,#10245,.T.);
#8614=EDGE_CURVE('',#10236,#10244,#10246,.T.);
#8615=EDGE_CURVE('',#10238,#9962,#10247,.T.);
#8616=EDGE_CURVE('',#10242,#9960,#10248,.T.);
#8617=EDGE_CURVE('',#10249,#10242,#10250,.T.);
#8618=EDGE_CURVE('',#10251,#9958,#10252,.T.);
#8619=EDGE_CURVE('',#10253,#10251,#10254,.T.);
#8620=EDGE_CURVE('',#10193,#10253,#10255,.T.);
#8621=EDGE_CURVE('',#10256,#10191,#10257,.T.);
#8622=EDGE_CURVE('',#10256,#10258,#10259,.T.);
#8623=EDGE_CURVE('',#10249,#10258,#10260,.T.);
#8624=EDGE_CURVE('',#10261,#10258,#10262,.T.);
#8625=EDGE_CURVE('',#10261,#10263,#10264,.T.);
#8626=EDGE_CURVE('',#10249,#10263,#10265,.T.);
#8627=EDGE_CURVE('',#10263,#10241,#10266,.T.);
#8628=EDGE_CURVE('',#10263,#10267,#10268,.T.);
#8629=EDGE_CURVE('',#10269,#10267,#10270,.T.);
#8630=EDGE_CURVE('',#10244,#10269,#10271,.T.);
#8631=EDGE_CURVE('',#10269,#10231,#10272,.T.);
#8632=EDGE_CURVE('',#10273,#10267,#10274,.T.);
#8633=EDGE_CURVE('',#10230,#10273,#10275,.T.);
#8634=EDGE_CURVE('',#10276,#10273,#10277,.T.);
#8635=EDGE_CURVE('',#10276,#9838,#10278,.T.);
#8636=EDGE_CURVE('',#10276,#9841,#10279,.T.);
#8637=EDGE_CURVE('',#9819,#9841,#10280,.T.);
#8638=EDGE_CURVE('',#10281,#9841,#10282,.T.);
#8639=EDGE_CURVE('',#10189,#10281,#10283,.T.);
#8640=EDGE_CURVE('',#10256,#10281,#10284,.T.);
#8641=EDGE_CURVE('',#10281,#10285,#10286,.T.);
#8642=EDGE_CURVE('',#10256,#10285,#10287,.T.);
#8643=EDGE_CURVE('',#10285,#10261,#10288,.T.);
#8644=EDGE_CURVE('',#10285,#10276,#10289,.T.);
#8645=EDGE_CURVE('',#10273,#10261,#10290,.T.);
#8646=EDGE_CURVE('',#10291,#10253,#10292,.T.);
#8647=EDGE_CURVE('',#10195,#10291,#10293,.T.);
#8648=EDGE_CURVE('',#10294,#9956,#10295,.T.);
#8649=EDGE_CURVE('',#10197,#9954,#10296,.T.);
#8650=EDGE_CURVE('',#10294,#10291,#10297,.T.);
#8651=EDGE_CURVE('',#10251,#10294,#10298,.T.);
#8652=EDGE_CURVE('',#9952,#10199,#10299,.T.);
#8653=EDGE_CURVE('',#9950,#10300,#10301,.T.);
#8654=EDGE_CURVE('',#10302,#10300,#10303,.T.);
#8655=EDGE_CURVE('',#10302,#10201,#10304,.T.);
#8656=EDGE_CURVE('',#10070,#10302,#10305,.T.);
#8657=EDGE_CURVE('',#10300,#9773,#10306,.T.);
#8658=EDGE_CURVE('',#9777,#10307,#10308,.T.);
#8659=EDGE_CURVE('',#10307,#10186,#10309,.T.);
#8660=EDGE_CURVE('',#10310,#10184,#10311,.T.);
#8661=EDGE_CURVE('',#10312,#10310,#10313,.T.);
#8662=EDGE_CURVE('',#10312,#10314,#10315,.T.);
#8663=EDGE_CURVE('',#10314,#10090,#10316,.T.);
#8664=EDGE_CURVE('',#10072,#10088,#10317,.T.);
#8665=EDGE_CURVE('',#10318,#10090,#10319,.T.);
#8666=EDGE_CURVE('',#10314,#10318,#10320,.T.);
#8667=EDGE_CURVE('',#10312,#10318,#10321,.T.);
#8668=EDGE_CURVE('',#10322,#10312,#10323,.T.);
#8669=EDGE_CURVE('',#10092,#10322,#10324,.T.);
#8670=EDGE_CURVE('',#10325,#10123,#10326,.T.);
#8671=EDGE_CURVE('',#10325,#10322,#10327,.T.);
#8672=EDGE_CURVE('',#10177,#10325,#10328,.T.);
#8673=EDGE_CURVE('',#10310,#10179,#10329,.T.);
#8674=EDGE_CURVE('',#9803,#10307,#10330,.T.);
#8675=EDGE_CURVE('',#9805,#9946,#10331,.T.);
#8676=EDGE_CURVE('',#10332,#10208,#10333,.T.);
#8677=EDGE_CURVE('',#10332,#10012,#10334,.T.);
#8678=EDGE_CURVE('',#10332,#9793,#10335,.T.);
#8679=EDGE_CURVE('',#10009,#9882,#10336,.T.);
#8680=EDGE_CURVE('',#9884,#10007,#10337,.T.);
#8681=EDGE_CURVE('',#9886,#10005,#10338,.T.);
#8682=EDGE_CURVE('',#9888,#10003,#10339,.T.);
#8683=EDGE_CURVE('',#9891,#10000,#10340,.T.);
#8684=EDGE_CURVE('',#10341,#10019,#10342,.T.);
#8685=EDGE_CURVE('',#10343,#10341,#10344,.T.);
#8686=EDGE_CURVE('',#10343,#9914,#10345,.T.);
#8687=EDGE_CURVE('',#9912,#10346,#10347,.T.);
#8688=EDGE_CURVE('',#10348,#10346,#10349,.T.);
#8689=EDGE_CURVE('',#10348,#10018,#10350,.T.);
#8690=EDGE_CURVE('',#10351,#10348,#10352,.T.);
#8691=EDGE_CURVE('',#10351,#9898,#10353,.T.);
#8692=EDGE_CURVE('',#10341,#9864,#10354,.T.);
#8693=EDGE_CURVE('',#10355,#9862,#10356,.T.);
#8694=EDGE_CURVE('',#10343,#10355,#10357,.T.);
#8695=EDGE_CURVE('',#9844,#10358,#10359,.T.);
#8696=EDGE_CURVE('',#10358,#10360,#10361,.T.);
#8697=EDGE_CURVE('',#10362,#10360,#10363,.T.);
#8698=EDGE_CURVE('',#10362,#10364,#10365,.T.);
#8699=EDGE_CURVE('',#9896,#10364,#10366,.T.);
#8700=EDGE_CURVE('',#10355,#9847,#10367,.T.);
#8701=EDGE_CURVE('',#10368,#10369,#10370,.T.);
#8702=EDGE_CURVE('',#10371,#10368,#10372,.T.);
#8703=EDGE_CURVE('',#10371,#10373,#10374,.T.);
#8704=EDGE_CURVE('',#10373,#9853,#10375,.T.);
#8705=EDGE_CURVE('',#10364,#10376,#10377,.T.);
#8706=EDGE_CURVE('',#10376,#10369,#10378,.T.);
#8707=EDGE_CURVE('',#10379,#10369,#10380,.T.);
#8708=EDGE_CURVE('',#10381,#10376,#10382,.T.);
#8709=EDGE_CURVE('',#10381,#10379,#10383,.T.);
#8710=EDGE_CURVE('',#10384,#10385,#10386,.T.);
#8711=EDGE_CURVE('',#10385,#10387,#10388,.T.);
#8712=EDGE_CURVE('',#10379,#10387,#10389,.T.);
#8713=EDGE_CURVE('',#10381,#10362,#10390,.T.);
#8714=EDGE_CURVE('',#10360,#10391,#10392,.T.);
#8715=EDGE_CURVE('',#10391,#10393,#10394,.T.);
#8716=EDGE_CURVE('',#10393,#10395,#10396,.T.);
#8717=EDGE_CURVE('',#10395,#10397,#10398,.T.);
#8718=EDGE_CURVE('',#10063,#10397,#10399,.T.);
#8719=EDGE_CURVE('',#10061,#10400,#10401,.T.);
#8720=EDGE_CURVE('',#10400,#10402,#10403,.T.);
#8721=EDGE_CURVE('',#10404,#10402,#10405,.T.);
#8722=EDGE_CURVE('',#10404,#9857,#10406,.T.);
#8723=EDGE_CURVE('',#9855,#10384,#10407,.T.);
#8724=EDGE_CURVE('',#10384,#10373,#10408,.T.);
#8725=EDGE_CURVE('',#10371,#10385,#10409,.T.);
#8726=EDGE_CURVE('',#10368,#10387,#10410,.T.);
#8727=EDGE_CURVE('',#9859,#10411,#10412,.T.);
#8728=EDGE_CURVE('',#10404,#10411,#10413,.T.);
#8729=EDGE_CURVE('',#10414,#10415,#10416,.T.);
#8730=EDGE_CURVE('',#10417,#10415,#10418,.T.);
#8731=EDGE_CURVE('',#10417,#10411,#10419,.T.);
#8732=EDGE_CURVE('',#10402,#10420,#10421,.T.);
#8733=EDGE_CURVE('',#10414,#10420,#10422,.T.);
#8734=EDGE_CURVE('',#10414,#10423,#10424,.T.);
#8735=EDGE_CURVE('',#10420,#10425,#10426,.T.);
#8736=EDGE_CURVE('',#10423,#10425,#10427,.T.);
#8737=EDGE_CURVE('',#10428,#10393,#10429,.T.);
#8738=EDGE_CURVE('',#10428,#10430,#10431,.T.);
#8739=EDGE_CURVE('',#10430,#10423,#10432,.T.);
#8740=EDGE_CURVE('',#10425,#10395,#10433,.T.);
#8741=EDGE_CURVE('',#10434,#10435,#10436,.T.);
#8742=EDGE_CURVE('',#10437,#10434,#10438,.T.);
#8743=EDGE_CURVE('',#10439,#10437,#10440,.T.);
#8744=EDGE_CURVE('',#10441,#10439,#10442,.T.);
#8745=EDGE_CURVE('',#10441,#10443,#10444,.T.);
#8746=EDGE_CURVE('',#10397,#10443,#10445,.T.);
#8747=EDGE_CURVE('',#10446,#10400,#10447,.T.);
#8748=EDGE_CURVE('',#10446,#10448,#10449,.T.);
#8749=EDGE_CURVE('',#10450,#10448,#10451,.T.);
#8750=EDGE_CURVE('',#10452,#10450,#10453,.T.);
#8751=EDGE_CURVE('',#10435,#10452,#10454,.T.);
#8752=EDGE_CURVE('',#10051,#10435,#10455,.T.);
#8753=EDGE_CURVE('',#10053,#10452,#10456,.T.);
#8754=EDGE_CURVE('',#10055,#10450,#10457,.T.);
#8755=EDGE_CURVE('',#10057,#10448,#10458,.T.);
#8756=EDGE_CURVE('',#10446,#10059,#10459,.T.);
#8757=EDGE_CURVE('',#10049,#10434,#10460,.T.);
#8758=EDGE_CURVE('',#10047,#10437,#10461,.T.);
#8759=EDGE_CURVE('',#10045,#10439,#10462,.T.);
#8760=EDGE_CURVE('',#10441,#10043,#10463,.T.);
#8761=EDGE_CURVE('',#10042,#10443,#10464,.T.);
#8762=EDGE_CURVE('',#10430,#10415,#10465,.T.);
#8763=EDGE_CURVE('',#10417,#10466,#10467,.T.);
#8764=EDGE_CURVE('',#10428,#10466,#10468,.T.);
#8765=EDGE_CURVE('',#10391,#10469,#10470,.T.);
#8766=EDGE_CURVE('',#10466,#10469,#10471,.T.);
#8767=EDGE_CURVE('',#10469,#10358,#10472,.T.);
#8768=EDGE_CURVE('',#10351,#10473,#10474,.T.);
#8769=EDGE_CURVE('',#9900,#10473,#10475,.T.);
#8770=EDGE_CURVE('',#10473,#10476,#10477,.T.);
#8771=EDGE_CURVE('',#9902,#10476,#10478,.T.);
#8772=EDGE_CURVE('',#10476,#10479,#10480,.T.);
#8773=EDGE_CURVE('',#9904,#10479,#10481,.T.);
#8774=EDGE_CURVE('',#10479,#10482,#10483,.T.);
#8775=EDGE_CURVE('',#9906,#10482,#10484,.T.);
#8776=EDGE_CURVE('',#10482,#10485,#10486,.T.);
#8777=EDGE_CURVE('',#9908,#10485,#10487,.T.);
#8778=EDGE_CURVE('',#10485,#10488,#10489,.T.);
#8779=EDGE_CURVE('',#9910,#10488,#10490,.T.);
#8780=EDGE_CURVE('',#10488,#10346,#10491,.T.);
#8781=EDGE_CURVE('',#10492,#10493,#10494,.T.);
#8782=EDGE_CURVE('',#10495,#10492,#10496,.T.);
#8783=EDGE_CURVE('',#10497,#10495,#10498,.T.);
#8784=EDGE_CURVE('',#10493,#10497,#10499,.T.);
#8785=EDGE_CURVE('',#10500,#10501,#10502,.T.);
#8786=EDGE_CURVE('',#10501,#10493,#10503,.T.);
#8787=EDGE_CURVE('',#10500,#10497,#10504,.T.);
#8788=EDGE_CURVE('',#10495,#10505,#10506,.T.);
#8789=EDGE_CURVE('',#10505,#10500,#10507,.T.);
#8790=EDGE_CURVE('',#10505,#10508,#10509,.T.);
#8791=EDGE_CURVE('',#10510,#10508,#10511,.T.);
#8792=EDGE_CURVE('',#10500,#10510,#10512,.T.);
#8793=EDGE_CURVE('',#10513,#10510,#10514,.T.);
#8794=EDGE_CURVE('',#10501,#10513,#10515,.T.);
#8795=EDGE_CURVE('',#10501,#10516,#10517,.T.);
#8796=EDGE_CURVE('',#10518,#10513,#10519,.T.);
#8797=EDGE_CURVE('',#10516,#10518,#10520,.T.);
#8798=EDGE_CURVE('',#10516,#10505,#10521,.T.);
#8799=EDGE_CURVE('',#10508,#10518,#10522,.T.);
#8800=EDGE_CURVE('',#10492,#10516,#10523,.T.);
#8801=EDGE_CURVE('',#10524,#10525,#10526,.T.);
#8802=EDGE_CURVE('',#10022,#10524,#10527,.T.);
#8803=EDGE_CURVE('',#10023,#10525,#10528,.T.);
#8804=EDGE_CURVE('',#10525,#10524,#10529,.T.);
#8805=EDGE_CURVE('',#10530,#10524,#10531,.T.);
#8806=EDGE_CURVE('',#10532,#10530,#10533,.T.);
#8807=EDGE_CURVE('',#10532,#10525,#10534,.T.);
#8808=EDGE_CURVE('',#10530,#10532,#10535,.T.);
#8809=EDGE_CURVE('',#10536,#10537,#10538,.T.);
#8810=EDGE_CURVE('',#10026,#10536,#10539,.T.);
#8811=EDGE_CURVE('',#10027,#10537,#10540,.T.);
#8812=EDGE_CURVE('',#10537,#10536,#10541,.T.);
#8813=EDGE_CURVE('',#10542,#10536,#10543,.T.);
#8814=EDGE_CURVE('',#10544,#10542,#10545,.T.);
#8815=EDGE_CURVE('',#10544,#10537,#10546,.T.);
#8816=EDGE_CURVE('',#10542,#10544,#10547,.T.);
#8817=EDGE_CURVE('',#10548,#10549,#10550,.T.);
#8818=EDGE_CURVE('',#10030,#10548,#10551,.T.);
#8819=EDGE_CURVE('',#10031,#10549,#10552,.T.);
#8820=EDGE_CURVE('',#10549,#10548,#10553,.T.);
#8821=EDGE_CURVE('',#10554,#10548,#10555,.T.);
#8822=EDGE_CURVE('',#10556,#10554,#10557,.T.);
#8823=EDGE_CURVE('',#10556,#10549,#10558,.T.);
#8824=EDGE_CURVE('',#10554,#10556,#10559,.T.);
#8825=VERTEX_POINT('',#10560);
#8826=VERTEX_POINT('',#10561);
#8827=LINE('',#10562,#10563);
#8828=VERTEX_POINT('',#10564);
#8829=CIRCLE('',#10565,1.05);
#8830=VERTEX_POINT('',#10566);
#8831=LINE('',#10567,#10568);
#8832=CIRCLE('',#10569,1.05);
#8833=VERTEX_POINT('',#10570);
#8834=VERTEX_POINT('',#10571);
#8835=LINE('',#10572,#10573);
#8836=VERTEX_POINT('',#10574);
#8837=CIRCLE('',#10575,0.350000000000001);
#8838=VERTEX_POINT('',#10576);
#8839=LINE('',#10577,#10578);
#8840=CIRCLE('',#10579,0.350000000000003);
#8841=VERTEX_POINT('',#10580);
#8842=VERTEX_POINT('',#10581);
#8843=LINE('',#10582,#10583);
#8844=VERTEX_POINT('',#10584);
#8845=CIRCLE('',#10585,1.1);
#8846=VERTEX_POINT('',#10586);
#8847=LINE('',#10587,#10588);
#8848=CIRCLE('',#10589,1.1);
#8849=VERTEX_POINT('',#10590);
#8850=VERTEX_POINT('',#10591);
#8851=LINE('',#10592,#10593);
#8852=VERTEX_POINT('',#10594);
#8853=CIRCLE('',#10595,0.0999999999999998);
#8854=VERTEX_POINT('',#10596);
#8855=LINE('',#10597,#10598);
#8856=CIRCLE('',#10599,0.0999999999999994);
#8857=VERTEX_POINT('',#10600);
#8858=VERTEX_POINT('',#10601);
#8859=LINE('',#10602,#10603);
#8860=VERTEX_POINT('',#10604);
#8861=LINE('',#10605,#10606);
#8862=VERTEX_POINT('',#10607);
#8863=LINE('',#10608,#10609);
#8864=LINE('',#10610,#10611);
#8865=VERTEX_POINT('',#10612);
#8866=CIRCLE('',#10613,0.199999999999999);
#8867=VERTEX_POINT('',#10614);
#8868=CIRCLE('',#10615,0.199999999999999);
#8869=VERTEX_POINT('',#10616);
#8870=LINE('',#10617,#10618);
#8871=VERTEX_POINT('',#10619);
#8872=LINE('',#10620,#10621);
#8873=LINE('',#10622,#10623);
#8874=VERTEX_POINT('',#10624);
#8875=LINE('',#10625,#10626);
#8876=VERTEX_POINT('',#10627);
#8877=LINE('',#10628,#10629);
#8878=LINE('',#10630,#10631);
#8879=CIRCLE('',#10632,0.199999999999999);
#8880=VERTEX_POINT('',#10633);
#8881=LINE('',#10634,#10635);
#8882=VERTEX_POINT('',#10636);
#8883=LINE('',#10637,#10638);
#8884=CIRCLE('',#10639,0.199999999999999);
#8885=LINE('',#10640,#10641);
#8886=LINE('',#10642,#10643);
#8887=VERTEX_POINT('',#10644);
#8888=CIRCLE('',#10645,0.600000000000001);
#8889=VERTEX_POINT('',#10646);
#8890=LINE('',#10647,#10648);
#8891=CIRCLE('',#10649,0.299999999999999);
#8892=VERTEX_POINT('',#10650);
#8893=LINE('',#10651,#10652);
#8894=CIRCLE('',#10653,0.299999999999999);
#8895=VERTEX_POINT('',#10654);
#8896=CIRCLE('',#10655,0.600000000000002);
#8897=LINE('',#10656,#10657);
#8898=VERTEX_POINT('',#10658);
#8899=LINE('',#10659,#10660);
#8900=VERTEX_POINT('',#10661);
#8901=LINE('',#10662,#10663);
#8902=LINE('',#10664,#10665);
#8903=LINE('',#10666,#10667);
#8904=VERTEX_POINT('',#10668);
#8905=LINE('',#10669,#10670);
#8906=LINE('',#10671,#10672);
#8907=VERTEX_POINT('',#10673);
#8908=VERTEX_POINT('',#10674);
#8909=LINE('',#10675,#10676);
#8910=VERTEX_POINT('',#10677);
#8911=LINE('',#10678,#10679);
#8912=VERTEX_POINT('',#10680);
#8913=LINE('',#10681,#10682);
#8914=VERTEX_POINT('',#10683);
#8915=LINE('',#10684,#10685);
#8916=VERTEX_POINT('',#10686);
#8917=LINE('',#10687,#10688);
#8918=CIRCLE('',#10689,1.1);
#8919=VERTEX_POINT('',#10690);
#8920=LINE('',#10691,#10692);
#8921=VERTEX_POINT('',#10693);
#8922=LINE('',#10694,#10695);
#8923=VERTEX_POINT('',#10696);
#8924=LINE('',#10697,#10698);
#8925=VERTEX_POINT('',#10699);
#8926=LINE('',#10700,#10701);
#8927=VERTEX_POINT('',#10702);
#8928=LINE('',#10703,#10704);
#8929=VERTEX_POINT('',#10705);
#8930=CIRCLE('',#10706,0.350000000000003);
#8931=CIRCLE('',#10707,0.35);
#8932=VERTEX_POINT('',#10708);
#8933=LINE('',#10709,#10710);
#8934=LINE('',#10711,#10712);
#8935=LINE('',#10713,#10714);
#8936=VERTEX_POINT('',#10715);
#8937=VERTEX_POINT('',#10716);
#8938=CIRCLE('',#10717,0.350000000000003);
#8939=VERTEX_POINT('',#10718);
#8940=CIRCLE('',#10719,0.35);
#8941=VERTEX_POINT('',#10720);
#8942=LINE('',#10721,#10722);
#8943=VERTEX_POINT('',#10723);
#8944=LINE('',#10724,#10725);
#8945=VERTEX_POINT('',#10726);
#8946=LINE('',#10727,#10728);
#8947=VERTEX_POINT('',#10729);
#8948=LINE('',#10730,#10731);
#8949=LINE('',#10732,#10733);
#8950=VERTEX_POINT('',#10734);
#8951=CIRCLE('',#10735,1.1);
#8952=VERTEX_POINT('',#10736);
#8953=LINE('',#10737,#10738);
#8954=VERTEX_POINT('',#10739);
#8955=LINE('',#10740,#10741);
#8956=VERTEX_POINT('',#10742);
#8957=LINE('',#10743,#10744);
#8958=VERTEX_POINT('',#10745);
#8959=LINE('',#10746,#10747);
#8960=LINE('',#10748,#10749);
#8961=VERTEX_POINT('',#10750);
#8962=VERTEX_POINT('',#10751);
#8963=LINE('',#10752,#10753);
#8964=CIRCLE('',#10754,0.299999999999999);
#8965=CIRCLE('',#10755,0.3);
#8966=VERTEX_POINT('',#10756);
#8967=CIRCLE('',#10757,0.600000000000002);
#8968=LINE('',#10758,#10759);
#8969=VERTEX_POINT('',#10760);
#8970=VERTEX_POINT('',#10761);
#8971=LINE('',#10762,#10763);
#8972=LINE('',#10764,#10765);
#8973=LINE('',#10766,#10767);
#8974=VERTEX_POINT('',#10768);
#8975=LINE('',#10769,#10770);
#8976=VERTEX_POINT('',#10771);
#8977=LINE('',#10772,#10773);
#8978=VERTEX_POINT('',#10774);
#8979=LINE('',#10775,#10776);
#8980=VERTEX_POINT('',#10777);
#8981=LINE('',#10778,#10779);
#8982=VERTEX_POINT('',#10780);
#8983=LINE('',#10781,#10782);
#8984=VERTEX_POINT('',#10783);
#8985=LINE('',#10784,#10785);
#8986=VERTEX_POINT('',#10786);
#8987=CIRCLE('',#10787,0.203927410900098);
#8988=VERTEX_POINT('',#10788);
#8989=LINE('',#10789,#10790);
#8990=VERTEX_POINT('',#10791);
#8991=LINE('',#10792,#10793);
#8992=VERTEX_POINT('',#10794);
#8993=LINE('',#10795,#10796);
#8994=VERTEX_POINT('',#10797);
#8995=LINE('',#10798,#10799);
#8996=VERTEX_POINT('',#10800);
#8997=LINE('',#10801,#10802);
#8998=VERTEX_POINT('',#10803);
#8999=LINE('',#10804,#10805);
#9000=VERTEX_POINT('',#10806);
#9001=CIRCLE('',#10807,0.199999999999999);
#9002=VERTEX_POINT('',#10808);
#9003=LINE('',#10809,#10810);
#9004=VERTEX_POINT('',#10811);
#9005=LINE('',#10812,#10813);
#9006=VERTEX_POINT('',#10814);
#9007=LINE('',#10815,#10816);
#9008=VERTEX_POINT('',#10817);
#9009=LINE('',#10818,#10819);
#9010=VERTEX_POINT('',#10820);
#9011=LINE('',#10821,#10822);
#9012=VERTEX_POINT('',#10823);
#9013=CIRCLE('',#10824,0.199999999999999);
#9014=VERTEX_POINT('',#10825);
#9015=LINE('',#10826,#10827);
#9016=VERTEX_POINT('',#10828);
#9017=LINE('',#10829,#10830);
#9018=VERTEX_POINT('',#10831);
#9019=LINE('',#10832,#10833);
#9020=VERTEX_POINT('',#10834);
#9021=LINE('',#10835,#10836);
#9022=VERTEX_POINT('',#10837);
#9023=LINE('',#10838,#10839);
#9024=VERTEX_POINT('',#10840);
#9025=LINE('',#10841,#10842);
#9026=VERTEX_POINT('',#10843);
#9027=CIRCLE('',#10844,0.203927410900098);
#9028=VERTEX_POINT('',#10845);
#9029=LINE('',#10846,#10847);
#9030=LINE('',#10848,#10849);
#9031=VERTEX_POINT('',#10850);
#9032=VERTEX_POINT('',#10851);
#9033=B_SPLINE_CURVE_WITH_KNOTS('',3,(#10852,#10853,#10854,#10855,#10856,#10857,#10858,#10859,#10860),.UNSPECIFIED.,.F.,.F.,(4,1,1,1,1,1,4),(0.0,0.1666666666667,0.3333333333333,0.5,0.6666666666667,0.8333333333333,1.0),.UNSPECIFIED.);
#9034=VERTEX_POINT('',#10861);
#9035=LINE('',#10862,#10863);
#9036=VERTEX_POINT('',#10864);
#9037=B_SPLINE_CURVE_WITH_KNOTS('',3,(#10865,#10866,#10867,#10868,#10869,#10870,#10871,#10872,#10873),.UNSPECIFIED.,.F.,.F.,(4,1,1,1,1,1,4),(0.0,0.1666666666667,0.3333333333333,0.5,0.6666666666667,0.8333333333333,1.0),.UNSPECIFIED.);
#9038=VERTEX_POINT('',#10874);
#9039=LINE('',#10875,#10876);
#9040=VERTEX_POINT('',#10877);
#9041=B_SPLINE_CURVE_WITH_KNOTS('',3,(#10878,#10879,#10880,#10881,#10882,#10883,#10884,#10885,#10886,#10887,#10888),.UNSPECIFIED.,.F.,.F.,(4,1,1,1,1,1,1,1,4),(0.0,0.125,0.25,0.375,0.5,0.625,0.75,0.875,1.0),.UNSPECIFIED.);
#9042=VERTEX_POINT('',#10889);
#9043=LINE('',#10890,#10891);
#9044=VERTEX_POINT('',#10892);
#9045=B_SPLINE_CURVE_WITH_KNOTS('',3,(#10893,#10894,#10895,#10896,#10897,#10898,#10899,#10900,#10901,#10902,#10903),.UNSPECIFIED.,.F.,.F.,(4,1,1,1,1,1,1,1,4),(0.0,0.125,0.25,0.375,0.5,0.625,0.75,0.875,1.0),.UNSPECIFIED.);
#9046=LINE('',#10904,#10905);
#9047=VERTEX_POINT('',#10906);
#9048=LINE('',#10907,#10908);
#9049=VERTEX_POINT('',#10909);
#9050=LINE('',#10910,#10911);
#9051=LINE('',#10912,#10913);
#9052=LINE('',#10914,#10915);
#9053=VERTEX_POINT('',#10916);
#9054=LINE('',#10917,#10918);
#9055=VERTEX_POINT('',#10919);
#9056=CIRCLE('',#10920,0.203927410900098);
#9057=VERTEX_POINT('',#10921);
#9058=LINE('',#10922,#10923);
#9059=VERTEX_POINT('',#10924);
#9060=LINE('',#10925,#10926);
#9061=VERTEX_POINT('',#10927);
#9062=LINE('',#10928,#10929);
#9063=VERTEX_POINT('',#10930);
#9064=LINE('',#10931,#10932);
#9065=VERTEX_POINT('',#10933);
#9066=LINE('',#10934,#10935);
#9067=VERTEX_POINT('',#10936);
#9068=LINE('',#10937,#10938);
#9069=VERTEX_POINT('',#10939);
#9070=CIRCLE('',#10940,0.199999999999999);
#9071=VERTEX_POINT('',#10941);
#9072=LINE('',#10942,#10943);
#9073=VERTEX_POINT('',#10944);
#9074=LINE('',#10945,#10946);
#9075=VERTEX_POINT('',#10947);
#9076=LINE('',#10948,#10949);
#9077=VERTEX_POINT('',#10950);
#9078=LINE('',#10951,#10952);
#9079=VERTEX_POINT('',#10953);
#9080=LINE('',#10954,#10955);
#9081=VERTEX_POINT('',#10956);
#9082=CIRCLE('',#10957,0.199999999999999);
#9083=VERTEX_POINT('',#10958);
#9084=LINE('',#10959,#10960);
#9085=VERTEX_POINT('',#10961);
#9086=LINE('',#10962,#10963);
#9087=VERTEX_POINT('',#10964);
#9088=LINE('',#10965,#10966);
#9089=VERTEX_POINT('',#10967);
#9090=LINE('',#10968,#10969);
#9091=VERTEX_POINT('',#10970);
#9092=LINE('',#10971,#10972);
#9093=VERTEX_POINT('',#10973);
#9094=LINE('',#10974,#10975);
#9095=VERTEX_POINT('',#10976);
#9096=CIRCLE('',#10977,0.203927410900098);
#9097=VERTEX_POINT('',#10978);
#9098=LINE('',#10979,#10980);
#9099=VERTEX_POINT('',#10981);
#9100=LINE('',#10982,#10983);
#9101=VERTEX_POINT('',#10984);
#9102=LINE('',#10985,#10986);
#9103=LINE('',#10987,#10988);
#9104=VERTEX_POINT('',#10989);
#9105=VERTEX_POINT('',#10990);
#9106=B_SPLINE_CURVE_WITH_KNOTS('',3,(#10991,#10992,#10993,#10994,#10995,#10996,#10997,#10998),.UNSPECIFIED.,.F.,.F.,(4,1,1,1,1,4),(0.0,0.2,0.4,0.6,0.8,1.0),.UNSPECIFIED.);
#9107=VERTEX_POINT('',#10999);
#9108=LINE('',#11000,#11001);
#9109=VERTEX_POINT('',#11002);
#9110=B_SPLINE_CURVE_WITH_KNOTS('',3,(#11003,#11004,#11005,#11006,#11007,#11008,#11009,#11010,#11011,#11012,#11013,#11014),.UNSPECIFIED.,.F.,.F.,(4,2,2,2,2,4),(0.0,0.250000000000174,0.375000000000262,0.437500000000288,0.5,1.0),.UNSPECIFIED.);
#9111=VERTEX_POINT('',#11015);
#9112=LINE('',#11016,#11017);
#9113=VERTEX_POINT('',#11018);
#9114=LINE('',#11019,#11020);
#9115=LINE('',#11021,#11022);
#9116=LINE('',#11023,#11024);
#9117=LINE('',#11025,#11026);
#9118=CIRCLE('',#11027,0.6);
#9119=LINE('',#11028,#11029);
#9120=LINE('',#11030,#11031);
#9121=LINE('',#11032,#11033);
#9122=LINE('',#11034,#11035);
#9123=LINE('',#11036,#11037);
#9124=LINE('',#11038,#11039);
#9125=LINE('',#11040,#11041);
#9126=LINE('',#11042,#11043);
#9127=LINE('',#11044,#11045);
#9128=LINE('',#11046,#11047);
#9129=LINE('',#11048,#11049);
#9130=LINE('',#11050,#11051);
#9131=LINE('',#11052,#11053);
#9132=LINE('',#11054,#11055);
#9133=LINE('',#11056,#11057);
#9134=LINE('',#11058,#11059);
#9135=LINE('',#11060,#11061);
#9136=LINE('',#11062,#11063);
#9137=LINE('',#11064,#11065);
#9138=LINE('',#11066,#11067);
#9139=LINE('',#11068,#11069);
#9140=LINE('',#11070,#11071);
#9141=LINE('',#11072,#11073);
#9142=LINE('',#11074,#11075);
#9143=VERTEX_POINT('',#11076);
#9144=B_SPLINE_CURVE_WITH_KNOTS('',3,(#11077,#11078,#11079,#11080,#11081,#11082,#11083,#11084,#11085,#11086,#11087,#11088),.UNSPECIFIED.,.F.,.F.,(4,2,2,2,2,4),(0.0,0.249999999999968,0.374999999999962,0.437499999999961,0.5,1.0),.UNSPECIFIED.);
#9145=B_SPLINE_CURVE_WITH_KNOTS('',3,(#11089,#11090,#11091,#11092,#11093,#11094,#11095,#11096,#11097,#11098,#11099,#11100,#11101,#11102,#11103,#11104,#11105,#11106),.UNSPECIFIED.,.F.,.F.,(4,2,2,2,1,1,2,2,2,4),(0.0,0.250000000000006,0.375000000000002,0.5,0.624999999999993,0.687499999999989,0.718749999999987,0.749999999999985,0.874999999999993,1.0),.UNSPECIFIED.);
#9146=VERTEX_POINT('',#11107);
#9147=B_SPLINE_CURVE_WITH_KNOTS('',3,(#11108,#11109,#11110,#11111,#11112,#11113,#11114,#11115,#11116,#11117,#11118,#11119),.UNSPECIFIED.,.F.,.F.,(4,2,2,2,2,4),(0.0,0.250000000000038,0.37500000000003,0.437500000000025,0.5,1.0),.UNSPECIFIED.);
#9148=B_SPLINE_CURVE_WITH_KNOTS('',3,(#11120,#11121,#11122,#11123,#11124,#11125,#11126,#11127),.UNSPECIFIED.,.F.,.F.,(4,1,1,1,1,4),(0.0,0.2,0.4,0.6,0.8,1.0),.UNSPECIFIED.);
#9149=VERTEX_POINT('',#11128);
#9150=VERTEX_POINT('',#11129);
#9151=B_SPLINE_CURVE_WITH_KNOTS('',3,(#11130,#11131,#11132,#11133),.UNSPECIFIED.,.F.,.F.,(4,4),(0.0,1.0),.UNSPECIFIED.);
#9152=VERTEX_POINT('',#11134);
#9153=B_SPLINE_CURVE_WITH_KNOTS('',3,(#11135,#11136,#11137,#11138),.UNSPECIFIED.,.F.,.F.,(4,4),(0.0,1.0),.UNSPECIFIED.);
#9154=B_SPLINE_CURVE_WITH_KNOTS('',3,(#11139,#11140,#11141,#11142,#11143,#11144,#11145,#11146),.UNSPECIFIED.,.F.,.F.,(4,1,1,1,1,4),(0.0,0.2,0.4,0.6,0.8,1.0),.UNSPECIFIED.);
#9155=VERTEX_POINT('',#11147);
#9156=B_SPLINE_CURVE_WITH_KNOTS('',3,(#11148,#11149,#11150,#11151),.UNSPECIFIED.,.F.,.F.,(4,4),(0.0,1.0),.UNSPECIFIED.);
#9157=VERTEX_POINT('',#11152);
#9158=B_SPLINE_CURVE_WITH_KNOTS('',3,(#11153,#11154,#11155,#11156),.UNSPECIFIED.,.F.,.F.,(4,4),(0.0,1.0),.UNSPECIFIED.);
#9159=LINE('',#11157,#11158);
#9160=VERTEX_POINT('',#11159);
#9161=CIRCLE('',#11160,0.100000000000001);
#9162=VERTEX_POINT('',#11161);
#9163=CIRCLE('',#11162,0.0999999999999994);
#9164=LINE('',#11163,#11164);
#9165=VERTEX_POINT('',#11165);
#9166=CIRCLE('',#11166,0.0999999999999998);
#9167=VERTEX_POINT('',#11167);
#9168=LINE('',#11168,#11169);
#9169=CIRCLE('',#11170,0.0999999999999994);
#9170=VERTEX_POINT('',#11171);
#9171=B_SPLINE_CURVE_WITH_KNOTS('',3,(#11172,#11173,#11174,#11175),.UNSPECIFIED.,.F.,.F.,(4,4),(0.0,1.0),.UNSPECIFIED.);
#9172=(B_SPLINE_CURVE(3,(#11177,#11178,#11179,#11180),.UNSPECIFIED.,.F.,.F.)B_SPLINE_CURVE_WITH_KNOTS((4,4),(0.0,1.0),.UNSPECIFIED.)RATIONAL_B_SPLINE_CURVE((0.999996194344407,0.739268576104425,0.73926984519151,1.00000000160575))BOUNDED_CURVE()REPRESENTATION_ITEM('')GEOMETRIC_REPRESENTATION_ITEM()CURVE());
#9173=VERTEX_POINT('',#11187);
#9174=B_SPLINE_CURVE_WITH_KNOTS('',3,(#11188,#11189,#11190,#11191),.UNSPECIFIED.,.F.,.F.,(4,4),(0.0,1.0),.UNSPECIFIED.);
#9175=B_SPLINE_CURVE_WITH_KNOTS('',3,(#11192,#11193,#11194,#11195,#11196,#11197,#11198,#11199,#11200,#11201,#11202),.UNSPECIFIED.,.F.,.F.,(4,1,1,1,1,1,1,1,4),(0.0,0.118324298657,0.2443703481939,0.3704163977308,0.4964624472678,0.6225084968047,0.7485545463416,0.8746005958786,1.0),.UNSPECIFIED.);
#9176=VERTEX_POINT('',#11203);
#9177=B_SPLINE_CURVE_WITH_KNOTS('',3,(#11204,#11205,#11206,#11207,#11208,#11209,#11210,#11211,#11212,#11213,#11214,#11215,#11216,#11217,#11218,#11219,#11220,#11221),.UNSPECIFIED.,.F.,.F.,(4,2,2,2,2,2,2,2,4),(0.0,0.49951171875,0.561950683593811,0.624389648437555,0.749267578125042,0.87414550781253,0.93658447265626,0.96780395507813,0.9990234375),.UNSPECIFIED.);
#9178=B_SPLINE_CURVE_WITH_KNOTS('',3,(#11222,#11223,#11224,#11225,#11226,#11227,#11228,#11229,#11230,#11231,#11232,#11233),.UNSPECIFIED.,.F.,.F.,(4,2,2,2,2,4),(0.0,0.250000000000215,0.375000000000319,0.437500000000334,0.5,1.0),.UNSPECIFIED.);
#9179=B_SPLINE_CURVE_WITH_KNOTS('',3,(#11234,#11235,#11236,#11237,#11238,#11239,#11240,#11241),.UNSPECIFIED.,.F.,.F.,(4,2,2,4),(0.0,0.249999999999994,0.5,1.0),.UNSPECIFIED.);
#9180=B_SPLINE_CURVE_WITH_KNOTS('',3,(#11242,#11243,#11244,#11245,#11246,#11247,#11248,#11249,#11250,#11251,#11252),.UNSPECIFIED.,.F.,.F.,(4,2,1,2,2,4),(0.0,0.249999999999993,0.375000000000004,0.43750000000001,0.5,1.0),.UNSPECIFIED.);
#9181=VERTEX_POINT('',#11253);
#9182=(B_SPLINE_CURVE(3,(#11255,#11256,#11257,#11258),.UNSPECIFIED.,.F.,.F.)B_SPLINE_CURVE_WITH_KNOTS((4,4),(0.0,1.0),.UNSPECIFIED.)RATIONAL_B_SPLINE_CURVE((0.999999999998445,0.979436231691991,0.961106898425769,0.945012000199815))BOUNDED_CURVE()REPRESENTATION_ITEM('')GEOMETRIC_REPRESENTATION_ITEM()CURVE());
#9183=B_SPLINE_CURVE_WITH_KNOTS('',3,(#11265,#11266,#11267,#11268,#11269,#11270,#11271,#11272,#11273,#11274,#11275,#11276,#11277,#11278,#11279,#11280,#11281,#11282,#11283,#11284),.UNSPECIFIED.,.F.,.F.,(4,2,2,1,2,2,2,1,2,2,4),(0.0,0.125000000000101,0.187500000000164,0.218750000000191,0.234375000000187,0.250000000000184,0.375000000000092,0.437500000000067,0.468750000000053,0.5,1.0),.UNSPECIFIED.);
#9184=VERTEX_POINT('',#11285);
#9185=LINE('',#11286,#11287);
#9186=B_SPLINE_CURVE_WITH_KNOTS('',3,(#11288,#11289,#11290,#11291,#11292,#11293,#11294,#11295,#11296,#11297,#11298,#11299,#11300,#11301,#11302,#11303,#11304,#11305,#11306,#11307,#11308),.UNSPECIFIED.,.F.,.F.,(4,2,2,1,2,2,2,1,1,2,2,4),(0.0,0.25000000000029,0.375000000000413,0.437500000000472,0.4687500000005,0.5,0.62500000000051,0.687500000000489,0.718750000000479,0.734375000000477,0.750000000000475,1.0),.UNSPECIFIED.);
#9187=VERTEX_POINT('',#11309);
#9188=(B_SPLINE_CURVE(3,(#11311,#11312,#11313,#11314),.UNSPECIFIED.,.F.,.F.)B_SPLINE_CURVE_WITH_KNOTS((4,4),(0.0,1.0),.UNSPECIFIED.)RATIONAL_B_SPLINE_CURVE((0.945012000091711,0.961106898343719,0.979436231646025,0.999999999998551))BOUNDED_CURVE()REPRESENTATION_ITEM('')GEOMETRIC_REPRESENTATION_ITEM()CURVE());
#9189=VERTEX_POINT('',#11321);
#9190=B_SPLINE_CURVE_WITH_KNOTS('',3,(#11322,#11323,#11324,#11325),.UNSPECIFIED.,.F.,.F.,(4,4),(0.0,1.0),.UNSPECIFIED.);
#9191=B_SPLINE_CURVE_WITH_KNOTS('',3,(#11326,#11327,#11328,#11329,#11330,#11331,#11332,#11333,#11334,#11335,#11336,#11337,#11338,#11339,#11340,#11341,#11342,#11343,#11344,#11345),.UNSPECIFIED.,.F.,.F.,(4,2,2,2,2,2,2,2,2,4),(0.0009765625,0.0165863037109347,0.0321960449218694,0.0634155273437389,0.125854492187506,0.250732421874989,0.375610351562472,0.43804931640621,0.50048828125,1.0),.UNSPECIFIED.);
#9192=B_SPLINE_CURVE_WITH_KNOTS('',3,(#11346,#11347,#11348,#11349,#11350,#11351,#11352,#11353,#11354,#11355,#11356),.UNSPECIFIED.,.F.,.F.,(4,1,1,1,1,1,1,1,4),(0.0,0.1177507320108,0.2438718525583,0.3699929731058,0.4961140936533,0.6222352142008,0.7483563347483,0.8744774552958,1.0),.UNSPECIFIED.);
#9193=(B_SPLINE_CURVE(3,(#11358,#11359,#11360,#11361),.UNSPECIFIED.,.F.,.F.)B_SPLINE_CURVE_WITH_KNOTS((4,4),(0.0,1.0),.UNSPECIFIED.)RATIONAL_B_SPLINE_CURVE((1.00000000125488,0.739269548648998,0.739268279668215,0.999996194312393))BOUNDED_CURVE()REPRESENTATION_ITEM('')GEOMETRIC_REPRESENTATION_ITEM()CURVE());
#9194=B_SPLINE_CURVE_WITH_KNOTS('',3,(#11368,#11369,#11370,#11371),.UNSPECIFIED.,.F.,.F.,(4,4),(0.0,1.0),.UNSPECIFIED.);
#9195=B_SPLINE_CURVE_WITH_KNOTS('',3,(#11372,#11373,#11374,#11375),.UNSPECIFIED.,.F.,.F.,(4,4),(0.0,1.0),.UNSPECIFIED.);
#9196=B_SPLINE_CURVE_WITH_KNOTS('',3,(#11376,#11377,#11378,#11379),.UNSPECIFIED.,.F.,.F.,(4,4),(0.0,1.0),.UNSPECIFIED.);
#9197=VERTEX_POINT('',#11380);
#9198=VERTEX_POINT('',#11381);
#9199=LINE('',#11382,#11383);
#9200=B_SPLINE_CURVE_WITH_KNOTS('',3,(#11384,#11385,#11386,#11387,#11388,#11389,#11390,#11391,#11392),.UNSPECIFIED.,.F.,.F.,(4,1,1,1,1,1,4),(0.0,0.248829047113024,0.374024205927814,0.499219364742504,0.624414523557194,0.749609682371885,1.0),.UNSPECIFIED.);
#9201=B_SPLINE_CURVE_WITH_KNOTS('',3,(#11393,#11394,#11395,#11396,#11397,#11398,#11399),.UNSPECIFIED.,.F.,.F.,(4,1,1,1,4),(0.0,0.249982644618946,0.499988429747646,0.749994214876346,1.0),.UNSPECIFIED.);
#9202=VERTEX_POINT('',#11400);
#9203=B_SPLINE_CURVE_WITH_KNOTS('',3,(#11401,#11402,#11403,#11404,#11405,#11406,#11407,#11408,#11409,#11410,#11411,#11412,#11413,#11414,#11415,#11416,#11417,#11418,#11419,#11420,#11421,#11422,#11423),.UNSPECIFIED.,.F.,.F.,(4,2,2,1,2,2,2,2,1,1,2,2,4),(0.0,0.12499999999995,0.187499999999924,0.218749999999913,0.234374999999913,0.249999999999914,0.5,0.624999999999909,0.687499999999908,0.718749999999887,0.734374999999876,0.749999999999866,1.0),.UNSPECIFIED.);
#9204=CIRCLE('',#11424,0.0999999999999994);
#9205=VERTEX_POINT('',#11425);
#9206=LINE('',#11426,#11427);
#9207=CIRCLE('',#11428,0.100000000000001);
#9208=VERTEX_POINT('',#11429);
#9209=B_SPLINE_CURVE_WITH_KNOTS('',3,(#11430,#11431,#11432,#11433,#11434,#11435,#11436,#11437,#11438,#11439,#11440),.UNSPECIFIED.,.F.,.F.,(4,1,1,1,1,1,1,1,4),(0.0,0.125000000002587,0.250000000002581,0.37500000000194,0.5,0.625000000001291,0.750000000000649,0.875000000000007,1.0),.UNSPECIFIED.);
#9210=B_SPLINE_CURVE_WITH_KNOTS('',3,(#11441,#11442,#11443,#11444,#11445,#11446,#11447),.UNSPECIFIED.,.F.,.F.,(4,1,1,1,4),(0.0,0.250005212706682,0.500010425418589,0.750015638130597,1.0),.UNSPECIFIED.);
#9211=VERTEX_POINT('',#11448);
#9212=B_SPLINE_CURVE_WITH_KNOTS('',3,(#11449,#11450,#11451,#11452,#11453,#11454,#11455,#11456,#11457),.UNSPECIFIED.,.F.,.F.,(4,1,1,1,1,1,4),(0.0,0.250405686914693,0.375608530372601,0.50081137383051,0.626014217288418,0.751217060746227,1.0),.UNSPECIFIED.);
#9213=LINE('',#11458,#11459);
#9214=VERTEX_POINT('',#11460);
#9215=LINE('',#11461,#11462);
#9216=LINE('',#11463,#11464);
#9217=VERTEX_POINT('',#11465);
#9218=B_SPLINE_CURVE_WITH_KNOTS('',3,(#11466,#11467,#11468,#11469,#11470,#11471,#11472,#11473,#11474,#11475),.UNSPECIFIED.,.F.,.F.,(4,2,2,2,4),(0.0,0.250000000000045,0.375000000000032,0.5,1.0),.UNSPECIFIED.);
#9219=LINE('',#11476,#11477);
#9220=VERTEX_POINT('',#11478);
#9221=LINE('',#11479,#11480);
#9222=LINE('',#11481,#11482);
#9223=VERTEX_POINT('',#11483);
#9224=B_SPLINE_CURVE_WITH_KNOTS('',3,(#11484,#11485,#11486,#11487,#11488,#11489,#11490,#11491,#11492,#11493),.UNSPECIFIED.,.F.,.F.,(4,2,2,2,4),(0.0,0.249999999999996,0.374999999999994,0.5,1.0),.UNSPECIFIED.);
#9225=LINE('',#11494,#11495);
#9226=LINE('',#11496,#11497);
#9227=VERTEX_POINT('',#11498);
#9228=B_SPLINE_CURVE_WITH_KNOTS('',3,(#11499,#11500,#11501,#11502,#11503,#11504,#11505,#11506,#11507,#11508,#11509,#11510),.UNSPECIFIED.,.F.,.F.,(4,2,2,2,2,4),(0.0,0.249999999999961,0.374999999999973,0.43749999999997,0.5,1.0),.UNSPECIFIED.);
#9229=B_SPLINE_CURVE_WITH_KNOTS('',3,(#11511,#11512,#11513,#11514,#11515,#11516,#11517,#11518,#11519,#11520),.UNSPECIFIED.,.F.,.F.,(4,2,2,2,4),(0.0,0.250000000000014,0.37500000000002,0.5,1.0),.UNSPECIFIED.);
#9230=LINE('',#11521,#11522);
#9231=VERTEX_POINT('',#11523);
#9232=LINE('',#11524,#11525);
#9233=LINE('',#11526,#11527);
#9234=B_SPLINE_CURVE_WITH_KNOTS('',3,(#11528,#11529,#11530,#11531,#11532,#11533,#11534,#11535,#11536,#11537,#11538,#11539),.UNSPECIFIED.,.F.,.F.,(4,2,2,2,2,4),(0.0,0.250000000000022,0.37500000000002,0.437500000000018,0.5,1.0),.UNSPECIFIED.);
#9235=B_SPLINE_CURVE_WITH_KNOTS('',3,(#11540,#11541,#11542,#11543,#11544,#11545,#11546,#11547,#11548,#11549),.UNSPECIFIED.,.F.,.F.,(4,2,2,2,4),(0.0,0.250000000000001,0.374999999999999,0.5,1.0),.UNSPECIFIED.);
#9236=CIRCLE('',#11550,0.0999999999999998);
#9237=CIRCLE('',#11551,0.0999999999999994);
#9238=CIRCLE('',#11552,0.0999999999999994);
#9239=CIRCLE('',#11553,0.0999999999999998);
#9240=LINE('',#11554,#11555);
#9241=LINE('',#11556,#11557);
#9242=VERTEX_POINT('',#11558);
#9243=CIRCLE('',#11559,0.500000000000001);
#9244=VERTEX_POINT('',#11560);
#9245=CIRCLE('',#11561,0.799999999999999);
#9246=LINE('',#11562,#11563);
#9247=VERTEX_POINT('',#11564);
#9248=LINE('',#11565,#11566);
#9249=VERTEX_POINT('',#11567);
#9250=LINE('',#11568,#11569);
#9251=LINE('',#11570,#11571);
#9252=CIRCLE('',#11572,0.350000000000003);
#9253=VERTEX_POINT('',#11573);
#9254=LINE('',#11574,#11575);
#9255=VERTEX_POINT('',#11576);
#9256=LINE('',#11577,#11578);
#9257=VERTEX_POINT('',#11579);
#9258=LINE('',#11580,#11581);
#9259=VERTEX_POINT('',#11582);
#9260=LINE('',#11583,#11584);
#9261=VERTEX_POINT('',#11585);
#9262=LINE('',#11586,#11587);
#9263=LINE('',#11588,#11589);
#9264=CIRCLE('',#11590,0.5);
#9265=VERTEX_POINT('',#11591);
#9266=LINE('',#11592,#11593);
#9267=CIRCLE('',#11594,0.799999999999999);
#9268=LINE('',#11595,#11596);
#9269=LINE('',#11597,#11598);
#9270=LINE('',#11599,#11600);
#9271=LINE('',#11601,#11602);
#9272=LINE('',#11603,#11604);
#9273=LINE('',#11605,#11606);
#9274=LINE('',#11607,#11608);
#9275=CIRCLE('',#11609,0.500000000000001);
#9276=VERTEX_POINT('',#11610);
#9277=CIRCLE('',#11611,0.799999999999999);
#9278=LINE('',#11612,#11613);
#9279=VERTEX_POINT('',#11614);
#9280=LINE('',#11615,#11616);
#9281=LINE('',#11617,#11618);
#9282=VERTEX_POINT('',#11619);
#9283=CIRCLE('',#11620,0.500000000000001);
#9284=VERTEX_POINT('',#11621);
#9285=LINE('',#11622,#11623);
#9286=CIRCLE('',#11624,0.8);
#9287=VERTEX_POINT('',#11625);
#9288=CIRCLE('',#11626,0.799999999999999);
#9289=LINE('',#11627,#11628);
#9290=VERTEX_POINT('',#11629);
#9291=CIRCLE('',#11630,1.05);
#9292=LINE('',#11631,#11632);
#9293=LINE('',#11633,#11634);
#9294=LINE('',#11635,#11636);
#9295=VERTEX_POINT('',#11637);
#9296=CIRCLE('',#11638,1.05);
#9297=VERTEX_POINT('',#11639);
#9298=LINE('',#11640,#11641);
#9299=LINE('',#11642,#11643);
#9300=LINE('',#11644,#11645);
#9301=LINE('',#11646,#11647);
#9302=VERTEX_POINT('',#11648);
#9303=CIRCLE('',#11649,0.500000000000001);
#9304=LINE('',#11650,#11651);
#9305=LINE('',#11652,#11653);
#9306=CIRCLE('',#11654,0.350000000000001);
#9307=LINE('',#11655,#11656);
#9308=LINE('',#11657,#11658);
#9309=VERTEX_POINT('',#11659);
#9310=LINE('',#11660,#11661);
#9311=LINE('',#11662,#11663);
#9312=LINE('',#11664,#11665);
#9313=CIRCLE('',#11666,0.5);
#9314=CIRCLE('',#11667,0.799999999999999);
#9315=LINE('',#11668,#11669);
#9316=LINE('',#11670,#11671);
#9317=LINE('',#11672,#11673);
#9318=VERTEX_POINT('',#11674);
#9319=VERTEX_POINT('',#11675);
#9320=LINE('',#11676,#11677);
#9321=VERTEX_POINT('',#11678);
#9322=CIRCLE('',#11679,0.399999999999998);
#9323=VERTEX_POINT('',#11680);
#9324=LINE('',#11681,#11682);
#9325=CIRCLE('',#11683,0.399999999999998);
#9326=VERTEX_POINT('',#11684);
#9327=VERTEX_POINT('',#11685);
#9328=CIRCLE('',#11686,0.2);
#9329=VERTEX_POINT('',#11687);
#9330=CIRCLE('',#11688,0.0267949192431088);
#9331=VERTEX_POINT('',#11689);
#9332=CIRCLE('',#11690,0.2);
#9333=CIRCLE('',#11691,0.199999999999999);
#9334=VERTEX_POINT('',#11692);
#9335=VERTEX_POINT('',#11693);
#9336=LINE('',#11694,#11695);
#9337=VERTEX_POINT('',#11696);
#9338=LINE('',#11697,#11698);
#9339=VERTEX_POINT('',#11699);
#9340=LINE('',#11700,#11701);
#9341=CIRCLE('',#11702,0.399999999999998);
#9342=VERTEX_POINT('',#11703);
#9343=LINE('',#11704,#11705);
#9344=VERTEX_POINT('',#11706);
#9345=LINE('',#11707,#11708);
#9346=VERTEX_POINT('',#11709);
#9347=LINE('',#11710,#11711);
#9348=VERTEX_POINT('',#11712);
#9349=LINE('',#11713,#11714);
#9350=VERTEX_POINT('',#11715);
#9351=CIRCLE('',#11716,0.199999999999999);
#9352=VERTEX_POINT('',#11717);
#9353=LINE('',#11718,#11719);
#9354=VERTEX_POINT('',#11720);
#9355=LINE('',#11721,#11722);
#9356=VERTEX_POINT('',#11723);
#9357=LINE('',#11724,#11725);
#9358=VERTEX_POINT('',#11726);
#9359=CIRCLE('',#11727,0.199999999999999);
#9360=VERTEX_POINT('',#11728);
#9361=LINE('',#11729,#11730);
#9362=VERTEX_POINT('',#11731);
#9363=LINE('',#11732,#11733);
#9364=VERTEX_POINT('',#11734);
#9365=LINE('',#11735,#11736);
#9366=VERTEX_POINT('',#11737);
#9367=LINE('',#11738,#11739);
#9368=VERTEX_POINT('',#11740);
#9369=LINE('',#11741,#11742);
#9370=VERTEX_POINT('',#11743);
#9371=CIRCLE('',#11744,0.199999999999999);
#9372=VERTEX_POINT('',#11745);
#9373=LINE('',#11746,#11747);
#9374=VERTEX_POINT('',#11748);
#9375=LINE('',#11749,#11750);
#9376=VERTEX_POINT('',#11751);
#9377=LINE('',#11752,#11753);
#9378=VERTEX_POINT('',#11754);
#9379=CIRCLE('',#11755,0.199999999999999);
#9380=LINE('',#11756,#11757);
#9381=VERTEX_POINT('',#11758);
#9382=VERTEX_POINT('',#11759);
#9383=CIRCLE('',#11760,0.199999999999999);
#9384=VERTEX_POINT('',#11761);
#9385=CIRCLE('',#11762,0.199999999999999);
#9386=VERTEX_POINT('',#11763);
#9387=LINE('',#11764,#11765);
#9388=CIRCLE('',#11766,0.199999999999999);
#9389=LINE('',#11767,#11768);
#9390=VERTEX_POINT('',#11769);
#9391=VERTEX_POINT('',#11770);
#9392=LINE('',#11771,#11772);
#9393=VERTEX_POINT('',#11773);
#9394=CIRCLE('',#11774,0.399999999999998);
#9395=VERTEX_POINT('',#11775);
#9396=CIRCLE('',#11776,0.400000000000001);
#9397=VERTEX_POINT('',#11777);
#9398=LINE('',#11778,#11779);
#9399=VERTEX_POINT('',#11780);
#9400=CIRCLE('',#11781,0.399999999999998);
#9401=CIRCLE('',#11782,0.400000000000001);
#9402=VERTEX_POINT('',#11783);
#9403=VERTEX_POINT('',#11784);
#9404=LINE('',#11785,#11786);
#9405=VERTEX_POINT('',#11787);
#9406=CIRCLE('',#11788,0.399999999999998);
#9407=VERTEX_POINT('',#11789);
#9408=CIRCLE('',#11790,0.400000000000001);
#9409=VERTEX_POINT('',#11791);
#9410=LINE('',#11792,#11793);
#9411=VERTEX_POINT('',#11794);
#9412=CIRCLE('',#11795,0.399999999999998);
#9413=CIRCLE('',#11796,0.400000000000001);
#9414=VERTEX_POINT('',#11797);
#9415=VERTEX_POINT('',#11798);
#9416=LINE('',#11799,#11800);
#9417=VERTEX_POINT('',#11801);
#9418=LINE('',#11802,#11803);
#9419=VERTEX_POINT('',#11804);
#9420=LINE('',#11805,#11806);
#9421=VERTEX_POINT('',#11807);
#9422=LINE('',#11808,#11809);
#9423=VERTEX_POINT('',#11810);
#9424=LINE('',#11811,#11812);
#9425=VERTEX_POINT('',#11813);
#9426=LINE('',#11814,#11815);
#9427=VERTEX_POINT('',#11816);
#9428=LINE('',#11817,#11818);
#9429=LINE('',#11819,#11820);
#9430=VERTEX_POINT('',#11821);
#9431=LINE('',#11822,#11823);
#9432=VERTEX_POINT('',#11824);
#9433=LINE('',#11825,#11826);
#9434=LINE('',#11827,#11828);
#9435=VERTEX_POINT('',#11829);
#9436=LINE('',#11830,#11831);
#9437=LINE('',#11832,#11833);
#9438=VERTEX_POINT('',#11834);
#9439=CIRCLE('',#11835,0.199999999999999);
#9440=VERTEX_POINT('',#11836);
#9441=LINE('',#11837,#11838);
#9442=VERTEX_POINT('',#11839);
#9443=LINE('',#11840,#11841);
#9444=VERTEX_POINT('',#11842);
#9445=LINE('',#11843,#11844);
#9446=VERTEX_POINT('',#11845);
#9447=CIRCLE('',#11846,0.199999999999999);
#9448=VERTEX_POINT('',#11847);
#9449=LINE('',#11848,#11849);
#9450=VERTEX_POINT('',#11850);
#9451=LINE('',#11851,#11852);
#9452=VERTEX_POINT('',#11853);
#9453=LINE('',#11854,#11855);
#9454=VERTEX_POINT('',#11856);
#9455=LINE('',#11857,#11858);
#9456=VERTEX_POINT('',#11859);
#9457=LINE('',#11860,#11861);
#9458=VERTEX_POINT('',#11862);
#9459=CIRCLE('',#11863,0.199999999999999);
#9460=VERTEX_POINT('',#11864);
#9461=LINE('',#11865,#11866);
#9462=VERTEX_POINT('',#11867);
#9463=LINE('',#11868,#11869);
#9464=VERTEX_POINT('',#11870);
#9465=LINE('',#11871,#11872);
#9466=VERTEX_POINT('',#11873);
#9467=CIRCLE('',#11874,0.199999999999999);
#9468=VERTEX_POINT('',#11875);
#9469=LINE('',#11876,#11877);
#9470=VERTEX_POINT('',#11878);
#9471=LINE('',#11879,#11880);
#9472=VERTEX_POINT('',#11881);
#9473=LINE('',#11882,#11883);
#9474=LINE('',#11884,#11885);
#9475=VERTEX_POINT('',#11886);
#9476=CIRCLE('',#11887,0.399999999999998);
#9477=VERTEX_POINT('',#11888);
#9478=LINE('',#11889,#11890);
#9479=LINE('',#11891,#11892);
#9480=VERTEX_POINT('',#11893);
#9481=VERTEX_POINT('',#11894);
#9482=LINE('',#11895,#11896);
#9483=VERTEX_POINT('',#11897);
#9484=LINE('',#11898,#11899);
#9485=VERTEX_POINT('',#11900);
#9486=LINE('',#11901,#11902);
#9487=LINE('',#11903,#11904);
#9488=VERTEX_POINT('',#11905);
#9489=VERTEX_POINT('',#11906);
#9490=LINE('',#11907,#11908);
#9491=VERTEX_POINT('',#11909);
#9492=CIRCLE('',#11910,0.399999999999998);
#9493=VERTEX_POINT('',#11911);
#9494=CIRCLE('',#11912,0.400000000000001);
#9495=VERTEX_POINT('',#11913);
#9496=LINE('',#11914,#11915);
#9497=VERTEX_POINT('',#11916);
#9498=CIRCLE('',#11917,0.399999999999998);
#9499=CIRCLE('',#11918,0.400000000000001);
#9500=VERTEX_POINT('',#11919);
#9501=VERTEX_POINT('',#11920);
#9502=LINE('',#11921,#11922);
#9503=VERTEX_POINT('',#11923);
#9504=CIRCLE('',#11924,0.399999999999998);
#9505=VERTEX_POINT('',#11925);
#9506=CIRCLE('',#11926,0.400000000000001);
#9507=VERTEX_POINT('',#11927);
#9508=LINE('',#11928,#11929);
#9509=VERTEX_POINT('',#11930);
#9510=CIRCLE('',#11931,0.399999999999998);
#9511=CIRCLE('',#11932,0.400000000000001);
#9512=VERTEX_POINT('',#11933);
#9513=VERTEX_POINT('',#11934);
#9514=CIRCLE('',#11935,0.199999999999999);
#9515=VERTEX_POINT('',#11936);
#9516=CIRCLE('',#11937,0.199999999999999);
#9517=VERTEX_POINT('',#11938);
#9518=LINE('',#11939,#11940);
#9519=VERTEX_POINT('',#11941);
#9520=CIRCLE('',#11942,0.199999999999999);
#9521=VERTEX_POINT('',#11943);
#9522=CIRCLE('',#11944,0.199999999999999);
#9523=LINE('',#11945,#11946);
#9524=LINE('',#11947,#11948);
#9525=VERTEX_POINT('',#11949);
#9526=CIRCLE('',#11950,1.0);
#9527=VERTEX_POINT('',#11951);
#9528=CIRCLE('',#11952,0.6);
#9529=LINE('',#11953,#11954);
#9530=VERTEX_POINT('',#11955);
#9531=LINE('',#11956,#11957);
#9532=VERTEX_POINT('',#11958);
#9533=LINE('',#11959,#11960);
#9534=LINE('',#11961,#11962);
#9535=VERTEX_POINT('',#11963);
#9536=VERTEX_POINT('',#11964);
#9537=LINE('',#11965,#11966);
#9538=LINE('',#11967,#11968);
#9539=VERTEX_POINT('',#11969);
#9540=LINE('',#11970,#11971);
#9541=CIRCLE('',#11972,0.4);
#9542=VERTEX_POINT('',#11973);
#9543=VERTEX_POINT('',#11974);
#9544=CIRCLE('',#11975,0.399999999999998);
#9545=LINE('',#11976,#11977);
#9546=LINE('',#11978,#11979);
#9547=VERTEX_POINT('',#11980);
#9548=CIRCLE('',#11981,0.399999999999998);
#9549=VERTEX_POINT('',#11982);
#9550=LINE('',#11983,#11984);
#9551=CIRCLE('',#11985,0.4);
#9552=VERTEX_POINT('',#11986);
#9553=LINE('',#11987,#11988);
#9554=VERTEX_POINT('',#11989);
#9555=LINE('',#11990,#11991);
#9556=VERTEX_POINT('',#11992);
#9557=LINE('',#11993,#11994);
#9558=LINE('',#11995,#11996);
#9559=LINE('',#11997,#11998);
#9560=VERTEX_POINT('',#11999);
#9561=CIRCLE('',#12000,1.0);
#9562=VERTEX_POINT('',#12001);
#9563=LINE('',#12002,#12003);
#9564=CIRCLE('',#12004,1.0);
#9565=VERTEX_POINT('',#12005);
#9566=CIRCLE('',#12006,0.599999999999999);
#9567=LINE('',#12007,#12008);
#9568=VERTEX_POINT('',#12009);
#9569=VERTEX_POINT('',#12010);
#9570=LINE('',#12011,#12012);
#9571=LINE('',#12013,#12014);
#9572=LINE('',#12015,#12016);
#9573=VERTEX_POINT('',#12017);
#9574=CIRCLE('',#12018,0.3);
#9575=VERTEX_POINT('',#12019);
#9576=LINE('',#12020,#12021);
#9577=VERTEX_POINT('',#12022);
#9578=CIRCLE('',#12023,0.300000000000002);
#9579=LINE('',#12024,#12025);
#9580=VERTEX_POINT('',#12026);
#9581=LINE('',#12027,#12028);
#9582=VERTEX_POINT('',#12029);
#9583=LINE('',#12030,#12031);
#9584=LINE('',#12032,#12033);
#9585=CIRCLE('',#12034,0.300000000000002);
#9586=VERTEX_POINT('',#12035);
#9587=CIRCLE('',#12036,0.3);
#9588=VERTEX_POINT('',#12037);
#9589=LINE('',#12038,#12039);
#9590=LINE('',#12040,#12041);
#9591=VERTEX_POINT('',#12042);
#9592=CIRCLE('',#12043,0.599999999999999);
#9593=LINE('',#12044,#12045);
#9594=VERTEX_POINT('',#12046);
#9595=LINE('',#12047,#12048);
#9596=VERTEX_POINT('',#12049);
#9597=LINE('',#12050,#12051);
#9598=LINE('',#12052,#12053);
#9599=LINE('',#12054,#12055);
#9600=CIRCLE('',#12056,1.0);
#9601=CIRCLE('',#12057,0.6);
#9602=CIRCLE('',#12058,0.599999999999999);
#9603=CIRCLE('',#12059,1.0);
#9604=LINE('',#12060,#12061);
#9605=LINE('',#12062,#12063);
#9606=LINE('',#12064,#12065);
#9607=LINE('',#12066,#12067);
#9608=LINE('',#12068,#12069);
#9609=LINE('',#12070,#12071);
#9610=LINE('',#12072,#12073);
#9611=LINE('',#12074,#12075);
#9612=LINE('',#12076,#12077);
#9613=LINE('',#12078,#12079);
#9614=LINE('',#12080,#12081);
#9615=LINE('',#12082,#12083);
#9616=LINE('',#12084,#12085);
#9617=LINE('',#12086,#12087);
#9618=LINE('',#12088,#12089);
#9619=LINE('',#12090,#12091);
#9620=LINE('',#12092,#12093);
#9621=LINE('',#12094,#12095);
#9622=LINE('',#12096,#12097);
#9623=LINE('',#12098,#12099);
#9624=LINE('',#12100,#12101);
#9625=LINE('',#12102,#12103);
#9626=LINE('',#12104,#12105);
#9627=CIRCLE('',#12106,1.0);
#9628=VERTEX_POINT('',#12107);
#9629=LINE('',#12108,#12109);
#9630=CIRCLE('',#12110,0.599999999999999);
#9631=LINE('',#12111,#12112);
#9632=LINE('',#12113,#12114);
#9633=VERTEX_POINT('',#12115);
#9634=LINE('',#12116,#12117);
#9635=CIRCLE('',#12118,0.6);
#9636=LINE('',#12119,#12120);
#9637=LINE('',#12121,#12122);
#9638=VERTEX_POINT('',#12123);
#9639=LINE('',#12124,#12125);
#9640=CIRCLE('',#12126,0.6);
#9641=LINE('',#12127,#12128);
#9642=VERTEX_POINT('',#12129);
#9643=LINE('',#12130,#12131);
#9644=VERTEX_POINT('',#12132);
#9645=LINE('',#12133,#12134);
#9646=LINE('',#12135,#12136);
#9647=VERTEX_POINT('',#12137);
#9648=LINE('',#12138,#12139);
#9649=VERTEX_POINT('',#12140);
#9650=LINE('',#12141,#12142);
#9651=LINE('',#12143,#12144);
#9652=CIRCLE('',#12145,0.199999999999999);
#9653=VERTEX_POINT('',#12146);
#9654=LINE('',#12147,#12148);
#9655=CIRCLE('',#12149,0.2);
#9656=LINE('',#12150,#12151);
#9657=VERTEX_POINT('',#12152);
#9658=LINE('',#12153,#12154);
#9659=LINE('',#12155,#12156);
#9660=LINE('',#12157,#12158);
#9661=VERTEX_POINT('',#12159);
#9662=CIRCLE('',#12160,0.3);
#9663=VERTEX_POINT('',#12161);
#9664=CIRCLE('',#12162,0.117157287525399);
#9665=CIRCLE('',#12163,0.3);
#9666=VERTEX_POINT('',#12164);
#9667=LINE('',#12165,#12166);
#9668=CIRCLE('',#12167,0.300000000000003);
#9669=VERTEX_POINT('',#12168);
#9670=CIRCLE('',#12169,0.117157287525399);
#9671=CIRCLE('',#12170,0.3);
#9672=VERTEX_POINT('',#12171);
#9673=CIRCLE('',#12172,0.117157287525399);
#9674=CIRCLE('',#12173,0.3);
#9675=VERTEX_POINT('',#12174);
#9676=LINE('',#12175,#12176);
#9677=CIRCLE('',#12177,0.300000000000003);
#9678=CIRCLE('',#12178,0.117157287525399);
#9679=VERTEX_POINT('',#12179);
#9680=CIRCLE('',#12180,0.3);
#9681=VERTEX_POINT('',#12181);
#9682=CIRCLE('',#12182,0.117157287525399);
#9683=CIRCLE('',#12183,0.3);
#9684=VERTEX_POINT('',#12184);
#9685=LINE('',#12185,#12186);
#9686=CIRCLE('',#12187,0.300000000000003);
#9687=VERTEX_POINT('',#12188);
#9688=CIRCLE('',#12189,0.117157287525399);
#9689=CIRCLE('',#12190,0.3);
#9690=VERTEX_POINT('',#12191);
#9691=CIRCLE('',#12192,0.117157287525399);
#9692=CIRCLE('',#12193,0.3);
#9693=VERTEX_POINT('',#12194);
#9694=LINE('',#12195,#12196);
#9695=CIRCLE('',#12197,0.300000000000003);
#9696=CIRCLE('',#12198,0.117157287525399);
#9697=VERTEX_POINT('',#12199);
#9698=CIRCLE('',#12200,0.2);
#9699=VERTEX_POINT('',#12201);
#9700=LINE('',#12202,#12203);
#9701=CIRCLE('',#12204,0.199999999999997);
#9702=VERTEX_POINT('',#12205);
#9703=CIRCLE('',#12206,0.2);
#9704=CIRCLE('',#12207,0.0267949192431088);
#9705=VERTEX_POINT('',#12208);
#9706=VERTEX_POINT('',#12209);
#9707=CIRCLE('',#12210,0.0267949192431088);
#9708=VERTEX_POINT('',#12211);
#9709=LINE('',#12212,#12213);
#9710=CIRCLE('',#12214,0.0267949192431088);
#9711=CIRCLE('',#12215,0.0267949192431088);
#9712=CIRCLE('',#12216,0.2);
#9713=CIRCLE('',#12217,0.199999999999997);
#9714=CIRCLE('',#12218,0.2);
#9715=VERTEX_POINT('',#12219);
#9716=LINE('',#12220,#12221);
#9717=CIRCLE('',#12222,0.199999999999997);
#9718=VERTEX_POINT('',#12223);
#9719=CIRCLE('',#12224,0.0267949192431088);
#9720=CIRCLE('',#12225,0.2);
#9721=VERTEX_POINT('',#12226);
#9722=CIRCLE('',#12227,0.0267949192431088);
#9723=CIRCLE('',#12228,0.2);
#9724=VERTEX_POINT('',#12229);
#9725=LINE('',#12230,#12231);
#9726=CIRCLE('',#12232,0.199999999999997);
#9727=CIRCLE('',#12233,0.0267949192431088);
#9728=VERTEX_POINT('',#12234);
#9729=CIRCLE('',#12235,0.3);
#9730=VERTEX_POINT('',#12236);
#9731=CIRCLE('',#12237,0.117157287525399);
#9732=CIRCLE('',#12238,0.3);
#9733=VERTEX_POINT('',#12239);
#9734=LINE('',#12240,#12241);
#9735=CIRCLE('',#12242,0.300000000000003);
#9736=VERTEX_POINT('',#12243);
#9737=CIRCLE('',#12244,0.117157287525399);
#9738=CIRCLE('',#12245,0.3);
#9739=VERTEX_POINT('',#12246);
#9740=CIRCLE('',#12247,0.117157287525399);
#9741=CIRCLE('',#12248,0.3);
#9742=VERTEX_POINT('',#12249);
#9743=LINE('',#12250,#12251);
#9744=CIRCLE('',#12252,0.300000000000003);
#9745=CIRCLE('',#12253,0.117157287525399);
#9746=VERTEX_POINT('',#12254);
#9747=VERTEX_POINT('',#12255);
#9748=CIRCLE('',#12256,0.117157287525399);
#9749=CIRCLE('',#12257,0.3);
#9750=CIRCLE('',#12258,0.299999999999999);
#9751=VERTEX_POINT('',#12259);
#9752=CIRCLE('',#12260,0.300000000000003);
#9753=CIRCLE('',#12261,0.117157287525399);
#9754=VERTEX_POINT('',#12262);
#9755=VERTEX_POINT('',#12263);
#9756=CIRCLE('',#12264,0.117157287525399);
#9757=VERTEX_POINT('',#12265);
#9758=CIRCLE('',#12266,0.117157287525399);
#9759=LINE('',#12267,#12268);
#9760=LINE('',#12269,#12270);
#9761=CIRCLE('',#12271,0.3);
#9762=CIRCLE('',#12272,0.299999999999999);
#9763=CIRCLE('',#12273,0.300000000000003);
#9764=VERTEX_POINT('',#12274);
#9765=VERTEX_POINT('',#12275);
#9766=LINE('',#12276,#12277);
#9767=VERTEX_POINT('',#12278);
#9768=CIRCLE('',#12279,0.249999999999999);
#9769=VERTEX_POINT('',#12280);
#9770=LINE('',#12281,#12282);
#9771=CIRCLE('',#12283,0.250000000000001);
#9772=VERTEX_POINT('',#12284);
#9773=VERTEX_POINT('',#12285);
#9774=CIRCLE('',#12286,0.2);
#9775=VERTEX_POINT('',#12287);
#9776=CIRCLE('',#12288,10.25);
#9777=VERTEX_POINT('',#12289);
#9778=CIRCLE('',#12290,0.199999999999999);
#9779=CIRCLE('',#12291,10.45);
#9780=VERTEX_POINT('',#12292);
#9781=VERTEX_POINT('',#12293);
#9782=LINE('',#12294,#12295);
#9783=VERTEX_POINT('',#12296);
#9784=CIRCLE('',#12297,0.100000000000003);
#9785=VERTEX_POINT('',#12298);
#9786=LINE('',#12299,#12300);
#9787=CIRCLE('',#12301,0.0999999999999994);
#9788=VERTEX_POINT('',#12302);
#9789=VERTEX_POINT('',#12303);
#9790=LINE('',#12304,#12305);
#9791=VERTEX_POINT('',#12306);
#9792=CIRCLE('',#12307,11.45);
#9793=VERTEX_POINT('',#12308);
#9794=LINE('',#12309,#12310);
#9795=VERTEX_POINT('',#12311);
#9796=CIRCLE('',#12312,11.45);
#9797=VERTEX_POINT('',#12313);
#9798=LINE('',#12314,#12315);
#9799=VERTEX_POINT('',#12316);
#9800=CIRCLE('',#12317,11.45);
#9801=VERTEX_POINT('',#12318);
#9802=LINE('',#12319,#12320);
#9803=VERTEX_POINT('',#12321);
#9804=CIRCLE('',#12322,11.45);
#9805=VERTEX_POINT('',#12323);
#9806=LINE('',#12324,#12325);
#9807=VERTEX_POINT('',#12326);
#9808=CIRCLE('',#12327,11.45);
#9809=VERTEX_POINT('',#12328);
#9810=LINE('',#12329,#12330);
#9811=VERTEX_POINT('',#12331);
#9812=CIRCLE('',#12332,11.45);
#9813=VERTEX_POINT('',#12333);
#9814=LINE('',#12334,#12335);
#9815=VERTEX_POINT('',#12336);
#9816=CIRCLE('',#12337,11.45);
#9817=VERTEX_POINT('',#12338);
#9818=LINE('',#12339,#12340);
#9819=VERTEX_POINT('',#12341);
#9820=B_SPLINE_CURVE_WITH_KNOTS('',3,(#12342,#12343,#12344,#12345,#12346,#12347,#12348,#12349,#12350,#12351,#12352,#12353,#12354,#12355,#12356,#12357,#12358,#12359,#12360),.UNSPECIFIED.,.F.,.F.,(4,2,2,1,2,2,2,2,2,4),(0.0,0.124999999999909,0.187499999999866,0.218749999999866,0.234374999999866,0.249999999999867,0.374999999999858,0.437499999999869,0.5,1.0),.UNSPECIFIED.);
#9821=CIRCLE('',#12361,11.45);
#9822=VERTEX_POINT('',#12362);
#9823=VERTEX_POINT('',#12363);
#9824=LINE('',#12364,#12365);
#9825=VERTEX_POINT('',#12366);
#9826=CIRCLE('',#12367,0.4);
#9827=VERTEX_POINT('',#12368);
#9828=LINE('',#12369,#12370);
#9829=CIRCLE('',#12371,0.4);
#9830=VERTEX_POINT('',#12372);
#9831=VERTEX_POINT('',#12373);
#9832=CIRCLE('',#12374,0.3);
#9833=VERTEX_POINT('',#12375);
#9834=CIRCLE('',#12376,9.95);
#9835=VERTEX_POINT('',#12377);
#9836=B_SPLINE_CURVE_WITH_KNOTS('',3,(#12378,#12379,#12380,#12381,#12382,#12383,#12384,#12385,#12386,#12387,#12388,#12389,#12390),.UNSPECIFIED.,.F.,.F.,(4,2,2,1,2,2,4),(0.0,0.250000000000009,0.374999999999998,0.437500000000005,0.468750000000004,0.5,1.0),.UNSPECIFIED.);
#9837=CIRCLE('',#12391,10.25);
#9838=VERTEX_POINT('',#12392);
#9839=VERTEX_POINT('',#12393);
#9840=B_SPLINE_CURVE_WITH_KNOTS('',3,(#12394,#12395,#12396,#12397,#12398,#12399),.UNSPECIFIED.,.F.,.F.,(4,1,1,4),(0.0,0.16411924874955,0.582059624388387,1.0),.UNSPECIFIED.);
#9841=VERTEX_POINT('',#12400);
#9842=CIRCLE('',#12401,0.300000000000002);
#9843=CIRCLE('',#12402,0.300000000000002);
#9844=VERTEX_POINT('',#12403);
#9845=VERTEX_POINT('',#12404);
#9846=LINE('',#12405,#12406);
#9847=VERTEX_POINT('',#12407);
#9848=LINE('',#12408,#12409);
#9849=VERTEX_POINT('',#12410);
#9850=LINE('',#12411,#12412);
#9851=LINE('',#12413,#12414);
#9852=VERTEX_POINT('',#12415);
#9853=VERTEX_POINT('',#12416);
#9854=LINE('',#12417,#12418);
#9855=VERTEX_POINT('',#12419);
#9856=LINE('',#12420,#12421);
#9857=VERTEX_POINT('',#12422);
#9858=LINE('',#12423,#12424);
#9859=VERTEX_POINT('',#12425);
#9860=LINE('',#12426,#12427);
#9861=CIRCLE('',#12428,0.7);
#9862=VERTEX_POINT('',#12429);
#9863=CIRCLE('',#12430,1.0);
#9864=VERTEX_POINT('',#12431);
#9865=LINE('',#12432,#12433);
#9866=VERTEX_POINT('',#12434);
#9867=LINE('',#12435,#12436);
#9868=LINE('',#12437,#12438);
#9869=VERTEX_POINT('',#12439);
#9870=CIRCLE('',#12440,9.95);
#9871=VERTEX_POINT('',#12441);
#9872=LINE('',#12442,#12443);
#9873=VERTEX_POINT('',#12444);
#9874=CIRCLE('',#12445,0.100000000000003);
#9875=VERTEX_POINT('',#12446);
#9876=CIRCLE('',#12447,9.4);
#9877=CIRCLE('',#12448,0.4);
#9878=VERTEX_POINT('',#12449);
#9879=CIRCLE('',#12450,8.6);
#9880=VERTEX_POINT('',#12451);
#9881=CIRCLE('',#12452,0.1);
#9882=VERTEX_POINT('',#12453);
#9883=CIRCLE('',#12454,0.0999999999999994);
#9884=VERTEX_POINT('',#12455);
#9885=LINE('',#12456,#12457);
#9886=VERTEX_POINT('',#12458);
#9887=CIRCLE('',#12459,8.65);
#9888=VERTEX_POINT('',#12460);
#9889=CIRCLE('',#12461,8.65);
#9890=CIRCLE('',#12462,0.250000000000001);
#9891=VERTEX_POINT('',#12463);
#9892=LINE('',#12464,#12465);
#9893=VERTEX_POINT('',#12466);
#9894=CIRCLE('',#12467,0.0999999999999986);
#9895=LINE('',#12468,#12469);
#9896=VERTEX_POINT('',#12470);
#9897=LINE('',#12471,#12472);
#9898=VERTEX_POINT('',#12473);
#9899=CIRCLE('',#12474,3.20000000000001);
#9900=VERTEX_POINT('',#12475);
#9901=LINE('',#12476,#12477);
#9902=VERTEX_POINT('',#12478);
#9903=LINE('',#12479,#12480);
#9904=VERTEX_POINT('',#12481);
#9905=LINE('',#12482,#12483);
#9906=VERTEX_POINT('',#12484);
#9907=LINE('',#12485,#12486);
#9908=VERTEX_POINT('',#12487);
#9909=LINE('',#12488,#12489);
#9910=VERTEX_POINT('',#12490);
#9911=LINE('',#12491,#12492);
#9912=VERTEX_POINT('',#12493);
#9913=LINE('',#12494,#12495);
#9914=VERTEX_POINT('',#12496);
#9915=CIRCLE('',#12497,3.20000000000001);
#9916=LINE('',#12498,#12499);
#9917=VERTEX_POINT('',#12500);
#9918=VERTEX_POINT('',#12501);
#9919=B_SPLINE_CURVE_WITH_KNOTS('',3,(#12502,#12503,#12504,#12505,#12506,#12507,#12508,#12509,#12510,#12511,#12512,#12513,#12514,#12515,#12516),.UNSPECIFIED.,.F.,.F.,(4,2,2,1,2,2,2,4),(0.0,0.249999999999998,0.375000000000006,0.437499999999997,0.468749999999995,0.5,0.749999999999996,1.0),.UNSPECIFIED.);
#9920=LINE('',#12517,#12518);
#9921=VERTEX_POINT('',#12519);
#9922=LINE('',#12520,#12521);
#9923=VERTEX_POINT('',#12522);
#9924=LINE('',#12523,#12524);
#9925=VERTEX_POINT('',#12525);
#9926=LINE('',#12526,#12527);
#9927=VERTEX_POINT('',#12528);
#9928=LINE('',#12529,#12530);
#9929=VERTEX_POINT('',#12531);
#9930=B_SPLINE_CURVE_WITH_KNOTS('',3,(#12532,#12533,#12534,#12535,#12536,#12537),.UNSPECIFIED.,.F.,.F.,(4,2,4),(0.0,0.5,1.0),.UNSPECIFIED.);
#9931=LINE('',#12538,#12539);
#9932=VERTEX_POINT('',#12540);
#9933=CIRCLE('',#12541,10.45);
#9934=VERTEX_POINT('',#12542);
#9935=LINE('',#12543,#12544);
#9936=VERTEX_POINT('',#12545);
#9937=CIRCLE('',#12546,11.25);
#9938=LINE('',#12547,#12548);
#9939=VERTEX_POINT('',#12549);
#9940=CIRCLE('',#12550,0.200000000000002);
#9941=CIRCLE('',#12551,0.199999999999999);
#9942=VERTEX_POINT('',#12552);
#9943=LINE('',#12553,#12554);
#9944=LINE('',#12555,#12556);
#9945=CIRCLE('',#12557,10.25);
#9946=VERTEX_POINT('',#12558);
#9947=CIRCLE('',#12559,10.25);
#9948=LINE('',#12560,#12561);
#9949=LINE('',#12562,#12563);
#9950=VERTEX_POINT('',#12564);
#9951=CIRCLE('',#12565,10.25);
#9952=VERTEX_POINT('',#12566);
#9953=LINE('',#12567,#12568);
#9954=VERTEX_POINT('',#12569);
#9955=CIRCLE('',#12570,10.25);
#9956=VERTEX_POINT('',#12571);
#9957=LINE('',#12572,#12573);
#9958=VERTEX_POINT('',#12574);
#9959=CIRCLE('',#12575,10.25);
#9960=VERTEX_POINT('',#12576);
#9961=LINE('',#12577,#12578);
#9962=VERTEX_POINT('',#12579);
#9963=CIRCLE('',#12580,10.25);
#9964=VERTEX_POINT('',#12581);
#9965=B_SPLINE_CURVE_WITH_KNOTS('',3,(#12582,#12583,#12584,#12585),.UNSPECIFIED.,.F.,.F.,(4,4),(0.0,1.0),.UNSPECIFIED.);
#9966=VERTEX_POINT('',#12586);
#9967=CIRCLE('',#12587,10.25);
#9968=VERTEX_POINT('',#12588);
#9969=LINE('',#12589,#12590);
#9970=CIRCLE('',#12591,10.25);
#9971=B_SPLINE_CURVE_WITH_KNOTS('',3,(#12592,#12593,#12594,#12595,#12596,#12597,#12598,#12599,#12600,#12601,#12602,#12603,#12604,#12605,#12606),.UNSPECIFIED.,.F.,.F.,(4,2,2,1,2,2,2,4),(0.0,0.249999999999924,0.374999999999884,0.437499999999864,0.468749999999862,0.5,0.74999999999993,1.0),.UNSPECIFIED.);
#9972=VERTEX_POINT('',#12607);
#9973=LINE('',#12608,#12609);
#9974=LINE('',#12610,#12611);
#9975=VERTEX_POINT('',#12612);
#9976=CIRCLE('',#12613,0.100000000000001);
#9977=LINE('',#12614,#12615);
#9978=VERTEX_POINT('',#12616);
#9979=CIRCLE('',#12617,9.4);
#9980=LINE('',#12618,#12619);
#9981=CIRCLE('',#12620,0.4);
#9982=VERTEX_POINT('',#12621);
#9983=CIRCLE('',#12622,8.60000000000001);
#9984=LINE('',#12623,#12624);
#9985=VERTEX_POINT('',#12625);
#9986=LINE('',#12626,#12627);
#9987=CIRCLE('',#12628,0.0999999999999994);
#9988=VERTEX_POINT('',#12629);
#9989=VERTEX_POINT('',#12630);
#9990=CIRCLE('',#12631,0.699999999999999);
#9991=VERTEX_POINT('',#12632);
#9992=LINE('',#12633,#12634);
#9993=VERTEX_POINT('',#12635);
#9994=CIRCLE('',#12636,0.699999999999999);
#9995=LINE('',#12637,#12638);
#9996=LINE('',#12639,#12640);
#9997=VERTEX_POINT('',#12641);
#9998=CIRCLE('',#12642,0.100000000000003);
#9999=CIRCLE('',#12643,26.41410808578);
#10000=VERTEX_POINT('',#12644);
#10001=CIRCLE('',#12645,0.0999999999999986);
#10002=LINE('',#12646,#12647);
#10003=VERTEX_POINT('',#12648);
#10004=CIRCLE('',#12649,0.249999999999999);
#10005=VERTEX_POINT('',#12650);
#10006=CIRCLE('',#12651,8.65);
#10007=VERTEX_POINT('',#12652);
#10008=CIRCLE('',#12653,8.65);
#10009=VERTEX_POINT('',#12654);
#10010=LINE('',#12655,#12656);
#10011=CIRCLE('',#12657,0.100000000000003);
#10012=VERTEX_POINT('',#12658);
#10013=CIRCLE('',#12659,10.25);
#10014=LINE('',#12660,#12661);
#10015=VERTEX_POINT('',#12662);
#10016=CIRCLE('',#12663,11.45);
#10017=LINE('',#12664,#12665);
#10018=VERTEX_POINT('',#12666);
#10019=VERTEX_POINT('',#12667);
#10020=CIRCLE('',#12668,3.2);
#10021=CIRCLE('',#12669,3.2);
#10022=VERTEX_POINT('',#12670);
#10023=VERTEX_POINT('',#12671);
#10024=CIRCLE('',#12672,0.75);
#10025=CIRCLE('',#12673,0.75);
#10026=VERTEX_POINT('',#12674);
#10027=VERTEX_POINT('',#12675);
#10028=CIRCLE('',#12676,0.75);
#10029=CIRCLE('',#12677,0.75);
#10030=VERTEX_POINT('',#12678);
#10031=VERTEX_POINT('',#12679);
#10032=CIRCLE('',#12680,0.750000000000001);
#10033=CIRCLE('',#12681,0.750000000000001);
#10034=VERTEX_POINT('',#12682);
#10035=VERTEX_POINT('',#12683);
#10036=LINE('',#12684,#12685);
#10037=VERTEX_POINT('',#12686);
#10038=LINE('',#12687,#12688);
#10039=VERTEX_POINT('',#12689);
#10040=LINE('',#12690,#12691);
#10041=LINE('',#12692,#12693);
#10042=VERTEX_POINT('',#12694);
#10043=VERTEX_POINT('',#12695);
#10044=CIRCLE('',#12696,7.25);
#10045=VERTEX_POINT('',#12697);
#10046=LINE('',#12698,#12699);
#10047=VERTEX_POINT('',#12700);
#10048=LINE('',#12701,#12702);
#10049=VERTEX_POINT('',#12703);
#10050=LINE('',#12704,#12705);
#10051=VERTEX_POINT('',#12706);
#10052=LINE('',#12707,#12708);
#10053=VERTEX_POINT('',#12709);
#10054=LINE('',#12710,#12711);
#10055=VERTEX_POINT('',#12712);
#10056=LINE('',#12713,#12714);
#10057=VERTEX_POINT('',#12715);
#10058=LINE('',#12716,#12717);
#10059=VERTEX_POINT('',#12718);
#10060=CIRCLE('',#12719,7.25);
#10061=VERTEX_POINT('',#12720);
#10062=LINE('',#12721,#12722);
#10063=VERTEX_POINT('',#12723);
#10064=LINE('',#12724,#12725);
#10065=LINE('',#12726,#12727);
#10066=VERTEX_POINT('',#12728);
#10067=LINE('',#12729,#12730);
#10068=VERTEX_POINT('',#12731);
#10069=LINE('',#12732,#12733);
#10070=VERTEX_POINT('',#12734);
#10071=B_SPLINE_CURVE_WITH_KNOTS('',3,(#12735,#12736,#12737,#12738,#12739,#12740,#12741,#12742,#12743,#12744,#12745,#12746),.UNSPECIFIED.,.F.,.F.,(4,2,2,2,2,4),(0.0,0.250000000000012,0.375000000000017,0.43750000000002,0.5,1.0),.UNSPECIFIED.);
#10072=VERTEX_POINT('',#12747);
#10073=LINE('',#12748,#12749);
#10074=VERTEX_POINT('',#12750);
#10075=LINE('',#12751,#12752);
#10076=LINE('',#12753,#12754);
#10077=VERTEX_POINT('',#12755);
#10078=VERTEX_POINT('',#12756);
#10079=LINE('',#12757,#12758);
#10080=VERTEX_POINT('',#12759);
#10081=LINE('',#12760,#12761);
#10082=VERTEX_POINT('',#12762);
#10083=LINE('',#12763,#12764);
#10084=CIRCLE('',#12765,0.699999999999999);
#10085=VERTEX_POINT('',#12766);
#10086=LINE('',#12767,#12768);
#10087=LINE('',#12769,#12770);
#10088=VERTEX_POINT('',#12771);
#10089=LINE('',#12772,#12773);
#10090=VERTEX_POINT('',#12774);
#10091=LINE('',#12775,#12776);
#10092=VERTEX_POINT('',#12777);
#10093=LINE('',#12778,#12779);
#10094=VERTEX_POINT('',#12780);
#10095=CIRCLE('',#12781,0.249999999999999);
#10096=LINE('',#12782,#12783);
#10097=VERTEX_POINT('',#12784);
#10098=LINE('',#12785,#12786);
#10099=LINE('',#12787,#12788);
#10100=VERTEX_POINT('',#12789);
#10101=VERTEX_POINT('',#12790);
#10102=LINE('',#12791,#12792);
#10103=VERTEX_POINT('',#12793);
#10104=LINE('',#12794,#12795);
#10105=LINE('',#12796,#12797);
#10106=VERTEX_POINT('',#12798);
#10107=LINE('',#12799,#12800);
#10108=LINE('',#12801,#12802);
#10109=VERTEX_POINT('',#12803);
#10110=VERTEX_POINT('',#12804);
#10111=LINE('',#12805,#12806);
#10112=LINE('',#12807,#12808);
#10113=LINE('',#12809,#12810);
#10114=VERTEX_POINT('',#12811);
#10115=VERTEX_POINT('',#12812);
#10116=LINE('',#12813,#12814);
#10117=VERTEX_POINT('',#12815);
#10118=LINE('',#12816,#12817);
#10119=LINE('',#12818,#12819);
#10120=VERTEX_POINT('',#12820);
#10121=LINE('',#12821,#12822);
#10122=LINE('',#12823,#12824);
#10123=VERTEX_POINT('',#12825);
#10124=LINE('',#12826,#12827);
#10125=LINE('',#12828,#12829);
#10126=VERTEX_POINT('',#12830);
#10127=LINE('',#12831,#12832);
#10128=VERTEX_POINT('',#12833);
#10129=LINE('',#12834,#12835);
#10130=VERTEX_POINT('',#12836);
#10131=LINE('',#12837,#12838);
#10132=VERTEX_POINT('',#12839);
#10133=LINE('',#12840,#12841);
#10134=VERTEX_POINT('',#12842);
#10135=LINE('',#12843,#12844);
#10136=LINE('',#12845,#12846);
#10137=VERTEX_POINT('',#12847);
#10138=LINE('',#12848,#12849);
#10139=LINE('',#12850,#12851);
#10140=VERTEX_POINT('',#12852);
#10141=LINE('',#12853,#12854);
#10142=VERTEX_POINT('',#12855);
#10143=LINE('',#12856,#12857);
#10144=VERTEX_POINT('',#12858);
#10145=LINE('',#12859,#12860);
#10146=VERTEX_POINT('',#12861);
#10147=LINE('',#12862,#12863);
#10148=LINE('',#12864,#12865);
#10149=VERTEX_POINT('',#12866);
#10150=LINE('',#12867,#12868);
#10151=LINE('',#12869,#12870);
#10152=VERTEX_POINT('',#12871);
#10153=LINE('',#12872,#12873);
#10154=LINE('',#12874,#12875);
#10155=LINE('',#12876,#12877);
#10156=LINE('',#12878,#12879);
#10157=LINE('',#12880,#12881);
#10158=VERTEX_POINT('',#12882);
#10159=LINE('',#12883,#12884);
#10160=VERTEX_POINT('',#12885);
#10161=LINE('',#12886,#12887);
#10162=LINE('',#12888,#12889);
#10163=VERTEX_POINT('',#12890);
#10164=LINE('',#12891,#12892);
#10165=LINE('',#12893,#12894);
#10166=VERTEX_POINT('',#12895);
#10167=LINE('',#12896,#12897);
#10168=LINE('',#12898,#12899);
#10169=LINE('',#12900,#12901);
#10170=VERTEX_POINT('',#12902);
#10171=LINE('',#12903,#12904);
#10172=LINE('',#12905,#12906);
#10173=LINE('',#12907,#12908);
#10174=VERTEX_POINT('',#12909);
#10175=LINE('',#12910,#12911);
#10176=CIRCLE('',#12912,0.699999999999999);
#10177=VERTEX_POINT('',#12913);
#10178=LINE('',#12914,#12915);
#10179=VERTEX_POINT('',#12916);
#10180=LINE('',#12917,#12918);
#10181=VERTEX_POINT('',#12919);
#10182=LINE('',#12920,#12921);
#10183=LINE('',#12922,#12923);
#10184=VERTEX_POINT('',#12924);
#10185=LINE('',#12925,#12926);
#10186=VERTEX_POINT('',#12927);
#10187=LINE('',#12928,#12929);
#10188=B_SPLINE_CURVE_WITH_KNOTS('',3,(#12930,#12931,#12932,#12933,#12934,#12935,#12936,#12937,#12938,#12939,#12940,#12941),.UNSPECIFIED.,.F.,.F.,(4,2,2,2,2,4),(0.0,0.250000000000027,0.375000000000038,0.437500000000034,0.5,1.0),.UNSPECIFIED.);
#10189=VERTEX_POINT('',#12942);
#10190=CIRCLE('',#12943,11.45);
#10191=VERTEX_POINT('',#12944);
#10192=B_SPLINE_CURVE_WITH_KNOTS('',3,(#12945,#12946,#12947,#12948,#12949,#12950,#12951,#12952,#12953,#12954),.UNSPECIFIED.,.F.,.F.,(4,2,2,2,4),(0.0,0.250000000000011,0.375000000000017,0.5,1.0),.UNSPECIFIED.);
#10193=VERTEX_POINT('',#12955);
#10194=LINE('',#12956,#12957);
#10195=VERTEX_POINT('',#12958);
#10196=CIRCLE('',#12959,11.45);
#10197=VERTEX_POINT('',#12960);
#10198=LINE('',#12961,#12962);
#10199=VERTEX_POINT('',#12963);
#10200=CIRCLE('',#12964,11.45);
#10201=VERTEX_POINT('',#12965);
#10202=LINE('',#12966,#12967);
#10203=CIRCLE('',#12968,11.45);
#10204=LINE('',#12969,#12970);
#10205=VERTEX_POINT('',#12971);
#10206=CIRCLE('',#12972,0.0999999999999994);
#10207=LINE('',#12973,#12974);
#10208=VERTEX_POINT('',#12975);
#10209=CIRCLE('',#12976,26.41410808578);
#10210=VERTEX_POINT('',#12977);
#10211=LINE('',#12978,#12979);
#10212=CIRCLE('',#12980,26.41410808578);
#10213=VERTEX_POINT('',#12981);
#10214=LINE('',#12982,#12983);
#10215=LINE('',#12984,#12985);
#10216=VERTEX_POINT('',#12986);
#10217=CIRCLE('',#12987,0.0999999999999984);
#10218=VERTEX_POINT('',#12988);
#10219=CIRCLE('',#12989,0.0999999999999994);
#10220=LINE('',#12990,#12991);
#10221=VERTEX_POINT('',#12992);
#10222=LINE('',#12993,#12994);
#10223=LINE('',#12995,#12996);
#10224=VERTEX_POINT('',#12997);
#10225=LINE('',#12998,#12999);
#10226=CIRCLE('',#13000,0.0999999999999991);
#10227=B_SPLINE_CURVE_WITH_KNOTS('',3,(#13001,#13002,#13003,#13004,#13005,#13006,#13007,#13008,#13009,#13010,#13011,#13012,#13013),.UNSPECIFIED.,.F.,.F.,(4,2,2,1,2,2,4),(0.0,0.249999999999893,0.374999999999852,0.437499999999825,0.468749999999826,0.5,1.0),.UNSPECIFIED.);
#10228=B_SPLINE_CURVE_WITH_KNOTS('',3,(#13014,#13015,#13016,#13017,#13018,#13019,#13020,#13021,#13022,#13023,#13024,#13025,#13026,#13027,#13028,#13029,#13030,#13031,#13032,#13033,#13034,#13035,#13036,#13037,#13038,#13039,#13040,#13041,#13042,#13043,#13044,#13045,#13046,#13047),.UNSPECIFIED.,.F.,.F.,(4,3,3,3,3,3,3,3,3,3,3,4),(0.00048828125,0.0837809244791667,0.167073567708333,0.2503662109375,0.333658854166667,0.500244140625,0.666829427083333,0.7501220703125,0.833414713541667,0.87506103515625,0.916707356770833,1.0),.UNSPECIFIED.);
#10229=B_SPLINE_CURVE_WITH_KNOTS('',3,(#13048,#13049,#13050,#13051,#13052,#13053),.UNSPECIFIED.,.F.,.F.,(4,1,1,4),(0.0,0.1080886551352,0.5595085788779,1.0),.UNSPECIFIED.);
#10230=VERTEX_POINT('',#13054);
#10231=VERTEX_POINT('',#13055);
#10232=LINE('',#13056,#13057);
#10233=B_SPLINE_CURVE_WITH_KNOTS('',3,(#13058,#13059,#13060,#13061,#13062,#13063,#13064,#13065,#13066),.UNSPECIFIED.,.F.,.F.,(4,1,1,1,1,1,4),(0.0,0.25,0.375,0.5,0.625,0.75,1.0),.UNSPECIFIED.);
#10234=LINE('',#13067,#13068);
#10235=LINE('',#13069,#13070);
#10236=VERTEX_POINT('',#13071);
#10237=CIRCLE('',#13072,1.527884615385);
#10238=VERTEX_POINT('',#13073);
#10239=LINE('',#13074,#13075);
#10240=LINE('',#13076,#13077);
#10241=VERTEX_POINT('',#13078);
#10242=VERTEX_POINT('',#13079);
#10243=B_SPLINE_CURVE_WITH_KNOTS('',3,(#13080,#13081,#13082,#13083,#13084,#13085,#13086,#13087),.UNSPECIFIED.,.F.,.F.,(4,2,2,4),(0.0,0.250000000000008,0.5,1.0),.UNSPECIFIED.);
#10244=VERTEX_POINT('',#13088);
#10245=LINE('',#13089,#13090);
#10246=B_SPLINE_CURVE_WITH_KNOTS('',3,(#13091,#13092,#13093,#13094,#13095,#13096,#13097,#13098),.UNSPECIFIED.,.F.,.F.,(4,2,2,4),(0.0,0.25,0.5,1.0),.UNSPECIFIED.);
#10247=CIRCLE('',#13099,10.25);
#10248=LINE('',#13100,#13101);
#10249=VERTEX_POINT('',#13102);
#10250=CIRCLE('',#13103,1.527884615385);
#10251=VERTEX_POINT('',#13104);
#10252=B_SPLINE_CURVE_WITH_KNOTS('',3,(#13105,#13106,#13107,#13108,#13109,#13110,#13111,#13112,#13113,#13114,#13115,#13116,#13117),.UNSPECIFIED.,.F.,.F.,(4,2,2,1,2,2,4),(0.0,0.249999999999932,0.374999999999898,0.437499999999885,0.468749999999879,0.5,1.0),.UNSPECIFIED.);
#10253=VERTEX_POINT('',#13118);
#10254=LINE('',#13119,#13120);
#10255=B_SPLINE_CURVE_WITH_KNOTS('',3,(#13121,#13122,#13123,#13124,#13125,#13126,#13127,#13128,#13129,#13130,#13131,#13132),.UNSPECIFIED.,.F.,.F.,(4,2,2,2,2,4),(0.0,0.250000000000033,0.375000000000035,0.437500000000026,0.5,1.0),.UNSPECIFIED.);
#10256=VERTEX_POINT('',#13133);
#10257=LINE('',#13134,#13135);
#10258=VERTEX_POINT('',#13136);
#10259=CIRCLE('',#13137,0.5);
#10260=LINE('',#13138,#13139);
#10261=VERTEX_POINT('',#13140);
#10262=CIRCLE('',#13141,0.300000000000002);
#10263=VERTEX_POINT('',#13142);
#10264=LINE('',#13143,#13144);
#10265=CIRCLE('',#13145,0.300000000000002);
#10266=CIRCLE('',#13146,1.827884615385);
#10267=VERTEX_POINT('',#13147);
#10268=LINE('',#13148,#13149);
#10269=VERTEX_POINT('',#13150);
#10270=B_SPLINE_CURVE_WITH_KNOTS('',3,(#13151,#13152,#13153,#13154,#13155,#13156),.UNSPECIFIED.,.F.,.F.,(4,1,1,4),(0.0,0.3333333333333,0.6666666666667,1.0),.UNSPECIFIED.);
#10271=CIRCLE('',#13157,1.827884615385);
#10272=B_SPLINE_CURVE_WITH_KNOTS('',3,(#13158,#13159,#13160,#13161,#13162,#13163,#13164,#13165,#13166,#13167,#13168,#13169,#13170,#13171,#13172,#13173,#13174,#13175,#13176,#13177,#13178,#13179,#13180,#13181,#13182,#13183),.UNSPECIFIED.,.F.,.F.,(4,2,2,2,1,2,2,2,2,2,1,2,2,4),(0.0,0.062499999999815,0.12499999999963,0.187499999999445,0.218749999999383,0.234374999999354,0.249999999999326,0.5,0.624999999999767,0.687499999999831,0.718749999999862,0.734374999999878,0.749999999999893,1.0),.UNSPECIFIED.);
#10273=VERTEX_POINT('',#13184);
#10274=LINE('',#13185,#13186);
#10275=CIRCLE('',#13187,0.300000000000002);
#10276=VERTEX_POINT('',#13188);
#10277=B_SPLINE_CURVE_WITH_KNOTS('',3,(#13189,#13190,#13191,#13192,#13193,#13194,#13195,#13196,#13197,#13198,#13199,#13200,#13201),.UNSPECIFIED.,.F.,.F.,(4,2,2,1,2,2,4),(0.0,0.5,0.625000000000053,0.687500000000048,0.718750000000046,0.750000000000043,1.0),.UNSPECIFIED.);
#10278=B_SPLINE_CURVE_WITH_KNOTS('',3,(#13202,#13203,#13204,#13205,#13206,#13207,#13208,#13209,#13210),.UNSPECIFIED.,.F.,.F.,(4,1,1,1,1,1,4),(0.0,0.178338499230374,0.356676998460953,0.535015497691532,0.713353996922111,0.89169249615269,1.0),.UNSPECIFIED.);
#10279=CIRCLE('',#13211,0.3);
#10280=LINE('',#13212,#13213);
#10281=VERTEX_POINT('',#13214);
#10282=LINE('',#13215,#13216);
#10283=LINE('',#13217,#13218);
#10284=CIRCLE('',#13219,0.300000000000002);
#10285=VERTEX_POINT('',#13220);
#10286=CIRCLE('',#13221,0.300000000000002);
#10287=CIRCLE('',#13222,0.300000000000002);
#10288=CIRCLE('',#13223,0.2);
#10289=LINE('',#13224,#13225);
#10290=LINE('',#13226,#13227);
#10291=VERTEX_POINT('',#13228);
#10292=CIRCLE('',#13229,11.25);
#10293=CIRCLE('',#13230,0.200000000000002);
#10294=VERTEX_POINT('',#13231);
#10295=CIRCLE('',#13232,0.199999999999999);
#10296=LINE('',#13233,#13234);
#10297=LINE('',#13235,#13236);
#10298=CIRCLE('',#13237,10.45);
#10299=LINE('',#13238,#13239);
#10300=VERTEX_POINT('',#13240);
#10301=CIRCLE('',#13241,0.200000000000001);
#10302=VERTEX_POINT('',#13242);
#10303=LINE('',#13243,#13244);
#10304=CIRCLE('',#13245,0.199999999999999);
#10305=CIRCLE('',#13246,11.25);
#10306=CIRCLE('',#13247,10.45);
#10307=VERTEX_POINT('',#13248);
#10308=LINE('',#13249,#13250);
#10309=CIRCLE('',#13251,11.25);
#10310=VERTEX_POINT('',#13252);
#10311=LINE('',#13253,#13254);
#10312=VERTEX_POINT('',#13255);
#10313=LINE('',#13256,#13257);
#10314=VERTEX_POINT('',#13258);
#10315=CIRCLE('',#13259,11.45);
#10316=CIRCLE('',#13260,11.45);
#10317=LINE('',#13261,#13262);
#10318=VERTEX_POINT('',#13263);
#10319=B_SPLINE_CURVE_WITH_KNOTS('',3,(#13264,#13265,#13266,#13267),.UNSPECIFIED.,.F.,.F.,(4,4),(0.0,1.0),.UNSPECIFIED.);
#10320=LINE('',#13268,#13269);
#10321=B_SPLINE_CURVE_WITH_KNOTS('',3,(#13270,#13271,#13272,#13273),.UNSPECIFIED.,.F.,.F.,(4,4),(0.0,1.0),.UNSPECIFIED.);
#10322=VERTEX_POINT('',#13274);
#10323=LINE('',#13275,#13276);
#10324=LINE('',#13277,#13278);
#10325=VERTEX_POINT('',#13279);
#10326=LINE('',#13280,#13281);
#10327=CIRCLE('',#13282,0.25);
#10328=LINE('',#13283,#13284);
#10329=LINE('',#13285,#13286);
#10330=CIRCLE('',#13287,0.200000000000001);
#10331=LINE('',#13288,#13289);
#10332=VERTEX_POINT('',#13290);
#10333=CIRCLE('',#13291,10.25);
#10334=B_SPLINE_CURVE_WITH_KNOTS('',3,(#13292,#13293,#13294,#13295),.UNSPECIFIED.,.F.,.F.,(4,4),(0.0,1.0),.UNSPECIFIED.);
#10335=LINE('',#13296,#13297);
#10336=LINE('',#13298,#13299);
#10337=LINE('',#13300,#13301);
#10338=LINE('',#13302,#13303);
#10339=LINE('',#13304,#13305);
#10340=LINE('',#13306,#13307);
#10341=VERTEX_POINT('',#13308);
#10342=LINE('',#13309,#13310);
#10343=VERTEX_POINT('',#13311);
#10344=CIRCLE('',#13312,3.20000000000001);
#10345=LINE('',#13313,#13314);
#10346=VERTEX_POINT('',#13315);
#10347=LINE('',#13316,#13317);
#10348=VERTEX_POINT('',#13318);
#10349=CIRCLE('',#13319,3.2);
#10350=LINE('',#13320,#13321);
#10351=VERTEX_POINT('',#13322);
#10352=CIRCLE('',#13323,3.20000000000001);
#10353=LINE('',#13324,#13325);
#10354=CIRCLE('',#13326,3.2);
#10355=VERTEX_POINT('',#13327);
#10356=LINE('',#13328,#13329);
#10357=LINE('',#13330,#13331);
#10358=VERTEX_POINT('',#13332);
#10359=CIRCLE('',#13333,0.699999999999999);
#10360=VERTEX_POINT('',#13334);
#10361=LINE('',#13335,#13336);
#10362=VERTEX_POINT('',#13337);
#10363=LINE('',#13338,#13339);
#10364=VERTEX_POINT('',#13340);
#10365=LINE('',#13341,#13342);
#10366=LINE('',#13343,#13344);
#10367=CIRCLE('',#13345,1.0);
#10368=VERTEX_POINT('',#13346);
#10369=VERTEX_POINT('',#13347);
#10370=LINE('',#13348,#13349);
#10371=VERTEX_POINT('',#13350);
#10372=LINE('',#13351,#13352);
#10373=VERTEX_POINT('',#13353);
#10374=LINE('',#13354,#13355);
#10375=LINE('',#13356,#13357);
#10376=VERTEX_POINT('',#13358);
#10377=LINE('',#13359,#13360);
#10378=LINE('',#13361,#13362);
#10379=VERTEX_POINT('',#13363);
#10380=LINE('',#13364,#13365);
#10381=VERTEX_POINT('',#13366);
#10382=LINE('',#13367,#13368);
#10383=LINE('',#13369,#13370);
#10384=VERTEX_POINT('',#13371);
#10385=VERTEX_POINT('',#13372);
#10386=LINE('',#13373,#13374);
#10387=VERTEX_POINT('',#13375);
#10388=LINE('',#13376,#13377);
#10389=LINE('',#13378,#13379);
#10390=LINE('',#13380,#13381);
#10391=VERTEX_POINT('',#13382);
#10392=LINE('',#13383,#13384);
#10393=VERTEX_POINT('',#13385);
#10394=LINE('',#13386,#13387);
#10395=VERTEX_POINT('',#13388);
#10396=LINE('',#13389,#13390);
#10397=VERTEX_POINT('',#13391);
#10398=LINE('',#13392,#13393);
#10399=LINE('',#13394,#13395);
#10400=VERTEX_POINT('',#13396);
#10401=LINE('',#13397,#13398);
#10402=VERTEX_POINT('',#13399);
#10403=LINE('',#13400,#13401);
#10404=VERTEX_POINT('',#13402);
#10405=LINE('',#13403,#13404);
#10406=LINE('',#13405,#13406);
#10407=LINE('',#13407,#13408);
#10408=LINE('',#13409,#13410);
#10409=LINE('',#13411,#13412);
#10410=LINE('',#13413,#13414);
#10411=VERTEX_POINT('',#13415);
#10412=LINE('',#13416,#13417);
#10413=LINE('',#13418,#13419);
#10414=VERTEX_POINT('',#13420);
#10415=VERTEX_POINT('',#13421);
#10416=LINE('',#13422,#13423);
#10417=VERTEX_POINT('',#13424);
#10418=LINE('',#13425,#13426);
#10419=CIRCLE('',#13427,0.699999999999999);
#10420=VERTEX_POINT('',#13428);
#10421=LINE('',#13429,#13430);
#10422=LINE('',#13431,#13432);
#10423=VERTEX_POINT('',#13433);
#10424=LINE('',#13434,#13435);
#10425=VERTEX_POINT('',#13436);
#10426=LINE('',#13437,#13438);
#10427=LINE('',#13439,#13440);
#10428=VERTEX_POINT('',#13441);
#10429=LINE('',#13442,#13443);
#10430=VERTEX_POINT('',#13444);
#10431=LINE('',#13445,#13446);
#10432=LINE('',#13447,#13448);
#10433=LINE('',#13449,#13450);
#10434=VERTEX_POINT('',#13451);
#10435=VERTEX_POINT('',#13452);
#10436=LINE('',#13453,#13454);
#10437=VERTEX_POINT('',#13455);
#10438=LINE('',#13456,#13457);
#10439=VERTEX_POINT('',#13458);
#10440=LINE('',#13459,#13460);
#10441=VERTEX_POINT('',#13461);
#10442=LINE('',#13462,#13463);
#10443=VERTEX_POINT('',#13464);
#10444=CIRCLE('',#13465,7.25);
#10445=LINE('',#13466,#13467);
#10446=VERTEX_POINT('',#13468);
#10447=LINE('',#13469,#13470);
#10448=VERTEX_POINT('',#13471);
#10449=CIRCLE('',#13472,7.25);
#10450=VERTEX_POINT('',#13473);
#10451=LINE('',#13474,#13475);
#10452=VERTEX_POINT('',#13476);
#10453=LINE('',#13477,#13478);
#10454=LINE('',#13479,#13480);
#10455=LINE('',#13481,#13482);
#10456=LINE('',#13483,#13484);
#10457=LINE('',#13485,#13486);
#10458=LINE('',#13487,#13488);
#10459=LINE('',#13489,#13490);
#10460=LINE('',#13491,#13492);
#10461=LINE('',#13493,#13494);
#10462=LINE('',#13495,#13496);
#10463=LINE('',#13497,#13498);
#10464=LINE('',#13499,#13500);
#10465=LINE('',#13501,#13502);
#10466=VERTEX_POINT('',#13503);
#10467=LINE('',#13504,#13505);
#10468=LINE('',#13506,#13507);
#10469=VERTEX_POINT('',#13508);
#10470=LINE('',#13509,#13510);
#10471=B_SPLINE_CURVE_WITH_KNOTS('',3,(#13511,#13512,#13513,#13514),.UNSPECIFIED.,.F.,.F.,(4,4),(0.0,1.0),.UNSPECIFIED.);
#10472=LINE('',#13515,#13516);
#10473=VERTEX_POINT('',#13517);
#10474=LINE('',#13518,#13519);
#10475=LINE('',#13520,#13521);
#10476=VERTEX_POINT('',#13522);
#10477=LINE('',#13523,#13524);
#10478=LINE('',#13525,#13526);
#10479=VERTEX_POINT('',#13527);
#10480=LINE('',#13528,#13529);
#10481=LINE('',#13530,#13531);
#10482=VERTEX_POINT('',#13532);
#10483=LINE('',#13533,#13534);
#10484=LINE('',#13535,#13536);
#10485=VERTEX_POINT('',#13537);
#10486=LINE('',#13538,#13539);
#10487=LINE('',#13540,#13541);
#10488=VERTEX_POINT('',#13542);
#10489=LINE('',#13543,#13544);
#10490=LINE('',#13545,#13546);
#10491=LINE('',#13547,#13548);
#10492=VERTEX_POINT('',#13549);
#10493=VERTEX_POINT('',#13550);
#10494=LINE('',#13551,#13552);
#10495=VERTEX_POINT('',#13553);
#10496=LINE('',#13554,#13555);
#10497=VERTEX_POINT('',#13556);
#10498=LINE('',#13557,#13558);
#10499=LINE('',#13559,#13560);
#10500=VERTEX_POINT('',#13561);
#10501=VERTEX_POINT('',#13562);
#10502=LINE('',#13563,#13564);
#10503=B_SPLINE_CURVE_WITH_KNOTS('',3,(#13565,#13566,#13567,#13568,#13569,#13570,#13571,#13572,#13573,#13574,#13575,#13576,#13577,#13578,#13579,#13580,#13581,#13582,#13583),.UNSPECIFIED.,.F.,.F.,(4,2,2,2,2,2,1,2,2,4),(0.0,0.249999999999859,0.374999999999789,0.437499999999768,0.5,0.624999999999718,0.687499999999707,0.718749999999702,0.749999999999696,1.0),.UNSPECIFIED.);
#10504=B_SPLINE_CURVE_WITH_KNOTS('',3,(#13584,#13585,#13586,#13587,#13588,#13589,#13590,#13591,#13592,#13593,#13594,#13595,#13596,#13597,#13598,#13599,#13600,#13601,#13602),.UNSPECIFIED.,.F.,.F.,(4,2,2,2,2,2,1,2,2,4),(0.0,0.249999999999961,0.374999999999942,0.437499999999934,0.5,0.624999999999874,0.687499999999832,0.718749999999816,0.749999999999799,1.0),.UNSPECIFIED.);
#10505=VERTEX_POINT('',#13603);
#10506=B_SPLINE_CURVE_WITH_KNOTS('',3,(#13604,#13605,#13606,#13607,#13608,#13609,#13610,#13611,#13612,#13613,#13614,#13615,#13616,#13617,#13618,#13619),.UNSPECIFIED.,.F.,.F.,(4,2,2,2,2,2,2,4),(0.0,0.124999999999846,0.187499999999785,0.218749999999769,0.249999999999754,0.374999999999796,0.5,1.0),.UNSPECIFIED.);
#10507=LINE('',#13620,#13621);
#10508=VERTEX_POINT('',#13622);
#10509=LINE('',#13623,#13624);
#10510=VERTEX_POINT('',#13625);
#10511=LINE('',#13626,#13627);
#10512=LINE('',#13628,#13629);
#10513=VERTEX_POINT('',#13630);
#10514=LINE('',#13631,#13632);
#10515=LINE('',#13633,#13634);
#10516=VERTEX_POINT('',#13635);
#10517=LINE('',#13636,#13637);
#10518=VERTEX_POINT('',#13638);
#10519=LINE('',#13639,#13640);
#10520=LINE('',#13641,#13642);
#10521=LINE('',#13643,#13644);
#10522=LINE('',#13645,#13646);
#10523=B_SPLINE_CURVE_WITH_KNOTS('',3,(#13647,#13648,#13649,#13650,#13651,#13652,#13653,#13654,#13655,#13656,#13657,#13658,#13659,#13660,#13661,#13662),.UNSPECIFIED.,.F.,.F.,(4,2,2,2,2,2,2,4),(0.0,0.124999999999979,0.187499999999967,0.218749999999979,0.249999999999991,0.375000000000011,0.5,1.0),.UNSPECIFIED.);
#10524=VERTEX_POINT('',#13663);
#10525=VERTEX_POINT('',#13664);
#10526=CIRCLE('',#13665,0.75);
#10527=LINE('',#13666,#13667);
#10528=LINE('',#13668,#13669);
#10529=CIRCLE('',#13670,0.75);
#10530=VERTEX_POINT('',#13671);
#10531=CIRCLE('',#13672,0.5);
#10532=VERTEX_POINT('',#13673);
#10533=CIRCLE('',#13674,0.25);
#10534=CIRCLE('',#13675,0.5);
#10535=CIRCLE('',#13676,0.25);
#10536=VERTEX_POINT('',#13677);
#10537=VERTEX_POINT('',#13678);
#10538=CIRCLE('',#13679,0.75);
#10539=LINE('',#13680,#13681);
#10540=LINE('',#13682,#13683);
#10541=CIRCLE('',#13684,0.75);
#10542=VERTEX_POINT('',#13685);
#10543=CIRCLE('',#13686,0.5);
#10544=VERTEX_POINT('',#13687);
#10545=CIRCLE('',#13688,0.25);
#10546=CIRCLE('',#13689,0.5);
#10547=CIRCLE('',#13690,0.25);
#10548=VERTEX_POINT('',#13691);
#10549=VERTEX_POINT('',#13692);
#10550=CIRCLE('',#13693,0.750000000000001);
#10551=LINE('',#13694,#13695);
#10552=LINE('',#13696,#13697);
#10553=CIRCLE('',#13698,0.750000000000001);
#10554=VERTEX_POINT('',#13699);
#10555=CIRCLE('',#13700,0.5);
#10556=VERTEX_POINT('',#13701);
#10557=CIRCLE('',#13702,0.25);
#10558=CIRCLE('',#13703,0.5);
#10559=CIRCLE('',#13704,0.25);
#10560=CARTESIAN_POINT('',(-53.096171720501,-20.3361777776173,6.67033299728798));
#10561=CARTESIAN_POINT('',(-53.096171720501,-20.6353420263313,6.69271049248198));
#10562=CARTESIAN_POINT('',(-53.096171720501,-20.6353420263313,6.69271049248198));
#10563=VECTOR('',#13705,1.0);
#10564=CARTESIAN_POINT('',(-54.146171720501,-20.4144990107958,5.62325812678759));
#10565=AXIS2_PLACEMENT_3D('',#13706,#13707,#13708);
#10566=CARTESIAN_POINT('',(-54.146171720501,-20.7136632595098,5.64563562198159));
#10567=CARTESIAN_POINT('',(-54.146171720501,-20.4144990107958,5.62325812678759));
#10568=VECTOR('',#13709,1000.0);
#10569=AXIS2_PLACEMENT_3D('',#13710,#13711,#13712);
#10570=CARTESIAN_POINT('',(-53.096171720501,-21.7354269797202,3.27298768398805));
#10571=CARTESIAN_POINT('',(-53.096171720501,-21.4875318880264,3.10402608032005));
#10572=CARTESIAN_POINT('',(-53.096171720501,-21.6114794338734,3.18850688215393));
#10573=VECTOR('',#13713,1.0);
#10574=CARTESIAN_POINT('',(-53.446171720501,-21.9325488506664,2.9837767436786));
#10575=AXIS2_PLACEMENT_3D('',#13714,#13715,#13716);
#10576=CARTESIAN_POINT('',(-53.446171720501,-21.6846537589726,2.81481514001059));
#10577=CARTESIAN_POINT('',(-53.446171720501,-21.6846537589726,2.81481514001059));
#10578=VECTOR('',#13717,1000.0);
#10579=AXIS2_PLACEMENT_3D('',#13718,#13719,#13720);
#10580=CARTESIAN_POINT('',(-53.096171720501,-22.8560909743731,7.1969346809356));
#10581=CARTESIAN_POINT('',(-53.096171720501,-22.5562737262674,7.2074045299466));
#10582=CARTESIAN_POINT('',(-53.096171720501,-22.8560909743731,7.1969346809356));
#10583=VECTOR('',#13721,1.0);
#10584=CARTESIAN_POINT('',(-54.196171720501,-22.8177015280003,6.0976047712146));
#10585=AXIS2_PLACEMENT_3D('',#13722,#13723,#13724);
#10586=CARTESIAN_POINT('',(-54.196171720501,-22.5178842798946,6.1080746202256));
#10587=CARTESIAN_POINT('',(-54.196171720501,-22.5178842798946,6.1080746202256));
#10588=VECTOR('',#13725,1000.0);
#10589=AXIS2_PLACEMENT_3D('',#13726,#13727,#13728);
#10590=CARTESIAN_POINT('',(-52.546171720501,-24.6840629413448,8.9927104924816));
#10591=CARTESIAN_POINT('',(-53.646171720501,-24.6840629413448,8.9927104924816));
#10592=CARTESIAN_POINT('',(-53.096171720501,-24.6840629413448,8.9927104924816));
#10593=VECTOR('',#13729,1.0);
#10594=CARTESIAN_POINT('',(-52.546171720501,-24.5853546181838,8.90873132074209));
#10595=AXIS2_PLACEMENT_3D('',#13730,#13731,#13732);
#10596=CARTESIAN_POINT('',(-53.646171720501,-24.5853546181848,8.9087313207425));
#10597=CARTESIAN_POINT('',(-52.546171720501,-24.5853546181838,8.90873132074209));
#10598=VECTOR('',#13733,1000.0);
#10599=AXIS2_PLACEMENT_3D('',#13734,#13735,#13736);
#10600=CARTESIAN_POINT('',(-54.896171720501,-22.786795697143,-3.7072895075184));
#10601=CARTESIAN_POINT('',(-54.896171720501,-22.9835211580728,-3.4807964766684));
#10602=CARTESIAN_POINT('',(-54.896171720501,-22.786795697143,-3.7072895075184));
#10603=VECTOR('',#13737,1000.0);
#10604=CARTESIAN_POINT('',(-51.296171720501,-22.786795697143,-3.7072895075184));
#10605=CARTESIAN_POINT('',(-51.296171720501,-22.786795697143,-3.7072895075184));
#10606=VECTOR('',#13738,1000.0);
#10607=CARTESIAN_POINT('',(-51.296171720501,-22.9835211580728,-3.4807964766684));
#10608=CARTESIAN_POINT('',(-51.296171720501,-22.9835211580728,-3.4807964766684));
#10609=VECTOR('',#13739,1000.0);
#10610=CARTESIAN_POINT('',(-51.296171720501,-22.9835211580728,-3.4807964766684));
#10611=VECTOR('',#13740,1000.0);
#10612=CARTESIAN_POINT('',(-55.096171720501,-22.8325258041752,-3.3496461693884));
#10613=AXIS2_PLACEMENT_3D('',#13741,#13742,#13743);
#10614=CARTESIAN_POINT('',(-51.096171720501,-22.8325258041752,-3.3496461693884));
#10615=AXIS2_PLACEMENT_3D('',#13744,#13745,#13746);
#10616=CARTESIAN_POINT('',(-51.096171720501,-22.6060327733288,-3.1529207084584));
#10617=CARTESIAN_POINT('',(-51.096171720501,-22.6060327733288,-3.1529207084584));
#10618=VECTOR('',#13747,1000.0);
#10619=CARTESIAN_POINT('',(-55.096171720501,-22.6060327733288,-3.1529207084584));
#10620=CARTESIAN_POINT('',(-55.096171720501,-22.6060327733288,-3.1529207084584));
#10621=VECTOR('',#13748,1000.0);
#10622=CARTESIAN_POINT('',(-55.096171720501,-22.8325258041752,-3.3496461693884));
#10623=VECTOR('',#13749,1000.0);
#10624=CARTESIAN_POINT('',(-55.096171720501,-22.6358003432454,-3.5761392002284));
#10625=CARTESIAN_POINT('',(-55.096171720501,-22.6358003432454,-3.5761392002284));
#10626=VECTOR('',#13750,1000.0);
#10627=CARTESIAN_POINT('',(-55.096171720501,-22.409307312399,-3.3794137392984));
#10628=CARTESIAN_POINT('',(-55.096171720501,-22.409307312399,-3.3794137392984));
#10629=VECTOR('',#13751,1000.0);
#10630=CARTESIAN_POINT('',(-55.096171720501,-22.409307312399,-3.3794137392984));
#10631=VECTOR('',#13752,1000.0);
#10632=AXIS2_PLACEMENT_3D('',#13753,#13754,#13755);
#10633=CARTESIAN_POINT('',(-51.096171720501,-22.409307312399,-3.3794137392984));
#10634=CARTESIAN_POINT('',(-51.096171720501,-22.409307312399,-3.3794137392984));
#10635=VECTOR('',#13756,1000.0);
#10636=CARTESIAN_POINT('',(-51.096171720501,-22.6358003432454,-3.5761392002284));
#10637=CARTESIAN_POINT('',(-51.096171720501,-22.6358003432454,-3.5761392002284));
#10638=VECTOR('',#13757,1000.0);
#10639=AXIS2_PLACEMENT_3D('',#13758,#13759,#13760);
#10640=CARTESIAN_POINT('',(-51.096171720501,-22.8325258041752,-3.3496461693884));
#10641=VECTOR('',#13761,1000.0);
#10642=CARTESIAN_POINT('',(-51.096171720501,-22.6060327733288,-3.1529207084584));
#10643=VECTOR('',#13762,1000.0);
#10644=CARTESIAN_POINT('',(-51.096171720501,-22.203123738047,-2.9054879795884));
#10645=AXIS2_PLACEMENT_3D('',#13763,#13764,#13765);
#10646=CARTESIAN_POINT('',(-51.096171720501,-22.5029409861527,-2.9159578285984));
#10647=CARTESIAN_POINT('',(-51.096171720501,-22.203123738047,-2.9054879795884));
#10648=VECTOR('',#13766,1000.0);
#10649=AXIS2_PLACEMENT_3D('',#13767,#13768,#13769);
#10650=CARTESIAN_POINT('',(-55.096171720501,-22.5029409861527,-2.9159578285984));
#10651=CARTESIAN_POINT('',(-51.096171720501,-22.5029409861527,-2.9159578285984));
#10652=VECTOR('',#13770,1000.0);
#10653=AXIS2_PLACEMENT_3D('',#13771,#13772,#13773);
#10654=CARTESIAN_POINT('',(-55.096171720501,-22.203123738047,-2.9054879795884));
#10655=AXIS2_PLACEMENT_3D('',#13774,#13775,#13776);
#10656=CARTESIAN_POINT('',(-55.096171720501,-22.5029409861527,-2.9159578285984));
#10657=VECTOR('',#13777,1000.0);
#10658=CARTESIAN_POINT('',(-55.096171720501,-22.8842456932391,8.0031803414924));
#10659=CARTESIAN_POINT('',(-55.096171720501,-22.5029409861527,-2.9159578285984));
#10660=VECTOR('',#13778,1000.0);
#10661=CARTESIAN_POINT('',(-55.096171720501,-22.5844284451333,8.0136501905031));
#10662=CARTESIAN_POINT('',(-55.096171720501,-22.5844284451333,8.0136501905031));
#10663=VECTOR('',#13779,1000.0);
#10664=CARTESIAN_POINT('',(-55.096171720501,-22.5844284451333,8.0136501905031));
#10665=VECTOR('',#13780,1000.0);
#10666=CARTESIAN_POINT('',(-55.096171720501,-22.203123738047,-2.9054879795884));
#10667=VECTOR('',#13781,1000.0);
#10668=CARTESIAN_POINT('',(-51.096171720501,-22.5844284451333,8.0136501905031));
#10669=CARTESIAN_POINT('',(-51.096171720501,-22.5844284451333,8.0136501905031));
#10670=VECTOR('',#13782,1000.0);
#10671=CARTESIAN_POINT('',(-51.096171720501,-22.203123738047,-2.9054879795884));
#10672=VECTOR('',#13783,1000.0);
#10673=CARTESIAN_POINT('',(-52.746171720501,-22.3621598882724,1.6487114994056));
#10674=CARTESIAN_POINT('',(-52.746171720501,-22.2271812615629,-2.2165706428284));
#10675=CARTESIAN_POINT('',(-52.746171720501,-22.3621598882724,1.6487114994056));
#10676=VECTOR('',#13784,1000.0);
#10677=CARTESIAN_POINT('',(-52.046171720501,-22.3621598882724,1.6487114994056));
#10678=CARTESIAN_POINT('',(-52.046171720501,-22.3621598882724,1.6487114994056));
#10679=VECTOR('',#13785,1000.0);
#10680=CARTESIAN_POINT('',(-52.046171720501,-22.3612874008548,1.6237267287296));
#10681=CARTESIAN_POINT('',(-52.046171720501,-22.3612874008548,1.6237267287296));
#10682=VECTOR('',#13786,1000.0);
#10683=CARTESIAN_POINT('',(-51.996171720501,-22.3612874008548,1.6237267287296));
#10684=CARTESIAN_POINT('',(-51.996171720501,-22.3612874008548,1.6237267287296));
#10685=VECTOR('',#13787,1000.0);
#10686=CARTESIAN_POINT('',(-51.996171720501,-22.5178842798946,6.1080746202256));
#10687=CARTESIAN_POINT('',(-51.996171720501,-22.5178842798946,6.1080746202256));
#10688=VECTOR('',#13788,1000.0);
#10689=AXIS2_PLACEMENT_3D('',#13789,#13790,#13791);
#10690=CARTESIAN_POINT('',(-54.196171720501,-22.3612874008548,1.6237267287296));
#10691=CARTESIAN_POINT('',(-54.196171720501,-22.3612874008548,1.6237267287296));
#10692=VECTOR('',#13792,1000.0);
#10693=CARTESIAN_POINT('',(-54.146171720501,-22.3612874008548,1.6237267287296));
#10694=CARTESIAN_POINT('',(-54.196171720501,-22.3612874008548,1.6237267287296));
#10695=VECTOR('',#13793,1000.0);
#10696=CARTESIAN_POINT('',(-54.146171720501,-22.3621598882724,1.6487114994056));
#10697=CARTESIAN_POINT('',(-54.146171720501,-22.3612874008548,1.6237267287296));
#10698=VECTOR('',#13794,1000.0);
#10699=CARTESIAN_POINT('',(-53.446171720501,-22.3621598882724,1.6487114994056));
#10700=CARTESIAN_POINT('',(-53.446171720501,-22.3621598882724,1.6487114994056));
#10701=VECTOR('',#13795,1000.0);
#10702=CARTESIAN_POINT('',(-53.446171720501,-22.2271812615629,-2.2165706428284));
#10703=CARTESIAN_POINT('',(-53.446171720501,-22.2271812615629,-2.2165706428284));
#10704=VECTOR('',#13796,1000.0);
#10705=CARTESIAN_POINT('',(-53.096171720501,-22.214966437717,-2.5663574322884));
#10706=AXIS2_PLACEMENT_3D('',#13797,#13798,#13799);
#10707=AXIS2_PLACEMENT_3D('',#13800,#13801,#13802);
#10708=CARTESIAN_POINT('',(-51.096171720501,-22.8842456932391,8.0031803414924));
#10709=CARTESIAN_POINT('',(-51.096171720501,-22.8842456932391,8.0031803414924));
#10710=VECTOR('',#13803,1000.0);
#10711=CARTESIAN_POINT('',(-51.096171720501,-22.8842456932391,8.0031803414924));
#10712=VECTOR('',#13804,1000.0);
#10713=CARTESIAN_POINT('',(-55.096171720501,-22.8842456932391,8.0031803414924));
#10714=VECTOR('',#13805,1000.0);
#10715=CARTESIAN_POINT('',(-52.746171720501,-22.5269985096686,-2.2270404918384));
#10716=CARTESIAN_POINT('',(-53.096171720501,-22.5147836858227,-2.5768272812984));
#10717=AXIS2_PLACEMENT_3D('',#13806,#13807,#13808);
#10718=CARTESIAN_POINT('',(-53.446171720501,-22.5269985096686,-2.2270404918384));
#10719=AXIS2_PLACEMENT_3D('',#13809,#13810,#13811);
#10720=CARTESIAN_POINT('',(-53.446171720501,-22.6619771363781,1.6382416503946));
#10721=CARTESIAN_POINT('',(-53.446171720501,-22.6619771363781,1.6382416503946));
#10722=VECTOR('',#13812,1000.0);
#10723=CARTESIAN_POINT('',(-54.146171720501,-22.6619771363781,1.6382416503946));
#10724=CARTESIAN_POINT('',(-54.146171720501,-22.6619771363781,1.6382416503946));
#10725=VECTOR('',#13813,1000.0);
#10726=CARTESIAN_POINT('',(-54.146171720501,-22.6611046489606,1.6132568797186));
#10727=CARTESIAN_POINT('',(-54.146171720501,-22.6611046489606,1.6132568797186));
#10728=VECTOR('',#13814,1000.0);
#10729=CARTESIAN_POINT('',(-54.196171720501,-22.6611046489606,1.6132568797186));
#10730=CARTESIAN_POINT('',(-54.196171720501,-22.6611046489606,1.6132568797186));
#10731=VECTOR('',#13815,1000.0);
#10732=CARTESIAN_POINT('',(-54.196171720501,-22.8177015280003,6.0976047712146));
#10733=VECTOR('',#13816,1000.0);
#10734=CARTESIAN_POINT('',(-51.996171720501,-22.8177015280003,6.0976047712146));
#10735=AXIS2_PLACEMENT_3D('',#13817,#13818,#13819);
#10736=CARTESIAN_POINT('',(-51.996171720501,-22.6611046489606,1.6132568797186));
#10737=CARTESIAN_POINT('',(-51.996171720501,-22.6611046489606,1.6132568797186));
#10738=VECTOR('',#13820,1000.0);
#10739=CARTESIAN_POINT('',(-52.046171720501,-22.6611046489606,1.6132568797186));
#10740=CARTESIAN_POINT('',(-51.996171720501,-22.6611046489606,1.6132568797186));
#10741=VECTOR('',#13821,1000.0);
#10742=CARTESIAN_POINT('',(-52.046171720501,-22.6619771363781,1.6382416503946));
#10743=CARTESIAN_POINT('',(-52.046171720501,-22.6611046489606,1.6132568797186));
#10744=VECTOR('',#13822,1000.0);
#10745=CARTESIAN_POINT('',(-52.746171720501,-22.6619771363781,1.6382416503946));
#10746=CARTESIAN_POINT('',(-52.746171720501,-22.6619771363781,1.6382416503946));
#10747=VECTOR('',#13823,1000.0);
#10748=CARTESIAN_POINT('',(-52.746171720501,-22.5269985096686,-2.2270404918384));
#10749=VECTOR('',#13824,1000.0);
#10750=CARTESIAN_POINT('',(-51.096171720501,-23.1840629413448,8.2927104924816));
#10751=CARTESIAN_POINT('',(-55.096171720501,-23.1840629413448,8.2927104924816));
#10752=CARTESIAN_POINT('',(-51.096171720501,-23.1840629413448,8.2927104924816));
#10753=VECTOR('',#13825,1000.0);
#10754=AXIS2_PLACEMENT_3D('',#13826,#13827,#13828);
#10755=AXIS2_PLACEMENT_3D('',#13829,#13830,#13831);
#10756=CARTESIAN_POINT('',(-51.096171720501,-23.1840629413448,8.59271049248159));
#10757=AXIS2_PLACEMENT_3D('',#13832,#13833,#13834);
#10758=CARTESIAN_POINT('',(-51.096171720501,-23.1840629413448,8.59271049248159));
#10759=VECTOR('',#13835,1000.0);
#10760=CARTESIAN_POINT('',(-51.096171720501,-23.4840629413448,8.2927104924816));
#10761=CARTESIAN_POINT('',(-51.096171720501,-23.4840629413448,8.59271049248159));
#10762=CARTESIAN_POINT('',(-51.096171720501,-23.4840629413448,8.2927104924816));
#10763=VECTOR('',#13836,1000.0);
#10764=CARTESIAN_POINT('',(-51.096171720501,-23.1840629413448,8.2927104924816));
#10765=VECTOR('',#13837,1000.0);
#10766=CARTESIAN_POINT('',(-51.096171720501,-23.1840629413448,8.59271049248159));
#10767=VECTOR('',#13838,1000.0);
#10768=CARTESIAN_POINT('',(-51.296171720501,-23.6840629413448,8.59271049248159));
#10769=CARTESIAN_POINT('',(-51.296171720501,-23.6840629413448,8.59271049248159));
#10770=VECTOR('',#13839,1000.0);
#10771=CARTESIAN_POINT('',(-55.096171720501,-23.1840629413448,8.59271049248159));
#10772=CARTESIAN_POINT('',(-55.096171720501,-23.1840629413448,8.59271049248159));
#10773=VECTOR('',#13840,1000.0);
#10774=CARTESIAN_POINT('',(-55.096171720501,-23.4840629413448,8.59271049248159));
#10775=CARTESIAN_POINT('',(-55.096171720501,-23.1840629413448,8.59271049248159));
#10776=VECTOR('',#13841,1000.0);
#10777=CARTESIAN_POINT('',(-54.896171720501,-23.6840629413448,8.59271049248159));
#10778=CARTESIAN_POINT('',(-55.096171720501,-23.4840629413448,8.59271049248159));
#10779=VECTOR('',#13842,1000.0);
#10780=CARTESIAN_POINT('',(-54.596171720501,-23.6840629413448,8.59271049248159));
#10781=CARTESIAN_POINT('',(-54.896171720501,-23.6840629413448,8.59271049248159));
#10782=VECTOR('',#13843,1000.0);
#10783=CARTESIAN_POINT('',(-54.596171720501,-23.9762081195448,8.59271049248159));
#10784=CARTESIAN_POINT('',(-54.596171720501,-23.9762081195448,8.59271049248159));
#10785=VECTOR('',#13844,1000.0);
#10786=CARTESIAN_POINT('',(-54.596171720501,-24.3840629413448,8.59271049248159));
#10787=AXIS2_PLACEMENT_3D('',#13845,#13846,#13847);
#10788=CARTESIAN_POINT('',(-54.666171720501,-24.3840629413448,8.59271049248159));
#10789=CARTESIAN_POINT('',(-54.666171720501,-24.3840629413448,8.59271049248159));
#10790=VECTOR('',#13848,1000.0);
#10791=CARTESIAN_POINT('',(-54.666171720501,-24.4840629413448,8.59271049248159));
#10792=CARTESIAN_POINT('',(-54.666171720501,-24.4840629413448,8.59271049248159));
#10793=VECTOR('',#13849,1000.0);
#10794=CARTESIAN_POINT('',(-54.596171720501,-24.9840629413448,8.59271049248159));
#10795=CARTESIAN_POINT('',(-54.666171720501,-24.4840629413448,8.59271049248159));
#10796=VECTOR('',#13850,1000.0);
#10797=CARTESIAN_POINT('',(-54.596171720501,-25.9840629413448,8.59271049248159));
#10798=CARTESIAN_POINT('',(-54.596171720501,-25.9840629413448,8.59271049248159));
#10799=VECTOR('',#13851,1000.0);
#10800=CARTESIAN_POINT('',(-54.396171720501,-26.1840629413448,8.59271049248159));
#10801=CARTESIAN_POINT('',(-54.596171720501,-25.9840629413448,8.59271049248159));
#10802=VECTOR('',#13852,1000.0);
#10803=CARTESIAN_POINT('',(-53.621171720501,-26.1840629413448,8.59271049248159));
#10804=CARTESIAN_POINT('',(-54.396171720501,-26.1840629413448,8.59271049248159));
#10805=VECTOR('',#13853,1000.0);
#10806=CARTESIAN_POINT('',(-53.421171720501,-26.3840629413448,8.59271049248159));
#10807=AXIS2_PLACEMENT_3D('',#13854,#13855,#13856);
#10808=CARTESIAN_POINT('',(-53.421171720501,-28.9840629413448,8.59271049248159));
#10809=CARTESIAN_POINT('',(-53.421171720501,-28.9840629413448,8.59271049248159));
#10810=VECTOR('',#13857,1000.0);
#10811=CARTESIAN_POINT('',(-53.196171720501,-29.4840629413448,8.59271049248159));
#10812=CARTESIAN_POINT('',(-53.421171720501,-28.9840629413448,8.59271049248159));
#10813=VECTOR('',#13858,1000.0);
#10814=CARTESIAN_POINT('',(-52.996171720501,-29.4840629413448,8.59271049248159));
#10815=CARTESIAN_POINT('',(-52.996171720501,-29.4840629413448,8.59271049248159));
#10816=VECTOR('',#13859,1000.0);
#10817=CARTESIAN_POINT('',(-52.771171720501,-28.9840629413448,8.59271049248159));
#10818=CARTESIAN_POINT('',(-52.996171720501,-29.4840629413448,8.59271049248159));
#10819=VECTOR('',#13860,1000.0);
#10820=CARTESIAN_POINT('',(-52.771171720501,-26.3840629413448,8.59271049248159));
#10821=CARTESIAN_POINT('',(-52.771171720501,-26.3840629413448,8.59271049248159));
#10822=VECTOR('',#13861,1000.0);
#10823=CARTESIAN_POINT('',(-52.571171720501,-26.1840629413448,8.59271049248159));
#10824=AXIS2_PLACEMENT_3D('',#13862,#13863,#13864);
#10825=CARTESIAN_POINT('',(-51.796171720501,-26.1840629413448,8.59271049248159));
#10826=CARTESIAN_POINT('',(-52.571171720501,-26.1840629413448,8.59271049248159));
#10827=VECTOR('',#13865,1000.0);
#10828=CARTESIAN_POINT('',(-51.596171720501,-25.9840629413448,8.59271049248159));
#10829=CARTESIAN_POINT('',(-51.796171720501,-26.1840629413448,8.59271049248159));
#10830=VECTOR('',#13866,1000.0);
#10831=CARTESIAN_POINT('',(-51.596171720501,-24.9840629413448,8.59271049248159));
#10832=CARTESIAN_POINT('',(-51.596171720501,-24.9840629413448,8.59271049248159));
#10833=VECTOR('',#13867,1000.0);
#10834=CARTESIAN_POINT('',(-51.526171720501,-24.4840629413448,8.59271049248159));
#10835=CARTESIAN_POINT('',(-51.596171720501,-24.9840629413448,8.59271049248159));
#10836=VECTOR('',#13868,1000.0);
#10837=CARTESIAN_POINT('',(-51.526171720501,-24.3840629413448,8.59271049248159));
#10838=CARTESIAN_POINT('',(-51.526171720501,-24.3840629413448,8.59271049248159));
#10839=VECTOR('',#13869,1000.0);
#10840=CARTESIAN_POINT('',(-51.596171720501,-24.3840629413448,8.59271049248159));
#10841=CARTESIAN_POINT('',(-51.596171720501,-24.3840629413448,8.59271049248159));
#10842=VECTOR('',#13870,1000.0);
#10843=CARTESIAN_POINT('',(-51.596171720501,-23.9762081195448,8.59271049248159));
#10844=AXIS2_PLACEMENT_3D('',#13871,#13872,#13873);
#10845=CARTESIAN_POINT('',(-51.596171720501,-23.6840629413448,8.59271049248159));
#10846=CARTESIAN_POINT('',(-51.596171720501,-23.6840629413448,8.59271049248159));
#10847=VECTOR('',#13874,1000.0);
#10848=CARTESIAN_POINT('',(-51.596171720501,-23.6840629413448,8.59271049248159));
#10849=VECTOR('',#13875,1000.0);
#10850=CARTESIAN_POINT('',(-53.646171720501,-24.4489848371868,8.5927104945117));
#10851=CARTESIAN_POINT('',(-53.946171720501,-24.7529105737648,8.59271049248159));
#10852=CARTESIAN_POINT('',(-53.646171720501,-24.4489848371868,8.5927104945117));
#10853=CARTESIAN_POINT('',(-53.6717545297172,-24.4489848380608,8.5927104945114));
#10854=CARTESIAN_POINT('',(-53.7214489350444,-24.4550236996998,8.5927104915325));
#10855=CARTESIAN_POINT('',(-53.7977574759289,-24.4866947299708,8.5927104927586));
#10856=CARTESIAN_POINT('',(-53.8573061609712,-24.5327337872098,8.5927104923228));
#10857=CARTESIAN_POINT('',(-53.9054934773206,-24.5931033795358,8.59271049283999));
#10858=CARTESIAN_POINT('',(-53.9391830805945,-24.6716386990618,8.59271049120679));
#10859=CARTESIAN_POINT('',(-53.9461715354524,-24.7250319219908,8.5927104952172));
#10860=CARTESIAN_POINT('',(-53.946171720501,-24.7529105737648,8.59271049248159));
#10861=CARTESIAN_POINT('',(-52.546171720501,-24.4489848373288,8.59271049467349));
#10862=CARTESIAN_POINT('',(-52.546171720501,-24.4489848373288,8.59271049467349));
#10863=VECTOR('',#13876,1000.0);
#10864=CARTESIAN_POINT('',(-52.2461717236991,-24.7529105737648,8.59271049555729));
#10865=CARTESIAN_POINT('',(-52.2461717236991,-24.7529105737648,8.59271049555729));
#10866=CARTESIAN_POINT('',(-52.2461719020593,-24.7266096337208,8.59271049544209));
#10867=CARTESIAN_POINT('',(-52.2523614432135,-24.6756385576688,8.592710491102));
#10868=CARTESIAN_POINT('',(-52.2839192875777,-24.5983017956068,8.5927104928694));
#10869=CARTESIAN_POINT('',(-52.3303702303509,-24.5373952147088,8.5927104923099));
#10870=CARTESIAN_POINT('',(-52.3898333744164,-24.4893712804008,8.59271049278069));
#10871=CARTESIAN_POINT('',(-52.4675105681286,-24.4556835116108,8.5927104914569));
#10872=CARTESIAN_POINT('',(-52.5192785738043,-24.4489848382738,8.5927104946732));
#10873=CARTESIAN_POINT('',(-52.546171720501,-24.4489848373288,8.59271049467349));
#10874=CARTESIAN_POINT('',(-52.246171720501,-24.8679231642458,8.59271049248159));
#10875=CARTESIAN_POINT('',(-52.246171720501,-24.8679231642458,8.59271049248159));
#10876=VECTOR('',#13877,1000.0);
#10877=CARTESIAN_POINT('',(-52.546171720501,-25.5569747630238,8.59271049248159));
#10878=CARTESIAN_POINT('',(-52.546171720501,-25.5569747630238,8.59271049248159));
#10879=CARTESIAN_POINT('',(-52.5264816230766,-25.5569747626048,8.59271049248159));
#10880=CARTESIAN_POINT('',(-52.487217604587,-25.5476934381798,8.59271049248159));
#10881=CARTESIAN_POINT('',(-52.4306687570388,-25.5078809365918,8.59271049248159));
#10882=CARTESIAN_POINT('',(-52.3784867192645,-25.4441795600838,8.59271049248159));
#10883=CARTESIAN_POINT('',(-52.332617696174,-25.3584223039188,8.59271049248159));
#10884=CARTESIAN_POINT('',(-52.2952806129099,-25.2530685582168,8.59271049248159));
#10885=CARTESIAN_POINT('',(-52.2675462413171,-25.1332148363988,8.59271049248159));
#10886=CARTESIAN_POINT('',(-52.2502126330073,-25.0033312570258,8.59271049248159));
#10887=CARTESIAN_POINT('',(-52.246171720516,-24.9131481412958,8.59271049248159));
#10888=CARTESIAN_POINT('',(-52.246171720501,-24.8679231642458,8.59271049248159));
#10889=CARTESIAN_POINT('',(-53.646171720501,-25.5569747630238,8.59271049248159));
#10890=CARTESIAN_POINT('',(-53.646171720501,-25.5569747630238,8.59271049248159));
#10891=VECTOR('',#13878,1000.0);
#10892=CARTESIAN_POINT('',(-53.946171720501,-24.8679231642458,8.59271049248159));
#10893=CARTESIAN_POINT('',(-53.946171720501,-24.8679231642458,8.59271049248159));
#10894=CARTESIAN_POINT('',(-53.946171720486,-24.9131481412958,8.59271049248159));
#10895=CARTESIAN_POINT('',(-53.9421308079947,-25.0033312570258,8.59271049248159));
#10896=CARTESIAN_POINT('',(-53.9247971996849,-25.1332148363988,8.59271049248159));
#10897=CARTESIAN_POINT('',(-53.8970628280921,-25.2530685582168,8.59271049248159));
#10898=CARTESIAN_POINT('',(-53.859725744828,-25.3584223039188,8.59271049248159));
#10899=CARTESIAN_POINT('',(-53.8138567217375,-25.4441795600838,8.59271049248159));
#10900=CARTESIAN_POINT('',(-53.7616746839633,-25.5078809365918,8.59271049248159));
#10901=CARTESIAN_POINT('',(-53.705125836415,-25.5476934381798,8.59271049248159));
#10902=CARTESIAN_POINT('',(-53.6658618179254,-25.5569747626048,8.59271049248159));
#10903=CARTESIAN_POINT('',(-53.646171720501,-25.5569747630238,8.59271049248159));
#10904=CARTESIAN_POINT('',(-53.9461717175399,-24.7529105737648,8.59271049533029));
#10905=VECTOR('',#13879,1000.0);
#10906=CARTESIAN_POINT('',(-51.296171720501,-23.6840629413448,8.2927104924816));
#10907=CARTESIAN_POINT('',(-51.296171720501,-23.6840629413448,8.59271049248159));
#10908=VECTOR('',#13880,1000.0);
#10909=CARTESIAN_POINT('',(-51.596171720501,-23.6840629413448,8.2927104924816));
#10910=CARTESIAN_POINT('',(-51.596171720501,-23.6840629413448,8.2927104924816));
#10911=VECTOR('',#13881,1000.0);
#10912=CARTESIAN_POINT('',(-51.296171720501,-23.6840629413448,8.2927104924816));
#10913=VECTOR('',#13882,1000.0);
#10914=CARTESIAN_POINT('',(-51.096171720501,-23.4840629413448,8.2927104924816));
#10915=VECTOR('',#13883,1000.0);
#10916=CARTESIAN_POINT('',(-51.596171720501,-23.9762081195448,8.2927104924816));
#10917=CARTESIAN_POINT('',(-51.596171720501,-23.9762081195448,8.2927104924816));
#10918=VECTOR('',#13884,1000.0);
#10919=CARTESIAN_POINT('',(-51.596171720501,-24.3840629413448,8.2927104924816));
#10920=AXIS2_PLACEMENT_3D('',#13885,#13886,#13887);
#10921=CARTESIAN_POINT('',(-51.526171720501,-24.3840629413448,8.2927104924816));
#10922=CARTESIAN_POINT('',(-51.596171720501,-24.3840629413448,8.2927104924816));
#10923=VECTOR('',#13888,1000.0);
#10924=CARTESIAN_POINT('',(-51.526171720501,-24.4840629413448,8.2927104924816));
#10925=CARTESIAN_POINT('',(-51.526171720501,-24.3840629413448,8.2927104924816));
#10926=VECTOR('',#13889,1000.0);
#10927=CARTESIAN_POINT('',(-51.596171720501,-24.9840629413448,8.2927104924816));
#10928=CARTESIAN_POINT('',(-51.526171720501,-24.4840629413448,8.2927104924816));
#10929=VECTOR('',#13890,1000.0);
#10930=CARTESIAN_POINT('',(-51.596171720501,-25.9840629413448,8.2927104924816));
#10931=CARTESIAN_POINT('',(-51.596171720501,-25.9840629413448,8.2927104924816));
#10932=VECTOR('',#13891,1000.0);
#10933=CARTESIAN_POINT('',(-51.796171720501,-26.1840629413448,8.2927104924816));
#10934=CARTESIAN_POINT('',(-51.596171720501,-25.9840629413448,8.2927104924816));
#10935=VECTOR('',#13892,1000.0);
#10936=CARTESIAN_POINT('',(-52.571171720501,-26.1840629413448,8.2927104924816));
#10937=CARTESIAN_POINT('',(-51.796171720501,-26.1840629413448,8.2927104924816));
#10938=VECTOR('',#13893,1000.0);
#10939=CARTESIAN_POINT('',(-52.771171720501,-26.3840629413448,8.2927104924816));
#10940=AXIS2_PLACEMENT_3D('',#13894,#13895,#13896);
#10941=CARTESIAN_POINT('',(-52.771171720501,-28.9840629413448,8.2927104924816));
#10942=CARTESIAN_POINT('',(-52.771171720501,-28.9840629413448,8.2927104924816));
#10943=VECTOR('',#13897,1000.0);
#10944=CARTESIAN_POINT('',(-52.996171720501,-29.4840629413448,8.2927104924816));
#10945=CARTESIAN_POINT('',(-52.771171720501,-28.9840629413448,8.2927104924816));
#10946=VECTOR('',#13898,1000.0);
#10947=CARTESIAN_POINT('',(-53.196171720501,-29.4840629413448,8.2927104924816));
#10948=CARTESIAN_POINT('',(-52.996171720501,-29.4840629413448,8.2927104924816));
#10949=VECTOR('',#13899,1000.0);
#10950=CARTESIAN_POINT('',(-53.421171720501,-28.9840629413448,8.2927104924816));
#10951=CARTESIAN_POINT('',(-53.196171720501,-29.4840629413448,8.2927104924816));
#10952=VECTOR('',#13900,1000.0);
#10953=CARTESIAN_POINT('',(-53.421171720501,-26.3840629413448,8.2927104924816));
#10954=CARTESIAN_POINT('',(-53.421171720501,-26.3840629413448,8.2927104924816));
#10955=VECTOR('',#13901,1000.0);
#10956=CARTESIAN_POINT('',(-53.621171720501,-26.1840629413448,8.2927104924816));
#10957=AXIS2_PLACEMENT_3D('',#13902,#13903,#13904);
#10958=CARTESIAN_POINT('',(-54.396171720501,-26.1840629413448,8.2927104924816));
#10959=CARTESIAN_POINT('',(-53.621171720501,-26.1840629413448,8.2927104924816));
#10960=VECTOR('',#13905,1000.0);
#10961=CARTESIAN_POINT('',(-54.596171720501,-25.9840629413448,8.2927104924816));
#10962=CARTESIAN_POINT('',(-54.396171720501,-26.1840629413448,8.2927104924816));
#10963=VECTOR('',#13906,1000.0);
#10964=CARTESIAN_POINT('',(-54.596171720501,-24.9840629413448,8.2927104924816));
#10965=CARTESIAN_POINT('',(-54.596171720501,-24.9840629413448,8.2927104924816));
#10966=VECTOR('',#13907,1000.0);
#10967=CARTESIAN_POINT('',(-54.666171720501,-24.4840629413448,8.2927104924816));
#10968=CARTESIAN_POINT('',(-54.596171720501,-24.9840629413448,8.2927104924816));
#10969=VECTOR('',#13908,1000.0);
#10970=CARTESIAN_POINT('',(-54.666171720501,-24.3840629413448,8.2927104924816));
#10971=CARTESIAN_POINT('',(-54.666171720501,-24.4840629413448,8.2927104924816));
#10972=VECTOR('',#13909,1000.0);
#10973=CARTESIAN_POINT('',(-54.596171720501,-24.3840629413448,8.2927104924816));
#10974=CARTESIAN_POINT('',(-54.666171720501,-24.3840629413448,8.2927104924816));
#10975=VECTOR('',#13910,1000.0);
#10976=CARTESIAN_POINT('',(-54.596171720501,-23.9762081195448,8.2927104924816));
#10977=AXIS2_PLACEMENT_3D('',#13911,#13912,#13913);
#10978=CARTESIAN_POINT('',(-54.596171720501,-23.6840629413448,8.2927104924816));
#10979=CARTESIAN_POINT('',(-54.596171720501,-23.6840629413448,8.2927104924816));
#10980=VECTOR('',#13914,1000.0);
#10981=CARTESIAN_POINT('',(-54.896171720501,-23.6840629413448,8.2927104924816));
#10982=CARTESIAN_POINT('',(-54.596171720501,-23.6840629413448,8.2927104924816));
#10983=VECTOR('',#13915,1000.0);
#10984=CARTESIAN_POINT('',(-55.096171720501,-23.4840629413448,8.2927104924816));
#10985=CARTESIAN_POINT('',(-54.896171720501,-23.6840629413448,8.2927104924816));
#10986=VECTOR('',#13916,1000.0);
#10987=CARTESIAN_POINT('',(-55.096171720501,-23.1840629413448,8.2927104924816));
#10988=VECTOR('',#13917,1000.0);
#10989=CARTESIAN_POINT('',(-53.5214217141868,-25.4653274612808,8.2927104613477));
#10990=CARTESIAN_POINT('',(-53.646085961315,-25.4197066136468,8.2927104877509));
#10991=CARTESIAN_POINT('',(-53.5214217141868,-25.4653274612808,8.2927104613477));
#10992=CARTESIAN_POINT('',(-53.5334438718214,-25.4653104460028,8.2927104613477));
#10993=CARTESIAN_POINT('',(-53.5560408849976,-25.4634778708458,8.2927105068861));
#10994=CARTESIAN_POINT('',(-53.5859788427813,-25.4562613660908,8.2927104887669));
#10995=CARTESIAN_POINT('',(-53.6108310198657,-25.4458552463488,8.2927104929359));
#10996=CARTESIAN_POINT('',(-53.6307531062467,-25.4333153468328,8.2927104943792));
#10997=CARTESIAN_POINT('',(-53.6413616478887,-25.4244524586938,8.2927104877509));
#10998=CARTESIAN_POINT('',(-53.646085961315,-25.4197066136468,8.2927104877509));
#10999=CARTESIAN_POINT('',(-52.6709217268152,-25.4653274612808,8.2927104613477));
#11000=CARTESIAN_POINT('',(-53.5214217141868,-25.4653274612808,8.2927104613477));
#11001=VECTOR('',#13918,1000.0);
#11002=CARTESIAN_POINT('',(-52.5461717205015,-25.4195038329488,8.2927104849885));
#11003=CARTESIAN_POINT('',(-52.5461717205015,-25.4195038329488,8.2927104849885));
#11004=CARTESIAN_POINT('',(-52.5510391281588,-25.4242952833303,8.29271070709343));
#11005=CARTESIAN_POINT('',(-52.5570295851018,-25.4297942639873,8.29270455407137));
#11006=CARTESIAN_POINT('',(-52.5692848168135,-25.4383989348126,8.29267847630182));
#11007=CARTESIAN_POINT('',(-52.5739192459994,-25.4413239338453,8.29266854025617));
#11008=CARTESIAN_POINT('',(-52.5819361323159,-25.4456726737546,8.29265265213185));
#11009=CARTESIAN_POINT('',(-52.5847862876543,-25.4471154787326,8.29264713823477));
#11010=CARTESIAN_POINT('',(-52.5908866277297,-25.4499620320328,8.29263392067304));
#11011=CARTESIAN_POINT('',(-52.5959070262789,-25.4520635940514,8.29262067301921));
#11012=CARTESIAN_POINT('',(-52.6112396096047,-25.4581073035,8.29257228981897));
#11013=CARTESIAN_POINT('',(-52.6323673825446,-25.4652728642426,8.29271039907958));
#11014=CARTESIAN_POINT('',(-52.6709217268152,-25.4653274612808,8.2927104613477));
#11015=CARTESIAN_POINT('',(-52.546171720501,-24.6191410472808,8.2927104924816));
#11016=CARTESIAN_POINT('',(-52.546171720501,-24.6191410472808,8.2927104924816));
#11017=VECTOR('',#13919,1000.0);
#11018=CARTESIAN_POINT('',(-53.646171720501,-24.6191410472808,8.2927104924816));
#11019=CARTESIAN_POINT('',(-53.646171720501,-24.6191410472808,8.2927104924816));
#11020=VECTOR('',#13920,1000.0);
#11021=CARTESIAN_POINT('',(-53.646085961315,-25.4197066136468,8.2927104877509));
#11022=VECTOR('',#13921,1000.0);
#11023=CARTESIAN_POINT('',(-55.096171720501,-23.4840629413448,8.59271049248159));
#11024=VECTOR('',#13922,1000.0);
#11025=CARTESIAN_POINT('',(-55.096171720501,-23.1840629413448,8.2927104924816));
#11026=VECTOR('',#13923,1000.0);
#11027=AXIS2_PLACEMENT_3D('',#13924,#13925,#13926);
#11028=CARTESIAN_POINT('',(-54.896171720501,-23.6840629413448,8.2927104924816));
#11029=VECTOR('',#13927,1000.0);
#11030=CARTESIAN_POINT('',(-54.596171720501,-23.6840629413448,8.59271049248159));
#11031=VECTOR('',#13928,1000.0);
#11032=CARTESIAN_POINT('',(-54.596171720501,-23.9762081195448,8.2927104924816));
#11033=VECTOR('',#13929,1000.0);
#11034=CARTESIAN_POINT('',(-54.596171720501,-24.3840629413448,8.2927104924816));
#11035=VECTOR('',#13930,1000.0);
#11036=CARTESIAN_POINT('',(-54.666171720501,-24.3840629413448,8.59271049248159));
#11037=VECTOR('',#13931,1000.0);
#11038=CARTESIAN_POINT('',(-54.666171720501,-24.4840629413448,8.59271049248159));
#11039=VECTOR('',#13932,1000.0);
#11040=CARTESIAN_POINT('',(-54.596171720501,-24.9840629413448,8.59271049248159));
#11041=VECTOR('',#13933,1000.0);
#11042=CARTESIAN_POINT('',(-54.596171720501,-25.9840629413448,8.2927104924816));
#11043=VECTOR('',#13934,1000.0);
#11044=CARTESIAN_POINT('',(-54.396171720501,-26.1840629413448,8.2927104924816));
#11045=VECTOR('',#13935,1000.0);
#11046=CARTESIAN_POINT('',(-53.621171720501,-26.1840629413448,8.59271049248159));
#11047=VECTOR('',#13936,1000.0);
#11048=CARTESIAN_POINT('',(-53.421171720501,-26.3840629413448,8.59271049248159));
#11049=VECTOR('',#13937,1000.0);
#11050=CARTESIAN_POINT('',(-53.421171720501,-28.9840629413448,8.59271049248159));
#11051=VECTOR('',#13938,1000.0);
#11052=CARTESIAN_POINT('',(-53.196171720501,-29.4840629413448,8.2927104924816));
#11053=VECTOR('',#13939,1000.0);
#11054=CARTESIAN_POINT('',(-52.996171720501,-29.4840629413448,8.59271049248159));
#11055=VECTOR('',#13940,1000.0);
#11056=CARTESIAN_POINT('',(-52.771171720501,-28.9840629413448,8.59271049248159));
#11057=VECTOR('',#13941,1000.0);
#11058=CARTESIAN_POINT('',(-52.771171720501,-26.3840629413448,8.2927104924816));
#11059=VECTOR('',#13942,1000.0);
#11060=CARTESIAN_POINT('',(-52.571171720501,-26.1840629413448,8.2927104924816));
#11061=VECTOR('',#13943,1000.0);
#11062=CARTESIAN_POINT('',(-51.796171720501,-26.1840629413448,8.59271049248159));
#11063=VECTOR('',#13944,1000.0);
#11064=CARTESIAN_POINT('',(-51.596171720501,-25.9840629413448,8.59271049248159));
#11065=VECTOR('',#13945,1000.0);
#11066=CARTESIAN_POINT('',(-51.596171720501,-24.9840629413448,8.2927104924816));
#11067=VECTOR('',#13946,1000.0);
#11068=CARTESIAN_POINT('',(-51.526171720501,-24.4840629413448,8.59271049248159));
#11069=VECTOR('',#13947,1000.0);
#11070=CARTESIAN_POINT('',(-51.526171720501,-24.3840629413448,8.59271049248159));
#11071=VECTOR('',#13948,1000.0);
#11072=CARTESIAN_POINT('',(-51.596171720501,-24.3840629413448,8.59271049248159));
#11073=VECTOR('',#13949,1000.0);
#11074=CARTESIAN_POINT('',(-51.596171720501,-23.9762081195448,8.59271049248159));
#11075=VECTOR('',#13950,1000.0);
#11076=CARTESIAN_POINT('',(-53.4687394297971,-24.9740200561368,8.40043653402746));
#11077=CARTESIAN_POINT('',(-53.646171720501,-24.6191410472808,8.2927104924816));
#11078=CARTESIAN_POINT('',(-53.6242448851041,-24.6636087904102,8.29271049248159));
#11079=CARTESIAN_POINT('',(-53.6042381910655,-24.7032025388557,8.29630551957565));
#11080=CARTESIAN_POINT('',(-53.5780863974613,-24.7552821694983,8.30443483724478));
#11081=CARTESIAN_POINT('',(-53.569996114212,-24.7714235477082,8.3076032163526));
#11082=CARTESIAN_POINT('',(-53.5588076955846,-24.7938078670167,8.31275387599377));
#11083=CARTESIAN_POINT('',(-53.5552354106466,-24.8009646821184,8.31453750451388));
#11084=CARTESIAN_POINT('',(-53.548399690295,-24.8146690629864,8.3181950026227));
#11085=CARTESIAN_POINT('',(-53.5459956039389,-24.8194934787106,8.3195446699431));
#11086=CARTESIAN_POINT('',(-53.5102397274025,-24.8911882989759,8.34135493610549));
#11087=CARTESIAN_POINT('',(-53.4849911012565,-24.9400417944045,8.36916854994484));
#11088=CARTESIAN_POINT('',(-53.4687394297971,-24.9740200561368,8.40043653402746));
#11089=CARTESIAN_POINT('',(-53.4687394297971,-24.9740200561368,8.40043653402746));
#11090=CARTESIAN_POINT('',(-53.4776628986263,-25.0450696618105,8.3832598472209));
#11091=CARTESIAN_POINT('',(-53.4887212827643,-25.1072974461433,8.36810627718989));
#11092=CARTESIAN_POINT('',(-53.5070816034767,-25.1874063906314,8.3487203815394));
#11093=CARTESIAN_POINT('',(-53.5134984664885,-25.2119039167922,8.34280970081554));
#11094=CARTESIAN_POINT('',(-53.5267133558422,-25.2564880584435,8.33208005082927));
#11095=CARTESIAN_POINT('',(-53.5342861664993,-25.2785847112182,8.32677799307094));
#11096=CARTESIAN_POINT('',(-53.5465232997853,-25.3103269569601,8.31915311348603));
#11097=CARTESIAN_POINT('',(-53.5560250130549,-25.3319538401576,8.31392222627284));
#11098=CARTESIAN_POINT('',(-53.5675842914966,-25.3533705519474,8.30873500800478));
#11099=CARTESIAN_POINT('',(-53.5726291766712,-25.3617317172987,8.30671377749238));
#11100=CARTESIAN_POINT('',(-53.5760114373153,-25.3671241774404,8.30541175142057));
#11101=CARTESIAN_POINT('',(-53.5769068150515,-25.3685451150201,8.30506857348984));
#11102=CARTESIAN_POINT('',(-53.5894807397442,-25.3870403521376,8.30061675771076));
#11103=CARTESIAN_POINT('',(-53.6015029079254,-25.3997318067441,8.29751689737852));
#11104=CARTESIAN_POINT('',(-53.6207800591086,-25.4144378979409,8.29408746783966));
#11105=CARTESIAN_POINT('',(-53.6324584711983,-25.418645151709,8.29271635428035));
#11106=CARTESIAN_POINT('',(-53.646085961315,-25.4197066136468,8.2927104877509));
#11107=CARTESIAN_POINT('',(-53.2700424915691,-24.9609359082618,8.53664654725965));
#11108=CARTESIAN_POINT('',(-53.4687394297971,-24.9740200561368,8.40043653402746));
#11109=CARTESIAN_POINT('',(-53.4541217682704,-24.9731167542633,8.42857275107999));
#11110=CARTESIAN_POINT('',(-53.4362281581275,-24.9723403514564,8.45091815089699));
#11111=CARTESIAN_POINT('',(-53.4113395868538,-24.970608330614,8.4759550931739));
#11112=CARTESIAN_POINT('',(-53.4033453516357,-24.9699670573211,8.48292154806867));
#11113=CARTESIAN_POINT('',(-53.3924201876558,-24.9690172798961,8.4915631785602));
#11114=CARTESIAN_POINT('',(-53.3889540733955,-24.9687035723943,8.49414321280763));
#11115=CARTESIAN_POINT('',(-53.3824558039719,-24.9681088647421,8.49875787480475));
#11116=CARTESIAN_POINT('',(-53.3811547576136,-24.967983824441,8.49967856519077));
#11117=CARTESIAN_POINT('',(-53.3405513610049,-24.9643308747094,8.52582451408963));
#11118=CARTESIAN_POINT('',(-53.302252000306,-24.9615359528368,8.53635644392895));
#11119=CARTESIAN_POINT('',(-53.2700424915691,-24.9609359082618,8.53664654725965));
#11120=CARTESIAN_POINT('',(-53.2700424915691,-24.9609359082618,8.53664654725965));
#11121=CARTESIAN_POINT('',(-53.2791023287543,-25.0103766882758,8.51273578112417));
#11122=CARTESIAN_POINT('',(-53.3002452004926,-25.1029383439758,8.46797070831935));
#11123=CARTESIAN_POINT('',(-53.3398010332475,-25.2168525507218,8.41287902335609));
#11124=CARTESIAN_POINT('',(-53.3908825918857,-25.3237441723858,8.36118362400877));
#11125=CARTESIAN_POINT('',(-53.4604629701925,-25.4171031730068,8.316032958654));
#11126=CARTESIAN_POINT('',(-53.5010602811411,-25.4527127576988,8.29881123943309));
#11127=CARTESIAN_POINT('',(-53.5214217141868,-25.4653274612808,8.2927104613477));
#11128=CARTESIAN_POINT('',(-52.9414471477756,-24.9592563332828,8.53745883070681));
#11129=CARTESIAN_POINT('',(-52.9256490036607,-24.9603992418618,8.53690609226405));
#11130=CARTESIAN_POINT('',(-52.9414471477756,-24.9592563332828,8.53745883070681));
#11131=CARTESIAN_POINT('',(-52.9361474079896,-24.9592563917298,8.53745880244037));
#11132=CARTESIAN_POINT('',(-52.9308810544539,-24.9596408722288,8.53727285830089));
#11133=CARTESIAN_POINT('',(-52.9256490036607,-24.9603992418618,8.53690609226405));
#11134=CARTESIAN_POINT('',(-52.9223009494355,-24.9609359082728,8.53664654724568));
#11135=CARTESIAN_POINT('',(-52.9256490036607,-24.9603992418618,8.53690609226405));
#11136=CARTESIAN_POINT('',(-52.9245296950161,-24.9605614934378,8.53682762344757));
#11137=CARTESIAN_POINT('',(-52.9234136834324,-24.9607404152518,8.53674109243505));
#11138=CARTESIAN_POINT('',(-52.9223009494355,-24.9609359082728,8.53664654724568));
#11139=CARTESIAN_POINT('',(-52.6709217268152,-25.4653274612808,8.2927104613477));
#11140=CARTESIAN_POINT('',(-52.6909503499873,-25.4529782010878,8.29868286454109));
#11141=CARTESIAN_POINT('',(-52.7310708884524,-25.4178249998598,8.3156838655962));
#11142=CARTESIAN_POINT('',(-52.8002838839072,-25.3257424624298,8.36021720224363));
#11143=CARTESIAN_POINT('',(-52.8520021333196,-25.2182729981398,8.41219206036572));
#11144=CARTESIAN_POINT('',(-52.891755841618,-25.1042230210948,8.46734940716003));
#11145=CARTESIAN_POINT('',(-52.9131319715735,-25.0108667720428,8.51249876466169));
#11146=CARTESIAN_POINT('',(-52.9223009494355,-24.9609359082728,8.53664654724568));
#11147=CARTESIAN_POINT('',(-53.2666944373514,-24.9603992418048,8.53690609229175));
#11148=CARTESIAN_POINT('',(-53.2700424915691,-24.9609359082618,8.53664654725965));
#11149=CARTESIAN_POINT('',(-53.2689297575719,-24.9607404152408,8.53674109244917));
#11150=CARTESIAN_POINT('',(-53.2678137459978,-24.9605614933818,8.53682762347503));
#11151=CARTESIAN_POINT('',(-53.2666944373514,-24.9603992418048,8.53690609229175));
#11152=CARTESIAN_POINT('',(-53.2508962932264,-24.9592563332828,8.53745883070681));
#11153=CARTESIAN_POINT('',(-53.2666944373514,-24.9603992418048,8.53690609229175));
#11154=CARTESIAN_POINT('',(-53.2614623866766,-24.9596408721978,8.53727285831603));
#11155=CARTESIAN_POINT('',(-53.2561960328862,-24.9592563917238,8.53745880244345));
#11156=CARTESIAN_POINT('',(-53.2508962932264,-24.9592563332828,8.53745883070681));
#11157=CARTESIAN_POINT('',(-52.9414471477756,-24.9592563332828,8.53745883070681));
#11158=VECTOR('',#13951,1000.0);
#11159=CARTESIAN_POINT('',(-52.9414471477756,-24.9157182295278,8.54743420340159));
#11160=AXIS2_PLACEMENT_3D('',#13952,#13953,#13954);
#11161=CARTESIAN_POINT('',(-53.2508962932264,-24.9157182295278,8.54743420340159));
#11162=AXIS2_PLACEMENT_3D('',#13955,#13956,#13957);
#11163=CARTESIAN_POINT('',(-53.2508962932264,-24.9157182295278,8.54743420340159));
#11164=VECTOR('',#13958,1000.0);
#11165=CARTESIAN_POINT('',(-53.2508962932267,-24.8170099063618,8.46345503165118));
#11166=AXIS2_PLACEMENT_3D('',#13959,#13960,#13961);
#11167=CARTESIAN_POINT('',(-52.9414471477751,-24.8170099063618,8.4634550316512));
#11168=CARTESIAN_POINT('',(-53.2508962932267,-24.8170099063618,8.46345503165118));
#11169=VECTOR('',#13962,1000.0);
#11170=AXIS2_PLACEMENT_3D('',#13963,#13964,#13965);
#11171=CARTESIAN_POINT('',(-52.9102863538309,-24.8197556118108,8.46513558268548));
#11172=CARTESIAN_POINT('',(-52.9102863538309,-24.8197556118108,8.46513558268548));
#11173=CARTESIAN_POINT('',(-52.9205754433091,-24.8180637069238,8.46479006898929));
#11174=CARTESIAN_POINT('',(-52.9309689830362,-24.8171368873698,8.46423740076079));
#11175=CARTESIAN_POINT('',(-52.9414471477751,-24.8170099063618,8.4634550316512));
#11177=CARTESIAN_POINT('',(-52.9102863538309,-24.8197556118108,8.46513558268548));
#11178=CARTESIAN_POINT('',(-52.9073492292098,-24.8334018910454,8.53529393243025));
#11179=CARTESIAN_POINT('',(-52.914274146191,-24.8968206464392,8.56765425074315));
#11180=CARTESIAN_POINT('',(-52.9256490036607,-24.9603992418618,8.53690609226405));
#11187=CARTESIAN_POINT('',(-52.9037427100016,-24.8209872654668,8.46556580764476));
#11188=CARTESIAN_POINT('',(-52.9037427100016,-24.8209872654668,8.46556580764476));
#11189=CARTESIAN_POINT('',(-52.90592961395,-24.8205564093651,8.46542068165954));
#11190=CARTESIAN_POINT('',(-52.9081113789424,-24.8201467689746,8.46527696482594));
#11191=CARTESIAN_POINT('',(-52.9102863538309,-24.8197556118108,8.46513558268548));
#11192=CARTESIAN_POINT('',(-52.9037427100016,-24.8209872654668,8.46556580764476));
#11193=CARTESIAN_POINT('',(-52.9034450778067,-24.8222432920398,8.47166599945819));
#11194=CARTESIAN_POINT('',(-52.9030396988666,-24.8261063283078,8.48462439956663));
#11195=CARTESIAN_POINT('',(-52.9032378451042,-24.8367280422188,8.50417069310871));
#11196=CARTESIAN_POINT('',(-52.904525079399,-24.8527379856968,8.52214731068942));
#11197=CARTESIAN_POINT('',(-52.9069246260587,-24.8731718479908,8.53615039385078));
#11198=CARTESIAN_POINT('',(-52.9102707932402,-24.8963382338998,8.54466984432899));
#11199=CARTESIAN_POINT('',(-52.9142231567916,-24.9200501638118,8.54718039995659));
#11200=CARTESIAN_POINT('',(-52.9183712102435,-24.9422331536908,8.5442268636289));
#11201=CARTESIAN_POINT('',(-52.9210354390562,-24.9550978605258,8.53946993709494));
#11202=CARTESIAN_POINT('',(-52.9223009494355,-24.9609359082728,8.53664654724568));
#11203=CARTESIAN_POINT('',(-52.7236040112051,-24.9740200561368,8.40043653402794));
#11204=CARTESIAN_POINT('',(-52.9037427100016,-24.8209872654668,8.46556580764476));
#11205=CARTESIAN_POINT('',(-52.856783323938,-24.8307423098607,8.46926823808912));
#11206=CARTESIAN_POINT('',(-52.8207983464338,-24.853806411466,8.46484208372686));
#11207=CARTESIAN_POINT('',(-52.7907551690933,-24.8806915448671,8.45548251969505));
#11208=CARTESIAN_POINT('',(-52.7853488946406,-24.8858013123397,8.45359115550187));
#11209=CARTESIAN_POINT('',(-52.7777721647831,-24.8934372161757,8.45051921409436));
#11210=CARTESIAN_POINT('',(-52.7743582707722,-24.8970815789282,8.44895117343987));
#11211=CARTESIAN_POINT('',(-52.7650669963224,-24.9074439976749,8.44425058236183));
#11212=CARTESIAN_POINT('',(-52.7575896587841,-24.916737080841,8.43966436792907));
#11213=CARTESIAN_POINT('',(-52.7459990144934,-24.9330497021102,8.43054265701146));
#11214=CARTESIAN_POINT('',(-52.7407739204654,-24.9413654091007,8.42542573380955));
#11215=CARTESIAN_POINT('',(-52.7337726250817,-24.9537298916453,8.41680812257792));
#11216=CARTESIAN_POINT('',(-52.7316478911704,-24.9576954584911,8.41388539859381));
#11217=CARTESIAN_POINT('',(-52.7284865169323,-24.9638919725302,8.40901765838991));
#11218=CARTESIAN_POINT('',(-52.7276809768582,-24.965504979644,8.40771921249143));
#11219=CARTESIAN_POINT('',(-52.7254157178642,-24.9701644040611,8.40382623534891));
#11220=CARTESIAN_POINT('',(-52.7239893377198,-24.9731977762846,8.40115960707466));
#11221=CARTESIAN_POINT('',(-52.7236040112051,-24.9740200561368,8.40043653402794));
#11222=CARTESIAN_POINT('',(-52.9223009494355,-24.9609359082728,8.53664654724568));
#11223=CARTESIAN_POINT('',(-52.9061857447432,-24.9612407774637,8.53649915156334));
#11224=CARTESIAN_POINT('',(-52.8886323125759,-24.9621400639302,8.53386604060688));
#11225=CARTESIAN_POINT('',(-52.8614514582397,-24.9639120128268,8.52550002779437));
#11226=CARTESIAN_POINT('',(-52.8522557197623,-24.9645754973818,8.5219795636675));
#11227=CARTESIAN_POINT('',(-52.8384705689,-24.9656477847197,8.51555756974845));
#11228=CARTESIAN_POINT('',(-52.8338772142418,-24.9660182693639,8.51322700341399));
#11229=CARTESIAN_POINT('',(-52.8247319719487,-24.9667826814532,8.50818262767342));
#11230=CARTESIAN_POINT('',(-52.8184430129318,-24.9673326507761,8.50434995161182));
#11231=CARTESIAN_POINT('',(-52.7934735042868,-24.9695756817211,8.48826699448568));
#11232=CARTESIAN_POINT('',(-52.7528686035534,-24.9722131299248,8.45672554927132));
#11233=CARTESIAN_POINT('',(-52.7236040112051,-24.9740200561368,8.40043653402794));
#11234=CARTESIAN_POINT('',(-52.7236040112051,-24.9740200561368,8.40043653402794));
#11235=CARTESIAN_POINT('',(-52.7129124760761,-25.0587052536158,8.37996450336087));
#11236=CARTESIAN_POINT('',(-52.6990894218886,-25.1325891946581,8.36209638249121));
#11237=CARTESIAN_POINT('',(-52.6686851648711,-25.2517843643723,8.33327045277873));
#11238=CARTESIAN_POINT('',(-52.652138275328,-25.2978467514581,8.3221309774211));
#11239=CARTESIAN_POINT('',(-52.6034717555129,-25.3992466182457,8.29760921690163));
#11240=CARTESIAN_POINT('',(-52.57205342649,-25.4194978326552,8.29271212328544));
#11241=CARTESIAN_POINT('',(-52.5461717205015,-25.4195038329488,8.2927104849885));
#11242=CARTESIAN_POINT('',(-52.7236040112051,-24.9740200561368,8.40043653402794));
#11243=CARTESIAN_POINT('',(-52.715485833641,-24.9570416189443,8.38480833041459));
#11244=CARTESIAN_POINT('',(-52.7051635887868,-24.9363392483416,8.37003285781249));
#11245=CARTESIAN_POINT('',(-52.6866893977521,-24.8996997923222,8.35010321203211));
#11246=CARTESIAN_POINT('',(-52.6767092291961,-24.8799835892837,8.34069678261095));
#11247=CARTESIAN_POINT('',(-52.6657145346961,-24.8581726737019,8.33230196047577));
#11248=CARTESIAN_POINT('',(-52.6581734416108,-24.8431665716377,8.32694862704091));
#11249=CARTESIAN_POINT('',(-52.6534344211389,-24.8337011696795,8.32386737042487));
#11250=CARTESIAN_POINT('',(-52.6254277433153,-24.7775507310967,8.30678352041008));
#11251=CARTESIAN_POINT('',(-52.5900420811659,-24.7081103361706,8.29271049248159));
#11252=CARTESIAN_POINT('',(-52.546171720501,-24.6191410472808,8.2927104924816));
#11253=CARTESIAN_POINT('',(-52.9410050131637,-24.8165576936118,8.46066883598256));
#11255=CARTESIAN_POINT('',(-52.9410050131637,-24.8165576936118,8.46066883598256));
#11256=CARTESIAN_POINT('',(-52.9308105760315,-24.8168193511168,8.46228097320302));
#11257=CARTESIAN_POINT('',(-52.9205477523598,-24.8178704050815,8.46377608704429));
#11258=CARTESIAN_POINT('',(-52.9102863538309,-24.8197556118108,8.46513558268548));
#11265=CARTESIAN_POINT('',(-52.546171720501,-24.6191410472808,8.2927104924816));
#11266=CARTESIAN_POINT('',(-52.5742912275003,-24.6332006842306,8.2927104924816));
#11267=CARTESIAN_POINT('',(-52.5987253827776,-24.6454752330741,8.29417131818703));
#11268=CARTESIAN_POINT('',(-52.6298485881104,-24.6610307936938,8.29707544344078));
#11269=CARTESIAN_POINT('',(-52.6393016519576,-24.6657454952081,8.29816650956204));
#11270=CARTESIAN_POINT('',(-52.6520992408324,-24.6721245660911,8.29984374911023));
#11271=CARTESIAN_POINT('',(-52.6581525335459,-24.6751411016278,8.30069297604087));
#11272=CARTESIAN_POINT('',(-52.6636875736735,-24.677902170842,8.30153516936409));
#11273=CARTESIAN_POINT('',(-52.6672624331839,-24.6796866307926,8.30209279621896));
#11274=CARTESIAN_POINT('',(-52.6675526967831,-24.6798308533589,8.30213392355504));
#11275=CARTESIAN_POINT('',(-52.6955593022262,-24.6938358356233,8.3067204807232));
#11276=CARTESIAN_POINT('',(-52.7183326232188,-24.7052484992185,8.31181166918282));
#11277=CARTESIAN_POINT('',(-52.7493104456059,-24.7207349867729,8.3203347666789));
#11278=CARTESIAN_POINT('',(-52.7640038170238,-24.7280731674102,8.32481910836234));
#11279=CARTESIAN_POINT('',(-52.7775038787787,-24.7348126900024,8.32953157515802));
#11280=CARTESIAN_POINT('',(-52.7862387400234,-24.7391749674933,8.33271316129373));
#11281=CARTESIAN_POINT('',(-52.7893899446475,-24.7407487409435,8.3338945063705));
#11282=CARTESIAN_POINT('',(-52.8775500191061,-24.7848383994903,8.36882655613952));
#11283=CARTESIAN_POINT('',(-52.9263597463672,-24.8092349991933,8.41555188722695));
#11284=CARTESIAN_POINT('',(-52.9410050131637,-24.8165576936118,8.46066883598256));
#11285=CARTESIAN_POINT('',(-53.2513384278382,-24.8165576936118,8.46066883598254));
#11286=CARTESIAN_POINT('',(-52.9410050131637,-24.8165576936118,8.46066883598256));
#11287=VECTOR('',#13966,1000.0);
#11288=CARTESIAN_POINT('',(-53.2513384278382,-24.8165576936118,8.46066883598254));
#11289=CARTESIAN_POINT('',(-53.2586598376443,-24.8128969583614,8.4381141320345));
#11290=CARTESIAN_POINT('',(-53.2745229579018,-24.8051733711952,8.4152495025166));
#11291=CARTESIAN_POINT('',(-53.311130203965,-24.7868806178446,8.38309528325441));
#11292=CARTESIAN_POINT('',(-53.3254680469322,-24.7796749905223,8.37274261759878));
#11293=CARTESIAN_POINT('',(-53.3501779528023,-24.7672391266547,8.35814519840505));
#11294=CARTESIAN_POINT('',(-53.3633336910922,-24.7606156823251,8.35107983979932));
#11295=CARTESIAN_POINT('',(-53.3776906074142,-24.7534035428676,8.34443929688274));
#11296=CARTESIAN_POINT('',(-53.3875288134139,-24.7484677791877,8.34011507453004));
#11297=CARTESIAN_POINT('',(-53.3936692856118,-24.7453918832012,8.33757324573711));
#11298=CARTESIAN_POINT('',(-53.4141599180075,-24.7351431117786,8.32945320045159));
#11299=CARTESIAN_POINT('',(-53.4326821206242,-24.7259088322176,8.32318315727582));
#11300=CARTESIAN_POINT('',(-53.4636599695997,-24.7104229474861,8.31465899988614));
#11301=CARTESIAN_POINT('',(-53.47994753035,-24.7022732655321,8.31061889622671));
#11302=CARTESIAN_POINT('',(-53.5003472980182,-24.6920602310353,8.30642920416338));
#11303=CARTESIAN_POINT('',(-53.5093895441888,-24.6875347846193,8.30476125918011));
#11304=CARTESIAN_POINT('',(-53.5154842613244,-24.6844851990479,8.30367938542359));
#11305=CARTESIAN_POINT('',(-53.5200080616104,-24.6822223897447,8.30291713859474));
#11306=CARTESIAN_POINT('',(-53.5484107501106,-24.6680187267071,8.2982655213442));
#11307=CARTESIAN_POINT('',(-53.5899083876133,-24.6472724203071,8.2927104924816));
#11308=CARTESIAN_POINT('',(-53.646171720501,-24.6191410472808,8.2927104924816));
#11309=CARTESIAN_POINT('',(-53.2820570872372,-24.8197556118498,8.46513558268876));
#11311=CARTESIAN_POINT('',(-53.2820570872372,-24.8197556118498,8.46513558268876));
#11312=CARTESIAN_POINT('',(-53.2717956886891,-24.8178704050862,8.46377608705055));
#11313=CARTESIAN_POINT('',(-53.2615328649938,-24.8168193511173,8.46228097320613));
#11314=CARTESIAN_POINT('',(-53.2513384278382,-24.8165576936118,8.46066883598254));
#11321=CARTESIAN_POINT('',(-53.2886007310555,-24.8209872677388,8.46556581231821));
#11322=CARTESIAN_POINT('',(-53.2820570872372,-24.8197556118498,8.46513558268876));
#11323=CARTESIAN_POINT('',(-53.2842320621829,-24.8201467693898,8.46527696650277));
#11324=CARTESIAN_POINT('',(-53.2864138272542,-24.8205564100834,8.46542068497962));
#11325=CARTESIAN_POINT('',(-53.2886007310555,-24.8209872677388,8.46556581231821));
#11326=CARTESIAN_POINT('',(-53.4687394297971,-24.9740200561368,8.40043653402746));
#11327=CARTESIAN_POINT('',(-53.4686011190875,-24.9737358980224,8.40068461805033));
#11328=CARTESIAN_POINT('',(-53.4674570304867,-24.9712928808213,8.40282628065278));
#11329=CARTESIAN_POINT('',(-53.4670386638379,-24.9704104558564,8.40358579793712));
#11330=CARTESIAN_POINT('',(-53.4663698918656,-24.9690076836764,8.40478373789734));
#11331=CARTESIAN_POINT('',(-53.4646869170274,-24.9655398613262,8.40767650114312));
#11332=CARTESIAN_POINT('',(-53.4638537392241,-24.9638687968251,8.40902026004123));
#11333=CARTESIAN_POINT('',(-53.4606984335568,-24.9576779019051,8.41387570653466));
#11334=CARTESIAN_POINT('',(-53.4585568652207,-24.9536791595922,8.41681888061997));
#11335=CARTESIAN_POINT('',(-53.4515712306868,-24.9413401748988,8.42540886385437));
#11336=CARTESIAN_POINT('',(-53.4460695973105,-24.9326332370618,8.43074604425521));
#11337=CARTESIAN_POINT('',(-53.4349728621957,-24.9170280367311,8.43947180151118));
#11338=CARTESIAN_POINT('',(-53.4284674810544,-24.9087689966614,8.44365626395514));
#11339=CARTESIAN_POINT('',(-53.4173011184757,-24.8963056179086,8.44927664471374));
#11340=CARTESIAN_POINT('',(-53.4135187889488,-24.8923264046258,8.45095435169859));
#11341=CARTESIAN_POINT('',(-53.4058869601114,-24.884717460853,8.45398274858895));
#11342=CARTESIAN_POINT('',(-53.4011908751025,-24.8803293954094,8.45560012636301));
#11343=CARTESIAN_POINT('',(-53.3740618502485,-24.8561267109935,8.46413295357519));
#11344=CARTESIAN_POINT('',(-53.3398411904075,-24.8316385683706,8.46963687860923));
#11345=CARTESIAN_POINT('',(-53.2886007310555,-24.8209872677388,8.46556581231821));
#11346=CARTESIAN_POINT('',(-53.2886007310555,-24.8209872677388,8.46556581231821));
#11347=CARTESIAN_POINT('',(-53.2888969207984,-24.8222372305618,8.47163648857945));
#11348=CARTESIAN_POINT('',(-53.2893023707489,-24.8260859253078,8.48456644769174));
#11349=CARTESIAN_POINT('',(-53.289108681674,-24.8366738004888,8.50409471115974));
#11350=CARTESIAN_POINT('',(-53.287824802934,-24.8526751892728,8.52209331724724));
#11351=CARTESIAN_POINT('',(-53.2854270676051,-24.8731101081858,8.53611985524299));
#11352=CARTESIAN_POINT('',(-53.2820808232777,-24.8962864995648,8.5446590993746));
#11353=CARTESIAN_POINT('',(-53.2781268023369,-24.9200138868598,8.5471821058415));
#11354=CARTESIAN_POINT('',(-53.2739757065665,-24.9422160941258,8.5442324990916));
#11355=CARTESIAN_POINT('',(-53.2713092433677,-24.9550921345088,8.53947270862029));
#11356=CARTESIAN_POINT('',(-53.2700424915691,-24.9609359082618,8.53664654725965));
#11358=CARTESIAN_POINT('',(-53.2666944373514,-24.9603992418048,8.53690609229175));
#11359=CARTESIAN_POINT('',(-53.2780683793996,-24.896820459425,8.56765434113111));
#11360=CARTESIAN_POINT('',(-53.2849930633536,-24.8334016351078,8.53529397661594));
#11361=CARTESIAN_POINT('',(-53.2820570872372,-24.8197556118498,8.46513558268876));
#11368=CARTESIAN_POINT('',(-53.2508962932267,-24.8170099063618,8.46345503165118));
#11369=CARTESIAN_POINT('',(-53.2613744579657,-24.8171368873698,8.46423740076083));
#11370=CARTESIAN_POINT('',(-53.271767997759,-24.8180637069628,8.46479006899258));
#11371=CARTESIAN_POINT('',(-53.2820570872372,-24.8197556118498,8.46513558268876));
#11372=CARTESIAN_POINT('',(-53.2508962932267,-24.8170099063618,8.46345503165118));
#11373=CARTESIAN_POINT('',(-53.2510403958082,-24.8168590850538,8.46252578390746));
#11374=CARTESIAN_POINT('',(-53.2511877752336,-24.8167083462208,8.46159704431896));
#11375=CARTESIAN_POINT('',(-53.2513384278382,-24.8165576936118,8.46066883598254));
#11376=CARTESIAN_POINT('',(-52.9410050131637,-24.8165576936118,8.46066883598256));
#11377=CARTESIAN_POINT('',(-52.9411556657683,-24.8167083462208,8.46159704431897));
#11378=CARTESIAN_POINT('',(-52.9413030451937,-24.8168590850538,8.46252578390749));
#11379=CARTESIAN_POINT('',(-52.9414471477751,-24.8170099063618,8.4634550316512));
#11380=CARTESIAN_POINT('',(-53.8461717205013,-24.8679231642458,8.6927104924811));
#11381=CARTESIAN_POINT('',(-53.846171720501,-24.7529105737648,8.6927104924816));
#11382=CARTESIAN_POINT('',(-53.8461717205013,-24.8679231642458,8.6927104924811));
#11383=VECTOR('',#13967,1000.0);
#11384=CARTESIAN_POINT('',(-53.946171720501,-24.7529105737648,8.59271049248159));
#11385=CARTESIAN_POINT('',(-53.9344408684275,-24.7529105737659,8.59271140325565));
#11386=CARTESIAN_POINT('',(-53.9154125060723,-24.7529105737656,8.59592153973734));
#11387=CARTESIAN_POINT('',(-53.8912591125239,-24.7529105737654,8.60829040596899));
#11388=CARTESIAN_POINT('',(-53.8750409077047,-24.7529105737653,8.62139475651749));
#11389=CARTESIAN_POINT('',(-53.8618926303873,-24.7529105737653,8.63758104450267));
#11390=CARTESIAN_POINT('',(-53.8494184029325,-24.7529105737652,8.66178803682959));
#11391=CARTESIAN_POINT('',(-53.846171720501,-24.7529105737651,8.68090697897095));
#11392=CARTESIAN_POINT('',(-53.846171720501,-24.7529105737648,8.6927104924816));
#11393=CARTESIAN_POINT('',(-53.8461717205013,-24.8679231642458,8.6927104924811));
#11394=CARTESIAN_POINT('',(-53.8461717301943,-24.8679231646959,8.68092618241361));
#11395=CARTESIAN_POINT('',(-53.8504426282226,-24.8679231646977,8.65546735058879));
#11396=CARTESIAN_POINT('',(-53.8733475254849,-24.8679231647045,8.61988913332483));
#11397=CARTESIAN_POINT('',(-53.908926097817,-24.8679231647151,8.59698203773453));
#11398=CARTESIAN_POINT('',(-53.9343863347709,-24.8679231647228,8.59271049248168));
#11399=CARTESIAN_POINT('',(-53.946171720501,-24.8679231642458,8.59271049248159));
#11400=CARTESIAN_POINT('',(-53.646171720501,-25.5134366592688,8.60268586517639));
#11401=CARTESIAN_POINT('',(-53.8461717205013,-24.8679231642458,8.6927104924811));
#11402=CARTESIAN_POINT('',(-53.846171720501,-24.9250081198119,8.6846794347137));
#11403=CARTESIAN_POINT('',(-53.8438643479739,-24.9753387759607,8.67776498083832));
#11404=CARTESIAN_POINT('',(-53.8390012762699,-25.0405214605703,8.66869218989137));
#11405=CARTESIAN_POINT('',(-53.8371421697811,-25.0605344403585,8.66589330222894));
#11406=CARTESIAN_POINT('',(-53.8342059917001,-25.0879881097338,8.66204559056593));
#11407=CARTESIAN_POINT('',(-53.8327004664828,-25.1010737143684,8.66020984463954));
#11408=CARTESIAN_POINT('',(-53.8311729860445,-25.1132001993549,8.65851189900124));
#11409=CARTESIAN_POINT('',(-53.8301532318679,-25.1210717662134,8.65741134581356));
#11410=CARTESIAN_POINT('',(-53.8298218645837,-25.1235918599932,8.65705909356959));
#11411=CARTESIAN_POINT('',(-53.8181118425981,-25.2091447737144,8.6451454836915));
#11412=CARTESIAN_POINT('',(-53.8030452365473,-25.2749078419917,8.63594875479021));
#11413=CARTESIAN_POINT('',(-53.7790215127405,-25.3518060993537,8.62523314946096));
#11414=CARTESIAN_POINT('',(-53.7705435457322,-25.3746113999581,8.62205155380181));
#11415=CARTESIAN_POINT('',(-53.7574277373929,-25.4045849963495,8.61787867808117));
#11416=CARTESIAN_POINT('',(-53.7507695680931,-25.4185136558631,8.61594305002694));
#11417=CARTESIAN_POINT('',(-53.7428867873723,-25.4329177334431,8.61396055666525));
#11418=CARTESIAN_POINT('',(-53.7394898629859,-25.4386961753405,8.61317174595754));
#11419=CARTESIAN_POINT('',(-53.7372217727547,-25.442460849378,8.61265959272691));
#11420=CARTESIAN_POINT('',(-53.7367602520205,-25.4432352309099,8.61255400910539));
#11421=CARTESIAN_POINT('',(-53.7059655090534,-25.4918367394696,8.60599397918282));
#11422=CARTESIAN_POINT('',(-53.6797815813427,-25.5116212183527,8.60356385664766));
#11423=CARTESIAN_POINT('',(-53.646171720501,-25.5134366592688,8.60268586517639));
#11424=AXIS2_PLACEMENT_3D('',#13968,#13969,#13970);
#11425=CARTESIAN_POINT('',(-52.546171720501,-25.5134366592688,8.60268586517639));
#11426=CARTESIAN_POINT('',(-52.546171720501,-25.5134366592688,8.60268586517639));
#11427=VECTOR('',#13971,1000.0);
#11428=AXIS2_PLACEMENT_3D('',#13972,#13973,#13974);
#11429=CARTESIAN_POINT('',(-52.346171720501,-24.8679231642458,8.6927104924816));
#11430=CARTESIAN_POINT('',(-52.346171720501,-24.8679231642458,8.6927104924816));
#11431=CARTESIAN_POINT('',(-52.3461717204999,-24.9102905762777,8.68680184687237));
#11432=CARTESIAN_POINT('',(-52.3488656621509,-24.9947754223049,8.67501941810107));
#11433=CARTESIAN_POINT('',(-52.3604214010283,-25.1164522363724,8.65805012168319));
#11434=CARTESIAN_POINT('',(-52.3789109821024,-25.228732934946,8.64239122668352));
#11435=CARTESIAN_POINT('',(-52.4038023709507,-25.3274298463476,8.62862675429733));
#11436=CARTESIAN_POINT('',(-52.4343817196784,-25.4077684832076,8.61742256437286));
#11437=CARTESIAN_POINT('',(-52.4691697448658,-25.4674448533125,8.60909997633851));
#11438=CARTESIAN_POINT('',(-52.5068689765658,-25.504741780139,8.60389847096992));
#11439=CARTESIAN_POINT('',(-52.5330449888884,-25.5134366589295,8.60268586534074));
#11440=CARTESIAN_POINT('',(-52.546171720501,-25.5134366592688,8.60268586517639));
#11441=CARTESIAN_POINT('',(-52.246171720501,-24.8679231642458,8.59271049248159));
#11442=CARTESIAN_POINT('',(-52.2579570792534,-24.8679231639236,8.5927104924817));
#11443=CARTESIAN_POINT('',(-52.2834172527834,-24.8679231639286,8.5969820175615));
#11444=CARTESIAN_POINT('',(-52.3189957651873,-24.8679231639361,8.61988900312856));
#11445=CARTESIAN_POINT('',(-52.3419007699089,-24.8679231639408,8.6554671956206));
#11446=CARTESIAN_POINT('',(-52.3461717117783,-24.8679231639418,8.68092610305762));
#11447=CARTESIAN_POINT('',(-52.346171720501,-24.8679231642458,8.6927104924816));
#11448=CARTESIAN_POINT('',(-52.346171720501,-24.7529105737648,8.6927104924816));
#11449=CARTESIAN_POINT('',(-52.346171720501,-24.7529105737648,8.6927104924816));
#11450=CARTESIAN_POINT('',(-52.3461717205009,-24.752910573765,8.68090625466336));
#11451=CARTESIAN_POINT('',(-52.3429246223506,-24.7529105737649,8.66178604048053));
#11452=CARTESIAN_POINT('',(-52.3304488032263,-24.7529105737654,8.6375778050688));
#11453=CARTESIAN_POINT('',(-52.3172989522129,-24.7529105737654,8.62139105812783));
#11454=CARTESIAN_POINT('',(-52.3010790304443,-24.7529105737656,8.6082868661826));
#11455=CARTESIAN_POINT('',(-52.2769265072812,-24.7529105737653,8.59592055508032));
#11456=CARTESIAN_POINT('',(-52.2579004384322,-24.7529105737657,8.59271143889971));
#11457=CARTESIAN_POINT('',(-52.2461717236991,-24.7529105737648,8.59271049555729));
#11458=CARTESIAN_POINT('',(-52.346171720501,-24.7529105737648,8.6927104924816));
#11459=VECTOR('',#13975,1000.0);
#11460=CARTESIAN_POINT('',(-52.346171720501,-24.7612813707388,8.74428506278829));
#11461=CARTESIAN_POINT('',(-52.346171720501,-24.7529105737648,8.6927104924816));
#11462=VECTOR('',#13976,1000.0);
#11463=CARTESIAN_POINT('',(-52.346171720501,-24.7612813707388,8.74428506278829));
#11464=VECTOR('',#13977,1000.0);
#11465=CARTESIAN_POINT('',(-52.546171720501,-24.7276010450868,8.98273511978899));
#11466=CARTESIAN_POINT('',(-52.546171720501,-24.7276010450868,8.98273511978899));
#11467=CARTESIAN_POINT('',(-52.5218234858636,-24.7275021081678,8.98278296795314));
#11468=CARTESIAN_POINT('',(-52.4974388393645,-24.7282165602599,8.97742430507221));
#11469=CARTESIAN_POINT('',(-52.4633159116037,-24.7304237535823,8.96186372054827));
#11470=CARTESIAN_POINT('',(-52.4523537686207,-24.7313490592902,8.95541678879605));
#11471=CARTESIAN_POINT('',(-52.431599585608,-24.733534080556,8.94027967226134));
#11472=CARTESIAN_POINT('',(-52.4231672947808,-24.7345808202276,8.93305845770188));
#11473=CARTESIAN_POINT('',(-52.3710710060624,-24.7426574031707,8.87736372822115));
#11474=CARTESIAN_POINT('',(-52.3461717204483,-24.751066703202,8.81085002841842));
#11475=CARTESIAN_POINT('',(-52.346171720501,-24.7612813707388,8.74428506278829));
#11476=CARTESIAN_POINT('',(-52.546171720501,-24.7276010450868,8.98273511978899));
#11477=VECTOR('',#13978,1000.0);
#11478=CARTESIAN_POINT('',(-53.646171720501,-24.7276010450878,8.9827351197889));
#11479=CARTESIAN_POINT('',(-53.646171720501,-24.7276010450878,8.9827351197889));
#11480=VECTOR('',#13979,1000.0);
#11481=CARTESIAN_POINT('',(-53.646171720501,-25.5134366592688,8.60268586517639));
#11482=VECTOR('',#13980,1000.0);
#11483=CARTESIAN_POINT('',(-53.846171720501,-24.7612813707388,8.74428506278829));
#11484=CARTESIAN_POINT('',(-53.646171720501,-24.7276010450878,8.9827351197889));
#11485=CARTESIAN_POINT('',(-53.6691203798698,-24.7275116077953,8.98277837384669));
#11486=CARTESIAN_POINT('',(-53.6928059507373,-24.7282951538818,8.97796204933392));
#11487=CARTESIAN_POINT('',(-53.7270538812042,-24.7304747915367,8.96281721628551));
#11488=CARTESIAN_POINT('',(-53.7382492546358,-24.7313724069304,8.95645649648558));
#11489=CARTESIAN_POINT('',(-53.7597331582342,-24.7335133143053,8.94111748735707));
#11490=CARTESIAN_POINT('',(-53.771500783337,-24.734978644045,8.9305589655257));
#11491=CARTESIAN_POINT('',(-53.8120480595047,-24.7410683787349,8.88727137895297));
#11492=CARTESIAN_POINT('',(-53.846171720501,-24.7486625892903,8.82647918425405));
#11493=CARTESIAN_POINT('',(-53.846171720501,-24.7612813707388,8.74428506278829));
#11494=CARTESIAN_POINT('',(-53.8461717205013,-24.8679231642458,8.6927104924811));
#11495=VECTOR('',#13981,1000.0);
#11496=CARTESIAN_POINT('',(-53.846171720501,-24.7612813707388,8.74428506278829));
#11497=VECTOR('',#13982,1000.0);
#11498=CARTESIAN_POINT('',(-53.646171720501,-24.5476931585748,8.676689664232));
#11499=CARTESIAN_POINT('',(-53.646171720501,-24.5476931585748,8.676689664232));
#11500=CARTESIAN_POINT('',(-53.6705388418578,-24.5476956715811,8.67670514748978));
#11501=CARTESIAN_POINT('',(-53.6955572706421,-24.5523306740111,8.67711346709732));
#11502=CARTESIAN_POINT('',(-53.7312928180627,-24.5667523758205,8.67823072725697));
#11503=CARTESIAN_POINT('',(-53.7428992869232,-24.5727939261878,8.67868898973848));
#11504=CARTESIAN_POINT('',(-53.7594632842903,-24.5836616009787,8.67951263347504));
#11505=CARTESIAN_POINT('',(-53.764843481563,-24.5875841912878,8.67981002922298));
#11506=CARTESIAN_POINT('',(-53.775255833076,-24.5960109269513,8.6804535204961));
#11507=CARTESIAN_POINT('',(-53.7812459108848,-24.6014644047017,8.68087357824137));
#11508=CARTESIAN_POINT('',(-53.8160523295631,-24.635957281647,8.68356098762835));
#11509=CARTESIAN_POINT('',(-53.846171720501,-24.6871354968401,8.68708675558638));
#11510=CARTESIAN_POINT('',(-53.846171720501,-24.7529105737648,8.6927104924816));
#11511=CARTESIAN_POINT('',(-53.646171720501,-24.5853546181848,8.9087313207425));
#11512=CARTESIAN_POINT('',(-53.6705199551383,-24.5853722251644,8.90883980094857));
#11513=CARTESIAN_POINT('',(-53.6949046016375,-24.589350169656,8.90517897217856));
#11514=CARTESIAN_POINT('',(-53.7290275293985,-24.6008253145822,8.89444004569545));
#11515=CARTESIAN_POINT('',(-53.7399896723814,-24.6055733791842,8.8899819068229));
#11516=CARTESIAN_POINT('',(-53.760743855394,-24.6167144868341,8.87950420023893));
#11517=CARTESIAN_POINT('',(-53.7691761462212,-24.622026884394,8.8745021970581));
#11518=CARTESIAN_POINT('',(-53.8212724349392,-24.6629975931139,8.83592065858584));
#11519=CARTESIAN_POINT('',(-53.8461717205537,-24.7126366182353,8.79085675092849));
#11520=CARTESIAN_POINT('',(-53.846171720501,-24.7612813707388,8.74428506278829));
#11521=CARTESIAN_POINT('',(-53.646171720501,-24.5853546181848,8.9087313207425));
#11522=VECTOR('',#13983,1000.0);
#11523=CARTESIAN_POINT('',(-52.546171720501,-24.5476931585748,8.676689664232));
#11524=CARTESIAN_POINT('',(-53.646171720501,-24.5476931585748,8.676689664232));
#11525=VECTOR('',#13984,1000.0);
#11526=CARTESIAN_POINT('',(-52.546171720501,-24.5476931585748,8.676689664232));
#11527=VECTOR('',#13985,1000.0);
#11528=CARTESIAN_POINT('',(-52.346171720501,-24.7529105737648,8.6927104924816));
#11529=CARTESIAN_POINT('',(-52.346171720501,-24.7210829639713,8.68998500850563));
#11530=CARTESIAN_POINT('',(-52.3533844124646,-24.6920762833881,8.68784881542583));
#11531=CARTESIAN_POINT('',(-52.3696137754644,-24.6555766139071,8.6850774241766));
#11532=CARTESIAN_POINT('',(-52.3759241996626,-24.644534048496,8.68423298328468));
#11533=CARTESIAN_POINT('',(-52.3861344605728,-24.6296806088244,8.68308139245632));
#11534=CARTESIAN_POINT('',(-52.3896628747967,-24.6250127140079,8.68271700206465));
#11535=CARTESIAN_POINT('',(-52.3968807265184,-24.6162290190278,8.68202950633793));
#11536=CARTESIAN_POINT('',(-52.3994627347401,-24.6132567088487,8.68179563718328));
#11537=CARTESIAN_POINT('',(-52.442999081131,-24.5682991387256,8.6782879376542));
#11538=CARTESIAN_POINT('',(-52.4959307561301,-24.5477079930591,8.67678106319119));
#11539=CARTESIAN_POINT('',(-52.546171720501,-24.5476931585748,8.676689664232));
#11540=CARTESIAN_POINT('',(-52.546171720501,-24.5853546181838,8.90873132074209));
#11541=CARTESIAN_POINT('',(-52.5232230611314,-24.5853705344875,8.90882938507913));
#11542=CARTESIAN_POINT('',(-52.4995374902634,-24.5888647174751,8.90542327123315));
#11543=CARTESIAN_POINT('',(-52.4652895597967,-24.6000152340261,8.89494554394994));
#11544=CARTESIAN_POINT('',(-52.4540941863651,-24.604708596365,8.89055956404518));
#11545=CARTESIAN_POINT('',(-52.4326102827673,-24.6160403477441,8.88000209767696));
#11546=CARTESIAN_POINT('',(-52.4208426576701,-24.6238452898332,8.87274176343041));
#11547=CARTESIAN_POINT('',(-52.3802953814774,-24.6557966262849,8.84290869249734));
#11548=CARTESIAN_POINT('',(-52.3461717205013,-24.7012183519069,8.8017962878888));
#11549=CARTESIAN_POINT('',(-52.346171720501,-24.7612813707388,8.74428506278829));
#11550=AXIS2_PLACEMENT_3D('',#13986,#13987,#13988);
#11551=AXIS2_PLACEMENT_3D('',#13989,#13990,#13991);
#11552=AXIS2_PLACEMENT_3D('',#13992,#13993,#13994);
#11553=AXIS2_PLACEMENT_3D('',#13995,#13996,#13997);
#11554=CARTESIAN_POINT('',(-52.746171720501,-22.2271812615629,-2.2165706428284));
#11555=VECTOR('',#13998,1000.0);
#11556=CARTESIAN_POINT('',(-52.746171720501,-22.6619771363781,1.6382416503946));
#11557=VECTOR('',#13999,1000.0);
#11558=CARTESIAN_POINT('',(-52.746171720501,-22.2756229609192,1.9477639205366));
#11559=AXIS2_PLACEMENT_3D('',#14000,#14001,#14002);
#11560=CARTESIAN_POINT('',(-52.746171720501,-22.523518052613,2.1167255242046));
#11561=AXIS2_PLACEMENT_3D('',#14003,#14004,#14005);
#11562=CARTESIAN_POINT('',(-52.746171720501,-22.2756229609192,1.9477639205366));
#11563=VECTOR('',#14006,1000.0);
#11564=CARTESIAN_POINT('',(-52.746171720501,-21.9325488506664,2.9837767436786));
#11565=CARTESIAN_POINT('',(-52.746171720501,-22.523518052613,2.1167255242046));
#11566=VECTOR('',#14007,1000.0);
#11567=CARTESIAN_POINT('',(-52.746171720501,-21.6846537589726,2.81481514001059));
#11568=CARTESIAN_POINT('',(-52.746171720501,-21.9325488506664,2.9837767436786));
#11569=VECTOR('',#14008,1000.0);
#11570=CARTESIAN_POINT('',(-52.746171720501,-21.6846537589726,2.81481514001059));
#11571=VECTOR('',#14009,1000.0);
#11572=AXIS2_PLACEMENT_3D('',#14010,#14011,#14012);
#11573=CARTESIAN_POINT('',(-53.446171720501,-22.2756229609192,1.9477639205366));
#11574=CARTESIAN_POINT('',(-53.446171720501,-22.2756229609192,1.9477639205366));
#11575=VECTOR('',#14013,1000.0);
#11576=CARTESIAN_POINT('',(-54.146171720501,-22.2756229609192,1.9477639205366));
#11577=CARTESIAN_POINT('',(-54.146171720501,-22.2756229609192,1.9477639205366));
#11578=VECTOR('',#14014,1000.0);
#11579=CARTESIAN_POINT('',(-54.146171720501,-20.6146196658998,4.38473513283159));
#11580=CARTESIAN_POINT('',(-54.146171720501,-20.6146196658998,4.38473513283159));
#11581=VECTOR('',#14015,1000.0);
#11582=CARTESIAN_POINT('',(-52.046171720501,-20.6146196658998,4.38473513283159));
#11583=CARTESIAN_POINT('',(-52.046171720501,-20.6146196658998,4.38473513283159));
#11584=VECTOR('',#14016,1000.0);
#11585=CARTESIAN_POINT('',(-52.046171720501,-22.2756229609192,1.9477639205366));
#11586=CARTESIAN_POINT('',(-52.046171720501,-22.2756229609192,1.9477639205366));
#11587=VECTOR('',#14017,1000.0);
#11588=CARTESIAN_POINT('',(-52.746171720501,-22.2756229609192,1.9477639205366));
#11589=VECTOR('',#14018,1000.0);
#11590=AXIS2_PLACEMENT_3D('',#14019,#14020,#14021);
#11591=CARTESIAN_POINT('',(-52.046171720501,-22.523518052613,2.1167255242046));
#11592=CARTESIAN_POINT('',(-52.046171720501,-22.2756229609192,1.9477639205366));
#11593=VECTOR('',#14022,1000.0);
#11594=AXIS2_PLACEMENT_3D('',#14023,#14024,#14025);
#11595=CARTESIAN_POINT('',(-52.046171720501,-22.3621598882724,1.6487114994056));
#11596=VECTOR('',#14026,1000.0);
#11597=CARTESIAN_POINT('',(-52.046171720501,-22.6611046489606,1.6132568797186));
#11598=VECTOR('',#14027,1000.0);
#11599=CARTESIAN_POINT('',(-51.996171720501,-22.3612874008548,1.6237267287296));
#11600=VECTOR('',#14028,1000.0);
#11601=CARTESIAN_POINT('',(-51.996171720501,-22.8177015280003,6.0976047712146));
#11602=VECTOR('',#14029,1000.0);
#11603=CARTESIAN_POINT('',(-54.196171720501,-22.6611046489606,1.6132568797186));
#11604=VECTOR('',#14030,1000.0);
#11605=CARTESIAN_POINT('',(-54.146171720501,-22.3612874008548,1.6237267287296));
#11606=VECTOR('',#14031,1000.0);
#11607=CARTESIAN_POINT('',(-54.146171720501,-22.3621598882724,1.6487114994056));
#11608=VECTOR('',#14032,1000.0);
#11609=AXIS2_PLACEMENT_3D('',#14033,#14034,#14035);
#11610=CARTESIAN_POINT('',(-54.146171720501,-22.523518052613,2.1167255242046));
#11611=AXIS2_PLACEMENT_3D('',#14036,#14037,#14038);
#11612=CARTESIAN_POINT('',(-54.146171720501,-22.523518052613,2.1167255242046));
#11613=VECTOR('',#14039,1000.0);
#11614=CARTESIAN_POINT('',(-54.146171720501,-20.8625147575938,4.55369673649959));
#11615=CARTESIAN_POINT('',(-54.146171720501,-20.8625147575938,4.55369673649959));
#11616=VECTOR('',#14040,1000.0);
#11617=CARTESIAN_POINT('',(-54.146171720501,-20.6146196658998,4.38473513283159));
#11618=VECTOR('',#14041,1000.0);
#11619=CARTESIAN_POINT('',(-54.146171720501,-20.7770661625598,4.79800358395759));
#11620=AXIS2_PLACEMENT_3D('',#14042,#14043,#14044);
#11621=CARTESIAN_POINT('',(-54.146171720501,-20.4779019138448,4.7756260887636));
#11622=CARTESIAN_POINT('',(-54.146171720501,-20.7770661625598,4.79800358395759));
#11623=VECTOR('',#14045,1000.0);
#11624=AXIS2_PLACEMENT_3D('',#14046,#14047,#14048);
#11625=CARTESIAN_POINT('',(-52.046171720501,-20.4779019138448,4.7756260887636));
#11626=AXIS2_PLACEMENT_3D('',#14049,#14050,#14051);
#11627=CARTESIAN_POINT('',(-54.146171720501,-20.4779019138448,4.7756260887636));
#11628=VECTOR('',#14052,1000.0);
#11629=CARTESIAN_POINT('',(-52.046171720501,-20.4144990107958,5.62325812678759));
#11630=AXIS2_PLACEMENT_3D('',#14053,#14054,#14055);
#11631=CARTESIAN_POINT('',(-52.046171720501,-20.4144990107958,5.62325812678759));
#11632=VECTOR('',#14056,1000.0);
#11633=CARTESIAN_POINT('',(-54.146171720501,-20.4779019138448,4.7756260887636));
#11634=VECTOR('',#14057,1000.0);
#11635=CARTESIAN_POINT('',(-54.146171720501,-20.7770661625598,4.79800358395759));
#11636=VECTOR('',#14058,1000.0);
#11637=CARTESIAN_POINT('',(-52.046171720501,-20.7136632595098,5.64563562198159));
#11638=AXIS2_PLACEMENT_3D('',#14059,#14060,#14061);
#11639=CARTESIAN_POINT('',(-52.046171720501,-20.7770661625598,4.79800358395759));
#11640=CARTESIAN_POINT('',(-52.046171720501,-20.7770661625598,4.79800358395759));
#11641=VECTOR('',#14062,1000.0);
#11642=CARTESIAN_POINT('',(-52.046171720501,-20.7136632595098,5.64563562198159));
#11643=VECTOR('',#14063,1000.0);
#11644=CARTESIAN_POINT('',(-52.046171720501,-20.7136632595098,5.64563562198159));
#11645=VECTOR('',#14064,1000.0);
#11646=CARTESIAN_POINT('',(-52.046171720501,-20.4779019138448,4.7756260887636));
#11647=VECTOR('',#14065,1000.0);
#11648=CARTESIAN_POINT('',(-52.046171720501,-20.8625147575938,4.55369673649959));
#11649=AXIS2_PLACEMENT_3D('',#14066,#14067,#14068);
#11650=CARTESIAN_POINT('',(-52.046171720501,-20.8625147575938,4.55369673649959));
#11651=VECTOR('',#14069,1000.0);
#11652=CARTESIAN_POINT('',(-52.046171720501,-22.523518052613,2.1167255242046));
#11653=VECTOR('',#14070,1000.0);
#11654=AXIS2_PLACEMENT_3D('',#14071,#14072,#14073);
#11655=CARTESIAN_POINT('',(-52.046171720501,-22.523518052613,2.1167255242046));
#11656=VECTOR('',#14074,1000.0);
#11657=CARTESIAN_POINT('',(-54.146171720501,-20.8625147575938,4.55369673649959));
#11658=VECTOR('',#14075,1000.0);
#11659=CARTESIAN_POINT('',(-53.446171720501,-22.523518052613,2.1167255242046));
#11660=CARTESIAN_POINT('',(-53.446171720501,-22.523518052613,2.1167255242046));
#11661=VECTOR('',#14076,1000.0);
#11662=CARTESIAN_POINT('',(-53.446171720501,-21.9325488506664,2.9837767436786));
#11663=VECTOR('',#14077,1000.0);
#11664=CARTESIAN_POINT('',(-53.446171720501,-22.523518052613,2.1167255242046));
#11665=VECTOR('',#14078,1000.0);
#11666=AXIS2_PLACEMENT_3D('',#14079,#14080,#14081);
#11667=AXIS2_PLACEMENT_3D('',#14082,#14083,#14084);
#11668=CARTESIAN_POINT('',(-53.446171720501,-22.3621598882724,1.6487114994056));
#11669=VECTOR('',#14085,1000.0);
#11670=CARTESIAN_POINT('',(-53.446171720501,-22.5269985096686,-2.2270404918384));
#11671=VECTOR('',#14086,1000.0);
#11672=CARTESIAN_POINT('',(-53.096171720501,-22.214966437717,-2.5663574322884));
#11673=VECTOR('',#14087,1000.0);
#11674=CARTESIAN_POINT('',(-53.096171720501,-18.8842987804878,-11.3822895075184));
#11675=CARTESIAN_POINT('',(-53.096171720501,-18.8842987804878,-11.7822895075184));
#11676=CARTESIAN_POINT('',(-53.096171720501,-18.8842987804878,-11.3822895075184));
#11677=VECTOR('',#14088,1.0);
#11678=CARTESIAN_POINT('',(-52.696171720501,-18.4842987804878,-11.3822895075184));
#11679=AXIS2_PLACEMENT_3D('',#14089,#14090,#14091);
#11680=CARTESIAN_POINT('',(-52.696171720501,-18.4842987804878,-11.7822895075184));
#11681=CARTESIAN_POINT('',(-52.696171720501,-18.4842987804878,-11.3822895075184));
#11682=VECTOR('',#14092,1000.0);
#11683=AXIS2_PLACEMENT_3D('',#14093,#14094,#14095);
#11684=CARTESIAN_POINT('',(-53.096171720501,-28.7110936997309,-11.6822895075184));
#11685=CARTESIAN_POINT('',(-53.096171720501,-28.8842987804878,-11.7822895075184));
#11686=AXIS2_PLACEMENT_3D('',#14096,#14097,#14098);
#11687=CARTESIAN_POINT('',(-53.0693768012579,-28.6842987804878,-11.6822895075184));
#11688=AXIS2_PLACEMENT_3D('',#14099,#14100,#14101);
#11689=CARTESIAN_POINT('',(-52.896171720501,-28.6842987804878,-11.7822895075184));
#11690=AXIS2_PLACEMENT_3D('',#14102,#14103,#14104);
#11691=AXIS2_PLACEMENT_3D('',#14105,#14106,#14107);
#11692=CARTESIAN_POINT('',(-54.996171720501,-22.9842987804878,-11.7822895075184));
#11693=CARTESIAN_POINT('',(-55.096171720501,-22.8842987804878,-11.7822895075184));
#11694=CARTESIAN_POINT('',(-54.996171720501,-22.9842987804878,-11.7822895075184));
#11695=VECTOR('',#14108,1000.0);
#11696=CARTESIAN_POINT('',(-55.096171720501,-18.4842987804878,-11.7822895075184));
#11697=CARTESIAN_POINT('',(-55.096171720501,-18.4842987804878,-11.7822895075184));
#11698=VECTOR('',#14109,1000.0);
#11699=CARTESIAN_POINT('',(-53.496171720501,-18.4842987804878,-11.7822895075184));
#11700=CARTESIAN_POINT('',(-53.496171720501,-18.4842987804878,-11.7822895075184));
#11701=VECTOR('',#14110,1000.0);
#11702=AXIS2_PLACEMENT_3D('',#14111,#14112,#14113);
#11703=CARTESIAN_POINT('',(-51.096171720501,-18.4842987804878,-11.7822895075184));
#11704=CARTESIAN_POINT('',(-51.096171720501,-18.4842987804878,-11.7822895075184));
#11705=VECTOR('',#14114,1000.0);
#11706=CARTESIAN_POINT('',(-51.096171720501,-22.8842987804878,-11.7822895075184));
#11707=CARTESIAN_POINT('',(-51.096171720501,-18.4842987804878,-11.7822895075184));
#11708=VECTOR('',#14115,1000.0);
#11709=CARTESIAN_POINT('',(-51.196171720501,-22.9842987804878,-11.7822895075184));
#11710=CARTESIAN_POINT('',(-51.096171720501,-22.8842987804878,-11.7822895075184));
#11711=VECTOR('',#14116,1000.0);
#11712=CARTESIAN_POINT('',(-51.396171720501,-22.9842987804878,-11.7822895075184));
#11713=CARTESIAN_POINT('',(-51.196171720501,-22.9842987804878,-11.7822895075184));
#11714=VECTOR('',#14117,1000.0);
#11715=CARTESIAN_POINT('',(-51.596171720501,-23.1842987804878,-11.7822895075184));
#11716=AXIS2_PLACEMENT_3D('',#14118,#14119,#14120);
#11717=CARTESIAN_POINT('',(-51.596171720501,-25.9842987804878,-11.7822895075184));
#11718=CARTESIAN_POINT('',(-51.596171720501,-23.1842987804878,-11.7822895075184));
#11719=VECTOR('',#14121,1000.0);
#11720=CARTESIAN_POINT('',(-51.796171720501,-26.1842987804878,-11.7822895075184));
#11721=CARTESIAN_POINT('',(-51.596171720501,-25.9842987804878,-11.7822895075184));
#11722=VECTOR('',#14122,1000.0);
#11723=CARTESIAN_POINT('',(-52.571171720501,-26.1842987804878,-11.7822895075184));
#11724=CARTESIAN_POINT('',(-51.796171720501,-26.1842987804878,-11.7822895075184));
#11725=VECTOR('',#14123,1000.0);
#11726=CARTESIAN_POINT('',(-52.771171720501,-26.3842987804878,-11.7822895075184));
#11727=AXIS2_PLACEMENT_3D('',#14124,#14125,#14126);
#11728=CARTESIAN_POINT('',(-52.771171720501,-28.9842987804878,-11.7822895075184));
#11729=CARTESIAN_POINT('',(-52.771171720501,-26.3842987804878,-11.7822895075184));
#11730=VECTOR('',#14127,1000.0);
#11731=CARTESIAN_POINT('',(-52.996171720501,-29.4842987804878,-11.7822895075184));
#11732=CARTESIAN_POINT('',(-52.771171720501,-28.9842987804878,-11.7822895075184));
#11733=VECTOR('',#14128,1000.0);
#11734=CARTESIAN_POINT('',(-53.196171720501,-29.4842987804878,-11.7822895075184));
#11735=CARTESIAN_POINT('',(-53.196171720501,-29.4842987804878,-11.7822895075184));
#11736=VECTOR('',#14129,1000.0);
#11737=CARTESIAN_POINT('',(-53.421171720501,-28.9842987804878,-11.7822895075184));
#11738=CARTESIAN_POINT('',(-53.196171720501,-29.4842987804878,-11.7822895075184));
#11739=VECTOR('',#14130,1000.0);
#11740=CARTESIAN_POINT('',(-53.421171720501,-26.3842987804878,-11.7822895075184));
#11741=CARTESIAN_POINT('',(-53.421171720501,-28.9842987804878,-11.7822895075184));
#11742=VECTOR('',#14131,1000.0);
#11743=CARTESIAN_POINT('',(-53.621171720501,-26.1842987804878,-11.7822895075184));
#11744=AXIS2_PLACEMENT_3D('',#14132,#14133,#14134);
#11745=CARTESIAN_POINT('',(-54.396171720501,-26.1842987804878,-11.7822895075184));
#11746=CARTESIAN_POINT('',(-53.621171720501,-26.1842987804878,-11.7822895075184));
#11747=VECTOR('',#14135,1000.0);
#11748=CARTESIAN_POINT('',(-54.596171720501,-25.9842987804878,-11.7822895075184));
#11749=CARTESIAN_POINT('',(-54.396171720501,-26.1842987804878,-11.7822895075184));
#11750=VECTOR('',#14136,1000.0);
#11751=CARTESIAN_POINT('',(-54.596171720501,-23.1842987804878,-11.7822895075184));
#11752=CARTESIAN_POINT('',(-54.596171720501,-25.9842987804878,-11.7822895075184));
#11753=VECTOR('',#14137,1000.0);
#11754=CARTESIAN_POINT('',(-54.796171720501,-22.9842987804878,-11.7822895075184));
#11755=AXIS2_PLACEMENT_3D('',#14138,#14139,#14140);
#11756=CARTESIAN_POINT('',(-54.796171720501,-22.9842987804878,-11.7822895075184));
#11757=VECTOR('',#14141,1000.0);
#11758=CARTESIAN_POINT('',(-52.896171720501,-27.0842987804878,-11.7822895075184));
#11759=CARTESIAN_POINT('',(-53.096171720501,-26.8842987804878,-11.7822895075184));
#11760=AXIS2_PLACEMENT_3D('',#14142,#14143,#14144);
#11761=CARTESIAN_POINT('',(-53.296171720501,-27.0842987804878,-11.7822895075184));
#11762=AXIS2_PLACEMENT_3D('',#14145,#14146,#14147);
#11763=CARTESIAN_POINT('',(-53.296171720501,-28.6842987804878,-11.7822895075184));
#11764=CARTESIAN_POINT('',(-53.296171720501,-28.6842987804878,-11.7822895075184));
#11765=VECTOR('',#14148,1000.0);
#11766=AXIS2_PLACEMENT_3D('',#14149,#14150,#14151);
#11767=CARTESIAN_POINT('',(-52.896171720501,-27.0842987804878,-11.7822895075184));
#11768=VECTOR('',#14152,1000.0);
#11769=CARTESIAN_POINT('',(-54.496171720501,-20.9842987804878,-11.7822895075184));
#11770=CARTESIAN_POINT('',(-54.496171720501,-19.7842987804878,-11.7822895075184));
#11771=CARTESIAN_POINT('',(-54.496171720501,-20.9842987804878,-11.7822895075184));
#11772=VECTOR('',#14153,1000.0);
#11773=CARTESIAN_POINT('',(-54.096171720501,-21.3842987804878,-11.7822895075184));
#11774=AXIS2_PLACEMENT_3D('',#14154,#14155,#14156);
#11775=CARTESIAN_POINT('',(-53.696171720501,-20.9842987804878,-11.7822895075184));
#11776=AXIS2_PLACEMENT_3D('',#14157,#14158,#14159);
#11777=CARTESIAN_POINT('',(-53.696171720501,-19.7842987804878,-11.7822895075184));
#11778=CARTESIAN_POINT('',(-53.696171720501,-19.7842987804878,-11.7822895075184));
#11779=VECTOR('',#14160,1000.0);
#11780=CARTESIAN_POINT('',(-54.096171720501,-19.3842987804878,-11.7822895075184));
#11781=AXIS2_PLACEMENT_3D('',#14161,#14162,#14163);
#11782=AXIS2_PLACEMENT_3D('',#14164,#14165,#14166);
#11783=CARTESIAN_POINT('',(-52.496171720501,-20.9842987804878,-11.7822895075184));
#11784=CARTESIAN_POINT('',(-52.496171720501,-19.7842987804878,-11.7822895075184));
#11785=CARTESIAN_POINT('',(-52.496171720501,-20.9842987804878,-11.7822895075184));
#11786=VECTOR('',#14167,1000.0);
#11787=CARTESIAN_POINT('',(-52.096171720501,-21.3842987804878,-11.7822895075184));
#11788=AXIS2_PLACEMENT_3D('',#14168,#14169,#14170);
#11789=CARTESIAN_POINT('',(-51.696171720501,-20.9842987804878,-11.7822895075184));
#11790=AXIS2_PLACEMENT_3D('',#14171,#14172,#14173);
#11791=CARTESIAN_POINT('',(-51.696171720501,-19.7842987804878,-11.7822895075184));
#11792=CARTESIAN_POINT('',(-51.696171720501,-19.7842987804878,-11.7822895075184));
#11793=VECTOR('',#14174,1000.0);
#11794=CARTESIAN_POINT('',(-52.096171720501,-19.3842987804878,-11.7822895075184));
#11795=AXIS2_PLACEMENT_3D('',#14175,#14176,#14177);
#11796=AXIS2_PLACEMENT_3D('',#14178,#14179,#14180);
#11797=CARTESIAN_POINT('',(-52.546171720501,-25.6586013316398,-11.7822895075184));
#11798=CARTESIAN_POINT('',(-52.546171720501,-25.5720167731818,-11.7822895075184));
#11799=CARTESIAN_POINT('',(-52.546171720501,-25.6586013316398,-11.7822895075184));
#11800=VECTOR('',#14181,1000.0);
#11801=CARTESIAN_POINT('',(-52.546171720501,-24.6103465028008,-11.7822895075184));
#11802=CARTESIAN_POINT('',(-52.546171720501,-24.6103465028008,-11.7822895075184));
#11803=VECTOR('',#14182,1000.0);
#11804=CARTESIAN_POINT('',(-52.546171720501,-24.5342987804878,-11.7822895075184));
#11805=CARTESIAN_POINT('',(-52.546171720501,-24.6103465028008,-11.7822895075184));
#11806=VECTOR('',#14183,1000.0);
#11807=CARTESIAN_POINT('',(-53.646171720501,-24.5342987804878,-11.7822895075184));
#11808=CARTESIAN_POINT('',(-52.546171720501,-24.5342987804878,-11.7822895075184));
#11809=VECTOR('',#14184,1000.0);
#11810=CARTESIAN_POINT('',(-53.646171720501,-24.6103465028008,-11.7822895075184));
#11811=CARTESIAN_POINT('',(-53.646171720501,-24.5342987804878,-11.7822895075184));
#11812=VECTOR('',#14185,1000.0);
#11813=CARTESIAN_POINT('',(-53.646171720501,-25.5720167731818,-11.7822895075184));
#11814=CARTESIAN_POINT('',(-53.646171720501,-25.5720167731818,-11.7822895075184));
#11815=VECTOR('',#14186,1000.0);
#11816=CARTESIAN_POINT('',(-53.646171720501,-25.6586013316398,-11.7822895075184));
#11817=CARTESIAN_POINT('',(-53.646171720501,-25.5720167731818,-11.7822895075184));
#11818=VECTOR('',#14187,1000.0);
#11819=CARTESIAN_POINT('',(-52.546171720501,-25.6586013316398,-11.7822895075184));
#11820=VECTOR('',#14188,1000.0);
#11821=CARTESIAN_POINT('',(-54.796171720501,-22.9842987804878,-11.3822895075184));
#11822=CARTESIAN_POINT('',(-54.796171720501,-22.9842987804878,-11.3822895075184));
#11823=VECTOR('',#14189,1000.0);
#11824=CARTESIAN_POINT('',(-54.996171720501,-22.9842987804878,-11.3822895075184));
#11825=CARTESIAN_POINT('',(-54.796171720501,-22.9842987804878,-11.3822895075184));
#11826=VECTOR('',#14190,1000.0);
#11827=CARTESIAN_POINT('',(-54.996171720501,-22.9842987804878,-11.7822895075184));
#11828=VECTOR('',#14191,1000.0);
#11829=CARTESIAN_POINT('',(-55.096171720501,-22.8842987804878,-11.3822895075184));
#11830=CARTESIAN_POINT('',(-55.096171720501,-22.8842987804878,-11.3822895075184));
#11831=VECTOR('',#14192,1000.0);
#11832=CARTESIAN_POINT('',(-55.096171720501,-22.8842987804878,-11.3822895075184));
#11833=VECTOR('',#14193,1000.0);
#11834=CARTESIAN_POINT('',(-54.596171720501,-23.1842987804878,-11.3822895075184));
#11835=AXIS2_PLACEMENT_3D('',#14194,#14195,#14196);
#11836=CARTESIAN_POINT('',(-54.596171720501,-25.9842987804878,-11.3822895075184));
#11837=CARTESIAN_POINT('',(-54.596171720501,-25.9842987804878,-11.3822895075184));
#11838=VECTOR('',#14197,1000.0);
#11839=CARTESIAN_POINT('',(-54.396171720501,-26.1842987804878,-11.3822895075184));
#11840=CARTESIAN_POINT('',(-54.596171720501,-25.9842987804878,-11.3822895075184));
#11841=VECTOR('',#14198,1000.0);
#11842=CARTESIAN_POINT('',(-53.621171720501,-26.1842987804878,-11.3822895075184));
#11843=CARTESIAN_POINT('',(-53.621171720501,-26.1842987804878,-11.3822895075184));
#11844=VECTOR('',#14199,1000.0);
#11845=CARTESIAN_POINT('',(-53.421171720501,-26.3842987804878,-11.3822895075184));
#11846=AXIS2_PLACEMENT_3D('',#14200,#14201,#14202);
#11847=CARTESIAN_POINT('',(-53.421171720501,-28.9842987804878,-11.3822895075184));
#11848=CARTESIAN_POINT('',(-53.421171720501,-28.9842987804878,-11.3822895075184));
#11849=VECTOR('',#14203,1000.0);
#11850=CARTESIAN_POINT('',(-53.196171720501,-29.4842987804878,-11.3822895075184));
#11851=CARTESIAN_POINT('',(-53.421171720501,-28.9842987804878,-11.3822895075184));
#11852=VECTOR('',#14204,1000.0);
#11853=CARTESIAN_POINT('',(-52.996171720501,-29.4842987804878,-11.3822895075184));
#11854=CARTESIAN_POINT('',(-53.196171720501,-29.4842987804878,-11.3822895075184));
#11855=VECTOR('',#14205,1000.0);
#11856=CARTESIAN_POINT('',(-52.771171720501,-28.9842987804878,-11.3822895075184));
#11857=CARTESIAN_POINT('',(-52.996171720501,-29.4842987804878,-11.3822895075184));
#11858=VECTOR('',#14206,1000.0);
#11859=CARTESIAN_POINT('',(-52.771171720501,-26.3842987804878,-11.3822895075184));
#11860=CARTESIAN_POINT('',(-52.771171720501,-26.3842987804878,-11.3822895075184));
#11861=VECTOR('',#14207,1000.0);
#11862=CARTESIAN_POINT('',(-52.571171720501,-26.1842987804878,-11.3822895075184));
#11863=AXIS2_PLACEMENT_3D('',#14208,#14209,#14210);
#11864=CARTESIAN_POINT('',(-51.796171720501,-26.1842987804878,-11.3822895075184));
#11865=CARTESIAN_POINT('',(-51.796171720501,-26.1842987804878,-11.3822895075184));
#11866=VECTOR('',#14211,1000.0);
#11867=CARTESIAN_POINT('',(-51.596171720501,-25.9842987804878,-11.3822895075184));
#11868=CARTESIAN_POINT('',(-51.796171720501,-26.1842987804878,-11.3822895075184));
#11869=VECTOR('',#14212,1000.0);
#11870=CARTESIAN_POINT('',(-51.596171720501,-23.1842987804878,-11.3822895075184));
#11871=CARTESIAN_POINT('',(-51.596171720501,-23.1842987804878,-11.3822895075184));
#11872=VECTOR('',#14213,1000.0);
#11873=CARTESIAN_POINT('',(-51.396171720501,-22.9842987804878,-11.3822895075184));
#11874=AXIS2_PLACEMENT_3D('',#14214,#14215,#14216);
#11875=CARTESIAN_POINT('',(-51.196171720501,-22.9842987804878,-11.3822895075184));
#11876=CARTESIAN_POINT('',(-51.196171720501,-22.9842987804878,-11.3822895075184));
#11877=VECTOR('',#14217,1000.0);
#11878=CARTESIAN_POINT('',(-51.096171720501,-22.8842987804878,-11.3822895075184));
#11879=CARTESIAN_POINT('',(-51.196171720501,-22.9842987804878,-11.3822895075184));
#11880=VECTOR('',#14218,1000.0);
#11881=CARTESIAN_POINT('',(-51.096171720501,-18.4842987804878,-11.3822895075184));
#11882=CARTESIAN_POINT('',(-51.096171720501,-18.4842987804878,-11.3822895075184));
#11883=VECTOR('',#14219,1000.0);
#11884=CARTESIAN_POINT('',(-52.696171720501,-18.4842987804878,-11.3822895075184));
#11885=VECTOR('',#14220,1000.0);
#11886=CARTESIAN_POINT('',(-53.496171720501,-18.4842987804878,-11.3822895075184));
#11887=AXIS2_PLACEMENT_3D('',#14221,#14222,#14223);
#11888=CARTESIAN_POINT('',(-55.096171720501,-18.4842987804878,-11.3822895075184));
#11889=CARTESIAN_POINT('',(-55.096171720501,-18.4842987804878,-11.3822895075184));
#11890=VECTOR('',#14224,1000.0);
#11891=CARTESIAN_POINT('',(-55.096171720501,-18.4842987804878,-11.3822895075184));
#11892=VECTOR('',#14225,1000.0);
#11893=CARTESIAN_POINT('',(-53.646171720501,-25.6586013316398,-11.3822895075184));
#11894=CARTESIAN_POINT('',(-52.546171720501,-25.6586013316398,-11.3822895075184));
#11895=CARTESIAN_POINT('',(-53.646171720501,-25.6586013316398,-11.3822895075184));
#11896=VECTOR('',#14226,1000.0);
#11897=CARTESIAN_POINT('',(-53.646171720501,-24.5342987804878,-11.3822895075184));
#11898=CARTESIAN_POINT('',(-53.646171720501,-24.5342987804878,-11.3822895075184));
#11899=VECTOR('',#14227,1000.0);
#11900=CARTESIAN_POINT('',(-52.546171720501,-24.5342987804878,-11.3822895075184));
#11901=CARTESIAN_POINT('',(-52.546171720501,-24.5342987804878,-11.3822895075184));
#11902=VECTOR('',#14228,1000.0);
#11903=CARTESIAN_POINT('',(-52.546171720501,-25.6586013316398,-11.3822895075184));
#11904=VECTOR('',#14229,1000.0);
#11905=CARTESIAN_POINT('',(-53.696171720501,-20.9842987804878,-11.3822895075184));
#11906=CARTESIAN_POINT('',(-53.696171720501,-19.7842987804878,-11.3822895075184));
#11907=CARTESIAN_POINT('',(-53.696171720501,-20.9842987804878,-11.3822895075184));
#11908=VECTOR('',#14230,1000.0);
#11909=CARTESIAN_POINT('',(-54.096171720501,-21.3842987804878,-11.3822895075184));
#11910=AXIS2_PLACEMENT_3D('',#14231,#14232,#14233);
#11911=CARTESIAN_POINT('',(-54.496171720501,-20.9842987804878,-11.3822895075184));
#11912=AXIS2_PLACEMENT_3D('',#14234,#14235,#14236);
#11913=CARTESIAN_POINT('',(-54.496171720501,-19.7842987804878,-11.3822895075184));
#11914=CARTESIAN_POINT('',(-54.496171720501,-19.7842987804878,-11.3822895075184));
#11915=VECTOR('',#14237,1000.0);
#11916=CARTESIAN_POINT('',(-54.096171720501,-19.3842987804878,-11.3822895075184));
#11917=AXIS2_PLACEMENT_3D('',#14238,#14239,#14240);
#11918=AXIS2_PLACEMENT_3D('',#14241,#14242,#14243);
#11919=CARTESIAN_POINT('',(-51.696171720501,-20.9842987804878,-11.3822895075184));
#11920=CARTESIAN_POINT('',(-51.696171720501,-19.7842987804878,-11.3822895075184));
#11921=CARTESIAN_POINT('',(-51.696171720501,-20.9842987804878,-11.3822895075184));
#11922=VECTOR('',#14244,1000.0);
#11923=CARTESIAN_POINT('',(-52.096171720501,-21.3842987804878,-11.3822895075184));
#11924=AXIS2_PLACEMENT_3D('',#14245,#14246,#14247);
#11925=CARTESIAN_POINT('',(-52.496171720501,-20.9842987804878,-11.3822895075184));
#11926=AXIS2_PLACEMENT_3D('',#14248,#14249,#14250);
#11927=CARTESIAN_POINT('',(-52.496171720501,-19.7842987804878,-11.3822895075184));
#11928=CARTESIAN_POINT('',(-52.496171720501,-19.7842987804878,-11.3822895075184));
#11929=VECTOR('',#14251,1000.0);
#11930=CARTESIAN_POINT('',(-52.096171720501,-19.3842987804878,-11.3822895075184));
#11931=AXIS2_PLACEMENT_3D('',#14252,#14253,#14254);
#11932=AXIS2_PLACEMENT_3D('',#14255,#14256,#14257);
#11933=CARTESIAN_POINT('',(-53.296171720501,-27.0842987804878,-11.3822895075184));
#11934=CARTESIAN_POINT('',(-53.096171720501,-26.8842987804878,-11.3822895075184));
#11935=AXIS2_PLACEMENT_3D('',#14258,#14259,#14260);
#11936=CARTESIAN_POINT('',(-52.896171720501,-27.0842987804878,-11.3822895075184));
#11937=AXIS2_PLACEMENT_3D('',#14261,#14262,#14263);
#11938=CARTESIAN_POINT('',(-52.896171720501,-28.6842987804878,-11.3822895075184));
#11939=CARTESIAN_POINT('',(-52.896171720501,-28.6842987804878,-11.3822895075184));
#11940=VECTOR('',#14264,1000.0);
#11941=CARTESIAN_POINT('',(-53.096171720501,-28.8842987804878,-11.3822895075184));
#11942=AXIS2_PLACEMENT_3D('',#14265,#14266,#14267);
#11943=CARTESIAN_POINT('',(-53.296171720501,-28.6842987804878,-11.3822895075184));
#11944=AXIS2_PLACEMENT_3D('',#14268,#14269,#14270);
#11945=CARTESIAN_POINT('',(-53.296171720501,-27.0842987804878,-11.3822895075184));
#11946=VECTOR('',#14271,1000.0);
#11947=CARTESIAN_POINT('',(-55.096171720501,-18.4842987804878,-11.7822895075184));
#11948=VECTOR('',#14272,1000.0);
#11949=CARTESIAN_POINT('',(-55.096171720501,-17.5366690208578,-10.4629185027914));
#11950=AXIS2_PLACEMENT_3D('',#14273,#14274,#14275);
#11951=CARTESIAN_POINT('',(-55.096171720501,-17.9157209247078,-10.5906669046822));
#11952=AXIS2_PLACEMENT_3D('',#14276,#14277,#14278);
#11953=CARTESIAN_POINT('',(-55.096171720501,-17.9157209247078,-10.5906669046822));
#11954=VECTOR('',#14279,1000.0);
#11955=CARTESIAN_POINT('',(-55.096171720501,-19.7319285401198,-5.20166051224541));
#11956=CARTESIAN_POINT('',(-55.096171720501,-17.9157209247078,-10.5906669046822));
#11957=VECTOR('',#14280,1000.0);
#11958=CARTESIAN_POINT('',(-55.096171720501,-19.3528766362678,-5.07391211035441));
#11959=CARTESIAN_POINT('',(-55.096171720501,-19.3528766362678,-5.07391211035441));
#11960=VECTOR('',#14281,1000.0);
#11961=CARTESIAN_POINT('',(-55.096171720501,-19.3528766362678,-5.07391211035441));
#11962=VECTOR('',#14282,1000.0);
#11963=CARTESIAN_POINT('',(-53.496171720501,-19.2251282343778,-5.4529640142074));
#11964=CARTESIAN_POINT('',(-53.496171720501,-17.5366690208578,-10.4629185027914));
#11965=CARTESIAN_POINT('',(-53.496171720501,-19.2251282343778,-5.4529640142074));
#11966=VECTOR('',#14283,1000.0);
#11967=CARTESIAN_POINT('',(-55.096171720501,-17.5366690208578,-10.4629185027914));
#11968=VECTOR('',#14284,1000.0);
#11969=CARTESIAN_POINT('',(-53.096171720501,-19.3528766362678,-5.07391211035441));
#11970=CARTESIAN_POINT('',(-53.096171720501,-19.3528766362678,-5.07391211035441));
#11971=VECTOR('',#14285,1000.0);
#11972=AXIS2_PLACEMENT_3D('',#14286,#14287,#14288);
#11973=CARTESIAN_POINT('',(-53.496171720501,-19.6041801382288,-5.5807124160984));
#11974=CARTESIAN_POINT('',(-53.096171720501,-19.7319285401198,-5.20166051224541));
#11975=AXIS2_PLACEMENT_3D('',#14289,#14290,#14291);
#11976=CARTESIAN_POINT('',(-53.496171720501,-19.6041801382288,-5.5807124160984));
#11977=VECTOR('',#14292,1000.0);
#11978=CARTESIAN_POINT('',(-53.096171720501,-19.3528766362678,-5.07391211035441));
#11979=VECTOR('',#14293,1000.0);
#11980=CARTESIAN_POINT('',(-52.696171720501,-19.2251282343778,-5.4529640142074));
#11981=AXIS2_PLACEMENT_3D('',#14294,#14295,#14296);
#11982=CARTESIAN_POINT('',(-52.696171720501,-19.6041801382288,-5.5807124160984));
#11983=CARTESIAN_POINT('',(-52.696171720501,-19.2251282343778,-5.4529640142074));
#11984=VECTOR('',#14297,1000.0);
#11985=AXIS2_PLACEMENT_3D('',#14298,#14299,#14300);
#11986=CARTESIAN_POINT('',(-52.696171720501,-17.9157209247078,-10.5906669046822));
#11987=CARTESIAN_POINT('',(-52.696171720501,-17.9157209247078,-10.5906669046822));
#11988=VECTOR('',#14301,1000.0);
#11989=CARTESIAN_POINT('',(-51.096171720501,-17.9157209247078,-10.5906669046822));
#11990=CARTESIAN_POINT('',(-51.096171720501,-17.9157209247078,-10.5906669046822));
#11991=VECTOR('',#14302,1000.0);
#11992=CARTESIAN_POINT('',(-51.096171720501,-19.7319285401198,-5.20166051224541));
#11993=CARTESIAN_POINT('',(-51.096171720501,-19.7319285401198,-5.20166051224541));
#11994=VECTOR('',#14303,1000.0);
#11995=CARTESIAN_POINT('',(-53.096171720501,-19.7319285401198,-5.20166051224541));
#11996=VECTOR('',#14304,1000.0);
#11997=CARTESIAN_POINT('',(-55.096171720501,-19.7319285401198,-5.20166051224541));
#11998=VECTOR('',#14305,1000.0);
#11999=CARTESIAN_POINT('',(-51.096171720501,-19.5811602924158,-4.2781275004314));
#12000=AXIS2_PLACEMENT_3D('',#14306,#14307,#14308);
#12001=CARTESIAN_POINT('',(-55.096171720501,-19.5811602924158,-4.2781275004314));
#12002=CARTESIAN_POINT('',(-51.096171720501,-19.5811602924158,-4.2781275004314));
#12003=VECTOR('',#14309,1000.0);
#12004=AXIS2_PLACEMENT_3D('',#14310,#14311,#14312);
#12005=CARTESIAN_POINT('',(-55.096171720501,-19.2624156876478,-4.51979230326641));
#12006=AXIS2_PLACEMENT_3D('',#14313,#14314,#14315);
#12007=CARTESIAN_POINT('',(-55.096171720501,-19.5811602924158,-4.2781275004314));
#12008=VECTOR('',#14316,1000.0);
#12009=CARTESIAN_POINT('',(-55.096171720501,-18.9315698198378,-3.42134796109741));
#12010=CARTESIAN_POINT('',(-55.096171720501,-18.6128252150678,-3.6630127639314));
#12011=CARTESIAN_POINT('',(-55.096171720501,-18.9315698198378,-3.42134796109741));
#12012=VECTOR('',#14317,1000.0);
#12013=CARTESIAN_POINT('',(-55.096171720501,-18.6128252150678,-3.6630127639314));
#12014=VECTOR('',#14318,1000.0);
#12015=CARTESIAN_POINT('',(-55.096171720501,-19.5811602924158,-4.2781275004314));
#12016=VECTOR('',#14319,1000.0);
#12017=CARTESIAN_POINT('',(-54.796171720501,-18.7503212177078,-3.18228950751841));
#12018=AXIS2_PLACEMENT_3D('',#14320,#14321,#14322);
#12019=CARTESIAN_POINT('',(-51.096171720501,-18.9315698198378,-3.42134796109741));
#12020=CARTESIAN_POINT('',(-51.096171720501,-18.9315698198378,-3.42134796109741));
#12021=VECTOR('',#14323,1000.0);
#12022=CARTESIAN_POINT('',(-51.396171720501,-18.7503212177078,-3.18228950751841));
#12023=AXIS2_PLACEMENT_3D('',#14324,#14325,#14326);
#12024=CARTESIAN_POINT('',(-54.796171720501,-18.7503212177078,-3.18228950751841));
#12025=VECTOR('',#14327,1000.0);
#12026=CARTESIAN_POINT('',(-54.796171720501,-18.4315766129378,-3.42395431035341));
#12027=CARTESIAN_POINT('',(-54.796171720501,-18.7503212177078,-3.18228950751841));
#12028=VECTOR('',#14328,1000.0);
#12029=CARTESIAN_POINT('',(-51.396171720501,-18.4315766129378,-3.42395431035341));
#12030=CARTESIAN_POINT('',(-51.396171720501,-18.4315766129378,-3.42395431035341));
#12031=VECTOR('',#14329,1000.0);
#12032=CARTESIAN_POINT('',(-54.796171720501,-18.4315766129378,-3.42395431035341));
#12033=VECTOR('',#14330,1000.0);
#12034=AXIS2_PLACEMENT_3D('',#14331,#14332,#14333);
#12035=CARTESIAN_POINT('',(-51.096171720501,-18.6128252150678,-3.6630127639314));
#12036=AXIS2_PLACEMENT_3D('',#14334,#14335,#14336);
#12037=CARTESIAN_POINT('',(-51.096171720501,-19.2624156876478,-4.51979230326641));
#12038=CARTESIAN_POINT('',(-51.096171720501,-19.2624156876478,-4.51979230326641));
#12039=VECTOR('',#14337,1000.0);
#12040=CARTESIAN_POINT('',(-55.096171720501,-19.2624156876478,-4.51979230326641));
#12041=VECTOR('',#14338,1000.0);
#12042=CARTESIAN_POINT('',(-51.096171720501,-19.3528766362678,-5.07391211035441));
#12043=AXIS2_PLACEMENT_3D('',#14339,#14340,#14341);
#12044=CARTESIAN_POINT('',(-51.096171720501,-19.3528766362678,-5.07391211035441));
#12045=VECTOR('',#14342,1000.0);
#12046=CARTESIAN_POINT('',(-51.096171720501,-17.5366690208578,-10.4629185027914));
#12047=CARTESIAN_POINT('',(-51.096171720501,-17.5366690208578,-10.4629185027914));
#12048=VECTOR('',#14343,1000.0);
#12049=CARTESIAN_POINT('',(-52.696171720501,-17.5366690208578,-10.4629185027914));
#12050=CARTESIAN_POINT('',(-52.696171720501,-17.5366690208578,-10.4629185027914));
#12051=VECTOR('',#14344,1000.0);
#12052=CARTESIAN_POINT('',(-52.696171720501,-17.5366690208578,-10.4629185027914));
#12053=VECTOR('',#14345,1000.0);
#12054=CARTESIAN_POINT('',(-52.696171720501,-17.9157209247078,-10.5906669046822));
#12055=VECTOR('',#14346,1000.0);
#12056=AXIS2_PLACEMENT_3D('',#14347,#14348,#14349);
#12057=AXIS2_PLACEMENT_3D('',#14350,#14351,#14352);
#12058=AXIS2_PLACEMENT_3D('',#14353,#14354,#14355);
#12059=AXIS2_PLACEMENT_3D('',#14356,#14357,#14358);
#12060=CARTESIAN_POINT('',(-51.096171720501,-17.5366690208578,-10.4629185027914));
#12061=VECTOR('',#14359,1000.0);
#12062=CARTESIAN_POINT('',(-51.096171720501,-18.4842987804878,-11.3822895075184));
#12063=VECTOR('',#14360,1000.0);
#12064=CARTESIAN_POINT('',(-51.096171720501,-22.8842987804878,-11.7822895075184));
#12065=VECTOR('',#14361,1000.0);
#12066=CARTESIAN_POINT('',(-51.196171720501,-22.9842987804878,-11.3822895075184));
#12067=VECTOR('',#14362,1000.0);
#12068=CARTESIAN_POINT('',(-51.396171720501,-22.9842987804878,-11.7822895075184));
#12069=VECTOR('',#14363,1000.0);
#12070=CARTESIAN_POINT('',(-51.596171720501,-23.1842987804878,-11.3822895075184));
#12071=VECTOR('',#14364,1000.0);
#12072=CARTESIAN_POINT('',(-51.596171720501,-25.9842987804878,-11.7822895075184));
#12073=VECTOR('',#14365,1000.0);
#12074=CARTESIAN_POINT('',(-51.796171720501,-26.1842987804878,-11.3822895075184));
#12075=VECTOR('',#14366,1000.0);
#12076=CARTESIAN_POINT('',(-52.571171720501,-26.1842987804878,-11.7822895075184));
#12077=VECTOR('',#14367,1000.0);
#12078=CARTESIAN_POINT('',(-52.771171720501,-26.3842987804878,-11.3822895075184));
#12079=VECTOR('',#14368,1000.0);
#12080=CARTESIAN_POINT('',(-52.771171720501,-28.9842987804878,-11.7822895075184));
#12081=VECTOR('',#14369,1000.0);
#12082=CARTESIAN_POINT('',(-52.996171720501,-29.4842987804878,-11.7822895075184));
#12083=VECTOR('',#14370,1000.0);
#12084=CARTESIAN_POINT('',(-53.196171720501,-29.4842987804878,-11.7822895075184));
#12085=VECTOR('',#14371,1000.0);
#12086=CARTESIAN_POINT('',(-53.421171720501,-28.9842987804878,-11.7822895075184));
#12087=VECTOR('',#14372,1000.0);
#12088=CARTESIAN_POINT('',(-53.421171720501,-26.3842987804878,-11.7822895075184));
#12089=VECTOR('',#14373,1000.0);
#12090=CARTESIAN_POINT('',(-53.621171720501,-26.1842987804878,-11.3822895075184));
#12091=VECTOR('',#14374,1000.0);
#12092=CARTESIAN_POINT('',(-54.396171720501,-26.1842987804878,-11.7822895075184));
#12093=VECTOR('',#14375,1000.0);
#12094=CARTESIAN_POINT('',(-54.596171720501,-25.9842987804878,-11.3822895075184));
#12095=VECTOR('',#14376,1000.0);
#12096=CARTESIAN_POINT('',(-54.596171720501,-23.1842987804878,-11.7822895075184));
#12097=VECTOR('',#14377,1000.0);
#12098=CARTESIAN_POINT('',(-51.096171720501,-19.7319285401198,-5.20166051224541));
#12099=VECTOR('',#14378,1000.0);
#12100=CARTESIAN_POINT('',(-51.096171720501,-19.2624156876478,-4.51979230326641));
#12101=VECTOR('',#14379,1000.0);
#12102=CARTESIAN_POINT('',(-51.096171720501,-18.6128252150678,-3.6630127639314));
#12103=VECTOR('',#14380,1000.0);
#12104=CARTESIAN_POINT('',(-53.496171720501,-18.4842987804878,-11.7822895075184));
#12105=VECTOR('',#14381,1000.0);
#12106=AXIS2_PLACEMENT_3D('',#14382,#14383,#14384);
#12107=CARTESIAN_POINT('',(-53.496171720501,-17.9157209247078,-10.5906669046822));
#12108=CARTESIAN_POINT('',(-53.496171720501,-17.5366690208578,-10.4629185027914));
#12109=VECTOR('',#14385,1000.0);
#12110=AXIS2_PLACEMENT_3D('',#14386,#14387,#14388);
#12111=CARTESIAN_POINT('',(-53.496171720501,-17.9157209247078,-10.5906669046822));
#12112=VECTOR('',#14389,1000.0);
#12113=CARTESIAN_POINT('',(-53.496171720501,-19.6041801382288,-5.5807124160984));
#12114=VECTOR('',#14390,1000.0);
#12115=CARTESIAN_POINT('',(-52.546171720501,-25.4202271970178,-11.4316736959552));
#12116=CARTESIAN_POINT('',(-52.546171720501,-24.6103465028008,-11.7822895075184));
#12117=VECTOR('',#14391,1000.0);
#12118=AXIS2_PLACEMENT_3D('',#14392,#14393,#14394);
#12119=CARTESIAN_POINT('',(-52.546171720501,-24.5342987804878,-11.7822895075184));
#12120=VECTOR('',#14395,1000.0);
#12121=CARTESIAN_POINT('',(-53.646171720501,-24.5342987804878,-11.7822895075184));
#12122=VECTOR('',#14396,1000.0);
#12123=CARTESIAN_POINT('',(-53.646171720501,-25.4202271970178,-11.4316736959552));
#12124=CARTESIAN_POINT('',(-53.646171720501,-25.4202271970178,-11.4316736959552));
#12125=VECTOR('',#14397,1000.0);
#12126=AXIS2_PLACEMENT_3D('',#14398,#14399,#14400);
#12127=CARTESIAN_POINT('',(-52.546171720501,-25.4202271970178,-11.4316736959552));
#12128=VECTOR('',#14401,1000.0);
#12129=CARTESIAN_POINT('',(-52.546171720501,-24.5342987804878,-11.8152122998096));
#12130=CARTESIAN_POINT('',(-52.546171720501,-24.5342987804878,-11.8152122998096));
#12131=VECTOR('',#14402,1000.0);
#12132=CARTESIAN_POINT('',(-53.646171720501,-24.5342987804878,-11.8152122998096));
#12133=CARTESIAN_POINT('',(-52.546171720501,-24.5342987804878,-11.8152122998096));
#12134=VECTOR('',#14403,1000.0);
#12135=CARTESIAN_POINT('',(-53.646171720501,-24.6103465028008,-11.7822895075184));
#12136=VECTOR('',#14404,1000.0);
#12137=CARTESIAN_POINT('',(-53.646171720501,-24.6932148702358,-12.1822895075184));
#12138=CARTESIAN_POINT('',(-53.646171720501,-24.6932148702358,-12.1822895075184));
#12139=VECTOR('',#14405,1000.0);
#12140=CARTESIAN_POINT('',(-53.646171720501,-25.5791432867658,-11.798750903664));
#12141=CARTESIAN_POINT('',(-53.646171720501,-25.5791432867658,-11.798750903664));
#12142=VECTOR('',#14406,1000.0);
#12143=CARTESIAN_POINT('',(-53.646171720501,-25.5720167731818,-11.7822895075184));
#12144=VECTOR('',#14407,1000.0);
#12145=AXIS2_PLACEMENT_3D('',#14408,#14409,#14410);
#12146=CARTESIAN_POINT('',(-52.546171720501,-25.5791432867658,-11.798750903664));
#12147=CARTESIAN_POINT('',(-53.646171720501,-25.5791432867658,-11.798750903664));
#12148=VECTOR('',#14411,1000.0);
#12149=AXIS2_PLACEMENT_3D('',#14412,#14413,#14414);
#12150=CARTESIAN_POINT('',(-52.546171720501,-25.5791432867658,-11.798750903664));
#12151=VECTOR('',#14415,1000.0);
#12152=CARTESIAN_POINT('',(-52.546171720501,-24.6932148702358,-12.1822895075184));
#12153=CARTESIAN_POINT('',(-52.546171720501,-24.6932148702358,-12.1822895075184));
#12154=VECTOR('',#14416,1000.0);
#12155=CARTESIAN_POINT('',(-52.546171720501,-24.6932148702358,-12.1822895075184));
#12156=VECTOR('',#14417,1000.0);
#12157=CARTESIAN_POINT('',(-52.546171720501,-24.6932148702358,-12.1822895075184));
#12158=VECTOR('',#14418,1000.0);
#12159=CARTESIAN_POINT('',(-54.096171720501,-19.6671414929628,-11.5822895075184));
#12160=AXIS2_PLACEMENT_3D('',#14419,#14420,#14421);
#12161=CARTESIAN_POINT('',(-53.9790144329756,-19.7842987804878,-11.5822895075184));
#12162=AXIS2_PLACEMENT_3D('',#14422,#14423,#14424);
#12163=AXIS2_PLACEMENT_3D('',#14425,#14426,#14427);
#12164=CARTESIAN_POINT('',(-53.9790144329756,-20.9842987804878,-11.5822895075184));
#12165=CARTESIAN_POINT('',(-53.9790144329756,-19.7842987804878,-11.5822895075184));
#12166=VECTOR('',#14428,1000.0);
#12167=AXIS2_PLACEMENT_3D('',#14429,#14430,#14431);
#12168=CARTESIAN_POINT('',(-54.096171720501,-21.1014560680128,-11.5822895075184));
#12169=AXIS2_PLACEMENT_3D('',#14432,#14433,#14434);
#12170=AXIS2_PLACEMENT_3D('',#14435,#14436,#14437);
#12171=CARTESIAN_POINT('',(-54.213329008026,-20.9842987804878,-11.5822895075184));
#12172=AXIS2_PLACEMENT_3D('',#14438,#14439,#14440);
#12173=AXIS2_PLACEMENT_3D('',#14441,#14442,#14443);
#12174=CARTESIAN_POINT('',(-54.213329008026,-19.7842987804878,-11.5822895075184));
#12175=CARTESIAN_POINT('',(-54.213329008026,-20.9842987804878,-11.5822895075184));
#12176=VECTOR('',#14444,1000.0);
#12177=AXIS2_PLACEMENT_3D('',#14445,#14446,#14447);
#12178=AXIS2_PLACEMENT_3D('',#14448,#14449,#14450);
#12179=CARTESIAN_POINT('',(-52.096171720501,-19.6671414929628,-11.5822895075184));
#12180=AXIS2_PLACEMENT_3D('',#14451,#14452,#14453);
#12181=CARTESIAN_POINT('',(-51.979014432976,-19.7842987804878,-11.5822895075184));
#12182=AXIS2_PLACEMENT_3D('',#14454,#14455,#14456);
#12183=AXIS2_PLACEMENT_3D('',#14457,#14458,#14459);
#12184=CARTESIAN_POINT('',(-51.979014432976,-20.9842987804878,-11.5822895075184));
#12185=CARTESIAN_POINT('',(-51.979014432976,-19.7842987804878,-11.5822895075184));
#12186=VECTOR('',#14460,1000.0);
#12187=AXIS2_PLACEMENT_3D('',#14461,#14462,#14463);
#12188=CARTESIAN_POINT('',(-52.096171720501,-21.1014560680128,-11.5822895075184));
#12189=AXIS2_PLACEMENT_3D('',#14464,#14465,#14466);
#12190=AXIS2_PLACEMENT_3D('',#14467,#14468,#14469);
#12191=CARTESIAN_POINT('',(-52.2133290080264,-20.9842987804878,-11.5822895075184));
#12192=AXIS2_PLACEMENT_3D('',#14470,#14471,#14472);
#12193=AXIS2_PLACEMENT_3D('',#14473,#14474,#14475);
#12194=CARTESIAN_POINT('',(-52.2133290080264,-19.7842987804878,-11.5822895075184));
#12195=CARTESIAN_POINT('',(-52.2133290080264,-20.9842987804878,-11.5822895075184));
#12196=VECTOR('',#14476,1000.0);
#12197=AXIS2_PLACEMENT_3D('',#14477,#14478,#14479);
#12198=AXIS2_PLACEMENT_3D('',#14480,#14481,#14482);
#12199=CARTESIAN_POINT('',(-53.1229666397441,-28.6842987804878,-11.2822895075184));
#12200=AXIS2_PLACEMENT_3D('',#14483,#14484,#14485);
#12201=CARTESIAN_POINT('',(-53.1229666397441,-27.0842987804878,-11.2822895075184));
#12202=CARTESIAN_POINT('',(-53.1229666397441,-28.6842987804878,-11.2822895075184));
#12203=VECTOR('',#14486,1000.0);
#12204=AXIS2_PLACEMENT_3D('',#14487,#14488,#14489);
#12205=CARTESIAN_POINT('',(-53.096171720501,-27.0575038612448,-11.2822895075184));
#12206=AXIS2_PLACEMENT_3D('',#14490,#14491,#14492);
#12207=AXIS2_PLACEMENT_3D('',#14493,#14494,#14495);
#12208=CARTESIAN_POINT('',(-53.096171720501,-28.7110936997309,-11.2822895075184));
#12209=CARTESIAN_POINT('',(-53.0693768012579,-28.6842987804878,-11.2822895075184));
#12210=AXIS2_PLACEMENT_3D('',#14496,#14497,#14498);
#12211=CARTESIAN_POINT('',(-53.0693768012579,-27.0842987804878,-11.2822895075184));
#12212=CARTESIAN_POINT('',(-53.0693768012579,-27.0842987804878,-11.2822895075184));
#12213=VECTOR('',#14499,1000.0);
#12214=AXIS2_PLACEMENT_3D('',#14500,#14501,#14502);
#12215=AXIS2_PLACEMENT_3D('',#14503,#14504,#14505);
#12216=AXIS2_PLACEMENT_3D('',#14506,#14507,#14508);
#12217=AXIS2_PLACEMENT_3D('',#14509,#14510,#14511);
#12218=AXIS2_PLACEMENT_3D('',#14512,#14513,#14514);
#12219=CARTESIAN_POINT('',(-53.0693768012579,-27.0842987804878,-11.6822895075184));
#12220=CARTESIAN_POINT('',(-53.0693768012579,-28.6842987804878,-11.6822895075184));
#12221=VECTOR('',#14515,1000.0);
#12222=AXIS2_PLACEMENT_3D('',#14516,#14517,#14518);
#12223=CARTESIAN_POINT('',(-53.096171720501,-27.0575038612448,-11.6822895075184));
#12224=AXIS2_PLACEMENT_3D('',#14519,#14520,#14521);
#12225=AXIS2_PLACEMENT_3D('',#14522,#14523,#14524);
#12226=CARTESIAN_POINT('',(-53.1229666397441,-27.0842987804878,-11.6822895075184));
#12227=AXIS2_PLACEMENT_3D('',#14525,#14526,#14527);
#12228=AXIS2_PLACEMENT_3D('',#14528,#14529,#14530);
#12229=CARTESIAN_POINT('',(-53.1229666397441,-28.6842987804878,-11.6822895075184));
#12230=CARTESIAN_POINT('',(-53.1229666397441,-27.0842987804878,-11.6822895075184));
#12231=VECTOR('',#14531,1000.0);
#12232=AXIS2_PLACEMENT_3D('',#14532,#14533,#14534);
#12233=AXIS2_PLACEMENT_3D('',#14535,#14536,#14537);
#12234=CARTESIAN_POINT('',(-54.096171720501,-19.6671414929628,-11.9822895075184));
#12235=AXIS2_PLACEMENT_3D('',#14538,#14539,#14540);
#12236=CARTESIAN_POINT('',(-54.213329008026,-19.7842987804878,-11.9822895075184));
#12237=AXIS2_PLACEMENT_3D('',#14541,#14542,#14543);
#12238=AXIS2_PLACEMENT_3D('',#14544,#14545,#14546);
#12239=CARTESIAN_POINT('',(-54.213329008026,-20.9842987804878,-11.9822895075184));
#12240=CARTESIAN_POINT('',(-54.213329008026,-19.7842987804878,-11.9822895075184));
#12241=VECTOR('',#14547,1000.0);
#12242=AXIS2_PLACEMENT_3D('',#14548,#14549,#14550);
#12243=CARTESIAN_POINT('',(-54.096171720501,-21.1014560680128,-11.9822895075184));
#12244=AXIS2_PLACEMENT_3D('',#14551,#14552,#14553);
#12245=AXIS2_PLACEMENT_3D('',#14554,#14555,#14556);
#12246=CARTESIAN_POINT('',(-53.9790144329756,-20.9842987804878,-11.9822895075184));
#12247=AXIS2_PLACEMENT_3D('',#14557,#14558,#14559);
#12248=AXIS2_PLACEMENT_3D('',#14560,#14561,#14562);
#12249=CARTESIAN_POINT('',(-53.9790144329756,-19.7842987804878,-11.9822895075184));
#12250=CARTESIAN_POINT('',(-53.9790144329756,-20.9842987804878,-11.9822895075184));
#12251=VECTOR('',#14563,1000.0);
#12252=AXIS2_PLACEMENT_3D('',#14564,#14565,#14566);
#12253=AXIS2_PLACEMENT_3D('',#14567,#14568,#14569);
#12254=CARTESIAN_POINT('',(-52.2133290080264,-19.7842987804878,-11.9822895075184));
#12255=CARTESIAN_POINT('',(-52.096171720501,-19.6671414929628,-11.9822895075184));
#12256=AXIS2_PLACEMENT_3D('',#14570,#14571,#14572);
#12257=AXIS2_PLACEMENT_3D('',#14573,#14574,#14575);
#12258=AXIS2_PLACEMENT_3D('',#14576,#14577,#14578);
#12259=CARTESIAN_POINT('',(-51.979014432976,-19.7842987804878,-11.9822895075184));
#12260=AXIS2_PLACEMENT_3D('',#14579,#14580,#14581);
#12261=AXIS2_PLACEMENT_3D('',#14582,#14583,#14584);
#12262=CARTESIAN_POINT('',(-51.979014432976,-20.9842987804878,-11.9822895075184));
#12263=CARTESIAN_POINT('',(-52.096171720501,-21.1014560680128,-11.9822895075184));
#12264=AXIS2_PLACEMENT_3D('',#14585,#14586,#14587);
#12265=CARTESIAN_POINT('',(-52.2133290080264,-20.9842987804878,-11.9822895075184));
#12266=AXIS2_PLACEMENT_3D('',#14588,#14589,#14590);
#12267=CARTESIAN_POINT('',(-52.2133290080264,-19.7842987804878,-11.9822895075184));
#12268=VECTOR('',#14591,1000.0);
#12269=CARTESIAN_POINT('',(-51.979014432976,-20.9842987804878,-11.9822895075184));
#12270=VECTOR('',#14592,1000.0);
#12271=AXIS2_PLACEMENT_3D('',#14593,#14594,#14595);
#12272=AXIS2_PLACEMENT_3D('',#14596,#14597,#14598);
#12273=AXIS2_PLACEMENT_3D('',#14599,#14600,#14601);
#12274=CARTESIAN_POINT('',(-48.77217325778,-24.4842987804878,8.41771049248159));
#12275=CARTESIAN_POINT('',(-48.77217325778,-22.6342987804878,8.41771049248159));
#12276=CARTESIAN_POINT('',(-48.77217325778,-23.5592987804878,8.41771049248159));
#12277=VECTOR('',#14602,1.0);
#12278=CARTESIAN_POINT('',(-48.566674908426,-24.4842987804878,8.81008474722059));
#12279=AXIS2_PLACEMENT_3D('',#14603,#14604,#14605);
#12280=CARTESIAN_POINT('',(-48.566674908426,-22.6342987804878,8.81008474722059));
#12281=CARTESIAN_POINT('',(-48.566674908426,-24.4842987804878,8.81008474722059));
#12282=VECTOR('',#14606,1000.0);
#12283=AXIS2_PLACEMENT_3D('',#14607,#14608,#14609);
#12284=CARTESIAN_POINT('',(-53.096171720501,-20.0842987804878,-7.83228950751841));
#12285=CARTESIAN_POINT('',(-53.096171720501,-19.8842987804878,-8.0322895075184));
#12286=AXIS2_PLACEMENT_3D('',#14610,#14611,#14612);
#12287=CARTESIAN_POINT('',(-47.590713205217,-20.0842987804878,-6.22823806950341));
#12288=AXIS2_PLACEMENT_3D('',#14613,#14614,#14615);
#12289=CARTESIAN_POINT('',(-47.483289624431,-19.8842987804878,-6.3969395048594));
#12290=AXIS2_PLACEMENT_3D('',#14616,#14617,#14618);
#12291=AXIS2_PLACEMENT_3D('',#14619,#14620,#14621);
#12292=CARTESIAN_POINT('',(-47.296171720501,-24.4842987804878,11.2677104924816));
#12293=CARTESIAN_POINT('',(-47.296171720501,-25.9842987804878,11.2677104924816));
#12294=CARTESIAN_POINT('',(-47.296171720501,-25.9842987804878,11.2677104924816));
#12295=VECTOR('',#14622,1.0);
#12296=CARTESIAN_POINT('',(-47.196171720501,-24.4842987804878,11.3677104924816));
#12297=AXIS2_PLACEMENT_3D('',#14623,#14624,#14625);
#12298=CARTESIAN_POINT('',(-47.196171720501,-25.9842987804878,11.3677104924816));
#12299=CARTESIAN_POINT('',(-47.196171720501,-24.4842987804878,11.3677104924816));
#12300=VECTOR('',#14626,1000.0);
#12301=AXIS2_PLACEMENT_3D('',#14627,#14628,#14629);
#12302=CARTESIAN_POINT('',(-53.096171720501,-24.4842987804878,13.8677104924816));
#12303=CARTESIAN_POINT('',(-53.096171720501,-17.3842987804878,13.8677104924816));
#12304=CARTESIAN_POINT('',(-53.096171720501,-19.3842987804878,13.8677104924816));
#12305=VECTOR('',#14630,1.0);
#12306=CARTESIAN_POINT('',(-52.996171720501,-24.4842987804878,13.8672738029316));
#12307=AXIS2_PLACEMENT_3D('',#14631,#14632,#14633);
#12308=CARTESIAN_POINT('',(-52.996171720501,-25.9842987804878,13.8672738029316));
#12309=CARTESIAN_POINT('',(-52.996171720501,-24.4842987804878,13.8672738029316));
#12310=VECTOR('',#14634,1000.0);
#12311=CARTESIAN_POINT('',(-47.196171720501,-25.9842987804878,12.2305846891686));
#12312=AXIS2_PLACEMENT_3D('',#14635,#14636,#14637);
#12313=CARTESIAN_POINT('',(-47.196171720501,-24.4842987804878,12.2305846891686));
#12314=CARTESIAN_POINT('',(-47.196171720501,-25.9842987804878,12.2305846891686));
#12315=VECTOR('',#14638,1000.0);
#12316=CARTESIAN_POINT('',(-50.146171720501,-24.4842987804878,-8.64574285626841));
#12317=AXIS2_PLACEMENT_3D('',#14639,#14640,#14641);
#12318=CARTESIAN_POINT('',(-50.146171720501,-20.0842987804878,-8.64574285626841));
#12319=CARTESIAN_POINT('',(-50.146171720501,-24.4842987804878,-8.64574285626841));
#12320=VECTOR('',#14642,1000.0);
#12321=CARTESIAN_POINT('',(-46.946171720501,-20.0842987804878,-7.24044668163841));
#12322=AXIS2_PLACEMENT_3D('',#14643,#14644,#14645);
#12323=CARTESIAN_POINT('',(-46.946171720501,-21.4842987804878,-7.24044668163841));
#12324=CARTESIAN_POINT('',(-46.946171720501,-20.0842987804878,-7.24044668163841));
#12325=VECTOR('',#14646,1000.0);
#12326=CARTESIAN_POINT('',(-43.601049769281,-21.4842987804878,-3.98112995962141));
#12327=AXIS2_PLACEMENT_3D('',#14647,#14648,#14649);
#12328=CARTESIAN_POINT('',(-43.601049769281,-19.5842987804878,-3.98112995962141));
#12329=CARTESIAN_POINT('',(-43.601049769281,-21.4842987804878,-3.98112995962141));
#12330=VECTOR('',#14650,1000.0);
#12331=CARTESIAN_POINT('',(-49.767096830633,-19.5842987804878,13.3730635391716));
#12332=AXIS2_PLACEMENT_3D('',#14651,#14652,#14653);
#12333=CARTESIAN_POINT('',(-49.767096830633,-24.4842987804878,13.3730635391716));
#12334=CARTESIAN_POINT('',(-49.767096831259,-19.5842987804878,13.3730635396116));
#12335=VECTOR('',#14654,1000.0);
#12336=CARTESIAN_POINT('',(-51.096171720501,-24.4842987804878,13.6916849469516));
#12337=AXIS2_PLACEMENT_3D('',#14655,#14656,#14657);
#12338=CARTESIAN_POINT('',(-51.096171720501,-17.6842987804878,13.6916849469516));
#12339=CARTESIAN_POINT('',(-51.096171720501,-24.4842987804878,13.6916849469516));
#12340=VECTOR('',#14658,1000.0);
#12341=CARTESIAN_POINT('',(-51.509041598495,-17.3842987804878,13.7571777628516));
#12342=CARTESIAN_POINT('',(-51.509041598495,-17.3842987804878,13.7571777628516));
#12343=CARTESIAN_POINT('',(-51.4639298306921,-17.3842987804874,13.750863687969));
#12344=CARTESIAN_POINT('',(-51.4269901797886,-17.3896646182324,13.7456507196248));
#12345=CARTESIAN_POINT('',(-51.3842887798487,-17.3984437415413,13.7391664293203));
#12346=CARTESIAN_POINT('',(-51.3721402883609,-17.4015250469577,13.7372505331222));
#12347=CARTESIAN_POINT('',(-51.3569348739418,-17.4057787578094,13.7348228229486));
#12348=CARTESIAN_POINT('',(-51.3500857716063,-17.4078168938336,13.7337210120009));
#12349=CARTESIAN_POINT('',(-51.3443439055374,-17.4096385838745,13.7328035676896));
#12350=CARTESIAN_POINT('',(-51.3407596098773,-17.4107976169769,13.7322346232171));
#12351=CARTESIAN_POINT('',(-51.3409060134351,-17.4107390784922,13.7322540033856));
#12352=CARTESIAN_POINT('',(-51.3106081361994,-17.4209162905897,13.7275426374518));
#12353=CARTESIAN_POINT('',(-51.286199331108,-17.4316793637017,13.7237190762465));
#12354=CARTESIAN_POINT('',(-51.2534693539502,-17.4493087320865,13.7184603802295));
#12355=CARTESIAN_POINT('',(-51.2432035747136,-17.4554340206225,13.7167890272936));
#12356=CARTESIAN_POINT('',(-51.2239461626246,-17.4680205134192,13.7136194585668));
#12357=CARTESIAN_POINT('',(-51.2158387640141,-17.4737889537183,13.7122693481966));
#12358=CARTESIAN_POINT('',(-51.1325512911902,-17.5390286408123,13.698328885584));
#12359=CARTESIAN_POINT('',(-51.0961717204998,-17.6142637919032,13.6916849469524));
#12360=CARTESIAN_POINT('',(-51.096171720501,-17.6842987804878,13.6916849469516));
#12361=AXIS2_PLACEMENT_3D('',#14659,#14660,#14661);
#12362=CARTESIAN_POINT('',(-60.660545652907,-24.4842987804878,3.61771049248159));
#12363=CARTESIAN_POINT('',(-60.660545652907,-22.6342987804878,3.61771049248159));
#12364=CARTESIAN_POINT('',(-60.660545652907,-23.5592987804878,3.61771049248159));
#12365=VECTOR('',#14662,1.0);
#12366=CARTESIAN_POINT('',(-60.262129033689,-24.4842987804878,3.98215493692559));
#12367=AXIS2_PLACEMENT_3D('',#14663,#14664,#14665);
#12368=CARTESIAN_POINT('',(-60.262129033689,-22.6342987804878,3.98215493692559));
#12369=CARTESIAN_POINT('',(-60.262129033689,-22.6342987804878,3.98215493692559));
#12370=VECTOR('',#14666,1000.0);
#12371=AXIS2_PLACEMENT_3D('',#14667,#14668,#14669);
#12372=CARTESIAN_POINT('',(-53.096171720501,-22.6342987804878,-7.5322895075184));
#12373=CARTESIAN_POINT('',(-53.096171720501,-22.3342987804878,-7.83228950751841));
#12374=AXIS2_PLACEMENT_3D('',#14670,#14671,#14672);
#12375=CARTESIAN_POINT('',(-49.481735541062,-22.6342987804878,11.6880045064146));
#12376=AXIS2_PLACEMENT_3D('',#14673,#14674,#14675);
#12377=CARTESIAN_POINT('',(-49.264765709347,-22.3342987804878,11.9246988682866));
#12378=CARTESIAN_POINT('',(-49.481735541062,-22.6342987804878,11.6880045064146));
#12379=CARTESIAN_POINT('',(-49.4450045108248,-22.6342987804878,11.7280747212195));
#12380=CARTESIAN_POINT('',(-49.4129297389797,-22.6215037051031,11.7636594735316));
#12381=CARTESIAN_POINT('',(-49.3737138185892,-22.5950583055902,11.8063822024927));
#12382=CARTESIAN_POINT('',(-49.3620854852643,-22.5850204971611,11.8189460773594));
#12383=CARTESIAN_POINT('',(-49.3467802919337,-22.5693332195329,11.8354370201693));
#12384=CARTESIAN_POINT('',(-49.3396599423774,-22.5613277277428,11.8430986140557));
#12385=CARTESIAN_POINT('',(-49.3333177480961,-22.5532656535166,11.8499483628252));
#12386=CARTESIAN_POINT('',(-49.3292595644626,-22.5478962844339,11.8543431363359));
#12387=CARTESIAN_POINT('',(-49.3279627847782,-22.5461434759746,11.8557483691079));
#12388=CARTESIAN_POINT('',(-49.2853279994034,-22.484949541609,11.9022633489067));
#12389=CARTESIAN_POINT('',(-49.264765709347,-22.4077355687868,11.9246988682867));
#12390=CARTESIAN_POINT('',(-49.264765709347,-22.3342987804878,11.9246988682866));
#12391=AXIS2_PLACEMENT_3D('',#14676,#14677,#14678);
#12392=CARTESIAN_POINT('',(-50.929502395291,-17.6842987804878,13.3598130201116));
#12393=CARTESIAN_POINT('',(-50.984134945119,-17.6842987804878,13.5324247647716));
#12394=CARTESIAN_POINT('',(-50.929502395291,-17.6842987804878,13.3598130201116));
#12395=CARTESIAN_POINT('',(-50.9295155812978,-17.6842987776248,13.3710745545701));
#12396=CARTESIAN_POINT('',(-50.9317366524747,-17.684298777229,13.4104792385429));
#12397=CARTESIAN_POINT('',(-50.9480828626701,-17.6842987765172,13.4726139831278));
#12398=CARTESIAN_POINT('',(-50.9713686251275,-17.6842987759549,13.514277451624));
#12399=CARTESIAN_POINT('',(-50.984134945119,-17.6842987804878,13.5324247647716));
#12400=CARTESIAN_POINT('',(-51.229502395291,-17.3842987804878,13.3598130201116));
#12401=AXIS2_PLACEMENT_3D('',#14679,#14680,#14681);
#12402=AXIS2_PLACEMENT_3D('',#14682,#14683,#14684);
#12403=CARTESIAN_POINT('',(-50.896171720501,-23.1080852592248,7.5390699286936));
#12404=CARTESIAN_POINT('',(-55.296171720501,-23.1080852592248,7.5390699286936));
#12405=CARTESIAN_POINT('',(-50.896171720501,-23.1080852592248,7.5390699286936));
#12406=VECTOR('',#14685,1000.0);
#12407=CARTESIAN_POINT('',(-50.896171720501,-22.8856154824368,6.8716605983296));
#12408=CARTESIAN_POINT('',(-50.896171720501,-22.8856154824368,6.8716605983296));
#12409=VECTOR('',#14686,1000.0);
#12410=CARTESIAN_POINT('',(-55.296171720501,-22.8856154824368,6.8716605983296));
#12411=CARTESIAN_POINT('',(-55.296171720501,-22.8856154824368,6.8716605983296));
#12412=VECTOR('',#14687,1000.0);
#12413=CARTESIAN_POINT('',(-55.296171720501,-23.1080852592248,7.5390699286936));
#12414=VECTOR('',#14688,1000.0);
#12415=CARTESIAN_POINT('',(-55.296171720501,-22.6342987804878,9.11771049248159));
#12416=CARTESIAN_POINT('',(-55.296171720501,-22.8342987804878,9.11771049248159));
#12417=CARTESIAN_POINT('',(-55.296171720501,-22.6342987804878,9.11771049248159));
#12418=VECTOR('',#14689,1000.0);
#12419=CARTESIAN_POINT('',(-55.296171720501,-22.8342987804878,8.59271049248159));
#12420=CARTESIAN_POINT('',(-55.296171720501,-22.8342987804878,9.11771049248159));
#12421=VECTOR('',#14690,1000.0);
#12422=CARTESIAN_POINT('',(-55.296171720501,-23.6842987804878,8.59271049248159));
#12423=CARTESIAN_POINT('',(-55.296171720501,-22.8342987804878,8.59271049248159));
#12424=VECTOR('',#14691,1000.0);
#12425=CARTESIAN_POINT('',(-55.296171720501,-23.6842987804878,8.01217415541859));
#12426=CARTESIAN_POINT('',(-55.296171720501,-23.6842987804878,8.59271049248159));
#12427=VECTOR('',#14692,1000.0);
#12428=AXIS2_PLACEMENT_3D('',#14693,#14694,#14695);
#12429=CARTESIAN_POINT('',(-55.296171720501,-22.8342987804878,6.55543283231359));
#12430=AXIS2_PLACEMENT_3D('',#14696,#14697,#14698);
#12431=CARTESIAN_POINT('',(-55.296171720501,-22.8342987804878,4.74150050020559));
#12432=CARTESIAN_POINT('',(-55.296171720501,-22.8342987804878,6.55543283231359));
#12433=VECTOR('',#14699,1000.0);
#12434=CARTESIAN_POINT('',(-55.296171720501,-22.6342987804878,4.74150050020559));
#12435=CARTESIAN_POINT('',(-55.296171720501,-22.6342987804878,4.74150050020559));
#12436=VECTOR('',#14700,1000.0);
#12437=CARTESIAN_POINT('',(-55.296171720501,-22.6342987804878,9.11771049248159));
#12438=VECTOR('',#14701,1000.0);
#12439=CARTESIAN_POINT('',(-54.596171720501,-22.6342987804878,12.2539953602556));
#12440=AXIS2_PLACEMENT_3D('',#14702,#14703,#14704);
#12441=CARTESIAN_POINT('',(-54.596171720501,-22.6342987804878,12.2315886811416));
#12442=CARTESIAN_POINT('',(-54.596171720501,-22.6342987804878,12.2539953602556));
#12443=VECTOR('',#14705,1000.0);
#12444=CARTESIAN_POINT('',(-54.664592773133,-22.6342987804878,12.1367057528396));
#12445=AXIS2_PLACEMENT_3D('',#14706,#14707,#14708);
#12446=CARTESIAN_POINT('',(-61.058962272125,-22.6342987804878,4.05326604803759));
#12447=AXIS2_PLACEMENT_3D('',#14709,#14710,#14711);
#12448=AXIS2_PLACEMENT_3D('',#14712,#14713,#14714);
#12449=CARTESIAN_POINT('',(-55.439630094252,-22.6342987804878,10.9602242234976));
#12450=AXIS2_PLACEMENT_3D('',#14715,#14716,#14717);
#12451=CARTESIAN_POINT('',(-55.396171720501,-22.6342987804878,10.9701610803656));
#12452=AXIS2_PLACEMENT_3D('',#14718,#14719,#14720);
#12453=CARTESIAN_POINT('',(-55.296171720501,-22.6342987804878,10.8701610803656));
#12454=AXIS2_PLACEMENT_3D('',#14721,#14722,#14723);
#12455=CARTESIAN_POINT('',(-55.296171720501,-22.6342987804878,9.9964004505976));
#12456=CARTESIAN_POINT('',(-55.296171720501,-22.6342987804878,10.8701610803656));
#12457=VECTOR('',#14724,1000.0);
#12458=CARTESIAN_POINT('',(-53.976171720501,-22.6342987804878,10.0977104924816));
#12459=AXIS2_PLACEMENT_3D('',#14725,#14726,#14727);
#12460=CARTESIAN_POINT('',(-48.918352989879,-22.6342987804878,8.46490150371759));
#12461=AXIS2_PLACEMENT_3D('',#14728,#14729,#14730);
#12462=AXIS2_PLACEMENT_3D('',#14731,#14732,#14733);
#12463=CARTESIAN_POINT('',(-50.050688531831,-22.6342987804878,10.9520615434346));
#12464=CARTESIAN_POINT('',(-48.566674908426,-22.6342987804878,8.81008474722059));
#12465=VECTOR('',#14734,1000.0);
#12466=CARTESIAN_POINT('',(-50.042204606109,-22.6342987804878,11.0765837081816));
#12467=AXIS2_PLACEMENT_3D('',#14735,#14736,#14737);
#12468=CARTESIAN_POINT('',(-50.042204606109,-22.6342987804878,11.0765837081816));
#12469=VECTOR('',#14738,1000.0);
#12470=CARTESIAN_POINT('',(-50.896171720501,-22.6342987804878,9.11771049248159));
#12471=CARTESIAN_POINT('',(-50.896171720501,-22.6342987804878,9.11771049248159));
#12472=VECTOR('',#14739,1000.0);
#12473=CARTESIAN_POINT('',(-55.296171720501,-22.6342987804878,0.0939204847575925));
#12474=AXIS2_PLACEMENT_3D('',#14740,#14741,#14742);
#12475=CARTESIAN_POINT('',(-55.296171720501,-22.6342987804878,-1.03228950751841));
#12476=CARTESIAN_POINT('',(-55.296171720501,-22.6342987804878,0.0939204847575925));
#12477=VECTOR('',#14743,1000.0);
#12478=CARTESIAN_POINT('',(-59.246171720501,-22.6342987804878,-1.03228950751841));
#12479=CARTESIAN_POINT('',(-55.296171720501,-22.6342987804878,-1.03228950751841));
#12480=VECTOR('',#14744,1000.0);
#12481=CARTESIAN_POINT('',(-59.246171720501,-22.6342987804878,-5.13228950751841));
#12482=CARTESIAN_POINT('',(-59.246171720501,-22.6342987804878,-1.03228950751841));
#12483=VECTOR('',#14745,1000.0);
#12484=CARTESIAN_POINT('',(-46.946171720501,-22.6342987804878,-5.13228950751841));
#12485=CARTESIAN_POINT('',(-59.246171720501,-22.6342987804878,-5.13228950751841));
#12486=VECTOR('',#14746,1000.0);
#12487=CARTESIAN_POINT('',(-46.946171720501,-22.6342987804878,-1.03228950751841));
#12488=CARTESIAN_POINT('',(-46.946171720501,-22.6342987804878,-5.13228950751841));
#12489=VECTOR('',#14747,1000.0);
#12490=CARTESIAN_POINT('',(-50.896171720501,-22.6342987804878,-1.03228950751841));
#12491=CARTESIAN_POINT('',(-46.946171720501,-22.6342987804878,-1.03228950751841));
#12492=VECTOR('',#14748,1000.0);
#12493=CARTESIAN_POINT('',(-50.896171720501,-22.6342987804878,0.0939204847575925));
#12494=CARTESIAN_POINT('',(-50.896171720501,-22.6342987804878,-1.03228950751841));
#12495=VECTOR('',#14749,1000.0);
#12496=CARTESIAN_POINT('',(-50.896171720501,-22.6342987804878,4.74150050020559));
#12497=AXIS2_PLACEMENT_3D('',#14750,#14751,#14752);
#12498=CARTESIAN_POINT('',(-50.896171720501,-22.6342987804878,4.74150050020559));
#12499=VECTOR('',#14753,1000.0);
#12500=CARTESIAN_POINT('',(-49.264765709347,-19.5842987804878,11.9246988682866));
#12501=CARTESIAN_POINT('',(-49.120620421963,-19.3842987804878,12.0819482727046));
#12502=CARTESIAN_POINT('',(-49.264765709347,-19.5842987804878,11.9246988682866));
#12503=CARTESIAN_POINT('',(-49.264765709347,-19.5601121191496,11.9246988682867));
#12504=CARTESIAN_POINT('',(-49.2614766888469,-19.5351226419363,11.9281645356389));
#12505=CARTESIAN_POINT('',(-49.2513061659208,-19.4992350276626,11.9392563482161));
#12506=CARTESIAN_POINT('',(-49.247046691693,-19.487547172557,11.943925796687));
#12507=CARTESIAN_POINT('',(-49.2393556465191,-19.4708362338071,11.9523644276948));
#12508=CARTESIAN_POINT('',(-49.2351851499529,-19.4626864321784,11.9569410403355));
#12509=CARTESIAN_POINT('',(-49.2305323226774,-19.4549246396618,11.9620364320626));
#12510=CARTESIAN_POINT('',(-49.2273241778889,-19.4498452575604,11.9655457988186));
#12511=CARTESIAN_POINT('',(-49.2250224034942,-19.446433289876,11.9680600238013));
#12512=CARTESIAN_POINT('',(-49.2154348708768,-19.4327509429216,11.9785210597429));
#12513=CARTESIAN_POINT('',(-49.2029905909707,-19.4183523142061,11.9916428962032));
#12514=CARTESIAN_POINT('',(-49.1687276241359,-19.3940854476663,12.0289380691626));
#12515=CARTESIAN_POINT('',(-49.1467869250682,-19.3842987804878,12.0534029965897));
#12516=CARTESIAN_POINT('',(-49.120620421963,-19.3842987804878,12.0819482727046));
#12517=CARTESIAN_POINT('',(-49.264765709347,-22.3342987804878,11.9246988682866));
#12518=VECTOR('',#14754,1000.0);
#12519=CARTESIAN_POINT('',(-50.042204606109,-24.4842987804878,11.0765837081816));
#12520=CARTESIAN_POINT('',(-50.042204606109,-24.4842987804878,11.0765837081816));
#12521=VECTOR('',#14755,1000.0);
#12522=CARTESIAN_POINT('',(-49.230262909372,-24.4842987804878,11.9623382864406));
#12523=CARTESIAN_POINT('',(-49.230262909372,-24.4842987804878,11.9623382864406));
#12524=VECTOR('',#14756,1000.0);
#12525=CARTESIAN_POINT('',(-48.996171720501,-24.4842987804878,12.2177104924816));
#12526=CARTESIAN_POINT('',(-48.996171720501,-24.4842987804878,12.2177104924816));
#12527=VECTOR('',#14757,1000.0);
#12528=CARTESIAN_POINT('',(-48.996171720501,-19.5842987804878,12.2177104924816));
#12529=CARTESIAN_POINT('',(-48.996171720501,-19.5842987804878,12.2177104924816));
#12530=VECTOR('',#14758,1000.0);
#12531=CARTESIAN_POINT('',(-48.860252358915,-19.3842987804878,12.3659861596666));
#12532=CARTESIAN_POINT('',(-48.996171720501,-19.5842987804878,12.2177104924816));
#12533=CARTESIAN_POINT('',(-48.9961717205008,-19.5291769499776,12.2177104924814));
#12534=CARTESIAN_POINT('',(-48.982695772996,-19.4817327001658,12.232411526123));
#12535=CARTESIAN_POINT('',(-48.9298670331077,-19.4037855644234,12.2900428787285));
#12536=CARTESIAN_POINT('',(-48.8978573517286,-19.3842987804878,12.324962531142));
#12537=CARTESIAN_POINT('',(-48.860252358915,-19.3842987804878,12.3659861596666));
#12538=CARTESIAN_POINT('',(-49.120620421963,-19.3842987804878,12.0819482727046));
#12539=VECTOR('',#14759,1000.0);
#12540=CARTESIAN_POINT('',(-44.430318061964,-19.3842987804878,-3.42227926511441));
#12541=AXIS2_PLACEMENT_3D('',#14760,#14761,#14762);
#12542=CARTESIAN_POINT('',(-49.481251041436,-19.3842987804878,13.0711065934516));
#12543=CARTESIAN_POINT('',(-48.860252358915,-19.3842987804878,12.3659861596666));
#12544=VECTOR('',#14763,1000.0);
#12545=CARTESIAN_POINT('',(-43.766903427818,-19.3842987804878,-3.86935982072041));
#12546=AXIS2_PLACEMENT_3D('',#14764,#14765,#14766);
#12547=CARTESIAN_POINT('',(-43.766903427818,-19.3842987804878,-3.86935982072041));
#12548=VECTOR('',#14767,1000.0);
#12549=CARTESIAN_POINT('',(-44.596171720501,-19.5842987804878,-3.3105091262134));
#12550=AXIS2_PLACEMENT_3D('',#14768,#14769,#14770);
#12551=AXIS2_PLACEMENT_3D('',#14771,#14772,#14773);
#12552=CARTESIAN_POINT('',(-44.596171720501,-21.4842987804878,-3.3105091262134));
#12553=CARTESIAN_POINT('',(-44.596171720501,-21.4842987804878,-3.3105091262134));
#12554=VECTOR('',#14774,1000.0);
#12555=CARTESIAN_POINT('',(-44.596171720501,-19.5842987804878,-3.3105091262134));
#12556=VECTOR('',#14775,1000.0);
#12557=AXIS2_PLACEMENT_3D('',#14776,#14777,#14778);
#12558=CARTESIAN_POINT('',(-47.590713205217,-21.4842987804878,-6.22823806950341));
#12559=AXIS2_PLACEMENT_3D('',#14779,#14780,#14781);
#12560=CARTESIAN_POINT('',(-47.590713205217,-21.4842987804878,-6.22823806950341));
#12561=VECTOR('',#14782,1000.0);
#12562=CARTESIAN_POINT('',(-53.096171720501,-20.0842987804878,-7.83228950751841));
#12563=VECTOR('',#14783,1000.0);
#12564=CARTESIAN_POINT('',(-58.601630235785,-20.0842987804878,-6.22823806950341));
#12565=AXIS2_PLACEMENT_3D('',#14784,#14785,#14786);
#12566=CARTESIAN_POINT('',(-58.601630235785,-21.4842987804878,-6.22823806950341));
#12567=CARTESIAN_POINT('',(-58.601630235785,-20.0842987804878,-6.22823806950341));
#12568=VECTOR('',#14787,1000.0);
#12569=CARTESIAN_POINT('',(-61.596171720501,-21.4842987804878,-3.3105091262134));
#12570=AXIS2_PLACEMENT_3D('',#14788,#14789,#14790);
#12571=CARTESIAN_POINT('',(-61.596171720501,-19.5842987804878,-3.3105091262134));
#12572=CARTESIAN_POINT('',(-61.596171720501,-21.4842987804878,-3.3105091262134));
#12573=VECTOR('',#14791,1000.0);
#12574=CARTESIAN_POINT('',(-54.246171720501,-19.5842987804878,12.6029939936916));
#12575=AXIS2_PLACEMENT_3D('',#14792,#14793,#14794);
#12576=CARTESIAN_POINT('',(-54.246171720501,-19.1842987804878,12.6029939936916));
#12577=CARTESIAN_POINT('',(-54.246171720501,-19.5842987804878,12.6029939936916));
#12578=VECTOR('',#14795,1000.0);
#12579=CARTESIAN_POINT('',(-53.096171720501,-19.1842987804878,12.6677104924816));
#12580=AXIS2_PLACEMENT_3D('',#14796,#14797,#14798);
#12581=CARTESIAN_POINT('',(-53.096171720501,-24.4842987804878,12.6677104924816));
#12582=CARTESIAN_POINT('',(-53.096171720501,-19.1842987804878,12.6677104924816));
#12583=CARTESIAN_POINT('',(-53.096171720501,-20.9509654471146,12.6677104924816));
#12584=CARTESIAN_POINT('',(-53.096171720501,-22.7176321137415,12.6677104924816));
#12585=CARTESIAN_POINT('',(-53.096171720501,-24.4842987804878,12.6677104924816));
#12586=CARTESIAN_POINT('',(-54.596171720501,-24.4842987804878,12.5573603878216));
#12587=AXIS2_PLACEMENT_3D('',#14799,#14800,#14801);
#12588=CARTESIAN_POINT('',(-54.596171720501,-22.3342987804878,12.5573603878216));
#12589=CARTESIAN_POINT('',(-54.596171720501,-24.4842987804878,12.5573603878216));
#12590=VECTOR('',#14802,1000.0);
#12591=AXIS2_PLACEMENT_3D('',#14803,#14804,#14805);
#12592=CARTESIAN_POINT('',(-54.596171720501,-22.3342987804878,12.5573603878216));
#12593=CARTESIAN_POINT('',(-54.5961717205005,-22.3717208763777,12.5573603878183));
#12594=CARTESIAN_POINT('',(-54.5962123554308,-22.4100782336115,12.5501825464924));
#12595=CARTESIAN_POINT('',(-54.5962124992713,-22.4646049330827,12.5279694221525));
#12596=CARTESIAN_POINT('',(-54.5962045236915,-22.4822691703578,12.5186747153859));
#12597=CARTESIAN_POINT('',(-54.5961880265312,-22.5073905824038,12.501992506187));
#12598=CARTESIAN_POINT('',(-54.5961789113874,-22.5196072264017,12.4929684335356));
#12599=CARTESIAN_POINT('',(-54.5961724662438,-22.5311927708133,12.48295727277));
#12600=CARTESIAN_POINT('',(-54.5961693926159,-22.5387635365874,12.4760693668561));
#12601=CARTESIAN_POINT('',(-54.5961684642208,-22.5435358752094,12.4714466107453));
#12602=CARTESIAN_POINT('',(-54.5961685760958,-22.5666004741361,12.4481994371889));
#12603=CARTESIAN_POINT('',(-54.5963094226979,-22.5880654488287,12.4206243700357));
#12604=CARTESIAN_POINT('',(-54.5963305605121,-22.6219748730357,12.3488054058726));
#12605=CARTESIAN_POINT('',(-54.596171720501,-22.6342987804878,12.3043180256544));
#12606=CARTESIAN_POINT('',(-54.596171720501,-22.6342987804878,12.2539953602556));
#12607=CARTESIAN_POINT('',(-54.596171720501,-24.4842987804878,12.2315886811416));
#12608=CARTESIAN_POINT('',(-54.596171720501,-24.4842987804878,12.5573603878216));
#12609=VECTOR('',#14806,1000.0);
#12610=CARTESIAN_POINT('',(-54.596171720501,-22.6342987804878,12.2315886811416));
#12611=VECTOR('',#14807,1000.0);
#12612=CARTESIAN_POINT('',(-54.664592773133,-24.4842987804878,12.1367057528396));
#12613=AXIS2_PLACEMENT_3D('',#14808,#14809,#14810);
#12614=CARTESIAN_POINT('',(-54.664592773133,-22.6342987804878,12.1367057528396));
#12615=VECTOR('',#14811,1000.0);
#12616=CARTESIAN_POINT('',(-61.058962272125,-24.4842987804878,4.05326604803759));
#12617=AXIS2_PLACEMENT_3D('',#14812,#14813,#14814);
#12618=CARTESIAN_POINT('',(-61.058962272125,-22.6342987804878,4.05326604803759));
#12619=VECTOR('',#14815,1000.0);
#12620=AXIS2_PLACEMENT_3D('',#14816,#14817,#14818);
#12621=CARTESIAN_POINT('',(-55.439630094252,-24.4842987804878,10.9602242234976));
#12622=AXIS2_PLACEMENT_3D('',#14819,#14820,#14821);
#12623=CARTESIAN_POINT('',(-55.439678300948,-22.6342987804878,10.9602031058106));
#12624=VECTOR('',#14822,1000.0);
#12625=CARTESIAN_POINT('',(-55.396171720501,-24.4842987804878,10.9701610803656));
#12626=CARTESIAN_POINT('',(-55.396171720501,-22.6342987804878,10.9701610803656));
#12627=VECTOR('',#14823,1000.0);
#12628=AXIS2_PLACEMENT_3D('',#14824,#14825,#14826);
#12629=CARTESIAN_POINT('',(-56.046171720501,-24.4842987804878,-13.2322895075184));
#12630=CARTESIAN_POINT('',(-55.346171720501,-24.4842987804878,-13.9322895075184));
#12631=AXIS2_PLACEMENT_3D('',#14827,#14828,#14829);
#12632=CARTESIAN_POINT('',(-50.846171720501,-24.4842987804878,-13.9322895075184));
#12633=CARTESIAN_POINT('',(-55.346171720501,-24.4842987804878,-13.9322895075184));
#12634=VECTOR('',#14830,1000.0);
#12635=CARTESIAN_POINT('',(-50.146171720501,-24.4842987804878,-13.2322895075184));
#12636=AXIS2_PLACEMENT_3D('',#14831,#14832,#14833);
#12637=CARTESIAN_POINT('',(-50.146171720501,-24.4842987804878,-13.2322895075184));
#12638=VECTOR('',#14834,1000.0);
#12639=CARTESIAN_POINT('',(-47.196171720501,-24.4842987804878,12.2305846891686));
#12640=VECTOR('',#14835,1000.0);
#12641=CARTESIAN_POINT('',(-47.333808337496,-24.4842987804878,11.2750633928986));
#12642=AXIS2_PLACEMENT_3D('',#14836,#14837,#14838);
#12643=AXIS2_PLACEMENT_3D('',#14839,#14840,#14841);
#12644=CARTESIAN_POINT('',(-50.050688531831,-24.4842987804878,10.9520615434346));
#12645=AXIS2_PLACEMENT_3D('',#14842,#14843,#14844);
#12646=CARTESIAN_POINT('',(-50.050688531831,-24.4842987804878,10.9520615434346));
#12647=VECTOR('',#14845,1000.0);
#12648=CARTESIAN_POINT('',(-48.918352989879,-24.4842987804878,8.46490150371759));
#12649=AXIS2_PLACEMENT_3D('',#14846,#14847,#14848);
#12650=CARTESIAN_POINT('',(-53.976171720501,-24.4842987804878,10.0977104924816));
#12651=AXIS2_PLACEMENT_3D('',#14849,#14850,#14851);
#12652=CARTESIAN_POINT('',(-55.296171720501,-24.4842987804878,9.9964004505976));
#12653=AXIS2_PLACEMENT_3D('',#14852,#14853,#14854);
#12654=CARTESIAN_POINT('',(-55.296171720501,-24.4842987804878,10.8701610803656));
#12655=CARTESIAN_POINT('',(-55.296171720501,-24.4842987804878,10.8701610803656));
#12656=VECTOR('',#14855,1000.0);
#12657=AXIS2_PLACEMENT_3D('',#14856,#14857,#14858);
#12658=CARTESIAN_POINT('',(-52.996175006335,-24.4842987804878,12.6672227080516));
#12659=AXIS2_PLACEMENT_3D('',#14859,#14860,#14861);
#12660=CARTESIAN_POINT('',(-52.996171720501,-24.4842987804878,12.6673349510216));
#12661=VECTOR('',#14862,1000.0);
#12662=CARTESIAN_POINT('',(-56.046171720501,-24.4842987804878,-8.64574285626841));
#12663=AXIS2_PLACEMENT_3D('',#14863,#14864,#14865);
#12664=CARTESIAN_POINT('',(-56.046171720501,-24.4842987804878,-8.64574285626841));
#12665=VECTOR('',#14866,1000.0);
#12666=CARTESIAN_POINT('',(-53.096171720501,-24.4842987804878,-0.782289507518408));
#12667=CARTESIAN_POINT('',(-53.096171720501,-24.4842987804878,5.61771049248159));
#12668=AXIS2_PLACEMENT_3D('',#14867,#14868,#14869);
#12669=AXIS2_PLACEMENT_3D('',#14870,#14871,#14872);
#12670=CARTESIAN_POINT('',(-48.446171720501,-24.4842987804878,-4.88632576271341));
#12671=CARTESIAN_POINT('',(-48.446171720501,-24.4842987804878,-6.3863257627134));
#12672=AXIS2_PLACEMENT_3D('',#14873,#14874,#14875);
#12673=AXIS2_PLACEMENT_3D('',#14876,#14877,#14878);
#12674=CARTESIAN_POINT('',(-62.396171720501,-24.4842987804878,3.16771049248159));
#12675=CARTESIAN_POINT('',(-62.396171720501,-24.4842987804878,1.66771049248159));
#12676=AXIS2_PLACEMENT_3D('',#14879,#14880,#14881);
#12677=AXIS2_PLACEMENT_3D('',#14882,#14883,#14884);
#12678=CARTESIAN_POINT('',(-48.446171720501,-24.4842987804878,11.2217467476766));
#12679=CARTESIAN_POINT('',(-48.446171720501,-24.4842987804878,9.72174674767659));
#12680=AXIS2_PLACEMENT_3D('',#14885,#14886,#14887);
#12681=AXIS2_PLACEMENT_3D('',#14888,#14889,#14890);
#12682=CARTESIAN_POINT('',(-54.621171720501,-24.4842987804878,-11.3322895075184));
#12683=CARTESIAN_POINT('',(-54.621171720501,-24.4842987804878,-11.8322895075184));
#12684=CARTESIAN_POINT('',(-54.621171720501,-24.4842987804878,-11.3322895075184));
#12685=VECTOR('',#14891,1000.0);
#12686=CARTESIAN_POINT('',(-51.571171720501,-24.4842987804878,-11.3322895075184));
#12687=CARTESIAN_POINT('',(-51.571171720501,-24.4842987804878,-11.3322895075184));
#12688=VECTOR('',#14892,1000.0);
#12689=CARTESIAN_POINT('',(-51.571171720501,-24.4842987804878,-11.8322895075184));
#12690=CARTESIAN_POINT('',(-51.571171720501,-24.4842987804878,-11.8322895075184));
#12691=VECTOR('',#14893,1000.0);
#12692=CARTESIAN_POINT('',(-54.621171720501,-24.4842987804878,-11.8322895075184));
#12693=VECTOR('',#14894,1000.0);
#12694=CARTESIAN_POINT('',(-52.096171720501,-24.4842987804878,9.59841380065459));
#12695=CARTESIAN_POINT('',(-50.146171720501,-24.4842987804878,9.04039876840059));
#12696=AXIS2_PLACEMENT_3D('',#14895,#14896,#14897);
#12697=CARTESIAN_POINT('',(-50.146171720501,-24.4842987804878,6.26771049248159));
#12698=CARTESIAN_POINT('',(-50.146171720501,-24.4842987804878,9.04039876840059));
#12699=VECTOR('',#14898,1000.0);
#12700=CARTESIAN_POINT('',(-52.096171720501,-24.4842987804878,6.26771049248159));
#12701=CARTESIAN_POINT('',(-50.146171720501,-24.4842987804878,6.26771049248159));
#12702=VECTOR('',#14899,1000.0);
#12703=CARTESIAN_POINT('',(-52.096171720501,-24.4842987804878,6.76771049248159));
#12704=CARTESIAN_POINT('',(-52.096171720501,-24.4842987804878,6.26771049248159));
#12705=VECTOR('',#14900,1000.0);
#12706=CARTESIAN_POINT('',(-54.096171720501,-24.4842987804878,6.76771049248159));
#12707=CARTESIAN_POINT('',(-52.096171720501,-24.4842987804878,6.76771049248159));
#12708=VECTOR('',#14901,1000.0);
#12709=CARTESIAN_POINT('',(-54.096171720501,-24.4842987804878,6.26771049248159));
#12710=CARTESIAN_POINT('',(-54.096171720501,-24.4842987804878,6.76771049248159));
#12711=VECTOR('',#14902,1000.0);
#12712=CARTESIAN_POINT('',(-56.046171720501,-24.4842987804878,6.26771049248159));
#12713=CARTESIAN_POINT('',(-54.096171720501,-24.4842987804878,6.26771049248159));
#12714=VECTOR('',#14903,1000.0);
#12715=CARTESIAN_POINT('',(-56.046171720501,-24.4842987804878,9.04039876840059));
#12716=CARTESIAN_POINT('',(-56.046171720501,-24.4842987804878,6.26771049248159));
#12717=VECTOR('',#14904,1000.0);
#12718=CARTESIAN_POINT('',(-54.096171720501,-24.4842987804878,9.59841380065459));
#12719=AXIS2_PLACEMENT_3D('',#14905,#14906,#14907);
#12720=CARTESIAN_POINT('',(-54.096171720501,-24.4842987804878,8.59271049248159));
#12721=CARTESIAN_POINT('',(-54.096171720501,-24.4842987804878,9.59841380065459));
#12722=VECTOR('',#14908,1000.0);
#12723=CARTESIAN_POINT('',(-52.096171720501,-24.4842987804878,8.59271049248159));
#12724=CARTESIAN_POINT('',(-52.096171720501,-24.4842987804878,8.59271049248159));
#12725=VECTOR('',#14909,1000.0);
#12726=CARTESIAN_POINT('',(-52.096171720501,-24.4842987804878,8.59271049248159));
#12727=VECTOR('',#14910,1000.0);
#12728=CARTESIAN_POINT('',(-56.046171720501,-17.8842987804878,-13.2322895075184));
#12729=CARTESIAN_POINT('',(-56.046171720501,-24.4842987804878,-13.2322895075184));
#12730=VECTOR('',#14911,1000.0);
#12731=CARTESIAN_POINT('',(-56.046171720501,-20.0842987804878,-8.64574285626841));
#12732=CARTESIAN_POINT('',(-56.046171720501,-20.0842987804878,-8.64574285626841));
#12733=VECTOR('',#14912,1000.0);
#12734=CARTESIAN_POINT('',(-56.046171720501,-19.8842987804878,-8.43862406389841));
#12735=CARTESIAN_POINT('',(-56.046171720501,-19.8842987804878,-8.43862406389841));
#12736=CARTESIAN_POINT('',(-56.046171720501,-19.8842987804882,-8.47389264392086));
#12737=CARTESIAN_POINT('',(-56.0463771379725,-19.8929370846168,-8.50476873539169));
#12738=CARTESIAN_POINT('',(-56.0463562131772,-19.9103639527465,-8.54176341913701));
#12739=CARTESIAN_POINT('',(-56.0463140589591,-19.9169311624447,-8.55261483593959));
#12740=CARTESIAN_POINT('',(-56.0462430979036,-19.9270881918169,-8.56680354694705));
#12741=CARTESIAN_POINT('',(-56.0462187377737,-19.9305270261378,-8.57118732403383));
#12742=CARTESIAN_POINT('',(-56.0461812911719,-19.9373983721793,-8.57930591117032));
#12743=CARTESIAN_POINT('',(-56.0461682856522,-19.9393775576704,-8.58156419243076));
#12744=CARTESIAN_POINT('',(-56.0461669556861,-19.9828919158687,-8.62577662820282));
#12745=CARTESIAN_POINT('',(-56.0461717205013,-20.0350260152106,-8.64574285626977));
#12746=CARTESIAN_POINT('',(-56.046171720501,-20.0842987804878,-8.64574285626841));
#12747=CARTESIAN_POINT('',(-56.046171720501,-19.8842987804878,-8.43228950751841));
#12748=CARTESIAN_POINT('',(-56.046171720501,-19.8842987804878,-8.43862406389841));
#12749=VECTOR('',#14913,1000.0);
#12750=CARTESIAN_POINT('',(-56.046171720501,-17.8842987804878,-8.43228950751841));
#12751=CARTESIAN_POINT('',(-56.046171720501,-19.8842987804878,-8.43228950751841));
#12752=VECTOR('',#14914,1000.0);
#12753=CARTESIAN_POINT('',(-56.046171720501,-17.8842987804878,-8.43228950751841));
#12754=VECTOR('',#14915,1000.0);
#12755=CARTESIAN_POINT('',(-55.146171720501,-17.8842987804878,-11.3322895075184));
#12756=CARTESIAN_POINT('',(-55.196171720501,-17.8842987804878,-11.3322895075184));
#12757=CARTESIAN_POINT('',(-55.146171720501,-17.8842987804878,-11.3322895075184));
#12758=VECTOR('',#14916,1000.0);
#12759=CARTESIAN_POINT('',(-55.146171720501,-17.8842987804878,-13.9322895075184));
#12760=CARTESIAN_POINT('',(-55.146171720501,-17.8842987804878,-13.9322895075184));
#12761=VECTOR('',#14917,1000.0);
#12762=CARTESIAN_POINT('',(-55.346171720501,-17.8842987804878,-13.9322895075184));
#12763=CARTESIAN_POINT('',(-55.346171720501,-17.8842987804878,-13.9322895075184));
#12764=VECTOR('',#14918,1000.0);
#12765=AXIS2_PLACEMENT_3D('',#14919,#14920,#14921);
#12766=CARTESIAN_POINT('',(-55.196171720501,-17.8842987804878,-8.43228950751841));
#12767=CARTESIAN_POINT('',(-55.196171720501,-17.8842987804878,-8.43228950751841));
#12768=VECTOR('',#14922,1000.0);
#12769=CARTESIAN_POINT('',(-55.196171720501,-17.8842987804878,-8.43228950751841));
#12770=VECTOR('',#14923,1000.0);
#12771=CARTESIAN_POINT('',(-55.196171720501,-19.8842987804878,-8.43228950751841));
#12772=CARTESIAN_POINT('',(-55.196171720501,-19.8842987804878,-8.43228950751841));
#12773=VECTOR('',#14924,1000.0);
#12774=CARTESIAN_POINT('',(-55.196171720501,-19.8842987804878,-8.8380658023784));
#12775=CARTESIAN_POINT('',(-55.196171720501,-19.8842987804878,-8.43228950751841));
#12776=VECTOR('',#14925,1000.0);
#12777=CARTESIAN_POINT('',(-55.196171720501,-18.1902104709768,-10.9247149914584));
#12778=CARTESIAN_POINT('',(-55.196171720501,-19.8842987804878,-8.8380658023784));
#12779=VECTOR('',#14926,1000.0);
#12780=CARTESIAN_POINT('',(-55.196171720501,-18.3842987804878,-11.3322895075184));
#12781=AXIS2_PLACEMENT_3D('',#14927,#14928,#14929);
#12782=CARTESIAN_POINT('',(-55.196171720501,-18.3842987804878,-11.3322895075184));
#12783=VECTOR('',#14930,1000.0);
#12784=CARTESIAN_POINT('',(-55.146171720501,-18.3842987804878,-11.3322895075184));
#12785=CARTESIAN_POINT('',(-55.146171720501,-18.3842987804878,-11.3322895075184));
#12786=VECTOR('',#14931,1000.0);
#12787=CARTESIAN_POINT('',(-55.146171720501,-17.8842987804878,-11.3322895075184));
#12788=VECTOR('',#14932,1000.0);
#12789=CARTESIAN_POINT('',(-55.146171720501,-18.1342987804878,-11.8322895075184));
#12790=CARTESIAN_POINT('',(-55.146171720501,-22.9842987804878,-11.8322895075184));
#12791=CARTESIAN_POINT('',(-55.146171720501,-18.1342987804878,-11.8322895075184));
#12792=VECTOR('',#14933,1000.0);
#12793=CARTESIAN_POINT('',(-55.146171720501,-18.1342987804878,-13.9322895075184));
#12794=CARTESIAN_POINT('',(-55.146171720501,-18.1342987804878,-13.9322895075184));
#12795=VECTOR('',#14934,1000.0);
#12796=CARTESIAN_POINT('',(-55.146171720501,-18.1342987804878,-13.9322895075184));
#12797=VECTOR('',#14935,1000.0);
#12798=CARTESIAN_POINT('',(-55.146171720501,-22.9842987804878,-11.3322895075184));
#12799=CARTESIAN_POINT('',(-55.146171720501,-18.3842987804878,-11.3322895075184));
#12800=VECTOR('',#14936,1000.0);
#12801=CARTESIAN_POINT('',(-55.146171720501,-22.9842987804878,-11.3322895075184));
#12802=VECTOR('',#14937,1000.0);
#12803=CARTESIAN_POINT('',(-54.771171720501,-22.9842987804878,-11.8322895075184));
#12804=CARTESIAN_POINT('',(-54.771171720501,-22.9842987804878,-11.3322895075184));
#12805=CARTESIAN_POINT('',(-54.771171720501,-22.9842987804878,-11.8322895075184));
#12806=VECTOR('',#14938,1000.0);
#12807=CARTESIAN_POINT('',(-54.771171720501,-22.9842987804878,-11.8322895075184));
#12808=VECTOR('',#14939,1000.0);
#12809=CARTESIAN_POINT('',(-55.146171720501,-22.9842987804878,-11.3322895075184));
#12810=VECTOR('',#14940,1000.0);
#12811=CARTESIAN_POINT('',(-51.421171720501,-22.9842987804878,-11.3322895075184));
#12812=CARTESIAN_POINT('',(-51.046171720501,-22.9842987804878,-11.3322895075184));
#12813=CARTESIAN_POINT('',(-51.421171720501,-22.9842987804878,-11.3322895075184));
#12814=VECTOR('',#14941,1000.0);
#12815=CARTESIAN_POINT('',(-51.571171720501,-23.1342987804878,-11.3322895075184));
#12816=CARTESIAN_POINT('',(-51.421171720501,-22.9842987804878,-11.3322895075184));
#12817=VECTOR('',#14942,1000.0);
#12818=CARTESIAN_POINT('',(-51.571171720501,-23.1342987804878,-11.3322895075184));
#12819=VECTOR('',#14943,1000.0);
#12820=CARTESIAN_POINT('',(-54.621171720501,-23.1342987804878,-11.3322895075184));
#12821=CARTESIAN_POINT('',(-54.621171720501,-23.1342987804878,-11.3322895075184));
#12822=VECTOR('',#14944,1000.0);
#12823=CARTESIAN_POINT('',(-54.621171720501,-23.1342987804878,-11.3322895075184));
#12824=VECTOR('',#14945,1000.0);
#12825=CARTESIAN_POINT('',(-51.046171720501,-18.3842987804878,-11.3322895075184));
#12826=CARTESIAN_POINT('',(-51.046171720501,-18.3842987804878,-11.3322895075184));
#12827=VECTOR('',#14946,1000.0);
#12828=CARTESIAN_POINT('',(-51.046171720501,-22.9842987804878,-11.3322895075184));
#12829=VECTOR('',#14947,1000.0);
#12830=CARTESIAN_POINT('',(-51.046171720501,-17.8842987804878,-11.3322895075184));
#12831=CARTESIAN_POINT('',(-51.046171720501,-18.3842987804878,-11.3322895075184));
#12832=VECTOR('',#14948,1000.0);
#12833=CARTESIAN_POINT('',(-51.046171720501,-17.8842987804878,-13.9322895075184));
#12834=CARTESIAN_POINT('',(-51.046171720501,-17.8842987804878,-11.3322895075184));
#12835=VECTOR('',#14949,1000.0);
#12836=CARTESIAN_POINT('',(-51.046171720501,-18.1342987804878,-13.9322895075184));
#12837=CARTESIAN_POINT('',(-51.046171720501,-18.1342987804878,-13.9322895075184));
#12838=VECTOR('',#14950,1000.0);
#12839=CARTESIAN_POINT('',(-51.046171720501,-18.1342987804878,-11.8322895075184));
#12840=CARTESIAN_POINT('',(-51.046171720501,-18.1342987804878,-11.8322895075184));
#12841=VECTOR('',#14951,1000.0);
#12842=CARTESIAN_POINT('',(-51.046171720501,-22.9842987804878,-11.8322895075184));
#12843=CARTESIAN_POINT('',(-51.046171720501,-22.9842987804878,-11.8322895075184));
#12844=VECTOR('',#14952,1000.0);
#12845=CARTESIAN_POINT('',(-51.046171720501,-22.9842987804878,-11.8322895075184));
#12846=VECTOR('',#14953,1000.0);
#12847=CARTESIAN_POINT('',(-51.421171720501,-22.9842987804878,-11.8322895075184));
#12848=CARTESIAN_POINT('',(-51.421171720501,-22.9842987804878,-11.3322895075184));
#12849=VECTOR('',#14954,1000.0);
#12850=CARTESIAN_POINT('',(-51.046171720501,-22.9842987804878,-11.8322895075184));
#12851=VECTOR('',#14955,1000.0);
#12852=CARTESIAN_POINT('',(-52.196171720501,-18.1342987804878,-11.8322895075184));
#12853=CARTESIAN_POINT('',(-52.196171720501,-18.1342987804878,-11.8322895075184));
#12854=VECTOR('',#14956,1000.0);
#12855=CARTESIAN_POINT('',(-52.196171720501,-23.9842987804878,-11.8322895075184));
#12856=CARTESIAN_POINT('',(-52.196171720501,-18.1342987804878,-11.8322895075184));
#12857=VECTOR('',#14957,1000.0);
#12858=CARTESIAN_POINT('',(-53.996171720501,-23.9842987804878,-11.8322895075184));
#12859=CARTESIAN_POINT('',(-53.996171720501,-23.9842987804878,-11.8322895075184));
#12860=VECTOR('',#14958,1000.0);
#12861=CARTESIAN_POINT('',(-53.996171720501,-18.1342987804878,-11.8322895075184));
#12862=CARTESIAN_POINT('',(-53.996171720501,-18.1342987804878,-11.8322895075184));
#12863=VECTOR('',#14959,1000.0);
#12864=CARTESIAN_POINT('',(-55.146171720501,-18.1342987804878,-11.8322895075184));
#12865=VECTOR('',#14960,1000.0);
#12866=CARTESIAN_POINT('',(-54.621171720501,-23.1342987804878,-11.8322895075184));
#12867=CARTESIAN_POINT('',(-54.771171720501,-22.9842987804878,-11.8322895075184));
#12868=VECTOR('',#14961,1000.0);
#12869=CARTESIAN_POINT('',(-54.621171720501,-23.1342987804878,-11.8322895075184));
#12870=VECTOR('',#14962,1000.0);
#12871=CARTESIAN_POINT('',(-51.571171720501,-23.1342987804878,-11.8322895075184));
#12872=CARTESIAN_POINT('',(-51.571171720501,-23.1342987804878,-11.8322895075184));
#12873=VECTOR('',#14963,1000.0);
#12874=CARTESIAN_POINT('',(-51.571171720501,-23.1342987804878,-11.8322895075184));
#12875=VECTOR('',#14964,1000.0);
#12876=CARTESIAN_POINT('',(-51.571171720501,-23.1342987804878,-11.8322895075184));
#12877=VECTOR('',#14965,1000.0);
#12878=CARTESIAN_POINT('',(-54.621171720501,-23.1342987804878,-11.3322895075184));
#12879=VECTOR('',#14966,1000.0);
#12880=CARTESIAN_POINT('',(-55.146171720501,-18.1342987804878,-13.9322895075184));
#12881=VECTOR('',#14967,1000.0);
#12882=CARTESIAN_POINT('',(-53.996171720501,-18.1342987804878,-12.3322895075184));
#12883=CARTESIAN_POINT('',(-53.996171720501,-18.1342987804878,-11.8322895075184));
#12884=VECTOR('',#14968,1000.0);
#12885=CARTESIAN_POINT('',(-52.196171720501,-18.1342987804878,-12.3322895075184));
#12886=CARTESIAN_POINT('',(-53.996171720501,-18.1342987804878,-12.3322895075184));
#12887=VECTOR('',#14969,1000.0);
#12888=CARTESIAN_POINT('',(-52.196171720501,-18.1342987804878,-12.3322895075184));
#12889=VECTOR('',#14970,1000.0);
#12890=CARTESIAN_POINT('',(-52.196171720501,-23.4842987804878,-12.3322895075184));
#12891=CARTESIAN_POINT('',(-52.196171720501,-23.4842987804878,-12.3322895075184));
#12892=VECTOR('',#14971,1000.0);
#12893=CARTESIAN_POINT('',(-52.196171720501,-18.1342987804878,-12.3322895075184));
#12894=VECTOR('',#14972,1000.0);
#12895=CARTESIAN_POINT('',(-53.996171720501,-23.4842987804878,-12.3322895075184));
#12896=CARTESIAN_POINT('',(-52.196171720501,-23.4842987804878,-12.3322895075184));
#12897=VECTOR('',#14973,1000.0);
#12898=CARTESIAN_POINT('',(-53.996171720501,-18.1342987804878,-12.3322895075184));
#12899=VECTOR('',#14974,1000.0);
#12900=CARTESIAN_POINT('',(-53.996171720501,-23.9842987804878,-11.8322895075184));
#12901=VECTOR('',#14975,1000.0);
#12902=CARTESIAN_POINT('',(-50.846171720501,-17.8842987804878,-13.9322895075184));
#12903=CARTESIAN_POINT('',(-51.046171720501,-17.8842987804878,-13.9322895075184));
#12904=VECTOR('',#14976,1000.0);
#12905=CARTESIAN_POINT('',(-50.846171720501,-24.4842987804878,-13.9322895075184));
#12906=VECTOR('',#14977,1000.0);
#12907=CARTESIAN_POINT('',(-55.346171720501,-17.8842987804878,-13.9322895075184));
#12908=VECTOR('',#14978,1000.0);
#12909=CARTESIAN_POINT('',(-50.146171720501,-17.8842987804878,-13.2322895075184));
#12910=CARTESIAN_POINT('',(-50.146171720501,-17.8842987804878,-13.2322895075184));
#12911=VECTOR('',#14979,1000.0);
#12912=AXIS2_PLACEMENT_3D('',#14980,#14981,#14982);
#12913=CARTESIAN_POINT('',(-50.996171720501,-17.8842987804878,-11.3322895075184));
#12914=CARTESIAN_POINT('',(-50.996171720501,-17.8842987804878,-11.3322895075184));
#12915=VECTOR('',#14983,1000.0);
#12916=CARTESIAN_POINT('',(-50.996171720501,-17.8842987804878,-8.43228950751841));
#12917=CARTESIAN_POINT('',(-50.996171720501,-17.8842987804878,-11.3322895075184));
#12918=VECTOR('',#14984,1000.0);
#12919=CARTESIAN_POINT('',(-50.146171720501,-17.8842987804878,-8.43228950751841));
#12920=CARTESIAN_POINT('',(-50.146171720501,-17.8842987804878,-8.43228950751841));
#12921=VECTOR('',#14985,1000.0);
#12922=CARTESIAN_POINT('',(-50.146171720501,-17.8842987804878,-13.2322895075184));
#12923=VECTOR('',#14986,1000.0);
#12924=CARTESIAN_POINT('',(-50.146171720501,-19.8842987804878,-8.43228950751841));
#12925=CARTESIAN_POINT('',(-50.146171720501,-19.8842987804878,-8.43228950751841));
#12926=VECTOR('',#14987,1000.0);
#12927=CARTESIAN_POINT('',(-50.146171720501,-19.8842987804878,-8.43862406389841));
#12928=CARTESIAN_POINT('',(-50.146171720501,-19.8842987804878,-8.43228950751841));
#12929=VECTOR('',#14988,1000.0);
#12930=CARTESIAN_POINT('',(-50.146171720501,-20.0842987804878,-8.64574285626841));
#12931=CARTESIAN_POINT('',(-50.1461717205006,-20.0596060654045,-8.64574285626978));
#12932=CARTESIAN_POINT('',(-50.1461216348699,-20.0342545567826,-8.64093522285312));
#12933=CARTESIAN_POINT('',(-50.146121097583,-19.9981178913946,-8.62600738603847));
#12934=CARTESIAN_POINT('',(-50.1461307607803,-19.98639433974,-8.6197563209349));
#12935=CARTESIAN_POINT('',(-50.1461509068123,-19.9696938608886,-8.60851892037146));
#12936=CARTESIAN_POINT('',(-50.1461583463536,-19.9642746894399,-8.60446387361308));
#12937=CARTESIAN_POINT('',(-50.1461703880521,-19.9537996763194,-8.59575508132624));
#12938=CARTESIAN_POINT('',(-50.1461750104443,-19.9472675798469,-8.58959485712301));
#12939=CARTESIAN_POINT('',(-50.1461753624578,-19.9169912288667,-8.55869947455799));
#12940=CARTESIAN_POINT('',(-50.146171720501,-19.8842987804886,-8.50898222677538));
#12941=CARTESIAN_POINT('',(-50.146171720501,-19.8842987804878,-8.43862406389841));
#12942=CARTESIAN_POINT('',(-53.946171720501,-17.3842987804878,13.8361166859916));
#12943=AXIS2_PLACEMENT_3D('',#14989,#14990,#14991);
#12944=CARTESIAN_POINT('',(-54.246171720501,-17.6842987804878,13.8098130201116));
#12945=CARTESIAN_POINT('',(-54.246171720501,-17.6842987804878,13.8098130201116));
#12946=CARTESIAN_POINT('',(-54.246171720501,-17.6492978402926,13.8098130201116));
#12947=CARTESIAN_POINT('',(-54.2399729336887,-17.612026322359,13.8105242266478));
#12948=CARTESIAN_POINT('',(-54.2185941766637,-17.5571310933699,13.8126578462563));
#12949=CARTESIAN_POINT('',(-54.2094679630459,-17.5390273029244,13.8135468544265));
#12950=CARTESIAN_POINT('',(-54.1870138159636,-17.5042326854423,13.8156804740351));
#12951=CARTESIAN_POINT('',(-54.1721693228333,-17.4860299444988,13.8170649435335));
#12952=CARTESIAN_POINT('',(-54.102750897728,-17.416623375176,13.8234777185948));
#12953=CARTESIAN_POINT('',(-54.0247029967432,-17.3842987804878,13.8294007810768));
#12954=CARTESIAN_POINT('',(-53.946171720501,-17.3842987804878,13.8361166859916));
#12955=CARTESIAN_POINT('',(-54.246171720501,-19.5842987804878,13.8098130201116));
#12956=CARTESIAN_POINT('',(-54.246171720501,-17.6842987804878,13.8098130201116));
#12957=VECTOR('',#14992,1000.0);
#12958=CARTESIAN_POINT('',(-62.591293671721,-19.5842987804878,-3.98112995962141));
#12959=AXIS2_PLACEMENT_3D('',#14993,#14994,#14995);
#12960=CARTESIAN_POINT('',(-62.591293671721,-21.4842987804878,-3.98112995962141));
#12961=CARTESIAN_POINT('',(-62.591293671721,-19.5842987804878,-3.98112995962141));
#12962=VECTOR('',#14996,1000.0);
#12963=CARTESIAN_POINT('',(-59.246171720501,-21.4842987804878,-7.24044668163841));
#12964=AXIS2_PLACEMENT_3D('',#14997,#14998,#14999);
#12965=CARTESIAN_POINT('',(-59.246171720501,-20.0842987804878,-7.24044668163841));
#12966=CARTESIAN_POINT('',(-59.246171720501,-21.4842987804878,-7.24044668163841));
#12967=VECTOR('',#15000,1000.0);
#12968=AXIS2_PLACEMENT_3D('',#15001,#15002,#15003);
#12969=CARTESIAN_POINT('',(-47.196171720501,-25.9842987804878,12.2305846891686));
#12970=VECTOR('',#15004,1000.0);
#12971=CARTESIAN_POINT('',(-47.333808337496,-25.9842987804878,11.2750633928986));
#12972=AXIS2_PLACEMENT_3D('',#15005,#15006,#15007);
#12973=CARTESIAN_POINT('',(-47.333808337496,-24.4842987804878,11.2750633928986));
#12974=VECTOR('',#15008,1000.0);
#12975=CARTESIAN_POINT('',(-50.446171720501,-25.9842987804878,12.3192255280706));
#12976=AXIS2_PLACEMENT_3D('',#15009,#15010,#15011);
#12977=CARTESIAN_POINT('',(-50.446171720501,-24.4842987804878,12.3192255280706));
#12978=CARTESIAN_POINT('',(-50.446171720501,-24.4842987804878,12.3192255280706));
#12979=VECTOR('',#15012,1000.0);
#12980=AXIS2_PLACEMENT_3D('',#15013,#15014,#15015);
#12981=CARTESIAN_POINT('',(-50.446171720501,-24.4842987804878,12.7677104924816));
#12982=CARTESIAN_POINT('',(-50.446171720501,-24.4842987804878,12.3192255280706));
#12983=VECTOR('',#15016,1000.0);
#12984=CARTESIAN_POINT('',(-50.446171720501,-24.4842987804878,12.7677104924816));
#12985=VECTOR('',#15017,1000.0);
#12986=CARTESIAN_POINT('',(-49.796171720501,-24.4842987804878,13.3773835999016));
#12987=AXIS2_PLACEMENT_3D('',#15018,#15019,#15020);
#12988=CARTESIAN_POINT('',(-49.8712170603,-24.4842987804878,13.2112912631716));
#12989=AXIS2_PLACEMENT_3D('',#15021,#15022,#15023);
#12990=CARTESIAN_POINT('',(-49.8712170603,-24.4842987804878,13.2112912631716));
#12991=VECTOR('',#15024,1000.0);
#12992=CARTESIAN_POINT('',(-49.8712170603,-19.5842987804878,13.2112912631716));
#12993=CARTESIAN_POINT('',(-48.996171720501,-19.5842987804878,12.2177104924816));
#12994=VECTOR('',#15025,1000.0);
#12995=CARTESIAN_POINT('',(-49.871217060998,-19.5842987804878,13.2112912635816));
#12996=VECTOR('',#15026,1000.0);
#12997=CARTESIAN_POINT('',(-49.796171824953,-19.5842987804878,13.3773835762116));
#12998=CARTESIAN_POINT('',(-49.796171824953,-19.5842987804878,13.3773835762116));
#12999=VECTOR('',#15027,1000.0);
#13000=AXIS2_PLACEMENT_3D('',#15028,#15029,#15030);
#13001=CARTESIAN_POINT('',(-49.481251041436,-19.3842987804878,13.0711065934516));
#13002=CARTESIAN_POINT('',(-49.5267373740332,-19.3842987804885,13.1191837719405));
#13003=CARTESIAN_POINT('',(-49.5660732245052,-19.3914651593383,13.1615977147327));
#13004=CARTESIAN_POINT('',(-49.6160478036218,-19.4072054691695,13.2145296413564));
#13005=CARTESIAN_POINT('',(-49.6311866547283,-19.4132859455776,13.2304360880513));
#13006=CARTESIAN_POINT('',(-49.6515496496361,-19.4230336065032,13.2517265681709));
#13007=CARTESIAN_POINT('',(-49.6611441984475,-19.428065773144,13.2617320518775));
#13008=CARTESIAN_POINT('',(-49.6698416834831,-19.4332343079181,13.2708037983655));
#13009=CARTESIAN_POINT('',(-49.6754386299225,-19.4367002341639,13.2766480007526));
#13010=CARTESIAN_POINT('',(-49.6771655188001,-19.4377894377835,13.2784508430476));
#13011=CARTESIAN_POINT('',(-49.7378044435542,-19.4786248785077,13.341993583201));
#13012=CARTESIAN_POINT('',(-49.7667849997151,-19.5324480773202,13.3729687810694));
#13013=CARTESIAN_POINT('',(-49.767096830633,-19.5842987804878,13.3730635391716));
#13014=CARTESIAN_POINT('',(-49.481251041436,-19.3842987804878,13.0711065934516));
#13015=CARTESIAN_POINT('',(-49.4851533502888,-19.3842987804892,13.0725656829352));
#13016=CARTESIAN_POINT('',(-49.494872607199,-19.384257582029,13.0762017393025));
#13017=CARTESIAN_POINT('',(-49.510412876524,-19.3847918780012,13.0819797383841));
#13018=CARTESIAN_POINT('',(-49.525953145849,-19.3853261739735,13.0877577374656));
#13019=CARTESIAN_POINT('',(-49.5473170737761,-19.3863997592277,13.0956786805922));
#13020=CARTESIAN_POINT('',(-49.574492908867,-19.3897083979275,13.1056581775329));
#13021=CARTESIAN_POINT('',(-49.5856840526923,-19.3910721599949,13.1097593112056));
#13022=CARTESIAN_POINT('',(-49.6051586810326,-19.3935110306197,13.1168974582776));
#13023=CARTESIAN_POINT('',(-49.632892671808,-19.3994998270302,13.126965788478));
#13024=CARTESIAN_POINT('',(-49.6515226227406,-19.4035217126628,13.133732835945));
#13025=CARTESIAN_POINT('',(-49.667925493638,-19.4079656422836,13.139655541019));
#13026=CARTESIAN_POINT('',(-49.6820965803361,-19.4122915930872,13.1447542691666));
#13027=CARTESIAN_POINT('',(-49.7117658287195,-19.421349298723,13.1554274338748));
#13028=CARTESIAN_POINT('',(-49.7355850113312,-19.431200840412,13.1639192664494));
#13029=CARTESIAN_POINT('',(-49.7534807408805,-19.440094804825,13.1702966146354));
#13030=CARTESIAN_POINT('',(-49.7769758628058,-19.4517716005491,13.1786693704248));
#13031=CARTESIAN_POINT('',(-49.7981229767996,-19.4653377565513,13.1860541430353));
#13032=CARTESIAN_POINT('',(-49.8163832090389,-19.4812373980273,13.1923014940305));
#13033=CARTESIAN_POINT('',(-49.8254119622464,-19.4890989595395,13.1953904903586));
#13034=CARTESIAN_POINT('',(-49.8327683055602,-19.4967983676342,13.1978875977582));
#13035=CARTESIAN_POINT('',(-49.8385690904161,-19.5037598986011,13.1998421259035));
#13036=CARTESIAN_POINT('',(-49.8453242808498,-19.5118668131929,13.2021182333886));
#13037=CARTESIAN_POINT('',(-49.852357715295,-19.5213890136526,13.2045690669982));
#13038=CARTESIAN_POINT('',(-49.8586217493737,-19.5337260516555,13.2068192297406));
#13039=CARTESIAN_POINT('',(-49.8597117891223,-19.5358728889227,13.2072107931963));
#13040=CARTESIAN_POINT('',(-49.8607786189927,-19.5380634610414,13.2076155880493));
#13041=CARTESIAN_POINT('',(-49.861823245203,-19.5403151003771,13.2080340115828));
#13042=CARTESIAN_POINT('',(-49.8628678714133,-19.5425667397128,13.2084524351162));
#13043=CARTESIAN_POINT('',(-49.8638886814056,-19.5448783560458,13.2088839116681));
#13044=CARTESIAN_POINT('',(-49.8648778373606,-19.5472673477527,13.2093264639094));
#13045=CARTESIAN_POINT('',(-49.8724198751927,-19.5686714374673,13.2117823084623));
#13046=CARTESIAN_POINT('',(-49.871220716566,-19.5837720291178,13.2112954131352));
#13047=CARTESIAN_POINT('',(-49.8712170610599,-19.5842987804878,13.2112912625023));
#13048=CARTESIAN_POINT('',(-49.796171824953,-19.5842987804878,13.3773835762116));
#13049=CARTESIAN_POINT('',(-49.795006554675,-19.5842987804878,13.3773835906216));
#13050=CARTESIAN_POINT('',(-49.789032706729,-19.5842987804878,13.3772781760416));
#13051=CARTESIAN_POINT('',(-49.778926770178,-19.5842987804878,13.3761710146516));
#13052=CARTESIAN_POINT('',(-49.770850417721,-19.5842987804878,13.3742041927116));
#13053=CARTESIAN_POINT('',(-49.767096830633,-19.5842987804878,13.3730635391716));
#13054=CARTESIAN_POINT('',(-50.632393618908,-18.1842987804878,13.0324247647716));
#13055=CARTESIAN_POINT('',(-50.446171720501,-18.1842987804878,12.7677104924816));
#13056=CARTESIAN_POINT('',(-50.632393618908,-18.1842987804878,13.0324247647716));
#13057=VECTOR('',#15031,1000.0);
#13058=CARTESIAN_POINT('',(-50.632393618908,-18.1842987804878,13.0324247647716));
#13059=CARTESIAN_POINT('',(-50.678444737264,-18.1842987804158,13.0978863908716));
#13060=CARTESIAN_POINT('',(-50.74748137745,-18.1647720573478,13.1960219169516));
#13061=CARTESIAN_POINT('',(-50.829047049277,-18.1026626178448,13.3119674510016));
#13062=CARTESIAN_POINT('',(-50.882730350797,-18.0401522370718,13.3882782190516));
#13063=CARTESIAN_POINT('',(-50.926705322911,-17.9638414603538,13.4507886050016));
#13064=CARTESIAN_POINT('',(-50.970398232928,-17.8478959378668,13.5128980399216));
#13065=CARTESIAN_POINT('',(-50.984134945027,-17.7497603996358,13.5324247646416));
#13066=CARTESIAN_POINT('',(-50.984134945119,-17.6842987804878,13.5324247647716));
#13067=CARTESIAN_POINT('',(-51.096171720501,-17.6842987804878,13.6916849469516));
#13068=VECTOR('',#15032,1000.0);
#13069=CARTESIAN_POINT('',(-50.446171720501,-18.1842987804878,12.7677104924816));
#13070=VECTOR('',#15033,1000.0);
#13071=CARTESIAN_POINT('',(-50.446171720501,-19.1842987804878,11.3339150988606));
#13072=AXIS2_PLACEMENT_3D('',#15034,#15035,#15036);
#13073=CARTESIAN_POINT('',(-50.446171720501,-19.1842987804878,12.3192255280706));
#13074=CARTESIAN_POINT('',(-50.446171720501,-19.1842987804878,12.3192255280706));
#13075=VECTOR('',#15037,1000.0);
#13076=CARTESIAN_POINT('',(-50.446171720501,-19.1842987804878,12.3192255280706));
#13077=VECTOR('',#15038,1000.0);
#13078=CARTESIAN_POINT('',(-53.946171720501,-19.1842987804878,11.0177104924816));
#13079=CARTESIAN_POINT('',(-54.246171720501,-19.1842987804878,11.3339150988606));
#13080=CARTESIAN_POINT('',(-53.946171720501,-19.1842987804878,11.0177104924816));
#13081=CARTESIAN_POINT('',(-53.9848305560666,-19.1842987804877,11.0177104924813));
#13082=CARTESIAN_POINT('',(-54.0235075529657,-19.1842922616975,11.0256096889298));
#13083=CARTESIAN_POINT('',(-54.0952225367717,-19.1842913368353,11.0561632586493));
#13084=CARTESIAN_POINT('',(-54.1294564550829,-19.1843017648089,11.0800624487758));
#13085=CARTESIAN_POINT('',(-54.2089527548898,-19.1843061381796,11.1616609771961));
#13086=CARTESIAN_POINT('',(-54.2461717205011,-19.1842987804878,11.243184011908));
#13087=CARTESIAN_POINT('',(-54.246171720501,-19.1842987804878,11.3339150988606));
#13088=CARTESIAN_POINT('',(-50.746171720501,-19.1842987804878,11.0177104924816));
#13089=CARTESIAN_POINT('',(-50.746171720501,-19.1842987804878,11.0177104924816));
#13090=VECTOR('',#15039,1000.0);
#13091=CARTESIAN_POINT('',(-50.446171720501,-19.1842987804878,11.3339150988606));
#13092=CARTESIAN_POINT('',(-50.4461717205009,-19.1842987804878,11.2884183301041));
#13093=CARTESIAN_POINT('',(-50.4553799250418,-19.1841650164862,11.2448414611413));
#13094=CARTESIAN_POINT('',(-50.487457148799,-19.1841803679062,11.1676029213823));
#13095=CARTESIAN_POINT('',(-50.5092231379053,-19.1843036889949,11.1350068202298));
#13096=CARTESIAN_POINT('',(-50.5923012197968,-19.1843043539129,11.0501508686272));
#13097=CARTESIAN_POINT('',(-50.6690785156014,-19.1842987804877,11.0177104924813));
#13098=CARTESIAN_POINT('',(-50.746171720501,-19.1842987804878,11.0177104924816));
#13099=AXIS2_PLACEMENT_3D('',#15040,#15041,#15042);
#13100=CARTESIAN_POINT('',(-54.246171720501,-19.1842987804878,11.3339150988606));
#13101=VECTOR('',#15043,1000.0);
#13102=CARTESIAN_POINT('',(-54.246171720501,-18.1842987804878,12.7677104924816));
#13103=AXIS2_PLACEMENT_3D('',#15044,#15045,#15046);
#13104=CARTESIAN_POINT('',(-54.246171720501,-19.3842987804878,12.8042402305616));
#13105=CARTESIAN_POINT('',(-54.246171720501,-19.3842987804878,12.8042402305616));
#13106=CARTESIAN_POINT('',(-54.246171720501,-19.3842987804876,12.7682591356055));
#13107=CARTESIAN_POINT('',(-54.2460629308402,-19.393770405478,12.7375966951605));
#13108=CARTESIAN_POINT('',(-54.2460755682445,-19.4114458869374,12.702163792252));
#13109=CARTESIAN_POINT('',(-54.2460980976317,-19.417944819657,12.692015208273));
#13110=CARTESIAN_POINT('',(-54.2461350505893,-19.4276399413376,12.6790280603688));
#13111=CARTESIAN_POINT('',(-54.2461538847466,-19.4324789045451,12.6730897944531));
#13112=CARTESIAN_POINT('',(-54.246166018203,-19.4371657150195,12.6679143168848));
#13113=CARTESIAN_POINT('',(-54.2461717215078,-19.4402436814457,12.6646250208068));
#13114=CARTESIAN_POINT('',(-54.2461733659244,-19.4407944474135,12.6640267584579));
#13115=CARTESIAN_POINT('',(-54.2461741928817,-19.482461094232,12.6223156434465));
#13116=CARTESIAN_POINT('',(-54.2461717205009,-19.5352412930381,12.6029939936906));
#13117=CARTESIAN_POINT('',(-54.246171720501,-19.5842987804878,12.6029939936916));
#13118=CARTESIAN_POINT('',(-54.246171720501,-19.3842987804878,13.6087783593116));
#13119=CARTESIAN_POINT('',(-54.246171720501,-19.3842987804878,13.6087783593116));
#13120=VECTOR('',#15047,1000.0);
#13121=CARTESIAN_POINT('',(-54.246171720501,-19.5842987804878,13.8098130201116));
#13122=CARTESIAN_POINT('',(-54.2461717205008,-19.5594068507952,13.8098130201101));
#13123=CARTESIAN_POINT('',(-54.2461919528926,-19.5338357998304,13.8050782393128));
#13124=CARTESIAN_POINT('',(-54.2461920572696,-19.4974175141347,13.79033049987));
#13125=CARTESIAN_POINT('',(-54.2461881002374,-19.4856083760905,13.7841519564398));
#13126=CARTESIAN_POINT('',(-54.2461799088716,-19.4688038106668,13.7730449584807));
#13127=CARTESIAN_POINT('',(-54.2461768910483,-19.4633540016982,13.769037044262));
#13128=CARTESIAN_POINT('',(-54.246172029884,-19.4528278575014,13.7604311185769));
#13129=CARTESIAN_POINT('',(-54.2461701916032,-19.4462025841634,13.754276598828));
#13130=CARTESIAN_POINT('',(-54.2461703131281,-19.4164506363076,13.7243800594895));
#13131=CARTESIAN_POINT('',(-54.246171720501,-19.3842987804877,13.6764756037092));
#13132=CARTESIAN_POINT('',(-54.246171720501,-19.3842987804878,13.6087783593116));
#13133=CARTESIAN_POINT('',(-54.246171720501,-17.6842987804878,13.3598130201116));
#13134=CARTESIAN_POINT('',(-54.246171720501,-17.6842987804878,13.3598130201116));
#13135=VECTOR('',#15048,1000.0);
#13136=CARTESIAN_POINT('',(-54.246171720501,-18.1842987804878,12.8598130201116));
#13137=AXIS2_PLACEMENT_3D('',#15049,#15050,#15051);
#13138=CARTESIAN_POINT('',(-54.246171720501,-18.1842987804878,12.7677104924816));
#13139=VECTOR('',#15052,1000.0);
#13140=CARTESIAN_POINT('',(-53.946171720501,-17.8842987804878,12.8598130201116));
#13141=AXIS2_PLACEMENT_3D('',#15053,#15054,#15055);
#13142=CARTESIAN_POINT('',(-53.946171720501,-17.8842987804878,12.7677104924816));
#13143=CARTESIAN_POINT('',(-53.946171720501,-17.8842987804878,12.8598130201116));
#13144=VECTOR('',#15056,1000.0);
#13145=AXIS2_PLACEMENT_3D('',#15057,#15058,#15059);
#13146=AXIS2_PLACEMENT_3D('',#15060,#15061,#15062);
#13147=CARTESIAN_POINT('',(-50.812968538649,-17.8842987804878,12.7677104924816));
#13148=CARTESIAN_POINT('',(-53.946171720501,-17.8842987804878,12.7677104924816));
#13149=VECTOR('',#15063,1000.0);
#13150=CARTESIAN_POINT('',(-50.746171720501,-17.8851486398918,12.7119774897016));
#13151=CARTESIAN_POINT('',(-50.746171720501,-17.8851486398918,12.7119774897016));
#13152=CARTESIAN_POINT('',(-50.753578784302,-17.8849600227248,12.7181607223016));
#13153=CARTESIAN_POINT('',(-50.768404946792,-17.8846453329798,12.7305314426816));
#13154=CARTESIAN_POINT('',(-50.790670570148,-17.8843619258908,12.7491100496916));
#13155=CARTESIAN_POINT('',(-50.805533079411,-17.8842987804878,12.7615081153716));
#13156=CARTESIAN_POINT('',(-50.812968538649,-17.8842987804878,12.7677104924816));
#13157=AXIS2_PLACEMENT_3D('',#15064,#15065,#15066);
#13158=CARTESIAN_POINT('',(-50.746171720501,-17.8851486398918,12.7119774897016));
#13159=CARTESIAN_POINT('',(-50.74184146142,-17.8852589077689,12.7083626971407));
#13160=CARTESIAN_POINT('',(-50.7367715047793,-17.8854454492528,12.7055684016737));
#13161=CARTESIAN_POINT('',(-50.7251709094917,-17.8861725829611,12.7016304963104));
#13162=CARTESIAN_POINT('',(-50.7168429634772,-17.8869259608082,12.7004092383777));
#13163=CARTESIAN_POINT('',(-50.7059639983735,-17.8882136375874,12.6999379131643));
#13164=CARTESIAN_POINT('',(-50.6997096956306,-17.8890838834347,12.7001423961142));
#13165=CARTESIAN_POINT('',(-50.6891596014316,-17.8909613788204,12.701114544178));
#13166=CARTESIAN_POINT('',(-50.6835929645267,-17.8920441017359,12.7017669476824));
#13167=CARTESIAN_POINT('',(-50.6776054527889,-17.8933944333569,12.7026693245748));
#13168=CARTESIAN_POINT('',(-50.6735226417371,-17.894360372355,12.7033264553469));
#13169=CARTESIAN_POINT('',(-50.6700431171429,-17.8952367344769,12.7039337579412));
#13170=CARTESIAN_POINT('',(-50.6574843557987,-17.8984884815481,12.7061971030645));
#13171=CARTESIAN_POINT('',(-50.6234728094958,-17.9065369267805,12.7141010678962));
#13172=CARTESIAN_POINT('',(-50.5593253659369,-17.9485348338421,12.732542593938));
#13173=CARTESIAN_POINT('',(-50.5417075996386,-17.9640098604564,12.7378131133307));
#13174=CARTESIAN_POINT('',(-50.5201082613512,-17.9869550127323,12.7444204968674));
#13175=CARTESIAN_POINT('',(-50.5137052486973,-17.994568613634,12.7464078453442));
#13176=CARTESIAN_POINT('',(-50.5051482117521,-18.0057115479752,12.7490759920521));
#13177=CARTESIAN_POINT('',(-50.5011312913027,-18.0112145008651,12.7503318959935));
#13178=CARTESIAN_POINT('',(-50.4974775287337,-18.0165797718597,12.7514726903606));
#13179=CARTESIAN_POINT('',(-50.4951191024806,-18.0201226185159,12.7522078889826));
#13180=CARTESIAN_POINT('',(-50.4949558018907,-18.0203398333483,12.7522595985811));
#13181=CARTESIAN_POINT('',(-50.4595850638342,-18.0759797078717,12.7632350553724));
#13182=CARTESIAN_POINT('',(-50.446171720501,-18.1333265423894,12.7677104924816));
#13183=CARTESIAN_POINT('',(-50.446171720501,-18.1842987804878,12.7677104924816));
#13184=CARTESIAN_POINT('',(-50.87776106908,-17.8842987804878,12.8598130201116));
#13185=CARTESIAN_POINT('',(-50.87776106908,-17.8842987804878,12.8598130201116));
#13186=VECTOR('',#15067,1000.0);
#13187=AXIS2_PLACEMENT_3D('',#15068,#15069,#15070);
#13188=CARTESIAN_POINT('',(-51.229502395291,-17.6842987804878,13.0598130201116));
#13189=CARTESIAN_POINT('',(-51.229502395291,-17.6842987804878,13.0598130201116));
#13190=CARTESIAN_POINT('',(-51.229502395291,-17.7292316116401,13.0598130201116));
#13191=CARTESIAN_POINT('',(-51.2008962844215,-17.7769336855203,13.0435064954127));
#13192=CARTESIAN_POINT('',(-51.1322467088221,-17.8228869764322,13.0045147628483));
#13193=CARTESIAN_POINT('',(-51.1163036920613,-17.8318312072133,12.9954943758285));
#13194=CARTESIAN_POINT('',(-51.0890695144586,-17.8442783473234,12.9800226287179));
#13195=CARTESIAN_POINT('',(-51.0746225125419,-17.8502576589149,12.9718036895886));
#13196=CARTESIAN_POINT('',(-51.0589306409521,-17.8557423698415,12.9628643101082));
#13197=CARTESIAN_POINT('',(-51.0481927555205,-17.8592737830374,12.9567471275414));
#13198=CARTESIAN_POINT('',(-51.0409516412748,-17.8614785423931,12.9526223606305));
#13199=CARTESIAN_POINT('',(-51.0057460915828,-17.8716622538079,12.9325756390332));
#13200=CARTESIAN_POINT('',(-50.9526531434324,-17.8842987804878,12.902496436947));
#13201=CARTESIAN_POINT('',(-50.87776106908,-17.8842987804878,12.8598130201116));
#13202=CARTESIAN_POINT('',(-51.229502395291,-17.6842987804878,13.0598130201116));
#13203=CARTESIAN_POINT('',(-51.2073144728842,-17.6842987761519,13.0598130201063));
#13204=CARTESIAN_POINT('',(-51.1598402891699,-17.6842987768359,13.0647398061948));
#13205=CARTESIAN_POINT('',(-51.0843293644047,-17.6842987774444,13.0928018223844));
#13206=CARTESIAN_POINT('',(-51.0136059805575,-17.6842987773983,13.1450812788796));
#13207=CARTESIAN_POINT('',(-50.9590559261879,-17.6842987765561,13.2194044050459));
#13208=CARTESIAN_POINT('',(-50.9335028103492,-17.6842987751868,13.2953463486733));
#13209=CARTESIAN_POINT('',(-50.9295200620177,-17.6842987741386,13.3423963281971));
#13210=CARTESIAN_POINT('',(-50.929502395291,-17.6842987804878,13.3598130201116));
#13211=AXIS2_PLACEMENT_3D('',#15071,#15072,#15073);
#13212=CARTESIAN_POINT('',(-51.509041598495,-17.3842987804878,13.7571777628516));
#13213=VECTOR('',#15074,1000.0);
#13214=CARTESIAN_POINT('',(-53.946171720501,-17.3842987804878,13.3598130201116));
#13215=CARTESIAN_POINT('',(-53.946171720501,-17.3842987804878,13.3598130201116));
#13216=VECTOR('',#15075,1000.0);
#13217=CARTESIAN_POINT('',(-53.946171720501,-17.3842987804878,13.8361166859916));
#13218=VECTOR('',#15076,1000.0);
#13219=AXIS2_PLACEMENT_3D('',#15077,#15078,#15079);
#13220=CARTESIAN_POINT('',(-53.946171720501,-17.6842987804878,13.0598130201116));
#13221=AXIS2_PLACEMENT_3D('',#15080,#15081,#15082);
#13222=AXIS2_PLACEMENT_3D('',#15083,#15084,#15085);
#13223=AXIS2_PLACEMENT_3D('',#15086,#15087,#15088);
#13224=CARTESIAN_POINT('',(-53.946171720501,-17.6842987804878,13.0598130201116));
#13225=VECTOR('',#15089,1000.0);
#13226=CARTESIAN_POINT('',(-50.87776106908,-17.8842987804878,12.8598130201116));
#13227=VECTOR('',#15090,1000.0);
#13228=CARTESIAN_POINT('',(-62.425440013184,-19.3842987804878,-3.86935982072041));
#13229=AXIS2_PLACEMENT_3D('',#15091,#15092,#15093);
#13230=AXIS2_PLACEMENT_3D('',#15094,#15095,#15096);
#13231=CARTESIAN_POINT('',(-61.762025379038,-19.3842987804878,-3.42227926511441));
#13232=AXIS2_PLACEMENT_3D('',#15097,#15098,#15099);
#13233=CARTESIAN_POINT('',(-62.591293671721,-21.4842987804878,-3.98112995962141));
#13234=VECTOR('',#15100,1000.0);
#13235=CARTESIAN_POINT('',(-61.762025379038,-19.3842987804878,-3.42227926511441));
#13236=VECTOR('',#15101,1000.0);
#13237=AXIS2_PLACEMENT_3D('',#15102,#15103,#15104);
#13238=CARTESIAN_POINT('',(-58.601630235785,-21.4842987804878,-6.22823806950341));
#13239=VECTOR('',#15105,1000.0);
#13240=CARTESIAN_POINT('',(-58.709053816571,-19.8842987804878,-6.3969395048594));
#13241=AXIS2_PLACEMENT_3D('',#15106,#15107,#15108);
#13242=CARTESIAN_POINT('',(-59.138748139715,-19.8842987804878,-7.07174524628241));
#13243=CARTESIAN_POINT('',(-59.138748139715,-19.8842987804878,-7.07174524628241));
#13244=VECTOR('',#15109,1000.0);
#13245=AXIS2_PLACEMENT_3D('',#15110,#15111,#15112);
#13246=AXIS2_PLACEMENT_3D('',#15113,#15114,#15115);
#13247=AXIS2_PLACEMENT_3D('',#15116,#15117,#15118);
#13248=CARTESIAN_POINT('',(-47.053595301287,-19.8842987804878,-7.07174524628241));
#13249=CARTESIAN_POINT('',(-47.483289624431,-19.8842987804878,-6.3969395048594));
#13250=VECTOR('',#15119,1000.0);
#13251=AXIS2_PLACEMENT_3D('',#15120,#15121,#15122);
#13252=CARTESIAN_POINT('',(-50.996171720501,-19.8842987804878,-8.43228950751841));
#13253=CARTESIAN_POINT('',(-50.996171720501,-19.8842987804878,-8.43228950751841));
#13254=VECTOR('',#15123,1000.0);
#13255=CARTESIAN_POINT('',(-50.996171720501,-19.8842987804878,-8.8380658023784));
#13256=CARTESIAN_POINT('',(-50.996171720501,-19.8842987804878,-8.8380658023784));
#13257=VECTOR('',#15124,1000.0);
#13258=CARTESIAN_POINT('',(-53.096171720501,-19.8842987804878,-9.03228950751841));
#13259=AXIS2_PLACEMENT_3D('',#15125,#15126,#15127);
#13260=AXIS2_PLACEMENT_3D('',#15128,#15129,#15130);
#13261=CARTESIAN_POINT('',(-56.046171720501,-19.8842987804878,-8.43228950751841));
#13262=VECTOR('',#15131,1000.0);
#13263=CARTESIAN_POINT('',(-53.096171720501,-19.7266143407528,-9.03228950751841));
#13264=CARTESIAN_POINT('',(-53.096171720501,-19.7266143407528,-9.03228950751841));
#13265=CARTESIAN_POINT('',(-53.7981540298412,-19.7266143407528,-9.03228950751841));
#13266=CARTESIAN_POINT('',(-54.502159474095,-19.7791758206645,-8.96754827247264));
#13267=CARTESIAN_POINT('',(-55.196171720501,-19.8842987804878,-8.8380658023784));
#13268=CARTESIAN_POINT('',(-53.096171720501,-19.8842987804878,-9.03228950751841));
#13269=VECTOR('',#15132,1000.0);
#13270=CARTESIAN_POINT('',(-50.996171720501,-19.8842987804878,-8.8380658023784));
#13271=CARTESIAN_POINT('',(-51.6901839669071,-19.7791758206645,-8.96754827247264));
#13272=CARTESIAN_POINT('',(-52.3941894111608,-19.7266143407528,-9.03228950751841));
#13273=CARTESIAN_POINT('',(-53.096171720501,-19.7266143407528,-9.03228950751841));
#13274=CARTESIAN_POINT('',(-50.996171720501,-18.1902104709768,-10.9247149914584));
#13275=CARTESIAN_POINT('',(-50.996171720501,-18.1902104709768,-10.9247149914584));
#13276=VECTOR('',#15133,1000.0);
#13277=CARTESIAN_POINT('',(-55.196171720501,-18.1902104709768,-10.9247149914584));
#13278=VECTOR('',#15134,1000.0);
#13279=CARTESIAN_POINT('',(-50.996171720501,-18.3842987804878,-11.3322895075184));
#13280=CARTESIAN_POINT('',(-50.996171720501,-18.3842987804878,-11.3322895075184));
#13281=VECTOR('',#15135,1000.0);
#13282=AXIS2_PLACEMENT_3D('',#15136,#15137,#15138);
#13283=CARTESIAN_POINT('',(-50.996171720501,-17.8842987804878,-11.3322895075184));
#13284=VECTOR('',#15139,1000.0);
#13285=CARTESIAN_POINT('',(-50.996171720501,-19.8842987804878,-8.43228950751841));
#13286=VECTOR('',#15140,1000.0);
#13287=AXIS2_PLACEMENT_3D('',#15141,#15142,#15143);
#13288=CARTESIAN_POINT('',(-46.946171720501,-21.4842987804878,-7.24044668163841));
#13289=VECTOR('',#15144,1000.0);
#13290=CARTESIAN_POINT('',(-52.996171720501,-25.9842987804878,12.6672226759916));
#13291=AXIS2_PLACEMENT_3D('',#15145,#15146,#15147);
#13292=CARTESIAN_POINT('',(-52.996171720501,-25.9842987804878,12.6672226759916));
#13293=CARTESIAN_POINT('',(-52.9961720856016,-25.4842987832883,12.6672226795576));
#13294=CARTESIAN_POINT('',(-52.9961724507023,-24.9842987860887,12.6672226831197));
#13295=CARTESIAN_POINT('',(-52.996175006335,-24.4842987804878,12.6672227080516));
#13296=CARTESIAN_POINT('',(-52.996171720501,-25.9842987804878,12.6672226759916));
#13297=VECTOR('',#15148,1000.0);
#13298=CARTESIAN_POINT('',(-55.296171720501,-24.4842987804878,10.8701610803656));
#13299=VECTOR('',#15149,1000.0);
#13300=CARTESIAN_POINT('',(-55.296171720501,-22.6342987804878,9.9964004505976));
#13301=VECTOR('',#15150,1000.0);
#13302=CARTESIAN_POINT('',(-53.976171720501,-22.6342987804878,10.0977104924816));
#13303=VECTOR('',#15151,1000.0);
#13304=CARTESIAN_POINT('',(-48.918352989879,-22.6342987804878,8.46490150371759));
#13305=VECTOR('',#15152,1000.0);
#13306=CARTESIAN_POINT('',(-50.050688531831,-22.6342987804878,10.9520615434346));
#13307=VECTOR('',#15153,1000.0);
#13308=CARTESIAN_POINT('',(-53.096171720501,-22.8342987804878,5.61771049248159));
#13309=CARTESIAN_POINT('',(-53.096171720501,-22.8342987804878,5.61771049248159));
#13310=VECTOR('',#15154,1000.0);
#13311=CARTESIAN_POINT('',(-50.896171720501,-22.8342987804878,4.74150050020559));
#13312=AXIS2_PLACEMENT_3D('',#15155,#15156,#15157);
#13313=CARTESIAN_POINT('',(-50.896171720501,-22.8342987804878,4.74150050020559));
#13314=VECTOR('',#15158,1000.0);
#13315=CARTESIAN_POINT('',(-50.896171720501,-22.8342987804878,0.0939204847575925));
#13316=CARTESIAN_POINT('',(-50.896171720501,-22.6342987804878,0.0939204847575925));
#13317=VECTOR('',#15159,1000.0);
#13318=CARTESIAN_POINT('',(-53.096171720501,-22.8342987804878,-0.782289507518408));
#13319=AXIS2_PLACEMENT_3D('',#15160,#15161,#15162);
#13320=CARTESIAN_POINT('',(-53.096171720501,-22.8342987804878,-0.782289507518408));
#13321=VECTOR('',#15163,1000.0);
#13322=CARTESIAN_POINT('',(-55.296171720501,-22.8342987804878,0.0939204847575925));
#13323=AXIS2_PLACEMENT_3D('',#15164,#15165,#15166);
#13324=CARTESIAN_POINT('',(-55.296171720501,-22.8342987804878,0.0939204847575925));
#13325=VECTOR('',#15167,1000.0);
#13326=AXIS2_PLACEMENT_3D('',#15168,#15169,#15170);
#13327=CARTESIAN_POINT('',(-50.896171720501,-22.8342987804878,6.55543283231359));
#13328=CARTESIAN_POINT('',(-50.896171720501,-22.8342987804878,6.55543283231359));
#13329=VECTOR('',#15171,1000.0);
#13330=CARTESIAN_POINT('',(-50.896171720501,-22.8342987804878,4.74150050020559));
#13331=VECTOR('',#15172,1000.0);
#13332=CARTESIAN_POINT('',(-50.896171720501,-23.6842987804878,8.01217415541859));
#13333=AXIS2_PLACEMENT_3D('',#15173,#15174,#15175);
#13334=CARTESIAN_POINT('',(-50.896171720501,-23.6842987804878,8.59271049248159));
#13335=CARTESIAN_POINT('',(-50.896171720501,-23.6842987804878,8.01217415541859));
#13336=VECTOR('',#15176,1000.0);
#13337=CARTESIAN_POINT('',(-50.896171720501,-22.8342987804878,8.59271049248159));
#13338=CARTESIAN_POINT('',(-50.896171720501,-22.8342987804878,8.59271049248159));
#13339=VECTOR('',#15177,1000.0);
#13340=CARTESIAN_POINT('',(-50.896171720501,-22.8342987804878,9.11771049248159));
#13341=CARTESIAN_POINT('',(-50.896171720501,-22.8342987804878,8.59271049248159));
#13342=VECTOR('',#15178,1000.0);
#13343=CARTESIAN_POINT('',(-50.896171720501,-22.6342987804878,9.11771049248159));
#13344=VECTOR('',#15179,1000.0);
#13345=AXIS2_PLACEMENT_3D('',#15180,#15181,#15182);
#13346=CARTESIAN_POINT('',(-54.096171720501,-23.4842987804878,9.11771049248159));
#13347=CARTESIAN_POINT('',(-52.096171720501,-23.4842987804878,9.11771049248159));
#13348=CARTESIAN_POINT('',(-54.096171720501,-23.4842987804878,9.11771049248159));
#13349=VECTOR('',#15183,1000.0);
#13350=CARTESIAN_POINT('',(-54.096171720501,-23.3342987804878,9.11771049248159));
#13351=CARTESIAN_POINT('',(-54.096171720501,-23.3342987804878,9.11771049248159));
#13352=VECTOR('',#15184,1000.0);
#13353=CARTESIAN_POINT('',(-54.246171720501,-22.8342987804878,9.11771049248159));
#13354=CARTESIAN_POINT('',(-54.096171720501,-23.3342987804878,9.11771049248159));
#13355=VECTOR('',#15185,1000.0);
#13356=CARTESIAN_POINT('',(-54.246171720501,-22.8342987804878,9.11771049248159));
#13357=VECTOR('',#15186,1000.0);
#13358=CARTESIAN_POINT('',(-52.096171720501,-22.8342987804878,9.11771049248159));
#13359=CARTESIAN_POINT('',(-50.896171720501,-22.8342987804878,9.11771049248159));
#13360=VECTOR('',#15187,1000.0);
#13361=CARTESIAN_POINT('',(-52.096171720501,-22.8342987804878,9.11771049248159));
#13362=VECTOR('',#15188,1000.0);
#13363=CARTESIAN_POINT('',(-52.096171720501,-24.0092987804878,8.59271049248159));
#13364=CARTESIAN_POINT('',(-52.096171720501,-24.0092987804878,8.59271049248159));
#13365=VECTOR('',#15189,1000.0);
#13366=CARTESIAN_POINT('',(-52.096171720501,-22.8342987804878,8.59271049248159));
#13367=CARTESIAN_POINT('',(-52.096171720501,-22.8342987804878,8.59271049248159));
#13368=VECTOR('',#15190,1000.0);
#13369=CARTESIAN_POINT('',(-52.096171720501,-22.8342987804878,8.59271049248159));
#13370=VECTOR('',#15191,1000.0);
#13371=CARTESIAN_POINT('',(-54.246171720501,-22.8342987804878,8.59271049248159));
#13372=CARTESIAN_POINT('',(-54.096171720501,-23.3342987804878,8.59271049248159));
#13373=CARTESIAN_POINT('',(-54.246171720501,-22.8342987804878,8.59271049248159));
#13374=VECTOR('',#15192,1000.0);
#13375=CARTESIAN_POINT('',(-54.096171720501,-24.0092987804878,8.59271049248159));
#13376=CARTESIAN_POINT('',(-54.096171720501,-23.3342987804878,8.59271049248159));
#13377=VECTOR('',#15193,1000.0);
#13378=CARTESIAN_POINT('',(-52.096171720501,-24.0092987804878,8.59271049248159));
#13379=VECTOR('',#15194,1000.0);
#13380=CARTESIAN_POINT('',(-52.096171720501,-22.8342987804878,8.59271049248159));
#13381=VECTOR('',#15195,1000.0);
#13382=CARTESIAN_POINT('',(-51.421171720501,-23.6842987804878,8.59271049248159));
#13383=CARTESIAN_POINT('',(-50.896171720501,-23.6842987804878,8.59271049248159));
#13384=VECTOR('',#15196,1000.0);
#13385=CARTESIAN_POINT('',(-51.571171720501,-24.1842987804878,8.59271049248159));
#13386=CARTESIAN_POINT('',(-51.421171720501,-23.6842987804878,8.59271049248159));
#13387=VECTOR('',#15197,1000.0);
#13388=CARTESIAN_POINT('',(-51.571171720501,-25.9842987804878,8.59271049248159));
#13389=CARTESIAN_POINT('',(-51.571171720501,-24.1842987804878,8.59271049248159));
#13390=VECTOR('',#15198,1000.0);
#13391=CARTESIAN_POINT('',(-52.096171720501,-25.9842987804878,8.59271049248159));
#13392=CARTESIAN_POINT('',(-51.571171720501,-25.9842987804878,8.59271049248159));
#13393=VECTOR('',#15199,1000.0);
#13394=CARTESIAN_POINT('',(-52.096171720501,-24.4842987804878,8.59271049248159));
#13395=VECTOR('',#15200,1000.0);
#13396=CARTESIAN_POINT('',(-54.096171720501,-25.9842987804878,8.59271049248159));
#13397=CARTESIAN_POINT('',(-54.096171720501,-24.4842987804878,8.59271049248159));
#13398=VECTOR('',#15201,1000.0);
#13399=CARTESIAN_POINT('',(-54.621171720501,-25.9842987804878,8.59271049248159));
#13400=CARTESIAN_POINT('',(-54.096171720501,-25.9842987804878,8.59271049248159));
#13401=VECTOR('',#15202,1000.0);
#13402=CARTESIAN_POINT('',(-54.621171720501,-23.6842987804878,8.59271049248159));
#13403=CARTESIAN_POINT('',(-54.621171720501,-23.6842987804878,8.59271049248159));
#13404=VECTOR('',#15203,1000.0);
#13405=CARTESIAN_POINT('',(-54.621171720501,-23.6842987804878,8.59271049248159));
#13406=VECTOR('',#15204,1000.0);
#13407=CARTESIAN_POINT('',(-55.296171720501,-22.8342987804878,8.59271049248159));
#13408=VECTOR('',#15205,1000.0);
#13409=CARTESIAN_POINT('',(-54.246171720501,-22.8342987804878,8.59271049248159));
#13410=VECTOR('',#15206,1000.0);
#13411=CARTESIAN_POINT('',(-54.096171720501,-23.3342987804878,9.11771049248159));
#13412=VECTOR('',#15207,1000.0);
#13413=CARTESIAN_POINT('',(-54.096171720501,-23.4842987804878,9.11771049248159));
#13414=VECTOR('',#15208,1000.0);
#13415=CARTESIAN_POINT('',(-54.621171720501,-23.6842987804878,8.01217415541859));
#13416=CARTESIAN_POINT('',(-55.296171720501,-23.6842987804878,8.01217415541859));
#13417=VECTOR('',#15209,1000.0);
#13418=CARTESIAN_POINT('',(-54.621171720501,-23.6842987804878,8.59271049248159));
#13419=VECTOR('',#15210,1000.0);
#13420=CARTESIAN_POINT('',(-54.621171720501,-24.8092987804878,8.24271049248159));
#13421=CARTESIAN_POINT('',(-54.621171720501,-24.5842987804878,8.01771049248159));
#13422=CARTESIAN_POINT('',(-54.621171720501,-24.8092987804878,8.24271049248159));
#13423=VECTOR('',#15211,1000.0);
#13424=CARTESIAN_POINT('',(-54.621171720501,-23.7721635678604,8.01771049248159));
#13425=CARTESIAN_POINT('',(-54.621171720501,-23.7721635678604,8.01771049248159));
#13426=VECTOR('',#15212,1000.0);
#13427=AXIS2_PLACEMENT_3D('',#15213,#15214,#15215);
#13428=CARTESIAN_POINT('',(-54.621171720501,-25.9842987804878,8.24271049248159));
#13429=CARTESIAN_POINT('',(-54.621171720501,-25.9842987804878,8.59271049248159));
#13430=VECTOR('',#15216,1000.0);
#13431=CARTESIAN_POINT('',(-54.621171720501,-24.8092987804878,8.24271049248159));
#13432=VECTOR('',#15217,1000.0);
#13433=CARTESIAN_POINT('',(-51.571171720501,-24.8092987804878,8.24271049248159));
#13434=CARTESIAN_POINT('',(-54.621171720501,-24.8092987804878,8.24271049248159));
#13435=VECTOR('',#15218,1000.0);
#13436=CARTESIAN_POINT('',(-51.571171720501,-25.9842987804878,8.24271049248159));
#13437=CARTESIAN_POINT('',(-54.621171720501,-25.9842987804878,8.24271049248159));
#13438=VECTOR('',#15219,1000.0);
#13439=CARTESIAN_POINT('',(-51.571171720501,-24.8092987804878,8.24271049248159));
#13440=VECTOR('',#15220,1000.0);
#13441=CARTESIAN_POINT('',(-51.571171720501,-24.1842987804878,8.01771049248159));
#13442=CARTESIAN_POINT('',(-51.571171720501,-24.1842987804878,8.01771049248159));
#13443=VECTOR('',#15221,1000.0);
#13444=CARTESIAN_POINT('',(-51.571171720501,-24.5842987804878,8.01771049248159));
#13445=CARTESIAN_POINT('',(-51.571171720501,-24.1842987804878,8.01771049248159));
#13446=VECTOR('',#15222,1000.0);
#13447=CARTESIAN_POINT('',(-51.571171720501,-24.5842987804878,8.01771049248159));
#13448=VECTOR('',#15223,1000.0);
#13449=CARTESIAN_POINT('',(-51.571171720501,-25.9842987804878,8.24271049248159));
#13450=VECTOR('',#15224,1000.0);
#13451=CARTESIAN_POINT('',(-52.096171720501,-25.9842987804878,6.76771049248159));
#13452=CARTESIAN_POINT('',(-54.096171720501,-25.9842987804878,6.76771049248159));
#13453=CARTESIAN_POINT('',(-52.096171720501,-25.9842987804878,6.76771049248159));
#13454=VECTOR('',#15225,1000.0);
#13455=CARTESIAN_POINT('',(-52.096171720501,-25.9842987804878,6.26771049248159));
#13456=CARTESIAN_POINT('',(-52.096171720501,-25.9842987804878,6.26771049248159));
#13457=VECTOR('',#15226,1000.0);
#13458=CARTESIAN_POINT('',(-50.146171720501,-25.9842987804878,6.26771049248159));
#13459=CARTESIAN_POINT('',(-50.146171720501,-25.9842987804878,6.26771049248159));
#13460=VECTOR('',#15227,1000.0);
#13461=CARTESIAN_POINT('',(-50.146171720501,-25.9842987804878,9.04039876840059));
#13462=CARTESIAN_POINT('',(-50.146171720501,-25.9842987804878,9.04039876840059));
#13463=VECTOR('',#15228,1000.0);
#13464=CARTESIAN_POINT('',(-52.096171720501,-25.9842987804878,9.59841380065459));
#13465=AXIS2_PLACEMENT_3D('',#15229,#15230,#15231);
#13466=CARTESIAN_POINT('',(-52.096171720501,-25.9842987804878,8.59271049248159));
#13467=VECTOR('',#15232,1000.0);
#13468=CARTESIAN_POINT('',(-54.096171720501,-25.9842987804878,9.59841380065459));
#13469=CARTESIAN_POINT('',(-54.096171720501,-25.9842987804878,9.59841380065459));
#13470=VECTOR('',#15233,1000.0);
#13471=CARTESIAN_POINT('',(-56.046171720501,-25.9842987804878,9.04039876840059));
#13472=AXIS2_PLACEMENT_3D('',#15234,#15235,#15236);
#13473=CARTESIAN_POINT('',(-56.046171720501,-25.9842987804878,6.26771049248159));
#13474=CARTESIAN_POINT('',(-56.046171720501,-25.9842987804878,6.26771049248159));
#13475=VECTOR('',#15237,1000.0);
#13476=CARTESIAN_POINT('',(-54.096171720501,-25.9842987804878,6.26771049248159));
#13477=CARTESIAN_POINT('',(-54.096171720501,-25.9842987804878,6.26771049248159));
#13478=VECTOR('',#15238,1000.0);
#13479=CARTESIAN_POINT('',(-54.096171720501,-25.9842987804878,6.76771049248159));
#13480=VECTOR('',#15239,1000.0);
#13481=CARTESIAN_POINT('',(-54.096171720501,-24.4842987804878,6.76771049248159));
#13482=VECTOR('',#15240,1000.0);
#13483=CARTESIAN_POINT('',(-54.096171720501,-24.4842987804878,6.26771049248159));
#13484=VECTOR('',#15241,1000.0);
#13485=CARTESIAN_POINT('',(-56.046171720501,-24.4842987804878,6.26771049248159));
#13486=VECTOR('',#15242,1000.0);
#13487=CARTESIAN_POINT('',(-56.046171720501,-24.4842987804878,9.04039876840059));
#13488=VECTOR('',#15243,1000.0);
#13489=CARTESIAN_POINT('',(-54.096171720501,-25.9842987804878,9.59841380065459));
#13490=VECTOR('',#15244,1000.0);
#13491=CARTESIAN_POINT('',(-52.096171720501,-24.4842987804878,6.76771049248159));
#13492=VECTOR('',#15245,1000.0);
#13493=CARTESIAN_POINT('',(-52.096171720501,-24.4842987804878,6.26771049248159));
#13494=VECTOR('',#15246,1000.0);
#13495=CARTESIAN_POINT('',(-50.146171720501,-24.4842987804878,6.26771049248159));
#13496=VECTOR('',#15247,1000.0);
#13497=CARTESIAN_POINT('',(-50.146171720501,-25.9842987804878,9.04039876840059));
#13498=VECTOR('',#15248,1000.0);
#13499=CARTESIAN_POINT('',(-52.096171720501,-24.4842987804878,9.59841380065459));
#13500=VECTOR('',#15249,1000.0);
#13501=CARTESIAN_POINT('',(-51.571171720501,-24.5842987804878,8.01771049248159));
#13502=VECTOR('',#15250,1000.0);
#13503=CARTESIAN_POINT('',(-51.447531156713,-23.7721635678605,8.01771049248159));
#13504=CARTESIAN_POINT('',(-54.621171720501,-23.7721635678604,8.01771049248159));
#13505=VECTOR('',#15251,1000.0);
#13506=CARTESIAN_POINT('',(-51.571171720501,-24.1842987804878,8.01771049248159));
#13507=VECTOR('',#15252,1000.0);
#13508=CARTESIAN_POINT('',(-51.421171720501,-23.6842987804878,8.01217415541859));
#13509=CARTESIAN_POINT('',(-51.421171720501,-23.6842987804878,8.59271049248159));
#13510=VECTOR('',#15253,1000.0);
#13511=CARTESIAN_POINT('',(-51.447531156713,-23.7721635678605,8.01771049248159));
#13512=CARTESIAN_POINT('',(-51.438712663561,-23.7427685906886,8.01771049248159));
#13513=CARTESIAN_POINT('',(-51.42992616398,-23.7134802587497,8.01586624835259));
#13514=CARTESIAN_POINT('',(-51.421171720501,-23.6842987804878,8.01217415541859));
#13515=CARTESIAN_POINT('',(-51.421171720501,-23.6842987804878,8.01217415541859));
#13516=VECTOR('',#15254,1000.0);
#13517=CARTESIAN_POINT('',(-55.296171720501,-22.8342987804878,-1.03228950751841));
#13518=CARTESIAN_POINT('',(-55.296171720501,-22.8342987804878,0.0939204847575925));
#13519=VECTOR('',#15255,1000.0);
#13520=CARTESIAN_POINT('',(-55.296171720501,-22.6342987804878,-1.03228950751841));
#13521=VECTOR('',#15256,1000.0);
#13522=CARTESIAN_POINT('',(-59.246171720501,-22.8342987804878,-1.03228950751841));
#13523=CARTESIAN_POINT('',(-55.296171720501,-22.8342987804878,-1.03228950751841));
#13524=VECTOR('',#15257,1000.0);
#13525=CARTESIAN_POINT('',(-59.246171720501,-22.6342987804878,-1.03228950751841));
#13526=VECTOR('',#15258,1000.0);
#13527=CARTESIAN_POINT('',(-59.246171720501,-22.8342987804878,-5.13228950751841));
#13528=CARTESIAN_POINT('',(-59.246171720501,-22.8342987804878,-1.03228950751841));
#13529=VECTOR('',#15259,1000.0);
#13530=CARTESIAN_POINT('',(-59.246171720501,-22.6342987804878,-5.13228950751841));
#13531=VECTOR('',#15260,1000.0);
#13532=CARTESIAN_POINT('',(-46.946171720501,-22.8342987804878,-5.13228950751841));
#13533=CARTESIAN_POINT('',(-59.246171720501,-22.8342987804878,-5.13228950751841));
#13534=VECTOR('',#15261,1000.0);
#13535=CARTESIAN_POINT('',(-46.946171720501,-22.6342987804878,-5.13228950751841));
#13536=VECTOR('',#15262,1000.0);
#13537=CARTESIAN_POINT('',(-46.946171720501,-22.8342987804878,-1.03228950751841));
#13538=CARTESIAN_POINT('',(-46.946171720501,-22.8342987804878,-5.13228950751841));
#13539=VECTOR('',#15263,1000.0);
#13540=CARTESIAN_POINT('',(-46.946171720501,-22.6342987804878,-1.03228950751841));
#13541=VECTOR('',#15264,1000.0);
#13542=CARTESIAN_POINT('',(-50.896171720501,-22.8342987804878,-1.03228950751841));
#13543=CARTESIAN_POINT('',(-46.946171720501,-22.8342987804878,-1.03228950751841));
#13544=VECTOR('',#15265,1000.0);
#13545=CARTESIAN_POINT('',(-50.896171720501,-22.6342987804878,-1.03228950751841));
#13546=VECTOR('',#15266,1000.0);
#13547=CARTESIAN_POINT('',(-50.896171720501,-22.8342987804878,-1.03228950751841));
#13548=VECTOR('',#15267,1000.0);
#13549=CARTESIAN_POINT('',(-50.796171720501,-22.8342987804878,-2.18228950751841));
#13550=CARTESIAN_POINT('',(-50.796171720501,-22.8342987804878,-4.28228950751841));
#13551=CARTESIAN_POINT('',(-50.796171720501,-22.8342987804878,-2.18228950751841));
#13552=VECTOR('',#15268,1000.0);
#13553=CARTESIAN_POINT('',(-55.396171720501,-22.8342987804878,-2.18228950751841));
#13554=CARTESIAN_POINT('',(-55.396171720501,-22.8342987804878,-2.18228950751841));
#13555=VECTOR('',#15269,1000.0);
#13556=CARTESIAN_POINT('',(-55.396171720501,-22.8342987804878,-4.28228950751841));
#13557=CARTESIAN_POINT('',(-55.396171720501,-22.8342987804878,-4.28228950751841));
#13558=VECTOR('',#15270,1000.0);
#13559=CARTESIAN_POINT('',(-50.796171720501,-22.8342987804878,-4.28228950751841));
#13560=VECTOR('',#15271,1000.0);
#13561=CARTESIAN_POINT('',(-55.196171720501,-23.0342987804878,-4.0822895075184));
#13562=CARTESIAN_POINT('',(-50.996171720501,-23.0342987804878,-4.0822895075184));
#13563=CARTESIAN_POINT('',(-55.196171720501,-23.0342987804878,-4.0822895075184));
#13564=VECTOR('',#15272,1000.0);
#13565=CARTESIAN_POINT('',(-50.996171720501,-23.0342987804878,-4.0822895075184));
#13566=CARTESIAN_POINT('',(-50.996171720501,-23.009985969046,-4.08228950751841));
#13567=CARTESIAN_POINT('',(-50.9915000612863,-22.9849920526705,-4.0867791310292));
#13568=CARTESIAN_POINT('',(-50.9774850836423,-22.9492488311923,-4.10082223414499));
#13569=CARTESIAN_POINT('',(-50.971645509624,-22.9376327618163,-4.10671074708378));
#13570=CARTESIAN_POINT('',(-50.9611342763909,-22.9210472059685,-4.11731333972655));
#13571=CARTESIAN_POINT('',(-50.957338553279,-22.9156586534152,-4.12114162766311));
#13572=CARTESIAN_POINT('',(-50.9491631496534,-22.9052280936792,-4.12936836202046));
#13573=CARTESIAN_POINT('',(-50.9440924428361,-22.899470865076,-4.1344576865995));
#13574=CARTESIAN_POINT('',(-50.9321505441026,-22.8871103266542,-4.14639684671578));
#13575=CARTESIAN_POINT('',(-50.9228472327531,-22.8789814780307,-4.15561634623682));
#13576=CARTESIAN_POINT('',(-50.9068791974383,-22.8676462096121,-4.17152259378319));
#13577=CARTESIAN_POINT('',(-50.8983919127082,-22.8621958616138,-4.17999259184336));
#13578=CARTESIAN_POINT('',(-50.8891497273691,-22.8572244938197,-4.18924494739726));
#13579=CARTESIAN_POINT('',(-50.8828205147855,-22.8540351356266,-4.19558534666954));
#13580=CARTESIAN_POINT('',(-50.8783187643506,-22.8519535442117,-4.20009832331142));
#13581=CARTESIAN_POINT('',(-50.8596069031857,-22.8437523729513,-4.21885980133876));
#13582=CARTESIAN_POINT('',(-50.8329175871308,-22.8342987804878,-4.24554364088859));
#13583=CARTESIAN_POINT('',(-50.796171720501,-22.8342987804878,-4.28228950751841));
#13584=CARTESIAN_POINT('',(-55.196171720501,-23.0342987804878,-4.0822895075184));
#13585=CARTESIAN_POINT('',(-55.196171720501,-23.0099859690465,-4.0822895075184));
#13586=CARTESIAN_POINT('',(-55.2006613440116,-22.9849920526713,-4.08696116673308));
#13587=CARTESIAN_POINT('',(-55.2147044471272,-22.9492488311931,-4.10097614437709));
#13588=CARTESIAN_POINT('',(-55.220592960066,-22.9376327618169,-4.10681571839543));
#13589=CARTESIAN_POINT('',(-55.2311955527088,-22.921047205969,-4.11732695162844));
#13590=CARTESIAN_POINT('',(-55.2350238406454,-22.9156586534156,-4.12112267474036));
#13591=CARTESIAN_POINT('',(-55.2432505750028,-22.9052280936794,-4.12929807836604));
#13592=CARTESIAN_POINT('',(-55.2483398995835,-22.8994708650746,-4.13436878518477));
#13593=CARTESIAN_POINT('',(-55.2602790596956,-22.8871103266571,-4.14631068391386));
#13594=CARTESIAN_POINT('',(-55.2694985592147,-22.8789814780346,-4.15561399526183));
#13595=CARTESIAN_POINT('',(-55.2854048067607,-22.8676462096155,-4.17158203057667));
#13596=CARTESIAN_POINT('',(-55.2938748048214,-22.8621958616164,-4.18006931530731));
#13597=CARTESIAN_POINT('',(-55.3031271603768,-22.8572244938213,-4.18931150064777));
#13598=CARTESIAN_POINT('',(-55.3094675596504,-22.8540351356274,-4.19564071323249));
#13599=CARTESIAN_POINT('',(-55.3139805362952,-22.8519535442112,-4.20014246367012));
#13600=CARTESIAN_POINT('',(-55.3327420143118,-22.8437523729554,-4.21885432482336));
#13601=CARTESIAN_POINT('',(-55.3594258538608,-22.8342987804878,-4.24554364087822));
#13602=CARTESIAN_POINT('',(-55.396171720501,-22.8342987804878,-4.28228950751841));
#13603=CARTESIAN_POINT('',(-55.196171720501,-23.0342987804878,-2.3822895075184));
#13604=CARTESIAN_POINT('',(-55.396171720501,-22.8342987804878,-2.18228950751841));
#13605=CARTESIAN_POINT('',(-55.3776623664147,-22.8342987804878,-2.20079886160471));
#13606=CARTESIAN_POINT('',(-55.3615633964198,-22.8368311561722,-2.21676674868747));
#13607=CARTESIAN_POINT('',(-55.3414292044383,-22.8418122702533,-2.23690637880629));
#13608=CARTESIAN_POINT('',(-55.3353739946121,-22.8436771092319,-2.24298422209502));
#13609=CARTESIAN_POINT('',(-55.3272449786209,-22.8465293726754,-2.25114793690178));
#13610=CARTESIAN_POINT('',(-55.3246939049226,-22.8474898589128,-2.25371033348298));
#13611=CARTESIAN_POINT('',(-55.3199006495609,-22.8493950892387,-2.25851744326993));
#13612=CARTESIAN_POINT('',(-55.319008465942,-22.849745316077,-2.25941639585546));
#13613=CARTESIAN_POINT('',(-55.3017959603162,-22.8573253328406,-2.27657455654678));
#13614=CARTESIAN_POINT('',(-55.2894951831495,-22.8645965615377,-2.28887345094805));
#13615=CARTESIAN_POINT('',(-55.267857887318,-22.8803043424331,-2.31061597144705));
#13616=CARTESIAN_POINT('',(-55.2595349846467,-22.8876560697322,-2.3190399364861));
#13617=CARTESIAN_POINT('',(-55.2143828854462,-22.9356492255375,-2.36421820150918));
#13618=CARTESIAN_POINT('',(-55.196171720501,-22.9863600298988,-2.38228950751841));
#13619=CARTESIAN_POINT('',(-55.196171720501,-23.0342987804878,-2.3822895075184));
#13620=CARTESIAN_POINT('',(-55.196171720501,-23.0342987804878,-2.3822895075184));
#13621=VECTOR('',#15273,1000.0);
#13622=CARTESIAN_POINT('',(-55.196171720501,-23.9842987804878,-2.3822895075184));
#13623=CARTESIAN_POINT('',(-55.196171720501,-23.0342987804878,-2.3822895075184));
#13624=VECTOR('',#15274,1000.0);
#13625=CARTESIAN_POINT('',(-55.196171720501,-23.9842987804878,-4.0822895075184));
#13626=CARTESIAN_POINT('',(-55.196171720501,-23.9842987804878,-4.0822895075184));
#13627=VECTOR('',#15275,1000.0);
#13628=CARTESIAN_POINT('',(-55.196171720501,-23.0342987804878,-4.0822895075184));
#13629=VECTOR('',#15276,1000.0);
#13630=CARTESIAN_POINT('',(-50.996171720501,-23.9842987804878,-4.0822895075184));
#13631=CARTESIAN_POINT('',(-50.996171720501,-23.9842987804878,-4.0822895075184));
#13632=VECTOR('',#15277,1000.0);
#13633=CARTESIAN_POINT('',(-50.996171720501,-23.0342987804878,-4.0822895075184));
#13634=VECTOR('',#15278,1000.0);
#13635=CARTESIAN_POINT('',(-50.996171720501,-23.0342987804878,-2.3822895075184));
#13636=CARTESIAN_POINT('',(-50.996171720501,-23.0342987804878,-4.0822895075184));
#13637=VECTOR('',#15279,1000.0);
#13638=CARTESIAN_POINT('',(-50.996171720501,-23.9842987804878,-2.3822895075184));
#13639=CARTESIAN_POINT('',(-50.996171720501,-23.9842987804878,-2.3822895075184));
#13640=VECTOR('',#15280,1000.0);
#13641=CARTESIAN_POINT('',(-50.996171720501,-23.0342987804878,-2.3822895075184));
#13642=VECTOR('',#15281,1000.0);
#13643=CARTESIAN_POINT('',(-50.996171720501,-23.0342987804878,-2.3822895075184));
#13644=VECTOR('',#15282,1000.0);
#13645=CARTESIAN_POINT('',(-55.196171720501,-23.9842987804878,-2.3822895075184));
#13646=VECTOR('',#15283,1000.0);
#13647=CARTESIAN_POINT('',(-50.796171720501,-22.8342987804878,-2.18228950751841));
#13648=CARTESIAN_POINT('',(-50.8146810745874,-22.8342987804878,-2.20079886160477));
#13649=CARTESIAN_POINT('',(-50.8306489616701,-22.8368311561722,-2.21689783159963));
#13650=CARTESIAN_POINT('',(-50.850788591789,-22.8418122702533,-2.23703202358115));
#13651=CARTESIAN_POINT('',(-50.8568664350777,-22.8436771092319,-2.24308723340738));
#13652=CARTESIAN_POINT('',(-50.8650301498844,-22.8465293726754,-2.25121624939854));
#13653=CARTESIAN_POINT('',(-50.8675925464656,-22.8474898589128,-2.25376732309681));
#13654=CARTESIAN_POINT('',(-50.8723996562526,-22.8493950892387,-2.25856057845848));
#13655=CARTESIAN_POINT('',(-50.8732986088383,-22.8497453160771,-2.2594527620776));
#13656=CARTESIAN_POINT('',(-50.8904567695284,-22.8573253328402,-2.27666526770221));
#13657=CARTESIAN_POINT('',(-50.9027556639291,-22.8645965615368,-2.28896604486846));
#13658=CARTESIAN_POINT('',(-50.9244981844281,-22.8803043424321,-2.31060334070012));
#13659=CARTESIAN_POINT('',(-50.9329221494687,-22.8876560697325,-2.31892624337294));
#13660=CARTESIAN_POINT('',(-50.9781004144918,-22.9356492255362,-2.36407834257203));
#13661=CARTESIAN_POINT('',(-50.996171720501,-22.9863600298971,-2.38228950751841));
#13662=CARTESIAN_POINT('',(-50.996171720501,-23.0342987804878,-2.3822895075184));
#13663=CARTESIAN_POINT('',(-48.446171720501,-26.0842987804878,-4.88632576271341));
#13664=CARTESIAN_POINT('',(-48.446171720501,-26.0842987804878,-6.3863257627134));
#13665=AXIS2_PLACEMENT_3D('',#15284,#15285,#15286);
#13666=CARTESIAN_POINT('',(-48.446171720501,-24.4842987804878,-4.88632576271341));
#13667=VECTOR('',#15287,1000.0);
#13668=CARTESIAN_POINT('',(-48.446171720501,-24.4842987804878,-6.3863257627134));
#13669=VECTOR('',#15288,1000.0);
#13670=AXIS2_PLACEMENT_3D('',#15289,#15290,#15291);
#13671=CARTESIAN_POINT('',(-48.446171720501,-26.5842987804878,-5.38632576271341));
#13672=AXIS2_PLACEMENT_3D('',#15292,#15293,#15294);
#13673=CARTESIAN_POINT('',(-48.446171720501,-26.5842987804878,-5.88632576271341));
#13674=AXIS2_PLACEMENT_3D('',#15295,#15296,#15297);
#13675=AXIS2_PLACEMENT_3D('',#15298,#15299,#15300);
#13676=AXIS2_PLACEMENT_3D('',#15301,#15302,#15303);
#13677=CARTESIAN_POINT('',(-62.396171720501,-26.0842987804878,3.16771049248159));
#13678=CARTESIAN_POINT('',(-62.396171720501,-26.0842987804878,1.66771049248159));
#13679=AXIS2_PLACEMENT_3D('',#15304,#15305,#15306);
#13680=CARTESIAN_POINT('',(-62.396171720501,-24.4842987804878,3.16771049248159));
#13681=VECTOR('',#15307,1000.0);
#13682=CARTESIAN_POINT('',(-62.396171720501,-24.4842987804878,1.66771049248159));
#13683=VECTOR('',#15308,1000.0);
#13684=AXIS2_PLACEMENT_3D('',#15309,#15310,#15311);
#13685=CARTESIAN_POINT('',(-62.396171720501,-26.5842987804878,2.66771049248159));
#13686=AXIS2_PLACEMENT_3D('',#15312,#15313,#15314);
#13687=CARTESIAN_POINT('',(-62.396171720501,-26.5842987804878,2.16771049248159));
#13688=AXIS2_PLACEMENT_3D('',#15315,#15316,#15317);
#13689=AXIS2_PLACEMENT_3D('',#15318,#15319,#15320);
#13690=AXIS2_PLACEMENT_3D('',#15321,#15322,#15323);
#13691=CARTESIAN_POINT('',(-48.446171720501,-26.0842987804878,11.2217467476766));
#13692=CARTESIAN_POINT('',(-48.446171720501,-26.0842987804878,9.72174674767659));
#13693=AXIS2_PLACEMENT_3D('',#15324,#15325,#15326);
#13694=CARTESIAN_POINT('',(-48.446171720501,-24.4842987804878,11.2217467476766));
#13695=VECTOR('',#15327,1000.0);
#13696=CARTESIAN_POINT('',(-48.446171720501,-24.4842987804878,9.72174674767659));
#13697=VECTOR('',#15328,1000.0);
#13698=AXIS2_PLACEMENT_3D('',#15329,#15330,#15331);
#13699=CARTESIAN_POINT('',(-48.446171720501,-26.5842987804878,10.7217467476766));
#13700=AXIS2_PLACEMENT_3D('',#15332,#15333,#15334);
#13701=CARTESIAN_POINT('',(-48.446171720501,-26.5842987804878,10.2217467476766));
#13702=AXIS2_PLACEMENT_3D('',#15335,#15336,#15337);
#13703=AXIS2_PLACEMENT_3D('',#15338,#15339,#15340);
#13704=AXIS2_PLACEMENT_3D('',#15341,#15342,#15343);
#13705=DIRECTION('',(-0.0,-0.997214162381317,0.0745916506462302));
#13706=CARTESIAN_POINT('',(-53.096171720501,-20.4144990107958,5.62325812678759));
#13707=DIRECTION('',(0.0,0.997214162381317,-0.0745916506462312));
#13708=DIRECTION('',(-1.0,0.0,0.0));
#13709=DIRECTION('',(0.0,-0.997214162381316,0.0745916506462312));
#13710=CARTESIAN_POINT('',(-53.096171720501,-20.7136632595098,5.64563562198159));
#13711=DIRECTION('',(0.0,-0.997214162381317,0.0745916506462312));
#13712=DIRECTION('',(1.0,0.0,0.0));
#13713=DIRECTION('',(0.0,0.826316972312719,-0.563205345560516));
#13714=CARTESIAN_POINT('',(-53.096171720501,-21.9325488506664,2.9837767436786));
#13715=DIRECTION('',(0.0,0.826316972312719,-0.563205345560516));
#13716=DIRECTION('',(0.0,0.563205345560516,0.826316972312719));
#13717=DIRECTION('',(0.0,-0.826316972312721,0.563205345560514));
#13718=CARTESIAN_POINT('',(-53.096171720501,-21.6846537589726,2.81481514001059));
#13719=DIRECTION('',(0.0,-0.826316972312721,0.563205345560514));
#13720=DIRECTION('',(1.0,0.0,0.0));
#13721=DIRECTION('',(0.0,0.999390827019096,0.0348994967025009));
#13722=CARTESIAN_POINT('',(-53.096171720501,-22.8177015280003,6.0976047712146));
#13723=DIRECTION('',(0.0,0.999390827019096,0.0348994967024998));
#13724=DIRECTION('',(-1.0,0.0,0.0));
#13725=DIRECTION('',(-0.0,-0.999390827019096,-0.0348994967024999));
#13726=CARTESIAN_POINT('',(-53.096171720501,-22.5178842798946,6.1080746202256));
#13727=DIRECTION('',(0.0,-0.999390827019096,-0.0348994967024998));
#13728=DIRECTION('',(1.0,0.0,0.0));
#13729=DIRECTION('',(-1.0,0.0,-0.0));
#13730=CARTESIAN_POINT('',(-52.546171720501,-24.6840629413448,8.8927104924816));
#13731=DIRECTION('',(1.0,0.0,-0.0));
#13732=DIRECTION('',(0.0,0.987083231657716,0.160208282495508));
#13733=DIRECTION('',(-1.0,-1.63101855254E-13,3.507800110986E-13));
#13734=CARTESIAN_POINT('',(-53.646171720501,-24.6840629413448,8.8927104924816));
#13735=DIRECTION('',(-1.0,0.0,0.0));
#13736=DIRECTION('',(0.0,0.0,1.0));
#13737=DIRECTION('',(1.70234197109201E-14,-0.655751536432404,0.754976769488004));
#13738=DIRECTION('',(-1.0,0.0,0.0));
#13739=DIRECTION('',(1.33226762955001E-14,0.655751536432404,-0.754976769488004));
#13740=DIRECTION('',(-1.0,0.0,0.0));
#13741=CARTESIAN_POINT('',(-54.896171720501,-22.8325258041752,-3.3496461693884));
#13742=DIRECTION('',(0.0,-0.655751536432403,0.754976769488004));
#13743=DIRECTION('',(-1.0,0.0,0.0));
#13744=CARTESIAN_POINT('',(-51.296171720501,-22.8325258041751,-3.3496461693884));
#13745=DIRECTION('',(0.0,-0.655751536432406,0.754976769488002));
#13746=DIRECTION('',(0.0,-0.754976769488002,-0.655751536432406));
#13747=DIRECTION('',(-0.0,-0.754976769488004,-0.655751536432404));
#13748=DIRECTION('',(1.0,0.0,0.0));
#13749=DIRECTION('',(0.0,0.754976769488004,0.655751536432404));
#13750=DIRECTION('',(0.0,-0.655751536432404,0.754976769488004));
#13751=DIRECTION('',(0.0,-0.655751536432404,0.754976769488004));
#13752=DIRECTION('',(-0.0,-0.754976769488004,-0.655751536432404));
#13753=CARTESIAN_POINT('',(-54.896171720501,-22.6358003432454,-3.5761392002284));
#13754=DIRECTION('',(2.31727890908674E-28,0.655751536432406,-0.754976769488002));
#13755=DIRECTION('',(-6.93889390390726E-14,-0.754976769488002,-0.655751536432406));
#13756=DIRECTION('',(-1.0,0.0,0.0));
#13757=DIRECTION('',(0.0,0.754976769488004,0.655751536432404));
#13758=CARTESIAN_POINT('',(-51.296171720501,-22.6358003432454,-3.5761392002284));
#13759=DIRECTION('',(1.13754758465716E-14,0.655751536432403,-0.754976769488004));
#13760=DIRECTION('',(1.0,-1.73472347597682E-14,0.0));
#13761=DIRECTION('',(0.0,0.655751536432404,-0.754976769488004));
#13762=DIRECTION('',(0.0,0.655751536432404,-0.754976769488004));
#13763=CARTESIAN_POINT('',(-51.096171720501,-22.8027582342585,-2.9264276776084));
#13764=DIRECTION('',(1.0,0.0,0.0));
#13765=DIRECTION('',(0.0,0.655751536432404,-0.754976769488003));
#13766=DIRECTION('',(-0.0,-0.999390827019096,-0.0348994967024999));
#13767=CARTESIAN_POINT('',(-51.096171720501,-22.8027582342585,-2.9264276776084));
#13768=DIRECTION('',(-1.0,0.0,0.0));
#13769=DIRECTION('',(0.0,0.999390827019095,0.0348994967025105));
#13770=DIRECTION('',(-1.0,0.0,0.0));
#13771=CARTESIAN_POINT('',(-55.096171720501,-22.8027582342585,-2.9264276776084));
#13772=DIRECTION('',(1.0,0.0,0.0));
#13773=DIRECTION('',(0.0,0.655751536432401,-0.754976769488006));
#13774=CARTESIAN_POINT('',(-55.096171720501,-22.8027582342585,-2.9264276776084));
#13775=DIRECTION('',(-1.0,0.0,0.0));
#13776=DIRECTION('',(0.0,0.999390827019095,0.0348994967025096));
#13777=DIRECTION('',(0.0,0.999390827019096,0.0348994967024999));
#13778=DIRECTION('',(0.0,-0.0348994967024999,0.999390827019096));
#13779=DIRECTION('',(-0.0,-0.999390827019096,-0.0348994967024999));
#13780=DIRECTION('',(0.0,0.0348994967024999,-0.999390827019096));
#13781=DIRECTION('',(1.0,0.0,0.0));
#13782=DIRECTION('',(-1.0,0.0,0.0));
#13783=DIRECTION('',(0.0,-0.0348994967024999,0.999390827019096));
#13784=DIRECTION('',(0.0,0.0348994967024999,-0.999390827019096));
#13785=DIRECTION('',(-1.0,0.0,0.0));
#13786=DIRECTION('',(0.0,-0.0348994967025798,0.999390827019093));
#13787=DIRECTION('',(-1.0,0.0,0.0));
#13788=DIRECTION('',(0.0,0.0348994967024999,-0.999390827019096));
#13789=CARTESIAN_POINT('',(-53.096171720501,-22.5178842798946,6.1080746202256));
#13790=DIRECTION('',(0.0,-0.999390827019096,-0.0348994967024998));
#13791=DIRECTION('',(1.0,0.0,0.0));
#13792=DIRECTION('',(0.0,-0.0348994967024999,0.999390827019096));
#13793=DIRECTION('',(1.0,0.0,0.0));
#13794=DIRECTION('',(0.0,-0.0348994967025798,0.999390827019093));
#13795=DIRECTION('',(-1.0,0.0,0.0));
#13796=DIRECTION('',(0.0,-0.0348994967024999,0.999390827019096));
#13797=CARTESIAN_POINT('',(-53.096171720501,-22.2271812615629,-2.2165706428284));
#13798=DIRECTION('',(5.18922653396581E-16,-0.999390827019096,-0.0348994967024998));
#13799=DIRECTION('',(-1.0,0.0,-1.48690583655154E-14));
#13800=CARTESIAN_POINT('',(-53.096171720501,-22.2271812615629,-2.2165706428284));
#13801=DIRECTION('',(0.0,-0.999390827019096,-0.0348994967024955));
#13802=DIRECTION('',(0.0,0.0348994967024955,-0.999390827019096));
#13803=DIRECTION('',(0.0,0.999390827019096,0.0348994967024999));
#13804=DIRECTION('',(0.0,0.0348994967024999,-0.999390827019096));
#13805=DIRECTION('',(1.0,0.0,0.0));
#13806=CARTESIAN_POINT('',(-53.096171720501,-22.5269985096686,-2.2270404918384));
#13807=DIRECTION('',(-6.91896871195442E-16,0.999390827019096,0.0348994967024998));
#13808=DIRECTION('',(1.0,1.40782205798545E-31,1.98254111540205E-14));
#13809=CARTESIAN_POINT('',(-53.096171720501,-22.5269985096686,-2.2270404918384));
#13810=DIRECTION('',(0.0,0.999390827019096,0.0348994967024955));
#13811=DIRECTION('',(0.0,0.0348994967024955,-0.999390827019096));
#13812=DIRECTION('',(0.0,0.0348994967024999,-0.999390827019096));
#13813=DIRECTION('',(1.0,0.0,0.0));
#13814=DIRECTION('',(0.0,-0.0348994967025798,0.999390827019093));
#13815=DIRECTION('',(1.0,0.0,0.0));
#13816=DIRECTION('',(0.0,0.0348994967024999,-0.999390827019096));
#13817=CARTESIAN_POINT('',(-53.096171720501,-22.8177015280003,6.0976047712146));
#13818=DIRECTION('',(0.0,0.999390827019096,0.0348994967024998));
#13819=DIRECTION('',(-1.0,0.0,0.0));
#13820=DIRECTION('',(0.0,-0.0348994967024999,0.999390827019096));
#13821=DIRECTION('',(-1.0,0.0,0.0));
#13822=DIRECTION('',(0.0,-0.0348994967025798,0.999390827019093));
#13823=DIRECTION('',(1.0,0.0,0.0));
#13824=DIRECTION('',(0.0,-0.0348994967024999,0.999390827019096));
#13825=DIRECTION('',(-1.0,0.0,0.0));
#13826=CARTESIAN_POINT('',(-55.096171720501,-23.1840629413448,7.9927104924816));
#13827=DIRECTION('',(1.0,0.0,-0.0));
#13828=DIRECTION('',(0.0,0.999390827019096,0.034899496702499));
#13829=CARTESIAN_POINT('',(-51.096171720501,-23.1840629413448,7.9927104924816));
#13830=DIRECTION('',(-1.0,0.0,0.0));
#13831=DIRECTION('',(0.0,0.0,1.0));
#13832=CARTESIAN_POINT('',(-51.096171720501,-23.1840629413448,7.9927104924816));
#13833=DIRECTION('',(1.0,0.0,-0.0));
#13834=DIRECTION('',(0.0,0.999390827019096,0.0348994967024988));
#13835=DIRECTION('',(0.0,0.0,-1.0));
#13836=DIRECTION('',(0.0,0.0,1.0));
#13837=DIRECTION('',(0.0,-1.0,0.0));
#13838=DIRECTION('',(0.0,-1.0,0.0));
#13839=DIRECTION('',(0.707106781186548,0.707106781186548,0.0));
#13840=DIRECTION('',(1.0,0.0,0.0));
#13841=DIRECTION('',(0.0,-1.0,0.0));
#13842=DIRECTION('',(0.707106781186498,-0.707106781186598,0.0));
#13843=DIRECTION('',(1.0,0.0,0.0));
#13844=DIRECTION('',(0.0,1.0,0.0));
#13845=CARTESIAN_POINT('',(-54.596171720501,-24.1801355304448,8.59271049248159));
#13846=DIRECTION('',(0.0,0.0,-1.0));
#13847=DIRECTION('',(0.0,1.0,0.0));
#13848=DIRECTION('',(1.0,0.0,0.0));
#13849=DIRECTION('',(0.0,1.0,0.0));
#13850=DIRECTION('',(0.138647844534404,-0.990341746674331,0.0));
#13851=DIRECTION('',(0.0,1.0,0.0));
#13852=DIRECTION('',(0.707106781186598,-0.707106781186498,0.0));
#13853=DIRECTION('',(1.0,0.0,0.0));
#13854=CARTESIAN_POINT('',(-53.621171720501,-26.3840629413448,8.59271049248159));
#13855=DIRECTION('',(0.0,0.0,-1.0));
#13856=DIRECTION('',(-3.46944695195364E-14,1.0,0.0));
#13857=DIRECTION('',(0.0,1.0,0.0));
#13858=DIRECTION('',(0.410364677328802,-0.911921505175105,0.0));
#13859=DIRECTION('',(-1.0,0.0,0.0));
#13860=DIRECTION('',(0.410364677328802,0.911921505175105,0.0));
#13861=DIRECTION('',(0.0,-1.0,0.0));
#13862=CARTESIAN_POINT('',(-52.571171720501,-26.3840629413448,8.59271049248159));
#13863=DIRECTION('',(-0.0,0.0,-1.0));
#13864=DIRECTION('',(-1.0,-1.73472347597682E-14,0.0));
#13865=DIRECTION('',(1.0,0.0,0.0));
#13866=DIRECTION('',(0.707106781186548,0.707106781186548,0.0));
#13867=DIRECTION('',(0.0,-1.0,0.0));
#13868=DIRECTION('',(0.138647844534404,0.990341746674331,0.0));
#13869=DIRECTION('',(0.0,-1.0,0.0));
#13870=DIRECTION('',(1.0,0.0,0.0));
#13871=CARTESIAN_POINT('',(-51.596171720501,-24.1801355304448,8.59271049248159));
#13872=DIRECTION('',(0.0,0.0,-1.0));
#13873=DIRECTION('',(0.0,-1.0,0.0));
#13874=DIRECTION('',(0.0,-1.0,0.0));
#13875=DIRECTION('',(1.0,0.0,0.0));
#13876=DIRECTION('',(-1.0,1.293773169405E-10,-1.471296569426E-10));
#13877=DIRECTION('',(-2.780636264258E-08,0.999999999999999,2.674207214707E-08));
#13878=DIRECTION('',(1.0,0.0,0.0));
#13879=DIRECTION('',(-2.574600848902E-08,-0.999999999999999,-2.476881076443E-08));
#13880=DIRECTION('',(0.0,0.0,-1.0));
#13881=DIRECTION('',(0.0,0.0,1.0));
#13882=DIRECTION('',(-1.0,0.0,0.0));
#13883=DIRECTION('',(-0.707106781186548,-0.707106781186548,0.0));
#13884=DIRECTION('',(0.0,1.0,0.0));
#13885=CARTESIAN_POINT('',(-51.596171720501,-24.1801355304448,8.2927104924816));
#13886=DIRECTION('',(0.0,-0.0,1.0));
#13887=DIRECTION('',(0.0,1.0,0.0));
#13888=DIRECTION('',(1.0,0.0,0.0));
#13889=DIRECTION('',(0.0,-1.0,0.0));
#13890=DIRECTION('',(-0.138647844534404,-0.990341746674331,0.0));
#13891=DIRECTION('',(0.0,1.0,0.0));
#13892=DIRECTION('',(-0.707106781186548,-0.707106781186548,0.0));
#13893=DIRECTION('',(-1.0,0.0,0.0));
#13894=CARTESIAN_POINT('',(-52.571171720501,-26.3840629413448,8.2927104924816));
#13895=DIRECTION('',(0.0,-0.0,1.0));
#13896=DIRECTION('',(0.0,1.0,0.0));
#13897=DIRECTION('',(0.0,1.0,0.0));
#13898=DIRECTION('',(-0.410364677328802,-0.911921505175105,0.0));
#13899=DIRECTION('',(-1.0,0.0,0.0));
#13900=DIRECTION('',(-0.410364677328802,0.911921505175105,0.0));
#13901=DIRECTION('',(0.0,-1.0,0.0));
#13902=CARTESIAN_POINT('',(-53.621171720501,-26.3840629413448,8.2927104924816));
#13903=DIRECTION('',(0.0,0.0,1.0));
#13904=DIRECTION('',(1.0,-1.73472347597682E-14,0.0));
#13905=DIRECTION('',(-1.0,0.0,0.0));
#13906=DIRECTION('',(-0.707106781186598,0.707106781186498,0.0));
#13907=DIRECTION('',(0.0,-1.0,0.0));
#13908=DIRECTION('',(-0.138647844534404,0.990341746674331,0.0));
#13909=DIRECTION('',(0.0,1.0,0.0));
#13910=DIRECTION('',(1.0,0.0,0.0));
#13911=CARTESIAN_POINT('',(-54.596171720501,-24.1801355304448,8.2927104924816));
#13912=DIRECTION('',(0.0,0.0,1.0));
#13913=DIRECTION('',(0.0,-1.0,0.0));
#13914=DIRECTION('',(0.0,-1.0,0.0));
#13915=DIRECTION('',(-1.0,0.0,0.0));
#13916=DIRECTION('',(-0.707106781186498,0.707106781186598,0.0));
#13917=DIRECTION('',(0.0,-1.0,0.0));
#13918=DIRECTION('',(1.0,0.0,0.0));
#13919=DIRECTION('',(-5.977228200481E-13,-1.0,-9.362091193351E-09));
#13920=DIRECTION('',(1.0,0.0,0.0));
#13921=DIRECTION('',(-0.0001071232503065,0.999999994262305,5.90915778217303E-09));
#13922=DIRECTION('',(0.0,0.0,-1.0));
#13923=DIRECTION('',(0.0,0.0,1.0));
#13924=CARTESIAN_POINT('',(-55.096171720501,-23.1840629413448,7.9927104924816));
#13925=DIRECTION('',(-1.0,0.0,0.0));
#13926=DIRECTION('',(0.0,0.0,1.0));
#13927=DIRECTION('',(0.0,0.0,1.0));
#13928=DIRECTION('',(0.0,0.0,-1.0));
#13929=DIRECTION('',(0.0,0.0,1.0));
#13930=DIRECTION('',(0.0,0.0,1.0));
#13931=DIRECTION('',(0.0,0.0,-1.0));
#13932=DIRECTION('',(0.0,0.0,-1.0));
#13933=DIRECTION('',(0.0,0.0,-1.0));
#13934=DIRECTION('',(0.0,0.0,1.0));
#13935=DIRECTION('',(0.0,0.0,1.0));
#13936=DIRECTION('',(0.0,0.0,-1.0));
#13937=DIRECTION('',(0.0,0.0,-1.0));
#13938=DIRECTION('',(0.0,0.0,-1.0));
#13939=DIRECTION('',(0.0,0.0,1.0));
#13940=DIRECTION('',(0.0,0.0,-1.0));
#13941=DIRECTION('',(0.0,0.0,-1.0));
#13942=DIRECTION('',(0.0,0.0,1.0));
#13943=DIRECTION('',(0.0,0.0,1.0));
#13944=DIRECTION('',(0.0,0.0,-1.0));
#13945=DIRECTION('',(0.0,0.0,-1.0));
#13946=DIRECTION('',(0.0,0.0,1.0));
#13947=DIRECTION('',(0.0,0.0,-1.0));
#13948=DIRECTION('',(0.0,0.0,-1.0));
#13949=DIRECTION('',(0.0,0.0,-1.0));
#13950=DIRECTION('',(0.0,0.0,-1.0));
#13951=DIRECTION('',(-1.0,0.0,0.0));
#13952=CARTESIAN_POINT('',(-52.9414471477756,-24.9157182295278,8.44743420340161));
#13953=DIRECTION('',(-1.0,0.0,0.0));
#13954=DIRECTION('',(0.0,-0.43538103754771,0.900246273051924));
#13955=CARTESIAN_POINT('',(-53.2508962932264,-24.9157182295278,8.44743420340161));
#13956=DIRECTION('',(1.0,0.0,-0.0));
#13957=DIRECTION('',(0.0,0.0,1.0));
#13958=DIRECTION('',(1.0,0.0,1.035959876035E-14));
#13959=CARTESIAN_POINT('',(-53.2508962932265,-24.9157182295278,8.44743420340161));
#13960=DIRECTION('',(1.0,0.0,-0.0));
#13961=DIRECTION('',(0.0,0.987083231657716,0.160208282495508));
#13962=DIRECTION('',(1.0,1.29158633895E-14,3.243541040436E-14));
#13963=CARTESIAN_POINT('',(-52.9414471477756,-24.9157182295278,8.44743420340161));
#13964=DIRECTION('',(-1.0,0.0,0.0));
#13965=DIRECTION('',(0.0,0.0,1.0));
#13966=DIRECTION('',(-1.0,0.0,-6.508844745404E-14));
#13967=DIRECTION('',(2.922945483186E-12,1.0,4.565895685426E-12));
#13968=CARTESIAN_POINT('',(-53.646171720501,-25.5569747630238,8.6927104924816));
#13969=DIRECTION('',(1.0,0.0,0.0));
#13970=DIRECTION('',(0.0,0.0,-1.0));
#13971=DIRECTION('',(-1.0,0.0,0.0));
#13972=CARTESIAN_POINT('',(-52.546171720501,-25.5569747630238,8.6927104924816));
#13973=DIRECTION('',(-1.0,0.0,0.0));
#13974=DIRECTION('',(0.0,0.43538103754771,-0.900246273051924));
#13975=DIRECTION('',(2.372721267394E-12,-1.0,-3.707256317099E-12));
#13976=DIRECTION('',(0.0,-0.160208282495503,0.987083231657716));
#13977=DIRECTION('',(2.30463763771596E-12,-0.900246273050482,-0.435381037550692));
#13978=DIRECTION('',(-0.0,-0.900246273053618,-0.435381037544208));
#13979=DIRECTION('',(1.0,3.807055680806E-13,6.772360450213E-14));
#13980=DIRECTION('',(0.0,0.900246273053578,0.43538103754429));
#13981=DIRECTION('',(2.83791897803997E-12,0.90024627305019,0.435381037551296));
#13982=DIRECTION('',(0.0,0.160208282495503,-0.987083231657716));
#13983=DIRECTION('',(0.0,0.160208282509799,-0.987083231655396));
#13984=DIRECTION('',(1.0,0.0,0.0));
#13985=DIRECTION('',(0.0,-0.160208282509297,0.987083231655478));
#13986=CARTESIAN_POINT('',(-52.546171720501,-24.6840629413448,8.8927104924816));
#13987=DIRECTION('',(1.0,0.0,-0.0));
#13988=DIRECTION('',(0.0,0.987083231657716,0.160208282495508));
#13989=CARTESIAN_POINT('',(-53.646171720501,-24.6840629413448,8.8927104924816));
#13990=DIRECTION('',(-1.0,0.0,0.0));
#13991=DIRECTION('',(0.0,0.0,1.0));
#13992=CARTESIAN_POINT('',(-52.546171720501,-24.4489848354088,8.6927104924816));
#13993=DIRECTION('',(-1.0,0.0,0.0));
#13994=DIRECTION('',(0.0,0.0,-1.0));
#13995=CARTESIAN_POINT('',(-53.646171720501,-24.4489848354088,8.6927104924816));
#13996=DIRECTION('',(1.0,0.0,0.0));
#13997=DIRECTION('',(0.0,-0.987083231657716,-0.160208282495508));
#13998=DIRECTION('',(-0.0,-0.999390827019096,-0.0348994967024899));
#13999=DIRECTION('',(0.0,0.999390827019096,0.0348994967024999));
#14000=CARTESIAN_POINT('',(-52.746171720501,-21.8624644747628,1.6661612477566));
#14001=DIRECTION('',(1.0,0.0,0.0));
#14002=DIRECTION('',(0.0,-0.826316972312722,0.563205345560513));
#14003=CARTESIAN_POINT('',(-52.746171720501,-21.8624644747628,1.6661612477566));
#14004=DIRECTION('',(-1.0,-0.0,0.0));
#14005=DIRECTION('',(0.0,-0.999390827019096,-0.0348994967024999));
#14006=DIRECTION('',(0.0,-0.826316972312721,0.563205345560514));
#14007=DIRECTION('',(0.0,0.563205345560514,0.826316972312721));
#14008=DIRECTION('',(0.0,0.826316972312721,-0.563205345560514));
#14009=DIRECTION('',(-0.0,-0.563205345560514,-0.826316972312721));
#14010=CARTESIAN_POINT('',(-53.096171720501,-21.6846537589726,2.81481514001059));
#14011=DIRECTION('',(0.0,-0.826316972312721,0.563205345560514));
#14012=DIRECTION('',(1.0,0.0,0.0));
#14013=DIRECTION('',(0.0,0.563205345560514,0.826316972312721));
#14014=DIRECTION('',(1.0,0.0,0.0));
#14015=DIRECTION('',(-0.0,-0.563205345560514,-0.826316972312721));
#14016=DIRECTION('',(-1.0,0.0,0.0));
#14017=DIRECTION('',(0.0,0.563205345560514,0.826316972312721));
#14018=DIRECTION('',(1.0,0.0,0.0));
#14019=CARTESIAN_POINT('',(-52.046171720501,-21.8624644747628,1.6661612477566));
#14020=DIRECTION('',(-1.0,-0.0,0.0));
#14021=DIRECTION('',(0.0,-0.999390827019096,-0.0348994967025));
#14022=DIRECTION('',(0.0,-0.826316972312721,0.563205345560514));
#14023=CARTESIAN_POINT('',(-52.046171720501,-21.8624644747628,1.6661612477566));
#14024=DIRECTION('',(1.0,0.0,0.0));
#14025=DIRECTION('',(0.0,-0.82631697231272,0.563205345560514));
#14026=DIRECTION('',(-0.0,-0.999390827019096,-0.0348994967024999));
#14027=DIRECTION('',(0.0,0.999390827019096,0.0348994967024999));
#14028=DIRECTION('',(-0.0,-0.999390827019096,-0.0348994967024999));
#14029=DIRECTION('',(0.0,0.999390827019096,0.0348994967024999));
#14030=DIRECTION('',(0.0,0.999390827019096,0.0348994967024999));
#14031=DIRECTION('',(-0.0,-0.999390827019096,-0.0348994967024999));
#14032=DIRECTION('',(-0.0,-0.999390827019096,-0.0348994967024999));
#14033=CARTESIAN_POINT('',(-54.146171720501,-21.8624644747628,1.6661612477566));
#14034=DIRECTION('',(1.0,0.0,0.0));
#14035=DIRECTION('',(0.0,-0.826316972312722,0.563205345560513));
#14036=CARTESIAN_POINT('',(-54.146171720501,-21.8624644747628,1.6661612477566));
#14037=DIRECTION('',(-1.0,-0.0,0.0));
#14038=DIRECTION('',(0.0,-0.999390827019096,-0.0348994967024999));
#14039=DIRECTION('',(0.0,0.826316972312721,-0.563205345560514));
#14040=DIRECTION('',(-0.0,-0.563205345560514,-0.826316972312721));
#14041=DIRECTION('',(0.0,-0.826316972312721,0.563205345560514));
#14042=CARTESIAN_POINT('',(-54.146171720501,-21.2756732437498,4.8352994092806));
#14043=DIRECTION('',(1.0,0.0,0.0));
#14044=DIRECTION('',(0.0,0.826316972312722,-0.563205345560512));
#14045=DIRECTION('',(0.0,0.997214162381316,-0.0745916506462312));
#14046=CARTESIAN_POINT('',(-54.146171720501,-21.2756732437498,4.8352994092806));
#14047=DIRECTION('',(-1.0,0.0,0.0));
#14048=DIRECTION('',(0.0,0.997214162381317,-0.0745916506462215));
#14049=CARTESIAN_POINT('',(-52.046171720501,-21.2756732437498,4.8352994092806));
#14050=DIRECTION('',(1.0,0.0,0.0));
#14051=DIRECTION('',(0.0,0.82631697231272,-0.563205345560515));
#14052=DIRECTION('',(1.0,0.0,0.0));
#14053=CARTESIAN_POINT('',(-53.096171720501,-20.4144990107958,5.62325812678759));
#14054=DIRECTION('',(0.0,0.997214162381317,-0.0745916506462312));
#14055=DIRECTION('',(-1.0,0.0,0.0));
#14056=DIRECTION('',(-0.0,-0.0745916506462312,-0.997214162381316));
#14057=DIRECTION('',(0.0,0.0745916506462312,0.997214162381316));
#14058=DIRECTION('',(0.0,0.0745916506462312,0.997214162381316));
#14059=CARTESIAN_POINT('',(-53.096171720501,-20.7136632595098,5.64563562198159));
#14060=DIRECTION('',(0.0,-0.997214162381317,0.0745916506462312));
#14061=DIRECTION('',(1.0,0.0,0.0));
#14062=DIRECTION('',(-1.0,0.0,0.0));
#14063=DIRECTION('',(-0.0,-0.0745916506462312,-0.997214162381316));
#14064=DIRECTION('',(0.0,0.997214162381317,-0.0745916506462213));
#14065=DIRECTION('',(0.0,-0.997214162381316,0.0745916506462312));
#14066=CARTESIAN_POINT('',(-52.046171720501,-21.2756732437498,4.8352994092806));
#14067=DIRECTION('',(-1.0,0.0,0.0));
#14068=DIRECTION('',(0.0,0.997214162381317,-0.0745916506462213));
#14069=DIRECTION('',(0.0,0.826316972312721,-0.563205345560514));
#14070=DIRECTION('',(0.0,0.563205345560514,0.826316972312721));
#14071=CARTESIAN_POINT('',(-53.096171720501,-21.9325488506664,2.9837767436786));
#14072=DIRECTION('',(0.0,0.826316972312719,-0.563205345560516));
#14073=DIRECTION('',(0.0,0.563205345560516,0.826316972312719));
#14074=DIRECTION('',(-1.0,0.0,0.0));
#14075=DIRECTION('',(1.0,0.0,0.0));
#14076=DIRECTION('',(-1.0,0.0,0.0));
#14077=DIRECTION('',(-0.0,-0.563205345560514,-0.826316972312721));
#14078=DIRECTION('',(0.0,0.826316972312721,-0.563205345560514));
#14079=CARTESIAN_POINT('',(-53.446171720501,-21.8624644747628,1.6661612477566));
#14080=DIRECTION('',(-1.0,-0.0,0.0));
#14081=DIRECTION('',(0.0,-0.999390827019096,-0.0348994967025));
#14082=CARTESIAN_POINT('',(-53.446171720501,-21.8624644747628,1.6661612477566));
#14083=DIRECTION('',(1.0,0.0,0.0));
#14084=DIRECTION('',(0.0,-0.82631697231272,0.563205345560514));
#14085=DIRECTION('',(-0.0,-0.999390827019096,-0.0348994967024999));
#14086=DIRECTION('',(0.0,0.999390827019096,0.0348994967024899));
#14087=DIRECTION('',(-0.0,-0.999390827019095,-0.0348994967025098));
#14088=DIRECTION('',(0.0,-0.0,-1.0));
#14089=CARTESIAN_POINT('',(-53.096171720501,-18.4842987804878,-11.3822895075184));
#14090=DIRECTION('',(0.0,0.0,-1.0));
#14091=DIRECTION('',(1.0,0.0,0.0));
#14092=DIRECTION('',(0.0,0.0,-1.0));
#14093=CARTESIAN_POINT('',(-53.096171720501,-18.4842987804878,-11.7822895075184));
#14094=DIRECTION('',(0.0,0.0,1.0));
#14095=DIRECTION('',(-1.0,0.0,0.0));
#14096=CARTESIAN_POINT('',(-53.096171720501,-28.7110936997309,-11.8822895075184));
#14097=DIRECTION('',(1.0,0.0,-0.0));
#14098=DIRECTION('',(0.0,0.0,1.0));
#14099=CARTESIAN_POINT('',(-53.096171720501,-28.6842987804878,-11.6822895075184));
#14100=DIRECTION('',(0.0,0.0,-1.0));
#14101=DIRECTION('',(1.0,0.0,0.0));
#14102=CARTESIAN_POINT('',(-53.0693768012579,-28.6842987804878,-11.8822895075184));
#14103=DIRECTION('',(0.0,1.0,0.0));
#14104=DIRECTION('',(0.0,0.0,1.0));
#14105=CARTESIAN_POINT('',(-53.096171720501,-28.6842987804878,-11.7822895075184));
#14106=DIRECTION('',(0.0,0.0,1.0));
#14107=DIRECTION('',(0.0,-1.0,0.0));
#14108=DIRECTION('',(-0.707106781186498,0.707106781186598,0.0));
#14109=DIRECTION('',(0.0,-1.0,0.0));
#14110=DIRECTION('',(-1.0,0.0,0.0));
#14111=CARTESIAN_POINT('',(-53.096171720501,-18.4842987804878,-11.7822895075184));
#14112=DIRECTION('',(0.0,0.0,1.0));
#14113=DIRECTION('',(-1.0,0.0,0.0));
#14114=DIRECTION('',(-1.0,0.0,0.0));
#14115=DIRECTION('',(0.0,-1.0,0.0));
#14116=DIRECTION('',(-0.707106781186598,-0.707106781186498,-0.0));
#14117=DIRECTION('',(-1.0,0.0,0.0));
#14118=CARTESIAN_POINT('',(-51.396171720501,-23.1842987804878,-11.7822895075184));
#14119=DIRECTION('',(0.0,-0.0,1.0));
#14120=DIRECTION('',(3.46944695195364E-14,1.0,0.0));
#14121=DIRECTION('',(0.0,-1.0,0.0));
#14122=DIRECTION('',(-0.707106781186548,-0.707106781186548,-0.0));
#14123=DIRECTION('',(-1.0,0.0,0.0));
#14124=CARTESIAN_POINT('',(-52.571171720501,-26.3842987804878,-11.7822895075184));
#14125=DIRECTION('',(0.0,0.0,1.0));
#14126=DIRECTION('',(-3.46944695195364E-14,1.0,0.0));
#14127=DIRECTION('',(0.0,-1.0,0.0));
#14128=DIRECTION('',(-0.410364677328802,-0.911921505175105,-0.0));
#14129=DIRECTION('',(1.0,0.0,0.0));
#14130=DIRECTION('',(-0.410364677328802,0.911921505175105,0.0));
#14131=DIRECTION('',(0.0,1.0,0.0));
#14132=CARTESIAN_POINT('',(-53.621171720501,-26.3842987804878,-11.7822895075184));
#14133=DIRECTION('',(0.0,0.0,1.0));
#14134=DIRECTION('',(1.0,0.0,0.0));
#14135=DIRECTION('',(-1.0,0.0,0.0));
#14136=DIRECTION('',(-0.707106781186548,0.707106781186548,0.0));
#14137=DIRECTION('',(0.0,1.0,0.0));
#14138=CARTESIAN_POINT('',(-54.796171720501,-23.1842987804878,-11.7822895075184));
#14139=DIRECTION('',(0.0,0.0,1.0));
#14140=DIRECTION('',(1.0,-1.73472347597682E-14,0.0));
#14141=DIRECTION('',(-1.0,0.0,0.0));
#14142=CARTESIAN_POINT('',(-53.096171720501,-27.0842987804878,-11.7822895075184));
#14143=DIRECTION('',(0.0,0.0,1.0));
#14144=DIRECTION('',(1.0,0.0,0.0));
#14145=CARTESIAN_POINT('',(-53.096171720501,-27.0842987804878,-11.7822895075184));
#14146=DIRECTION('',(0.0,-0.0,1.0));
#14147=DIRECTION('',(0.0,1.0,0.0));
#14148=DIRECTION('',(0.0,1.0,0.0));
#14149=CARTESIAN_POINT('',(-53.096171720501,-28.6842987804878,-11.7822895075184));
#14150=DIRECTION('',(0.0,0.0,1.0));
#14151=DIRECTION('',(-1.0,0.0,0.0));
#14152=DIRECTION('',(0.0,-1.0,0.0));
#14153=DIRECTION('',(0.0,1.0,0.0));
#14154=CARTESIAN_POINT('',(-54.096171720501,-20.9842987804878,-11.7822895075184));
#14155=DIRECTION('',(0.0,0.0,1.0));
#14156=DIRECTION('',(-1.0,-1.73472347597682E-14,0.0));
#14157=CARTESIAN_POINT('',(-54.096171720501,-20.9842987804878,-11.7822895075184));
#14158=DIRECTION('',(0.0,0.0,1.0));
#14159=DIRECTION('',(0.0,-1.0,0.0));
#14160=DIRECTION('',(0.0,-1.0,0.0));
#14161=CARTESIAN_POINT('',(-54.096171720501,-19.7842987804878,-11.7822895075184));
#14162=DIRECTION('',(0.0,-0.0,1.0));
#14163=DIRECTION('',(1.0,1.73472347597682E-14,0.0));
#14164=CARTESIAN_POINT('',(-54.096171720501,-19.7842987804878,-11.7822895075184));
#14165=DIRECTION('',(0.0,-0.0,1.0));
#14166=DIRECTION('',(0.0,1.0,0.0));
#14167=DIRECTION('',(0.0,1.0,0.0));
#14168=CARTESIAN_POINT('',(-52.096171720501,-20.9842987804878,-11.7822895075184));
#14169=DIRECTION('',(0.0,0.0,1.0));
#14170=DIRECTION('',(-1.0,-1.73472347597682E-14,0.0));
#14171=CARTESIAN_POINT('',(-52.096171720501,-20.9842987804878,-11.7822895075184));
#14172=DIRECTION('',(0.0,0.0,1.0));
#14173=DIRECTION('',(0.0,-1.0,0.0));
#14174=DIRECTION('',(0.0,-1.0,0.0));
#14175=CARTESIAN_POINT('',(-52.096171720501,-19.7842987804878,-11.7822895075184));
#14176=DIRECTION('',(0.0,-0.0,1.0));
#14177=DIRECTION('',(1.0,1.73472347597682E-14,0.0));
#14178=CARTESIAN_POINT('',(-52.096171720501,-19.7842987804878,-11.7822895075184));
#14179=DIRECTION('',(0.0,-0.0,1.0));
#14180=DIRECTION('',(0.0,1.0,0.0));
#14181=DIRECTION('',(0.0,1.0,0.0));
#14182=DIRECTION('',(0.0,-1.0,0.0));
#14183=DIRECTION('',(0.0,1.0,0.0));
#14184=DIRECTION('',(-1.0,0.0,0.0));
#14185=DIRECTION('',(0.0,-1.0,0.0));
#14186=DIRECTION('',(0.0,1.0,0.0));
#14187=DIRECTION('',(0.0,-1.0,0.0));
#14188=DIRECTION('',(-1.0,0.0,0.0));
#14189=DIRECTION('',(0.0,0.0,-1.0));
#14190=DIRECTION('',(-1.0,0.0,0.0));
#14191=DIRECTION('',(0.0,0.0,1.0));
#14192=DIRECTION('',(0.0,0.0,-1.0));
#14193=DIRECTION('',(0.707106781186498,-0.707106781186598,0.0));
#14194=CARTESIAN_POINT('',(-54.796171720501,-23.1842987804878,-11.3822895075184));
#14195=DIRECTION('',(0.0,0.0,-1.0));
#14196=DIRECTION('',(-3.46944695195364E-14,1.0,0.0));
#14197=DIRECTION('',(0.0,1.0,0.0));
#14198=DIRECTION('',(0.707106781186548,-0.707106781186548,0.0));
#14199=DIRECTION('',(-1.0,0.0,0.0));
#14200=CARTESIAN_POINT('',(-53.621171720501,-26.3842987804878,-11.3822895075184));
#14201=DIRECTION('',(0.0,0.0,-1.0));
#14202=DIRECTION('',(3.46944695195364E-14,1.0,0.0));
#14203=DIRECTION('',(0.0,1.0,0.0));
#14204=DIRECTION('',(0.410364677328802,-0.911921505175105,0.0));
#14205=DIRECTION('',(1.0,0.0,0.0));
#14206=DIRECTION('',(0.410364677328802,0.911921505175105,0.0));
#14207=DIRECTION('',(0.0,-1.0,0.0));
#14208=CARTESIAN_POINT('',(-52.571171720501,-26.3842987804878,-11.3822895075184));
#14209=DIRECTION('',(0.0,0.0,-1.0));
#14210=DIRECTION('',(-1.0,0.0,0.0));
#14211=DIRECTION('',(-1.0,0.0,0.0));
#14212=DIRECTION('',(0.707106781186548,0.707106781186548,0.0));
#14213=DIRECTION('',(0.0,-1.0,0.0));
#14214=CARTESIAN_POINT('',(-51.396171720501,-23.1842987804878,-11.3822895075184));
#14215=DIRECTION('',(-0.0,0.0,-1.0));
#14216=DIRECTION('',(-1.0,-1.73472347597682E-14,0.0));
#14217=DIRECTION('',(-1.0,0.0,0.0));
#14218=DIRECTION('',(0.707106781186598,0.707106781186498,0.0));
#14219=DIRECTION('',(0.0,-1.0,0.0));
#14220=DIRECTION('',(1.0,0.0,0.0));
#14221=CARTESIAN_POINT('',(-53.096171720501,-18.4842987804878,-11.3822895075184));
#14222=DIRECTION('',(0.0,0.0,-1.0));
#14223=DIRECTION('',(1.0,0.0,0.0));
#14224=DIRECTION('',(1.0,0.0,0.0));
#14225=DIRECTION('',(0.0,-1.0,0.0));
#14226=DIRECTION('',(1.0,0.0,0.0));
#14227=DIRECTION('',(0.0,-1.0,0.0));
#14228=DIRECTION('',(-1.0,0.0,0.0));
#14229=DIRECTION('',(0.0,1.0,0.0));
#14230=DIRECTION('',(0.0,1.0,0.0));
#14231=CARTESIAN_POINT('',(-54.096171720501,-20.9842987804878,-11.3822895075184));
#14232=DIRECTION('',(0.0,0.0,-1.0));
#14233=DIRECTION('',(1.0,-1.73472347597682E-14,0.0));
#14234=CARTESIAN_POINT('',(-54.096171720501,-20.9842987804878,-11.3822895075184));
#14235=DIRECTION('',(0.0,0.0,-1.0));
#14236=DIRECTION('',(0.0,-1.0,0.0));
#14237=DIRECTION('',(0.0,-1.0,0.0));
#14238=CARTESIAN_POINT('',(-54.096171720501,-19.7842987804878,-11.3822895075184));
#14239=DIRECTION('',(0.0,0.0,-1.0));
#14240=DIRECTION('',(-1.0,1.73472347597682E-14,0.0));
#14241=CARTESIAN_POINT('',(-54.096171720501,-19.7842987804878,-11.3822895075184));
#14242=DIRECTION('',(0.0,0.0,-1.0));
#14243=DIRECTION('',(0.0,1.0,0.0));
#14244=DIRECTION('',(0.0,1.0,0.0));
#14245=CARTESIAN_POINT('',(-52.096171720501,-20.9842987804878,-11.3822895075184));
#14246=DIRECTION('',(0.0,0.0,-1.0));
#14247=DIRECTION('',(1.0,-1.73472347597682E-14,0.0));
#14248=CARTESIAN_POINT('',(-52.096171720501,-20.9842987804878,-11.3822895075184));
#14249=DIRECTION('',(0.0,0.0,-1.0));
#14250=DIRECTION('',(0.0,-1.0,0.0));
#14251=DIRECTION('',(0.0,-1.0,0.0));
#14252=CARTESIAN_POINT('',(-52.096171720501,-19.7842987804878,-11.3822895075184));
#14253=DIRECTION('',(0.0,0.0,-1.0));
#14254=DIRECTION('',(-1.0,1.73472347597682E-14,0.0));
#14255=CARTESIAN_POINT('',(-52.096171720501,-19.7842987804878,-11.3822895075184));
#14256=DIRECTION('',(0.0,0.0,-1.0));
#14257=DIRECTION('',(0.0,1.0,0.0));
#14258=CARTESIAN_POINT('',(-53.096171720501,-27.0842987804878,-11.3822895075184));
#14259=DIRECTION('',(0.0,0.0,-1.0));
#14260=DIRECTION('',(-1.0,0.0,0.0));
#14261=CARTESIAN_POINT('',(-53.096171720501,-27.0842987804878,-11.3822895075184));
#14262=DIRECTION('',(0.0,0.0,-1.0));
#14263=DIRECTION('',(0.0,1.0,0.0));
#14264=DIRECTION('',(0.0,1.0,0.0));
#14265=CARTESIAN_POINT('',(-53.096171720501,-28.6842987804878,-11.3822895075184));
#14266=DIRECTION('',(0.0,0.0,-1.0));
#14267=DIRECTION('',(1.0,0.0,0.0));
#14268=CARTESIAN_POINT('',(-53.096171720501,-28.6842987804878,-11.3822895075184));
#14269=DIRECTION('',(0.0,0.0,-1.0));
#14270=DIRECTION('',(0.0,-1.0,0.0));
#14271=DIRECTION('',(0.0,-1.0,0.0));
#14272=DIRECTION('',(0.0,0.0,1.0));
#14273=CARTESIAN_POINT('',(-55.096171720501,-18.4842987804878,-10.7822895075184));
#14274=DIRECTION('',(-1.0,0.0,0.0));
#14275=DIRECTION('',(0.0,0.947629759631716,0.319371004727005));
#14276=CARTESIAN_POINT('',(-55.096171720501,-18.4842987804878,-10.7822895075184));
#14277=DIRECTION('',(1.0,0.0,0.0));
#14278=DIRECTION('',(0.0,0.0,-1.0));
#14279=DIRECTION('',(0.0,0.947629759631716,0.319371004727005));
#14280=DIRECTION('',(0.0,-0.319371004727005,0.947629759631716));
#14281=DIRECTION('',(0.0,-0.947629759631716,-0.319371004727005));
#14282=DIRECTION('',(0.0,0.319371004727005,-0.947629759631716));
#14283=DIRECTION('',(0.0,0.319371004727005,-0.947629759631716));
#14284=DIRECTION('',(1.0,0.0,0.0));
#14285=DIRECTION('',(-1.0,0.0,0.0));
#14286=CARTESIAN_POINT('',(-53.096171720501,-19.2251282343778,-5.4529640142074));
#14287=DIRECTION('',(5.91645678915758E-29,-0.947629759631715,-0.319371004727006));
#14288=DIRECTION('',(-1.21430643318376E-13,-0.319371004727006,0.947629759631715));
#14289=CARTESIAN_POINT('',(-53.096171720501,-19.6041801382288,-5.5807124160984));
#14290=DIRECTION('',(0.0,0.947629759631716,0.319371004727005));
#14291=DIRECTION('',(-1.0,0.0,0.0));
#14292=DIRECTION('',(0.0,0.947629759631716,0.319371004727005));
#14293=DIRECTION('',(0.0,-0.947629759631716,-0.319371004727005));
#14294=CARTESIAN_POINT('',(-53.096171720501,-19.2251282343778,-5.4529640142074));
#14295=DIRECTION('',(3.462627371539E-15,-0.947629759631716,-0.319371004727005));
#14296=DIRECTION('',(1.0,4.67217543748406E-31,1.08420217248551E-14));
#14297=DIRECTION('',(0.0,-0.947629759631716,-0.319371004727005));
#14298=CARTESIAN_POINT('',(-53.096171720501,-19.6041801382288,-5.5807124160984));
#14299=DIRECTION('',(-1.84889274661175E-29,0.947629759631715,0.319371004727006));
#14300=DIRECTION('',(-3.46944695195361E-14,-0.319371004727006,0.947629759631715));
#14301=DIRECTION('',(0.0,-0.319371004727005,0.947629759631716));
#14302=DIRECTION('',(-1.0,0.0,0.0));
#14303=DIRECTION('',(0.0,0.319371004727005,-0.947629759631716));
#14304=DIRECTION('',(1.0,0.0,0.0));
#14305=DIRECTION('',(1.0,0.0,0.0));
#14306=CARTESIAN_POINT('',(-51.096171720501,-18.7842987804878,-4.8822895075184));
#14307=DIRECTION('',(1.0,0.0,0.0));
#14308=DIRECTION('',(0.0,-0.796861511928329,0.604162007086922));
#14309=DIRECTION('',(-1.0,0.0,0.0));
#14310=CARTESIAN_POINT('',(-55.096171720501,-18.7842987804878,-4.8822895075184));
#14311=DIRECTION('',(-1.0,-0.0,0.0));
#14312=DIRECTION('',(0.0,-0.947629759631716,-0.319371004727005));
#14313=CARTESIAN_POINT('',(-55.096171720501,-18.7842987804878,-4.8822895075184));
#14314=DIRECTION('',(1.0,0.0,0.0));
#14315=DIRECTION('',(0.0,-0.796861511928328,0.604162007086923));
#14316=DIRECTION('',(0.0,0.796861511928329,-0.604162007086922));
#14317=DIRECTION('',(0.0,0.796861511928329,-0.604162007086922));
#14318=DIRECTION('',(0.0,-0.604162007086922,-0.796861511928329));
#14319=DIRECTION('',(0.0,0.604162007086922,0.796861511928329));
#14320=CARTESIAN_POINT('',(-54.796171720501,-18.9315698198378,-3.42134796109741));
#14321=DIRECTION('',(-1.31476817536835E-29,-0.796861511928329,0.604162007086922));
#14322=DIRECTION('',(4.62592926927148E-14,0.604162007086922,0.796861511928329));
#14323=DIRECTION('',(0.0,-0.604162007086922,-0.796861511928329));
#14324=CARTESIAN_POINT('',(-51.396171720501,-18.9315698198378,-3.42134796109741));
#14325=DIRECTION('',(0.0,-0.796861511928329,0.604162007086922));
#14326=DIRECTION('',(1.0,0.0,0.0));
#14327=DIRECTION('',(1.0,0.0,0.0));
#14328=DIRECTION('',(0.0,0.796861511928329,-0.604162007086922));
#14329=DIRECTION('',(-1.44328993201305E-14,-0.796861511928329,0.604162007086922));
#14330=DIRECTION('',(1.0,0.0,0.0));
#14331=CARTESIAN_POINT('',(-54.796171720501,-18.6128252150678,-3.6630127639314));
#14332=DIRECTION('',(-2.71031470312166E-15,0.796861511928329,-0.604162007086922));
#14333=DIRECTION('',(-1.0,-2.31296463463573E-14,-2.6020852139652E-14));
#14334=CARTESIAN_POINT('',(-51.396171720501,-18.6128252150678,-3.6630127639314));
#14335=DIRECTION('',(6.57384087684176E-30,0.796861511928329,-0.604162007086922));
#14336=DIRECTION('',(2.31296463463574E-14,0.604162007086922,0.796861511928329));
#14337=DIRECTION('',(0.0,0.604162007086922,0.796861511928329));
#14338=DIRECTION('',(1.0,0.0,0.0));
#14339=CARTESIAN_POINT('',(-51.096171720501,-18.7842987804878,-4.8822895075184));
#14340=DIRECTION('',(-1.0,-0.0,0.0));
#14341=DIRECTION('',(0.0,-0.947629759631715,-0.319371004727006));
#14342=DIRECTION('',(-1.0,0.0,0.0));
#14343=DIRECTION('',(0.0,-0.319371004727005,0.947629759631716));
#14344=DIRECTION('',(1.0,0.0,0.0));
#14345=DIRECTION('',(0.0,-0.319371004727005,0.947629759631716));
#14346=DIRECTION('',(0.0,0.947629759631716,0.319371004727005));
#14347=CARTESIAN_POINT('',(-52.696171720501,-18.4842987804878,-10.7822895075184));
#14348=DIRECTION('',(-1.0,0.0,0.0));
#14349=DIRECTION('',(0.0,0.947629759631716,0.319371004727005));
#14350=CARTESIAN_POINT('',(-52.696171720501,-18.4842987804878,-10.7822895075184));
#14351=DIRECTION('',(1.0,0.0,0.0));
#14352=DIRECTION('',(0.0,0.0,-1.0));
#14353=CARTESIAN_POINT('',(-51.096171720501,-18.4842987804878,-10.7822895075184));
#14354=DIRECTION('',(-1.0,0.0,0.0));
#14355=DIRECTION('',(0.0,0.947629759631715,0.319371004727006));
#14356=CARTESIAN_POINT('',(-51.096171720501,-18.4842987804878,-10.7822895075184));
#14357=DIRECTION('',(1.0,0.0,0.0));
#14358=DIRECTION('',(0.0,0.0,-1.0));
#14359=DIRECTION('',(0.0,-0.947629759631716,-0.319371004727005));
#14360=DIRECTION('',(0.0,0.0,-1.0));
#14361=DIRECTION('',(0.0,0.0,1.0));
#14362=DIRECTION('',(0.0,0.0,-1.0));
#14363=DIRECTION('',(0.0,0.0,1.0));
#14364=DIRECTION('',(0.0,0.0,-1.0));
#14365=DIRECTION('',(0.0,0.0,1.0));
#14366=DIRECTION('',(0.0,0.0,-1.0));
#14367=DIRECTION('',(0.0,0.0,1.0));
#14368=DIRECTION('',(0.0,0.0,-1.0));
#14369=DIRECTION('',(0.0,0.0,1.0));
#14370=DIRECTION('',(0.0,0.0,1.0));
#14371=DIRECTION('',(0.0,0.0,1.0));
#14372=DIRECTION('',(0.0,0.0,1.0));
#14373=DIRECTION('',(0.0,0.0,1.0));
#14374=DIRECTION('',(0.0,0.0,-1.0));
#14375=DIRECTION('',(0.0,0.0,1.0));
#14376=DIRECTION('',(0.0,0.0,-1.0));
#14377=DIRECTION('',(0.0,0.0,1.0));
#14378=DIRECTION('',(0.0,0.947629759631716,0.319371004727005));
#14379=DIRECTION('',(0.0,-0.796861511928329,0.604162007086922));
#14380=DIRECTION('',(0.0,-0.796861511928329,0.604162007086922));
#14381=DIRECTION('',(0.0,0.0,1.0));
#14382=CARTESIAN_POINT('',(-53.496171720501,-18.4842987804878,-10.7822895075184));
#14383=DIRECTION('',(1.0,0.0,0.0));
#14384=DIRECTION('',(0.0,0.0,-1.0));
#14385=DIRECTION('',(0.0,-0.947629759631716,-0.319371004727005));
#14386=CARTESIAN_POINT('',(-53.496171720501,-18.4842987804878,-10.7822895075184));
#14387=DIRECTION('',(-1.0,0.0,0.0));
#14388=DIRECTION('',(0.0,0.947629759631715,0.319371004727006));
#14389=DIRECTION('',(-1.0,0.0,0.0));
#14390=DIRECTION('',(0.0,0.319371004727005,-0.947629759631716));
#14391=DIRECTION('',(0.0,-0.917693019271978,0.397290224369391));
#14392=CARTESIAN_POINT('',(-52.546171720501,-25.6586013316398,-11.9822895075184));
#14393=DIRECTION('',(1.0,0.0,-0.0));
#14394=DIRECTION('',(0.0,0.397290224369388,0.917693019271979));
#14395=DIRECTION('',(0.0,0.0,1.0));
#14396=DIRECTION('',(0.0,0.0,1.0));
#14397=DIRECTION('',(0.0,0.917693019271978,-0.397290224369391));
#14398=CARTESIAN_POINT('',(-53.646171720501,-25.6586013316398,-11.9822895075184));
#14399=DIRECTION('',(-1.0,0.0,0.0));
#14400=DIRECTION('',(0.0,0.0,1.0));
#14401=DIRECTION('',(-1.0,0.0,0.0));
#14402=DIRECTION('',(0.0,-0.917693019271978,0.397290224369391));
#14403=DIRECTION('',(-1.0,0.0,0.0));
#14404=DIRECTION('',(0.0,0.917693019271978,-0.397290224369391));
#14405=DIRECTION('',(0.0,0.397290224369391,0.917693019271978));
#14406=DIRECTION('',(0.0,0.917693019271978,-0.397290224369391));
#14407=DIRECTION('',(-1.85678768165496E-14,-0.397290224369391,-0.917693019271978));
#14408=CARTESIAN_POINT('',(-53.646171720501,-25.6586013316398,-11.9822895075184));
#14409=DIRECTION('',(1.0,0.0,-0.0));
#14410=DIRECTION('',(0.0,0.397290224369383,0.917693019271981));
#14411=DIRECTION('',(1.0,0.0,0.0));
#14412=CARTESIAN_POINT('',(-52.546171720501,-25.6586013316398,-11.9822895075184));
#14413=DIRECTION('',(-1.0,0.0,0.0));
#14414=DIRECTION('',(0.0,-1.7347234759768E-14,1.0));
#14415=DIRECTION('',(0.0,0.397290224369391,0.917693019271978));
#14416=DIRECTION('',(0.0,-0.917693019271978,0.397290224369391));
#14417=DIRECTION('',(0.0,0.397290224369391,0.917693019271978));
#14418=DIRECTION('',(-1.0,0.0,0.0));
#14419=CARTESIAN_POINT('',(-54.096171720501,-19.6671414929628,-11.2822895075184));
#14420=DIRECTION('',(1.0,0.0,0.0));
#14421=DIRECTION('',(0.0,0.0,-1.0));
#14422=CARTESIAN_POINT('',(-54.096171720501,-19.7842987804878,-11.5822895075184));
#14423=DIRECTION('',(0.0,-0.0,1.0));
#14424=DIRECTION('',(1.0,2.96135820932305E-14,0.0));
#14425=CARTESIAN_POINT('',(-53.9790144329756,-19.7842987804878,-11.2822895075184));
#14426=DIRECTION('',(0.0,-1.0,0.0));
#14427=DIRECTION('',(0.0,0.0,-1.0));
#14428=DIRECTION('',(0.0,-1.0,0.0));
#14429=CARTESIAN_POINT('',(-53.9790144329756,-20.9842987804878,-11.2822895075184));
#14430=DIRECTION('',(0.0,1.0,0.0));
#14431=DIRECTION('',(0.942809041582079,0.0,-0.333333333333288));
#14432=CARTESIAN_POINT('',(-54.096171720501,-20.9842987804878,-11.5822895075184));
#14433=DIRECTION('',(0.0,0.0,1.0));
#14434=DIRECTION('',(0.0,-1.0,0.0));
#14435=CARTESIAN_POINT('',(-54.096171720501,-21.1014560680128,-11.2822895075184));
#14436=DIRECTION('',(-1.0,0.0,0.0));
#14437=DIRECTION('',(0.0,0.0,-1.0));
#14438=CARTESIAN_POINT('',(-54.096171720501,-20.9842987804878,-11.5822895075184));
#14439=DIRECTION('',(0.0,0.0,1.0));
#14440=DIRECTION('',(-1.0,-2.96135820932305E-14,0.0));
#14441=CARTESIAN_POINT('',(-54.213329008026,-20.9842987804878,-11.2822895075184));
#14442=DIRECTION('',(0.0,1.0,0.0));
#14443=DIRECTION('',(0.0,0.0,-1.0));
#14444=DIRECTION('',(0.0,1.0,0.0));
#14445=CARTESIAN_POINT('',(-54.213329008026,-19.7842987804878,-11.2822895075184));
#14446=DIRECTION('',(0.0,-1.0,-0.0));
#14447=DIRECTION('',(-0.942809041582079,0.0,-0.333333333333288));
#14448=CARTESIAN_POINT('',(-54.096171720501,-19.7842987804878,-11.5822895075184));
#14449=DIRECTION('',(0.0,-0.0,1.0));
#14450=DIRECTION('',(0.0,1.0,0.0));
#14451=CARTESIAN_POINT('',(-52.096171720501,-19.6671414929628,-11.2822895075184));
#14452=DIRECTION('',(1.0,0.0,0.0));
#14453=DIRECTION('',(0.0,0.0,-1.0));
#14454=CARTESIAN_POINT('',(-52.096171720501,-19.7842987804878,-11.5822895075184));
#14455=DIRECTION('',(0.0,-0.0,1.0));
#14456=DIRECTION('',(1.0,2.96135820932305E-14,0.0));
#14457=CARTESIAN_POINT('',(-51.979014432976,-19.7842987804878,-11.2822895075184));
#14458=DIRECTION('',(0.0,-1.0,0.0));
#14459=DIRECTION('',(0.0,0.0,-1.0));
#14460=DIRECTION('',(0.0,-1.0,0.0));
#14461=CARTESIAN_POINT('',(-51.979014432976,-20.9842987804878,-11.2822895075184));
#14462=DIRECTION('',(0.0,1.0,0.0));
#14463=DIRECTION('',(0.942809041582079,0.0,-0.333333333333288));
#14464=CARTESIAN_POINT('',(-52.096171720501,-20.9842987804878,-11.5822895075184));
#14465=DIRECTION('',(0.0,0.0,1.0));
#14466=DIRECTION('',(0.0,-1.0,0.0));
#14467=CARTESIAN_POINT('',(-52.096171720501,-21.1014560680128,-11.2822895075184));
#14468=DIRECTION('',(-1.0,0.0,0.0));
#14469=DIRECTION('',(0.0,0.0,-1.0));
#14470=CARTESIAN_POINT('',(-52.096171720501,-20.9842987804878,-11.5822895075184));
#14471=DIRECTION('',(0.0,0.0,1.0));
#14472=DIRECTION('',(-1.0,-2.96135820932305E-14,0.0));
#14473=CARTESIAN_POINT('',(-52.2133290080264,-20.9842987804878,-11.2822895075184));
#14474=DIRECTION('',(0.0,1.0,0.0));
#14475=DIRECTION('',(0.0,0.0,-1.0));
#14476=DIRECTION('',(0.0,1.0,0.0));
#14477=CARTESIAN_POINT('',(-52.2133290080264,-19.7842987804878,-11.2822895075184));
#14478=DIRECTION('',(0.0,-1.0,-0.0));
#14479=DIRECTION('',(-0.942809041582079,0.0,-0.333333333333288));
#14480=CARTESIAN_POINT('',(-52.096171720501,-19.7842987804878,-11.5822895075184));
#14481=DIRECTION('',(0.0,-0.0,1.0));
#14482=DIRECTION('',(0.0,1.0,0.0));
#14483=CARTESIAN_POINT('',(-53.1229666397441,-28.6842987804878,-11.4822895075184));
#14484=DIRECTION('',(0.0,-1.0,0.0));
#14485=DIRECTION('',(0.0,0.0,1.0));
#14486=DIRECTION('',(0.0,1.0,0.0));
#14487=CARTESIAN_POINT('',(-53.1229666397441,-27.0842987804878,-11.4822895075184));
#14488=DIRECTION('',(0.0,1.0,0.0));
#14489=DIRECTION('',(-0.866025403784426,0.0,0.500000000000021));
#14490=CARTESIAN_POINT('',(-53.096171720501,-27.0575038612448,-11.4822895075184));
#14491=DIRECTION('',(1.0,0.0,-0.0));
#14492=DIRECTION('',(0.0,0.866025403784431,0.500000000000014));
#14493=CARTESIAN_POINT('',(-53.096171720501,-27.0842987804878,-11.2822895075184));
#14494=DIRECTION('',(0.0,-0.0,1.0));
#14495=DIRECTION('',(0.0,1.0,0.0));
#14496=CARTESIAN_POINT('',(-53.096171720501,-28.6842987804878,-11.2822895075184));
#14497=DIRECTION('',(0.0,0.0,1.0));
#14498=DIRECTION('',(0.0,-1.0,0.0));
#14499=DIRECTION('',(0.0,-1.0,0.0));
#14500=CARTESIAN_POINT('',(-53.096171720501,-27.0842987804878,-11.2822895075184));
#14501=DIRECTION('',(0.0,0.0,1.0));
#14502=DIRECTION('',(1.0,0.0,0.0));
#14503=CARTESIAN_POINT('',(-53.096171720501,-28.6842987804878,-11.2822895075184));
#14504=DIRECTION('',(0.0,0.0,1.0));
#14505=DIRECTION('',(-1.0,0.0,0.0));
#14506=CARTESIAN_POINT('',(-53.096171720501,-28.7110936997309,-11.4822895075184));
#14507=DIRECTION('',(-1.0,0.0,0.0));
#14508=DIRECTION('',(0.0,-0.866025403784431,0.500000000000014));
#14509=CARTESIAN_POINT('',(-53.0693768012579,-28.6842987804878,-11.4822895075184));
#14510=DIRECTION('',(0.0,-1.0,0.0));
#14511=DIRECTION('',(0.866025403784426,0.0,0.500000000000021));
#14512=CARTESIAN_POINT('',(-53.0693768012579,-27.0842987804878,-11.4822895075184));
#14513=DIRECTION('',(0.0,1.0,0.0));
#14514=DIRECTION('',(0.0,0.0,1.0));
#14515=DIRECTION('',(0.0,1.0,0.0));
#14516=CARTESIAN_POINT('',(-53.0693768012579,-27.0842987804878,-11.8822895075184));
#14517=DIRECTION('',(0.0,-1.0,0.0));
#14518=DIRECTION('',(0.866025403784426,0.0,0.500000000000021));
#14519=CARTESIAN_POINT('',(-53.096171720501,-27.0842987804878,-11.6822895075184));
#14520=DIRECTION('',(0.0,0.0,-1.0));
#14521=DIRECTION('',(0.0,1.0,0.0));
#14522=CARTESIAN_POINT('',(-53.096171720501,-27.0575038612448,-11.8822895075184));
#14523=DIRECTION('',(-1.0,0.0,0.0));
#14524=DIRECTION('',(0.0,0.0,1.0));
#14525=CARTESIAN_POINT('',(-53.096171720501,-27.0842987804878,-11.6822895075184));
#14526=DIRECTION('',(0.0,0.0,-1.0));
#14527=DIRECTION('',(-1.0,0.0,0.0));
#14528=CARTESIAN_POINT('',(-53.1229666397441,-27.0842987804878,-11.8822895075184));
#14529=DIRECTION('',(0.0,-1.0,0.0));
#14530=DIRECTION('',(0.0,0.0,1.0));
#14531=DIRECTION('',(0.0,-1.0,0.0));
#14532=CARTESIAN_POINT('',(-53.1229666397441,-28.6842987804878,-11.8822895075184));
#14533=DIRECTION('',(0.0,1.0,0.0));
#14534=DIRECTION('',(-0.866025403784426,0.0,0.500000000000021));
#14535=CARTESIAN_POINT('',(-53.096171720501,-28.6842987804878,-11.6822895075184));
#14536=DIRECTION('',(0.0,0.0,-1.0));
#14537=DIRECTION('',(0.0,-1.0,0.0));
#14538=CARTESIAN_POINT('',(-54.096171720501,-19.6671414929628,-11.6822895075184));
#14539=DIRECTION('',(1.0,0.0,0.0));
#14540=DIRECTION('',(0.0,0.0,-1.0));
#14541=CARTESIAN_POINT('',(-54.096171720501,-19.7842987804878,-11.9822895075184));
#14542=DIRECTION('',(0.0,0.0,-1.0));
#14543=DIRECTION('',(-1.0,2.96135820932305E-14,0.0));
#14544=CARTESIAN_POINT('',(-54.213329008026,-19.7842987804878,-11.6822895075184));
#14545=DIRECTION('',(0.0,1.0,0.0));
#14546=DIRECTION('',(0.0,0.0,-1.0));
#14547=DIRECTION('',(0.0,-1.0,0.0));
#14548=CARTESIAN_POINT('',(-54.213329008026,-20.9842987804878,-11.6822895075184));
#14549=DIRECTION('',(0.0,-1.0,-0.0));
#14550=DIRECTION('',(-0.942809041582079,0.0,-0.333333333333288));
#14551=CARTESIAN_POINT('',(-54.096171720501,-20.9842987804878,-11.9822895075184));
#14552=DIRECTION('',(0.0,0.0,-1.0));
#14553=DIRECTION('',(0.0,-1.0,0.0));
#14554=CARTESIAN_POINT('',(-54.096171720501,-21.1014560680128,-11.6822895075184));
#14555=DIRECTION('',(-1.0,0.0,0.0));
#14556=DIRECTION('',(0.0,0.0,-1.0));
#14557=CARTESIAN_POINT('',(-54.096171720501,-20.9842987804878,-11.9822895075184));
#14558=DIRECTION('',(0.0,0.0,-1.0));
#14559=DIRECTION('',(1.0,-2.96135820932305E-14,0.0));
#14560=CARTESIAN_POINT('',(-53.9790144329756,-20.9842987804878,-11.6822895075184));
#14561=DIRECTION('',(0.0,-1.0,0.0));
#14562=DIRECTION('',(0.0,0.0,-1.0));
#14563=DIRECTION('',(0.0,1.0,0.0));
#14564=CARTESIAN_POINT('',(-53.9790144329756,-19.7842987804878,-11.6822895075184));
#14565=DIRECTION('',(0.0,1.0,0.0));
#14566=DIRECTION('',(0.942809041582079,0.0,-0.333333333333288));
#14567=CARTESIAN_POINT('',(-54.096171720501,-19.7842987804878,-11.9822895075184));
#14568=DIRECTION('',(0.0,0.0,-1.0));
#14569=DIRECTION('',(0.0,1.0,0.0));
#14570=CARTESIAN_POINT('',(-52.096171720501,-19.7842987804878,-11.9822895075184));
#14571=DIRECTION('',(0.0,0.0,-1.0));
#14572=DIRECTION('',(-1.0,2.96135820932305E-14,0.0));
#14573=CARTESIAN_POINT('',(-52.2133290080264,-19.7842987804878,-11.6822895075184));
#14574=DIRECTION('',(0.0,1.0,0.0));
#14575=DIRECTION('',(0.0,0.0,-1.0));
#14576=CARTESIAN_POINT('',(-52.096171720501,-19.6671414929628,-11.6822895075184));
#14577=DIRECTION('',(-1.0,0.0,0.0));
#14578=DIRECTION('',(0.0,0.942809041582078,-0.333333333333291));
#14579=CARTESIAN_POINT('',(-51.979014432976,-19.7842987804878,-11.6822895075184));
#14580=DIRECTION('',(0.0,1.0,0.0));
#14581=DIRECTION('',(0.942809041582079,0.0,-0.333333333333288));
#14582=CARTESIAN_POINT('',(-52.096171720501,-19.7842987804878,-11.9822895075184));
#14583=DIRECTION('',(0.0,0.0,-1.0));
#14584=DIRECTION('',(0.0,1.0,0.0));
#14585=CARTESIAN_POINT('',(-52.096171720501,-20.9842987804878,-11.9822895075184));
#14586=DIRECTION('',(0.0,0.0,-1.0));
#14587=DIRECTION('',(1.0,-2.96135820932305E-14,0.0));
#14588=CARTESIAN_POINT('',(-52.096171720501,-20.9842987804878,-11.9822895075184));
#14589=DIRECTION('',(0.0,0.0,-1.0));
#14590=DIRECTION('',(0.0,-1.0,0.0));
#14591=DIRECTION('',(0.0,-1.0,0.0));
#14592=DIRECTION('',(0.0,1.0,0.0));
#14593=CARTESIAN_POINT('',(-51.979014432976,-20.9842987804878,-11.6822895075184));
#14594=DIRECTION('',(0.0,-1.0,0.0));
#14595=DIRECTION('',(0.0,0.0,-1.0));
#14596=CARTESIAN_POINT('',(-52.096171720501,-21.1014560680128,-11.6822895075184));
#14597=DIRECTION('',(1.0,0.0,0.0));
#14598=DIRECTION('',(0.0,-0.942809041582078,-0.333333333333291));
#14599=CARTESIAN_POINT('',(-52.2133290080264,-20.9842987804878,-11.6822895075184));
#14600=DIRECTION('',(0.0,-1.0,-0.0));
#14601=DIRECTION('',(-0.942809041582079,0.0,-0.333333333333288));
#14602=DIRECTION('',(0.0,1.0,-0.0));
#14603=CARTESIAN_POINT('',(-48.77217325778,-24.4842987804878,8.66771049248159));
#14604=DIRECTION('',(-0.0,1.0,0.0));
#14605=DIRECTION('',(0.821993397418315,0.0,0.569497018956812));
#14606=DIRECTION('',(0.0,1.0,0.0));
#14607=CARTESIAN_POINT('',(-48.77217325778,-22.6342987804878,8.66771049248159));
#14608=DIRECTION('',(0.0,-1.0,-0.0));
#14609=DIRECTION('',(-0.58471892839548,0.0,-0.811235955056259));
#14610=CARTESIAN_POINT('',(-53.096171720501,-20.0842987804878,-8.03228950751841));
#14611=DIRECTION('',(-1.0,0.0,-0.0));
#14612=DIRECTION('',(0.0,0.0,-1.0));
#14613=CARTESIAN_POINT('',(-53.096171720501,-20.0842987804878,2.41771049248159));
#14614=DIRECTION('',(0.0,-1.0,0.0));
#14615=DIRECTION('',(0.0,0.0,-1.0));
#14616=CARTESIAN_POINT('',(-47.483289624431,-20.0842987804878,-6.3969395048594));
#14617=DIRECTION('',(0.843507176779024,-0.0,0.537117903930115));
#14618=DIRECTION('',(0.0,1.0,0.0));
#14619=CARTESIAN_POINT('',(-53.096171720501,-19.8842987804878,2.41771049248159));
#14620=DIRECTION('',(0.0,-1.0,-0.0));
#14621=DIRECTION('',(-0.537117903930115,0.0,-0.843507176779024));
#14622=DIRECTION('',(0.0,-1.0,0.0));
#14623=CARTESIAN_POINT('',(-47.296171720501,-24.4842987804878,11.3677104924816));
#14624=DIRECTION('',(0.0,1.0,0.0));
#14625=DIRECTION('',(1.0,0.0,-3.46944695195352E-14));
#14626=DIRECTION('',(0.0,-1.0,0.0));
#14627=CARTESIAN_POINT('',(-47.296171720501,-25.9842987804878,11.3677104924816));
#14628=DIRECTION('',(0.0,-1.0,0.0));
#14629=DIRECTION('',(0.0,0.0,-1.0));
#14630=DIRECTION('',(-0.0,1.0,0.0));
#14631=CARTESIAN_POINT('',(-53.096171720501,-24.4842987804878,2.41771049248159));
#14632=DIRECTION('',(0.0,-1.0,0.0));
#14633=DIRECTION('',(0.00873362445414751,0.0,0.999961861174662));
#14634=DIRECTION('',(0.0,-1.0,0.0));
#14635=CARTESIAN_POINT('',(-53.096171720501,-25.9842987804878,2.41771049248159));
#14636=DIRECTION('',(0.0,-1.0,0.0));
#14637=DIRECTION('',(0.51528384279477,0.0,0.857019580496651));
#14638=DIRECTION('',(0.0,1.0,0.0));
#14639=CARTESIAN_POINT('',(-53.096171720501,-24.4842987804878,2.41771049248159));
#14640=DIRECTION('',(0.0,-1.0,0.0));
#14641=DIRECTION('',(0.25764192139739,0.0,-0.966240467139863));
#14642=DIRECTION('',(0.0,1.0,0.0));
#14643=CARTESIAN_POINT('',(-53.096171720501,-20.0842987804878,2.41771049248159));
#14644=DIRECTION('',(0.0,1.0,0.0));
#14645=DIRECTION('',(0.537117903930115,0.0,-0.843507176779024));
#14646=DIRECTION('',(0.0,-1.0,0.0));
#14647=CARTESIAN_POINT('',(-53.096171720501,-21.4842987804878,2.41771049248159));
#14648=DIRECTION('',(0.0,1.0,0.0));
#14649=DIRECTION('',(0.829268292682923,0.0,-0.558850694506816));
#14650=DIRECTION('',(0.0,1.0,0.0));
#14651=CARTESIAN_POINT('',(-53.096171720501,-19.5842987804878,2.41771049248159));
#14652=DIRECTION('',(-0.0,1.0,0.0));
#14653=DIRECTION('',(0.290748898678413,0.0,0.956799392724144));
#14654=DIRECTION('',(1.277007524668E-10,-1.0,-8.979483823168E-11));
#14655=CARTESIAN_POINT('',(-53.096171720501,-24.4842987804878,2.41771049248159));
#14656=DIRECTION('',(-0.0,1.0,0.0));
#14657=DIRECTION('',(0.174672489082996,0.0,0.984626589909876));
#14658=DIRECTION('',(0.0,1.0,0.0));
#14659=CARTESIAN_POINT('',(-53.096171720501,-17.3842987804878,2.41771049248159));
#14660=DIRECTION('',(0.0,1.0,0.0));
#14661=DIRECTION('',(-0.0742358078602629,0.0,0.997240715590441));
#14662=DIRECTION('',(0.0,1.0,-0.0));
#14663=CARTESIAN_POINT('',(-60.660545652907,-24.4842987804878,4.01771049248159));
#14664=DIRECTION('',(0.0,1.0,0.0));
#14665=DIRECTION('',(0.0,0.0,-1.0));
#14666=DIRECTION('',(0.0,-1.0,0.0));
#14667=CARTESIAN_POINT('',(-60.660545652907,-22.6342987804878,4.01771049248159));
#14668=DIRECTION('',(0.0,-1.0,0.0));
#14669=DIRECTION('',(-0.996041548045109,0.0,0.0888888888889009));
#14670=CARTESIAN_POINT('',(-53.096171720501,-22.3342987804878,-7.53228950751841));
#14671=DIRECTION('',(1.0,-0.0,0.0));
#14672=DIRECTION('',(0.0,0.0,-1.0));
#14673=CARTESIAN_POINT('',(-53.096171720501,-22.6342987804878,2.41771049248159));
#14674=DIRECTION('',(-0.0,1.0,0.0));
#14675=DIRECTION('',(0.363259917531502,0.0,0.931687840596305));
#14676=CARTESIAN_POINT('',(-53.096171720501,-22.3342987804878,2.41771049248159));
#14677=DIRECTION('',(-0.0,1.0,0.0));
#14678=DIRECTION('',(0.373795708405315,0.0,0.927511061054136));
#14679=CARTESIAN_POINT('',(-51.229502395291,-17.6842987804878,13.3598130201116));
#14680=DIRECTION('',(0.0,0.0,1.0));
#14681=DIRECTION('',(1.0,0.0,0.0));
#14682=CARTESIAN_POINT('',(-51.229502395291,-17.6842987804878,13.3598130201116));
#14683=DIRECTION('',(0.575372482216417,0.0,-0.817891500572123));
#14684=DIRECTION('',(0.0,1.0,0.0));
#14685=DIRECTION('',(-1.0,0.0,0.0));
#14686=DIRECTION('',(0.0,-0.316227766016808,0.948683298050524));
#14687=DIRECTION('',(1.0,0.0,0.0));
#14688=DIRECTION('',(0.0,0.316227766016808,-0.948683298050524));
#14689=DIRECTION('',(0.0,-1.0,0.0));
#14690=DIRECTION('',(0.0,0.0,-1.0));
#14691=DIRECTION('',(0.0,-1.0,0.0));
#14692=DIRECTION('',(0.0,0.0,-1.0));
#14693=CARTESIAN_POINT('',(-55.296171720501,-23.7721635678604,7.31771049248159));
#14694=DIRECTION('',(-1.0,0.0,0.0));
#14695=DIRECTION('',(0.0,0.125521124818007,0.992090947052952));
#14696=CARTESIAN_POINT('',(-55.296171720501,-23.8342987804878,6.55543283231359));
#14697=DIRECTION('',(-1.0,0.0,0.0));
#14698=DIRECTION('',(0.0,0.948683298050524,0.316227766016808));
#14699=DIRECTION('',(0.0,0.0,-1.0));
#14700=DIRECTION('',(0.0,-1.0,0.0));
#14701=DIRECTION('',(0.0,0.0,-1.0));
#14702=CARTESIAN_POINT('',(-53.096171720501,-22.6342987804878,2.41771049248159));
#14703=DIRECTION('',(-0.0,1.0,0.0));
#14704=DIRECTION('',(0.363259917531502,0.0,0.931687840596305));
#14705=DIRECTION('',(2.972925221916E-14,0.0,-1.0));
#14706=CARTESIAN_POINT('',(-54.696171720501,-22.6342987804878,12.2315886811416));
#14707=DIRECTION('',(-0.0,1.0,0.0));
#14708=DIRECTION('',(1.0,0.0,3.46944695195352E-14));
#14709=CARTESIAN_POINT('',(-51.696171720501,-22.6342987804878,3.21771049248159));
#14710=DIRECTION('',(0.0,-1.0,0.0));
#14711=DIRECTION('',(-0.315789473684213,0.0,0.948829283016839));
#14712=CARTESIAN_POINT('',(-60.660545652907,-22.6342987804878,4.01771049248159));
#14713=DIRECTION('',(0.0,-1.0,0.0));
#14714=DIRECTION('',(-0.996041548045109,0.0,0.0888888888889009));
#14715=CARTESIAN_POINT('',(-51.696171720501,-22.6342987804878,3.21771049248159));
#14716=DIRECTION('',(0.0,1.0,0.0));
#14717=DIRECTION('',(-0.99604154804511,0.0,0.0888888888888909));
#14718=CARTESIAN_POINT('',(-55.396171720501,-22.6342987804878,10.8701610803656));
#14719=DIRECTION('',(0.0,1.0,0.0));
#14720=DIRECTION('',(-0.434583737509291,0.0,0.900631431326076));
#14721=CARTESIAN_POINT('',(-55.396171720501,-22.6342987804878,10.8701610803656));
#14722=DIRECTION('',(0.0,1.0,0.0));
#14723=DIRECTION('',(0.0,0.0,1.0));
#14724=DIRECTION('',(0.0,0.0,-1.0));
#14725=CARTESIAN_POINT('',(-53.976171720501,-22.6342987804878,1.4477104924816));
#14726=DIRECTION('',(0.0,1.0,0.0));
#14727=DIRECTION('',(-0.152601156069405,0.0,0.988287856429634));
#14728=CARTESIAN_POINT('',(-53.976171720501,-22.6342987804878,1.4477104924816));
#14729=DIRECTION('',(0.0,1.0,0.0));
#14730=DIRECTION('',(0.0,0.0,1.0));
#14731=CARTESIAN_POINT('',(-48.77217325778,-22.6342987804878,8.66771049248159));
#14732=DIRECTION('',(0.0,-1.0,-0.0));
#14733=DIRECTION('',(-0.58471892839548,0.0,-0.811235955056259));
#14734=DIRECTION('',(-0.569497018956811,0.0,0.821993397418316));
#14735=CARTESIAN_POINT('',(-49.968489192089,-22.6342987804878,11.0090112453296));
#14736=DIRECTION('',(0.0,1.0,0.0));
#14737=DIRECTION('',(-0.821993397418311,0.0,-0.569497018956818));
#14738=DIRECTION('',(0.675724628517342,0.0,0.737154140200746));
#14739=DIRECTION('',(-1.0,0.0,0.0));
#14740=CARTESIAN_POINT('',(-53.096171720501,-22.6342987804878,2.41771049248159));
#14741=DIRECTION('',(0.0,-1.0,0.0));
#14742=DIRECTION('',(-0.687499999999998,0.0,0.726184377413893));
#14743=DIRECTION('',(0.0,0.0,-1.0));
#14744=DIRECTION('',(-1.0,0.0,0.0));
#14745=DIRECTION('',(0.0,0.0,-1.0));
#14746=DIRECTION('',(1.0,0.0,0.0));
#14747=DIRECTION('',(0.0,0.0,1.0));
#14748=DIRECTION('',(-1.0,0.0,0.0));
#14749=DIRECTION('',(0.0,0.0,1.0));
#14750=CARTESIAN_POINT('',(-53.096171720501,-22.6342987804878,2.41771049248159));
#14751=DIRECTION('',(0.0,-1.0,0.0));
#14752=DIRECTION('',(0.687499999999998,0.0,-0.726184377413893));
#14753=DIRECTION('',(0.0,0.0,1.0));
#14754=DIRECTION('',(0.0,1.0,0.0));
#14755=DIRECTION('',(0.0,1.0,0.0));
#14756=DIRECTION('',(-0.675724628517342,0.0,-0.737154140200746));
#14757=DIRECTION('',(-0.675724628517342,0.0,-0.737154140200746));
#14758=DIRECTION('',(0.0,-1.0,0.0));
#14759=DIRECTION('',(0.675724628517342,0.0,0.737154140200746));
#14760=CARTESIAN_POINT('',(-53.096171720501,-19.3842987804878,2.41771049248159));
#14761=DIRECTION('',(0.0,-1.0,0.0));
#14762=DIRECTION('',(0.829268292682923,0.0,-0.558850694506816));
#14763=DIRECTION('',(-0.660923367300315,0.0,0.750453397991117));
#14764=CARTESIAN_POINT('',(-53.096171720501,-19.3842987804878,2.41771049248159));
#14765=DIRECTION('',(-0.0,1.0,0.0));
#14766=DIRECTION('',(0.321326282583491,0.0,0.946968542308072));
#14767=DIRECTION('',(-0.829268292682923,0.0,0.558850694506816));
#14768=CARTESIAN_POINT('',(-44.430318061964,-19.5842987804878,-3.42227926511441));
#14769=DIRECTION('',(-0.558850694506811,0.0,-0.829268292682926));
#14770=DIRECTION('',(-0.829268292682926,0.0,0.558850694506811));
#14771=CARTESIAN_POINT('',(-43.766903427818,-19.5842987804878,-3.86935982072041));
#14772=DIRECTION('',(-0.558850694506816,0.0,-0.829268292682923));
#14773=DIRECTION('',(0.0,1.0,0.0));
#14774=DIRECTION('',(0.829268292682923,0.0,-0.558850694506816));
#14775=DIRECTION('',(0.0,-1.0,0.0));
#14776=CARTESIAN_POINT('',(-53.096171720501,-19.5842987804878,2.41771049248159));
#14777=DIRECTION('',(0.0,-1.0,0.0));
#14778=DIRECTION('',(0.829268292682923,0.0,-0.558850694506816));
#14779=CARTESIAN_POINT('',(-53.096171720501,-21.4842987804878,2.41771049248159));
#14780=DIRECTION('',(0.0,-1.0,0.0));
#14781=DIRECTION('',(0.537117903930115,0.0,-0.843507176779024));
#14782=DIRECTION('',(0.0,1.0,0.0));
#14783=DIRECTION('',(0.0,-1.0,0.0));
#14784=CARTESIAN_POINT('',(-53.096171720501,-20.0842987804878,2.41771049248159));
#14785=DIRECTION('',(0.0,-1.0,-0.0));
#14786=DIRECTION('',(-0.537117903930115,0.0,-0.843507176779024));
#14787=DIRECTION('',(0.0,-1.0,0.0));
#14788=CARTESIAN_POINT('',(-53.096171720501,-21.4842987804878,2.41771049248159));
#14789=DIRECTION('',(0.0,-1.0,-0.0));
#14790=DIRECTION('',(-0.829268292682923,0.0,-0.558850694506816));
#14791=DIRECTION('',(0.0,1.0,0.0));
#14792=CARTESIAN_POINT('',(-53.096171720501,-19.5842987804878,2.41771049248159));
#14793=DIRECTION('',(0.0,-1.0,0.0));
#14794=DIRECTION('',(-0.1121951219512,0.0,0.993686195239903));
#14795=DIRECTION('',(0.0,1.0,0.0));
#14796=CARTESIAN_POINT('',(-53.096171720501,-19.1842987804878,2.41771049248159));
#14797=DIRECTION('',(0.0,-1.0,0.0));
#14798=DIRECTION('',(0.0,0.0,1.0));
#14799=CARTESIAN_POINT('',(-53.096171720501,-24.4842987804878,2.41771049248159));
#14800=DIRECTION('',(0.0,1.0,0.0));
#14801=DIRECTION('',(-0.146341463414601,0.0,0.989234136130407));
#14802=DIRECTION('',(0.0,1.0,0.0));
#14803=CARTESIAN_POINT('',(-53.096171720501,-22.3342987804878,2.41771049248159));
#14804=DIRECTION('',(0.0,1.0,0.0));
#14805=DIRECTION('',(0.0,0.0,-1.0));
#14806=DIRECTION('',(0.0,0.0,-1.0));
#14807=DIRECTION('',(0.0,-1.0,0.0));
#14808=CARTESIAN_POINT('',(-54.696171720501,-24.4842987804878,12.2315886811416));
#14809=DIRECTION('',(0.0,-1.0,0.0));
#14810=DIRECTION('',(0.315789473684309,0.0,-0.948829283016807));
#14811=DIRECTION('',(0.0,-1.0,0.0));
#14812=CARTESIAN_POINT('',(-51.696171720501,-24.4842987804878,3.21771049248159));
#14813=DIRECTION('',(0.0,1.0,0.0));
#14814=DIRECTION('',(-0.99604154804511,0.0,0.0888888888888909));
#14815=DIRECTION('',(0.0,-1.0,0.0));
#14816=CARTESIAN_POINT('',(-60.660545652907,-24.4842987804878,4.01771049248159));
#14817=DIRECTION('',(0.0,1.0,0.0));
#14818=DIRECTION('',(0.0,0.0,-1.0));
#14819=CARTESIAN_POINT('',(-51.696171720501,-24.4842987804878,3.21771049248159));
#14820=DIRECTION('',(0.0,-1.0,0.0));
#14821=DIRECTION('',(-0.435285858491818,0.0,0.900292297755035));
#14822=DIRECTION('',(0.0,-1.0,0.0));
#14823=DIRECTION('',(0.0,-1.0,0.0));
#14824=CARTESIAN_POINT('',(-55.396171720501,-24.4842987804878,10.8701610803656));
#14825=DIRECTION('',(0.0,-1.0,0.0));
#14826=DIRECTION('',(0.0,0.0,1.0));
#14827=CARTESIAN_POINT('',(-55.346171720501,-24.4842987804878,-13.2322895075184));
#14828=DIRECTION('',(0.0,-1.0,0.0));
#14829=DIRECTION('',(-1.0,0.0,0.0));
#14830=DIRECTION('',(1.0,0.0,0.0));
#14831=CARTESIAN_POINT('',(-50.846171720501,-24.4842987804878,-13.2322895075184));
#14832=DIRECTION('',(0.0,-1.0,-0.0));
#14833=DIRECTION('',(-3.96508223080414E-14,0.0,-1.0));
#14834=DIRECTION('',(0.0,0.0,1.0));
#14835=DIRECTION('',(0.0,0.0,-1.0));
#14836=CARTESIAN_POINT('',(-47.296171720501,-24.4842987804878,11.3677104924816));
#14837=DIRECTION('',(0.0,1.0,0.0));
#14838=DIRECTION('',(1.0,0.0,-3.46944695195352E-14));
#14839=CARTESIAN_POINT('',(-57.275185030484,-24.4842987804878,-13.1968416292984));
#14840=DIRECTION('',(0.0,-1.0,0.0));
#14841=DIRECTION('',(0.376366169953608,0.0,0.926470995830119));
#14842=CARTESIAN_POINT('',(-49.968489192089,-24.4842987804878,11.0090112453296));
#14843=DIRECTION('',(0.0,-1.0,0.0));
#14844=DIRECTION('',(-0.737154140200782,0.0,0.675724628517302));
#14845=DIRECTION('',(0.569497018956811,0.0,-0.821993397418316));
#14846=CARTESIAN_POINT('',(-48.77217325778,-24.4842987804878,8.66771049248159));
#14847=DIRECTION('',(-0.0,1.0,0.0));
#14848=DIRECTION('',(0.821993397418315,0.0,0.569497018956812));
#14849=CARTESIAN_POINT('',(-53.976171720501,-24.4842987804878,1.4477104924816));
#14850=DIRECTION('',(0.0,-1.0,0.0));
#14851=DIRECTION('',(0.584718928395587,0.0,0.811235955056182));
#14852=CARTESIAN_POINT('',(-53.976171720501,-24.4842987804878,1.4477104924816));
#14853=DIRECTION('',(0.0,-1.0,0.0));
#14854=DIRECTION('',(0.0,0.0,1.0));
#14855=DIRECTION('',(0.0,0.0,-1.0));
#14856=CARTESIAN_POINT('',(-55.396171720501,-24.4842987804878,10.8701610803656));
#14857=DIRECTION('',(0.0,-1.0,0.0));
#14858=DIRECTION('',(1.0,0.0,8.67361737988379E-14));
#14859=CARTESIAN_POINT('',(-53.096171720501,-24.4842987804878,2.41771049248159));
#14860=DIRECTION('',(0.0,-1.0,0.0));
#14861=DIRECTION('',(0.00975577699180373,0.0,0.9999524112753));
#14862=DIRECTION('',(0.0,0.0,1.0));
#14863=CARTESIAN_POINT('',(-53.096171720501,-24.4842987804878,2.41771049248159));
#14864=DIRECTION('',(0.0,-1.0,0.0));
#14865=DIRECTION('',(0.00873362445414751,0.0,0.999961861174662));
#14866=DIRECTION('',(0.0,0.0,-1.0));
#14867=CARTESIAN_POINT('',(-53.096171720501,-24.4842987804878,2.41771049248159));
#14868=DIRECTION('',(0.0,1.0,0.0));
#14869=DIRECTION('',(0.0,0.0,-1.0));
#14870=CARTESIAN_POINT('',(-53.096171720501,-24.4842987804878,2.41771049248159));
#14871=DIRECTION('',(0.0,1.0,0.0));
#14872=DIRECTION('',(0.0,0.0,1.0));
#14873=CARTESIAN_POINT('',(-48.446171720501,-24.4842987804878,-5.63632576271341));
#14874=DIRECTION('',(0.0,1.0,0.0));
#14875=DIRECTION('',(0.0,0.0,1.0));
#14876=CARTESIAN_POINT('',(-48.446171720501,-24.4842987804878,-5.63632576271341));
#14877=DIRECTION('',(0.0,1.0,0.0));
#14878=DIRECTION('',(0.0,0.0,-1.0));
#14879=CARTESIAN_POINT('',(-62.396171720501,-24.4842987804878,2.41771049248159));
#14880=DIRECTION('',(0.0,1.0,0.0));
#14881=DIRECTION('',(0.0,0.0,1.0));
#14882=CARTESIAN_POINT('',(-62.396171720501,-24.4842987804878,2.41771049248159));
#14883=DIRECTION('',(0.0,1.0,0.0));
#14884=DIRECTION('',(0.0,0.0,-1.0));
#14885=CARTESIAN_POINT('',(-48.446171720501,-24.4842987804878,10.4717467476766));
#14886=DIRECTION('',(0.0,1.0,0.0));
#14887=DIRECTION('',(0.0,0.0,1.0));
#14888=CARTESIAN_POINT('',(-48.446171720501,-24.4842987804878,10.4717467476766));
#14889=DIRECTION('',(0.0,1.0,0.0));
#14890=DIRECTION('',(0.0,0.0,-1.0));
#14891=DIRECTION('',(0.0,0.0,-1.0));
#14892=DIRECTION('',(-1.0,0.0,0.0));
#14893=DIRECTION('',(0.0,0.0,1.0));
#14894=DIRECTION('',(1.0,0.0,0.0));
#14895=CARTESIAN_POINT('',(-53.096171720501,-24.4842987804878,2.41771049248159));
#14896=DIRECTION('',(-0.0,1.0,0.0));
#14897=DIRECTION('',(0.1379310344828,0.0,0.990441835609999));
#14898=DIRECTION('',(0.0,0.0,-1.0));
#14899=DIRECTION('',(-1.0,0.0,0.0));
#14900=DIRECTION('',(0.0,0.0,1.0));
#14901=DIRECTION('',(-1.0,0.0,0.0));
#14902=DIRECTION('',(0.0,0.0,-1.0));
#14903=DIRECTION('',(-1.0,0.0,0.0));
#14904=DIRECTION('',(0.0,0.0,1.0));
#14905=CARTESIAN_POINT('',(-53.096171720501,-24.4842987804878,2.41771049248159));
#14906=DIRECTION('',(0.0,1.0,0.0));
#14907=DIRECTION('',(-0.406896551724105,0.0,0.913474244954412));
#14908=DIRECTION('',(0.0,0.0,-1.0));
#14909=DIRECTION('',(-1.0,0.0,0.0));
#14910=DIRECTION('',(0.0,0.0,1.0));
#14911=DIRECTION('',(0.0,1.0,0.0));
#14912=DIRECTION('',(0.0,-1.0,0.0));
#14913=DIRECTION('',(-2.103174318957E-13,0.0,1.0));
#14914=DIRECTION('',(0.0,1.0,0.0));
#14915=DIRECTION('',(0.0,0.0,-1.0));
#14916=DIRECTION('',(-1.0,0.0,0.0));
#14917=DIRECTION('',(0.0,0.0,1.0));
#14918=DIRECTION('',(1.0,0.0,-1.7763568394E-14));
#14919=CARTESIAN_POINT('',(-55.346171720501,-17.8842987804878,-13.2322895075184));
#14920=DIRECTION('',(0.0,1.0,0.0));
#14921=DIRECTION('',(3.96508223080414E-14,0.0,-1.0));
#14922=DIRECTION('',(-1.0,0.0,0.0));
#14923=DIRECTION('',(0.0,0.0,-1.0));
#14924=DIRECTION('',(0.0,1.0,0.0));
#14925=DIRECTION('',(0.0,0.0,-1.0));
#14926=DIRECTION('',(0.0,0.630298064237333,-0.77635323804224));
#14927=CARTESIAN_POINT('',(-55.196171720501,-18.3842987804878,-11.0822895075184));
#14928=DIRECTION('',(-1.0,0.0,0.0));
#14929=DIRECTION('',(0.0,0.776353238042278,0.630298064237287));
#14930=DIRECTION('',(0.0,1.0,0.0));
#14931=DIRECTION('',(-1.0,-1.7763568394E-14,0.0));
#14932=DIRECTION('',(0.0,-1.0,0.0));
#14933=DIRECTION('',(0.0,-1.0,0.0));
#14934=DIRECTION('',(0.0,0.0,1.0));
#14935=DIRECTION('',(0.0,1.0,0.0));
#14936=DIRECTION('',(0.0,-1.0,0.0));
#14937=DIRECTION('',(0.0,0.0,-1.0));
#14938=DIRECTION('',(0.0,0.0,1.0));
#14939=DIRECTION('',(-1.0,0.0,0.0));
#14940=DIRECTION('',(1.0,0.0,0.0));
#14941=DIRECTION('',(1.0,0.0,0.0));
#14942=DIRECTION('',(-0.707106781186498,-0.707106781186597,0.0));
#14943=DIRECTION('',(0.0,-1.0,0.0));
#14944=DIRECTION('',(0.0,-1.0,0.0));
#14945=DIRECTION('',(-0.707106781186498,0.707106781186597,0.0));
#14946=DIRECTION('',(-1.0,0.0,0.0));
#14947=DIRECTION('',(0.0,1.0,0.0));
#14948=DIRECTION('',(0.0,1.0,0.0));
#14949=DIRECTION('',(0.0,0.0,-1.0));
#14950=DIRECTION('',(0.0,1.0,0.0));
#14951=DIRECTION('',(0.0,0.0,-1.0));
#14952=DIRECTION('',(0.0,1.0,0.0));
#14953=DIRECTION('',(0.0,0.0,1.0));
#14954=DIRECTION('',(0.0,0.0,-1.0));
#14955=DIRECTION('',(-1.0,0.0,0.0));
#14956=DIRECTION('',(1.0,0.0,0.0));
#14957=DIRECTION('',(0.0,-1.0,0.0));
#14958=DIRECTION('',(1.0,0.0,0.0));
#14959=DIRECTION('',(0.0,-1.0,0.0));
#14960=DIRECTION('',(1.0,0.0,0.0));
#14961=DIRECTION('',(0.707106781186498,-0.707106781186597,0.0));
#14962=DIRECTION('',(0.0,-1.0,0.0));
#14963=DIRECTION('',(0.0,-1.0,0.0));
#14964=DIRECTION('',(0.707106781186498,0.707106781186597,0.0));
#14965=DIRECTION('',(0.0,0.0,1.0));
#14966=DIRECTION('',(0.0,0.0,-1.0));
#14967=DIRECTION('',(1.0,0.0,0.0));
#14968=DIRECTION('',(0.0,0.0,-1.0));
#14969=DIRECTION('',(1.0,0.0,0.0));
#14970=DIRECTION('',(0.0,0.0,1.0));
#14971=DIRECTION('',(0.0,-0.707106781186597,0.707106781186498));
#14972=DIRECTION('',(0.0,-1.0,0.0));
#14973=DIRECTION('',(-1.0,0.0,0.0));
#14974=DIRECTION('',(0.0,-1.0,0.0));
#14975=DIRECTION('',(0.0,0.707106781186597,-0.707106781186498));
#14976=DIRECTION('',(1.0,0.0,1.7763568394E-14));
#14977=DIRECTION('',(0.0,1.0,0.0));
#14978=DIRECTION('',(0.0,-1.0,0.0));
#14979=DIRECTION('',(0.0,-1.0,0.0));
#14980=CARTESIAN_POINT('',(-50.846171720501,-17.8842987804878,-13.2322895075184));
#14981=DIRECTION('',(-0.0,1.0,0.0));
#14982=DIRECTION('',(1.0,0.0,4.21289987022939E-14));
#14983=DIRECTION('',(-1.0,0.0,0.0));
#14984=DIRECTION('',(0.0,0.0,1.0));
#14985=DIRECTION('',(-1.0,0.0,0.0));
#14986=DIRECTION('',(0.0,0.0,1.0));
#14987=DIRECTION('',(0.0,1.0,0.0));
#14988=DIRECTION('',(2.103174318957E-13,0.0,-1.0));
#14989=CARTESIAN_POINT('',(-53.096171720501,-17.3842987804878,2.41771049248159));
#14990=DIRECTION('',(0.0,1.0,0.0));
#14991=DIRECTION('',(-0.0742358078602629,0.0,0.997240715590441));
#14992=DIRECTION('',(0.0,-1.0,0.0));
#14993=CARTESIAN_POINT('',(-53.096171720501,-19.5842987804878,2.41771049248159));
#14994=DIRECTION('',(0.0,1.0,0.0));
#14995=DIRECTION('',(-0.829268292682923,0.0,-0.558850694506816));
#14996=DIRECTION('',(0.0,-1.0,0.0));
#14997=CARTESIAN_POINT('',(-53.096171720501,-21.4842987804878,2.41771049248159));
#14998=DIRECTION('',(0.0,1.0,0.0));
#14999=DIRECTION('',(-0.537117903930115,0.0,-0.843507176779024));
#15000=DIRECTION('',(0.0,1.0,0.0));
#15001=CARTESIAN_POINT('',(-53.096171720501,-20.0842987804878,2.41771049248159));
#15002=DIRECTION('',(0.0,1.0,0.0));
#15003=DIRECTION('',(-0.25764192139739,0.0,-0.966240467139863));
#15004=DIRECTION('',(0.0,0.0,-1.0));
#15005=CARTESIAN_POINT('',(-47.296171720501,-25.9842987804878,11.3677104924816));
#15006=DIRECTION('',(0.0,-1.0,0.0));
#15007=DIRECTION('',(0.0,0.0,-1.0));
#15008=DIRECTION('',(5.092222939614E-14,-1.0,-1.657933050107E-14));
#15009=CARTESIAN_POINT('',(-57.275185030484,-25.9842987804878,-13.1968416292984));
#15010=DIRECTION('',(-0.0,1.0,0.0));
#15011=DIRECTION('',(0.258536585365886,0.0,0.966001466886747));
#15012=DIRECTION('',(2.279657943897E-14,-1.0,0.0));
#15013=CARTESIAN_POINT('',(-57.275185030484,-24.4842987804878,-13.1968416292984));
#15014=DIRECTION('',(0.0,-1.0,0.0));
#15015=DIRECTION('',(0.3045691376361,0.0,0.952490231130799));
#15016=DIRECTION('',(0.0,0.0,1.0));
#15017=DIRECTION('',(-0.575372482216416,0.0,0.817891500572123));
#15018=CARTESIAN_POINT('',(-49.796171720501,-24.4842987804878,13.2773835999016));
#15019=DIRECTION('',(0.0,-1.0,0.0));
#15020=DIRECTION('',(0.290748898679268,0.0,0.956799392723884));
#15021=CARTESIAN_POINT('',(-49.796171720501,-24.4842987804878,13.2773835999016));
#15022=DIRECTION('',(0.0,-1.0,0.0));
#15023=DIRECTION('',(0.0,0.0,1.0));
#15024=DIRECTION('',(0.660923367300265,0.0,-0.75045339799116));
#15025=DIRECTION('',(-0.660923367443613,0.0,0.750453397864914));
#15026=DIRECTION('',(1.423237038427E-10,-1.0,-8.351994832695E-11));
#15027=DIRECTION('',(2.13167591515E-08,-1.0,4.834939523576E-09));
#15028=CARTESIAN_POINT('',(-49.796171720501,-19.5842987804878,13.2773835999016));
#15029=DIRECTION('',(0.0,1.0,0.0));
#15030=DIRECTION('',(-0.750453397991159,0.0,-0.660923367300267));
#15031=DIRECTION('',(0.575372482216417,0.0,-0.817891500572123));
#15032=DIRECTION('',(0.575372482216416,0.0,-0.817891500572123));
#15033=DIRECTION('',(0.0,-1.0,0.0));
#15034=CARTESIAN_POINT('',(-50.446171720501,-19.7121833958728,12.7677104924816));
#15035=DIRECTION('',(1.0,0.0,0.0));
#15036=DIRECTION('',(0.0,0.345500314663314,-0.938418633962237));
#15037=DIRECTION('',(0.0,-1.0,0.0));
#15038=DIRECTION('',(0.0,0.0,-1.0));
#15039=DIRECTION('',(-1.0,0.0,0.0));
#15040=CARTESIAN_POINT('',(-53.096171720501,-19.1842987804878,2.41771049248159));
#15041=DIRECTION('',(0.0,-1.0,0.0));
#15042=DIRECTION('',(0.258536585365886,0.0,0.966001466886747));
#15043=DIRECTION('',(0.0,0.0,1.0));
#15044=CARTESIAN_POINT('',(-54.246171720501,-19.7121833958728,12.7677104924816));
#15045=DIRECTION('',(-1.0,0.0,0.0));
#15046=DIRECTION('',(0.0,1.0,-1.24891356608997E-14));
#15047=DIRECTION('',(0.0,0.0,-1.0));
#15048=DIRECTION('',(0.0,0.0,1.0));
#15049=CARTESIAN_POINT('',(-54.246171720501,-17.6842987804878,12.8598130201116));
#15050=DIRECTION('',(1.0,0.0,-0.0));
#15051=DIRECTION('',(0.0,0.0,1.0));
#15052=DIRECTION('',(0.0,0.0,1.0));
#15053=CARTESIAN_POINT('',(-53.946171720501,-18.1842987804878,12.8598130201116));
#15054=DIRECTION('',(0.0,-0.0,1.0));
#15055=DIRECTION('',(0.0,1.0,0.0));
#15056=DIRECTION('',(0.0,0.0,-1.0));
#15057=CARTESIAN_POINT('',(-53.946171720501,-18.1842987804878,12.7677104924816));
#15058=DIRECTION('',(0.0,0.0,-1.0));
#15059=DIRECTION('',(-1.0,0.0,0.0));
#15060=CARTESIAN_POINT('',(-53.946171720501,-19.7121833958728,12.7677104924816));
#15061=DIRECTION('',(-1.0,0.0,0.0));
#15062=DIRECTION('',(0.0,1.0,0.0));
#15063=DIRECTION('',(1.0,0.0,0.0));
#15064=CARTESIAN_POINT('',(-50.746171720501,-19.7121833958728,12.7677104924816));
#15065=DIRECTION('',(1.0,0.0,0.0));
#15066=DIRECTION('',(0.0,0.288795370857395,-0.957390846922687));
#15067=DIRECTION('',(0.575372482216416,0.0,-0.817891500572123));
#15068=CARTESIAN_POINT('',(-50.87776106908,-18.1842987804878,12.8598130201116));
#15069=DIRECTION('',(-0.575372482216412,0.0,0.817891500572126));
#15070=DIRECTION('',(0.817891500572126,0.0,0.575372482216412));
#15071=CARTESIAN_POINT('',(-51.229502395291,-17.6842987804878,13.3598130201116));
#15072=DIRECTION('',(1.0,0.0,0.0));
#15073=DIRECTION('',(0.0,0.0,-1.0));
#15074=DIRECTION('',(0.575372482216416,0.0,-0.817891500572123));
#15075=DIRECTION('',(1.0,0.0,0.0));
#15076=DIRECTION('',(0.0,0.0,-1.0));
#15077=CARTESIAN_POINT('',(-53.946171720501,-17.6842987804878,13.3598130201116));
#15078=DIRECTION('',(0.0,0.0,-1.0));
#15079=DIRECTION('',(-1.0,0.0,0.0));
#15080=CARTESIAN_POINT('',(-53.946171720501,-17.6842987804878,13.3598130201116));
#15081=DIRECTION('',(-1.0,0.0,0.0));
#15082=DIRECTION('',(0.0,1.0,0.0));
#15083=CARTESIAN_POINT('',(-53.946171720501,-17.6842987804878,13.3598130201116));
#15084=DIRECTION('',(0.0,-1.0,0.0));
#15085=DIRECTION('',(-1.0,0.0,0.0));
#15086=CARTESIAN_POINT('',(-53.946171720501,-17.6842987804878,12.8598130201116));
#15087=DIRECTION('',(1.0,0.0,-0.0));
#15088=DIRECTION('',(0.0,0.0,1.0));
#15089=DIRECTION('',(1.0,0.0,0.0));
#15090=DIRECTION('',(-1.0,0.0,0.0));
#15091=CARTESIAN_POINT('',(-53.096171720501,-19.3842987804878,2.41771049248159));
#15092=DIRECTION('',(0.0,1.0,0.0));
#15093=DIRECTION('',(-0.829268292682923,0.0,-0.558850694506816));
#15094=CARTESIAN_POINT('',(-62.425440013184,-19.5842987804878,-3.86935982072041));
#15095=DIRECTION('',(0.558850694506811,-1.06003184139071E-28,-0.829268292682926));
#15096=DIRECTION('',(-0.829268292682926,-1.73472347597679E-14,-0.558850694506811));
#15097=CARTESIAN_POINT('',(-61.762025379038,-19.5842987804878,-3.42227926511441));
#15098=DIRECTION('',(0.558850694506816,0.0,-0.829268292682923));
#15099=DIRECTION('',(0.0,1.0,0.0));
#15100=DIRECTION('',(0.829268292682923,0.0,0.558850694506816));
#15101=DIRECTION('',(-0.829268292682923,0.0,-0.558850694506816));
#15102=CARTESIAN_POINT('',(-53.096171720501,-19.3842987804878,2.41771049248159));
#15103=DIRECTION('',(0.0,-1.0,0.0));
#15104=DIRECTION('',(-0.110047846889996,0.0,0.993926290725261));
#15105=DIRECTION('',(-0.537117903930115,0.0,-0.843507176779024));
#15106=CARTESIAN_POINT('',(-58.709053816571,-20.0842987804878,-6.3969395048594));
#15107=DIRECTION('',(-0.843507176779017,-1.05510146073309E-27,0.537117903930125));
#15108=DIRECTION('',(0.537117903930125,-8.67361737988398E-14,0.843507176779017));
#15109=DIRECTION('',(0.537117903930115,0.0,0.843507176779024));
#15110=CARTESIAN_POINT('',(-59.138748139715,-20.0842987804878,-7.07174524628241));
#15111=DIRECTION('',(-0.843507176779024,0.0,0.537117903930115));
#15112=DIRECTION('',(0.0,1.0,0.0));
#15113=CARTESIAN_POINT('',(-53.096171720501,-19.8842987804878,2.41771049248159));
#15114=DIRECTION('',(0.0,1.0,0.0));
#15115=DIRECTION('',(-0.262222222222192,0.0,-0.965007516122468));
#15116=CARTESIAN_POINT('',(-53.096171720501,-19.8842987804878,2.41771049248159));
#15117=DIRECTION('',(0.0,-1.0,-0.0));
#15118=DIRECTION('',(-0.537117903930115,0.0,-0.843507176779024));
#15119=DIRECTION('',(0.537117903930115,0.0,-0.843507176779024));
#15120=CARTESIAN_POINT('',(-53.096171720501,-19.8842987804878,2.41771049248159));
#15121=DIRECTION('',(0.0,1.0,0.0));
#15122=DIRECTION('',(0.537117903930115,0.0,-0.843507176779024));
#15123=DIRECTION('',(1.0,0.0,0.0));
#15124=DIRECTION('',(0.0,0.0,1.0));
#15125=CARTESIAN_POINT('',(-53.096171720501,-19.8842987804878,2.41771049248159));
#15126=DIRECTION('',(0.0,1.0,0.0));
#15127=DIRECTION('',(0.183406113537101,0.0,-0.983037230992405));
#15128=CARTESIAN_POINT('',(-53.096171720501,-19.8842987804878,2.41771049248159));
#15129=DIRECTION('',(0.0,1.0,0.0));
#15130=DIRECTION('',(0.0,0.0,-1.0));
#15131=DIRECTION('',(1.0,0.0,0.0));
#15132=DIRECTION('',(-3.748400184593E-14,1.0,-2.253052796319E-14));
#15133=DIRECTION('',(0.0,-0.630298064237333,0.77635323804224));
#15134=DIRECTION('',(1.0,0.0,0.0));
#15135=DIRECTION('',(-1.0,1.7763568394E-14,0.0));
#15136=CARTESIAN_POINT('',(-50.996171720501,-18.3842987804878,-11.0822895075184));
#15137=DIRECTION('',(1.0,0.0,0.0));
#15138=DIRECTION('',(0.0,0.0,-1.0));
#15139=DIRECTION('',(0.0,-1.0,0.0));
#15140=DIRECTION('',(0.0,1.0,0.0));
#15141=CARTESIAN_POINT('',(-47.053595301287,-20.0842987804878,-7.07174524628241));
#15142=DIRECTION('',(0.843507176779017,2.15704153771368E-28,0.537117903930125));
#15143=DIRECTION('',(0.537117903930125,-1.7347234759768E-14,-0.843507176779017));
#15144=DIRECTION('',(-0.537117903930115,0.0,0.843507176779024));
#15145=CARTESIAN_POINT('',(-53.096171720501,-25.9842987804878,2.41771049248159));
#15146=DIRECTION('',(-0.0,1.0,0.0));
#15147=DIRECTION('',(0.00975609756097589,0.0,0.999952408147698));
#15148=DIRECTION('',(0.0,0.0,1.0));
#15149=DIRECTION('',(0.0,1.0,0.0));
#15150=DIRECTION('',(0.0,-1.0,0.0));
#15151=DIRECTION('',(0.0,-1.0,0.0));
#15152=DIRECTION('',(0.0,-1.0,0.0));
#15153=DIRECTION('',(0.0,-1.0,0.0));
#15154=DIRECTION('',(0.0,-1.0,0.0));
#15155=CARTESIAN_POINT('',(-53.096171720501,-22.8342987804878,2.41771049248159));
#15156=DIRECTION('',(0.0,-1.0,0.0));
#15157=DIRECTION('',(0.687499999999998,0.0,0.726184377413893));
#15158=DIRECTION('',(0.0,1.0,0.0));
#15159=DIRECTION('',(0.0,-1.0,0.0));
#15160=CARTESIAN_POINT('',(-53.096171720501,-22.8342987804878,2.41771049248159));
#15161=DIRECTION('',(0.0,-1.0,0.0));
#15162=DIRECTION('',(0.0,0.0,-1.0));
#15163=DIRECTION('',(0.0,-1.0,0.0));
#15164=CARTESIAN_POINT('',(-53.096171720501,-22.8342987804878,2.41771049248159));
#15165=DIRECTION('',(0.0,-1.0,-0.0));
#15166=DIRECTION('',(-0.687499999999998,0.0,-0.726184377413893));
#15167=DIRECTION('',(0.0,1.0,0.0));
#15168=CARTESIAN_POINT('',(-53.096171720501,-22.8342987804878,2.41771049248159));
#15169=DIRECTION('',(0.0,-1.0,0.0));
#15170=DIRECTION('',(0.0,0.0,1.0));
#15171=DIRECTION('',(-1.0,0.0,0.0));
#15172=DIRECTION('',(0.0,0.0,1.0));
#15173=CARTESIAN_POINT('',(-50.896171720501,-23.7721635678604,7.31771049248159));
#15174=DIRECTION('',(1.0,0.0,-0.0));
#15175=DIRECTION('',(0.0,0.948683298050524,0.316227766016808));
#15176=DIRECTION('',(0.0,0.0,1.0));
#15177=DIRECTION('',(0.0,-1.0,0.0));
#15178=DIRECTION('',(0.0,0.0,1.0));
#15179=DIRECTION('',(0.0,-1.0,0.0));
#15180=CARTESIAN_POINT('',(-50.896171720501,-23.8342987804878,6.55543283231359));
#15181=DIRECTION('',(1.0,0.0,0.0));
#15182=DIRECTION('',(0.0,1.0,0.0));
#15183=DIRECTION('',(1.0,0.0,0.0));
#15184=DIRECTION('',(0.0,-1.0,0.0));
#15185=DIRECTION('',(-0.287347885566291,0.957826285221168,0.0));
#15186=DIRECTION('',(-1.0,0.0,0.0));
#15187=DIRECTION('',(-1.0,0.0,0.0));
#15188=DIRECTION('',(0.0,-1.0,0.0));
#15189=DIRECTION('',(0.0,0.707106781186597,0.707106781186498));
#15190=DIRECTION('',(0.0,0.0,1.0));
#15191=DIRECTION('',(0.0,-1.0,0.0));
#15192=DIRECTION('',(0.287347885566291,-0.957826285221168,0.0));
#15193=DIRECTION('',(0.0,-1.0,0.0));
#15194=DIRECTION('',(-1.0,0.0,0.0));
#15195=DIRECTION('',(1.0,0.0,0.0));
#15196=DIRECTION('',(-1.0,0.0,0.0));
#15197=DIRECTION('',(-0.287347885566291,-0.957826285221168,0.0));
#15198=DIRECTION('',(0.0,-1.0,0.0));
#15199=DIRECTION('',(-1.0,0.0,0.0));
#15200=DIRECTION('',(0.0,-1.0,0.0));
#15201=DIRECTION('',(0.0,-1.0,0.0));
#15202=DIRECTION('',(-1.0,0.0,0.0));
#15203=DIRECTION('',(0.0,-1.0,0.0));
#15204=DIRECTION('',(-1.0,0.0,0.0));
#15205=DIRECTION('',(1.0,0.0,0.0));
#15206=DIRECTION('',(0.0,0.0,1.0));
#15207=DIRECTION('',(0.0,0.0,-1.0));
#15208=DIRECTION('',(0.0,-0.707106781186597,-0.707106781186498));
#15209=DIRECTION('',(1.0,0.0,0.0));
#15210=DIRECTION('',(0.0,0.0,-1.0));
#15211=DIRECTION('',(0.0,0.707106781186498,-0.707106781186597));
#15212=DIRECTION('',(0.0,-1.0,0.0));
#15213=CARTESIAN_POINT('',(-54.621171720501,-23.7721635678604,7.31771049248159));
#15214=DIRECTION('',(-1.0,0.0,0.0));
#15215=DIRECTION('',(0.0,0.0,1.0));
#15216=DIRECTION('',(0.0,0.0,-1.0));
#15217=DIRECTION('',(0.0,-1.0,0.0));
#15218=DIRECTION('',(1.0,0.0,0.0));
#15219=DIRECTION('',(1.0,0.0,0.0));
#15220=DIRECTION('',(0.0,-1.0,0.0));
#15221=DIRECTION('',(0.0,0.0,1.0));
#15222=DIRECTION('',(0.0,-1.0,0.0));
#15223=DIRECTION('',(0.0,-0.707106781186498,0.707106781186597));
#15224=DIRECTION('',(0.0,0.0,1.0));
#15225=DIRECTION('',(-1.0,0.0,0.0));
#15226=DIRECTION('',(0.0,0.0,1.0));
#15227=DIRECTION('',(-1.0,0.0,0.0));
#15228=DIRECTION('',(0.0,0.0,-1.0));
#15229=CARTESIAN_POINT('',(-53.096171720501,-25.9842987804878,2.41771049248159));
#15230=DIRECTION('',(0.0,-1.0,0.0));
#15231=DIRECTION('',(0.406896551724105,0.0,0.913474244954412));
#15232=DIRECTION('',(0.0,0.0,1.0));
#15233=DIRECTION('',(0.0,0.0,-1.0));
#15234=CARTESIAN_POINT('',(-53.096171720501,-25.9842987804878,2.41771049248159));
#15235=DIRECTION('',(0.0,-1.0,0.0));
#15236=DIRECTION('',(-0.1379310344828,0.0,0.990441835609999));
#15237=DIRECTION('',(0.0,0.0,1.0));
#15238=DIRECTION('',(-1.0,0.0,0.0));
#15239=DIRECTION('',(0.0,0.0,-1.0));
#15240=DIRECTION('',(0.0,-1.0,0.0));
#15241=DIRECTION('',(0.0,-1.0,0.0));
#15242=DIRECTION('',(0.0,-1.0,0.0));
#15243=DIRECTION('',(0.0,-1.0,0.0));
#15244=DIRECTION('',(0.0,1.0,0.0));
#15245=DIRECTION('',(0.0,-1.0,0.0));
#15246=DIRECTION('',(0.0,-1.0,0.0));
#15247=DIRECTION('',(0.0,-1.0,0.0));
#15248=DIRECTION('',(0.0,1.0,0.0));
#15249=DIRECTION('',(0.0,-1.0,0.0));
#15250=DIRECTION('',(-1.0,0.0,0.0));
#15251=DIRECTION('',(1.0,0.0,0.0));
#15252=DIRECTION('',(0.287347885566291,0.957826285221168,0.0));
#15253=DIRECTION('',(0.0,0.0,-1.0));
#15254=DIRECTION('',(1.0,0.0,0.0));
#15255=DIRECTION('',(0.0,0.0,-1.0));
#15256=DIRECTION('',(0.0,-1.0,0.0));
#15257=DIRECTION('',(-1.0,0.0,0.0));
#15258=DIRECTION('',(0.0,-1.0,0.0));
#15259=DIRECTION('',(0.0,0.0,-1.0));
#15260=DIRECTION('',(0.0,-1.0,0.0));
#15261=DIRECTION('',(1.0,0.0,0.0));
#15262=DIRECTION('',(0.0,-1.0,0.0));
#15263=DIRECTION('',(0.0,0.0,1.0));
#15264=DIRECTION('',(0.0,-1.0,0.0));
#15265=DIRECTION('',(-1.0,0.0,0.0));
#15266=DIRECTION('',(0.0,-1.0,0.0));
#15267=DIRECTION('',(0.0,0.0,1.0));
#15268=DIRECTION('',(0.0,0.0,-1.0));
#15269=DIRECTION('',(1.0,0.0,0.0));
#15270=DIRECTION('',(0.0,0.0,1.0));
#15271=DIRECTION('',(-1.0,0.0,0.0));
#15272=DIRECTION('',(1.0,0.0,0.0));
#15273=DIRECTION('',(0.0,0.0,-1.0));
#15274=DIRECTION('',(0.0,-1.0,0.0));
#15275=DIRECTION('',(0.0,0.0,1.0));
#15276=DIRECTION('',(0.0,-1.0,0.0));
#15277=DIRECTION('',(-1.0,0.0,0.0));
#15278=DIRECTION('',(0.0,-1.0,0.0));
#15279=DIRECTION('',(0.0,0.0,1.0));
#15280=DIRECTION('',(0.0,0.0,-1.0));
#15281=DIRECTION('',(0.0,-1.0,0.0));
#15282=DIRECTION('',(-1.0,0.0,0.0));
#15283=DIRECTION('',(1.0,0.0,0.0));
#15284=CARTESIAN_POINT('',(-48.446171720501,-26.0842987804878,-5.63632576271341));
#15285=DIRECTION('',(0.0,-1.0,0.0));
#15286=DIRECTION('',(0.0,0.0,1.0));
#15287=DIRECTION('',(0.0,-1.0,0.0));
#15288=DIRECTION('',(0.0,-1.0,0.0));
#15289=CARTESIAN_POINT('',(-48.446171720501,-26.0842987804878,-5.63632576271341));
#15290=DIRECTION('',(0.0,-1.0,0.0));
#15291=DIRECTION('',(0.0,0.0,-1.0));
#15292=CARTESIAN_POINT('',(-48.446171720501,-26.0842987804878,-5.38632576271341));
#15293=DIRECTION('',(-1.0,0.0,0.0));
#15294=DIRECTION('',(0.0,-1.0,0.0));
#15295=CARTESIAN_POINT('',(-48.446171720501,-26.5842987804878,-5.63632576271341));
#15296=DIRECTION('',(0.0,-1.0,0.0));
#15297=DIRECTION('',(0.0,0.0,-1.0));
#15298=CARTESIAN_POINT('',(-48.446171720501,-26.0842987804878,-5.88632576271341));
#15299=DIRECTION('',(1.0,0.0,0.0));
#15300=DIRECTION('',(0.0,-1.0,0.0));
#15301=CARTESIAN_POINT('',(-48.446171720501,-26.5842987804878,-5.63632576271341));
#15302=DIRECTION('',(0.0,-1.0,0.0));
#15303=DIRECTION('',(0.0,0.0,1.0));
#15304=CARTESIAN_POINT('',(-62.396171720501,-26.0842987804878,2.41771049248159));
#15305=DIRECTION('',(0.0,-1.0,0.0));
#15306=DIRECTION('',(0.0,0.0,1.0));
#15307=DIRECTION('',(0.0,-1.0,0.0));
#15308=DIRECTION('',(0.0,-1.0,0.0));
#15309=CARTESIAN_POINT('',(-62.396171720501,-26.0842987804878,2.41771049248159));
#15310=DIRECTION('',(0.0,-1.0,0.0));
#15311=DIRECTION('',(0.0,0.0,-1.0));
#15312=CARTESIAN_POINT('',(-62.396171720501,-26.0842987804878,2.66771049248159));
#15313=DIRECTION('',(-1.0,0.0,0.0));
#15314=DIRECTION('',(0.0,-1.0,0.0));
#15315=CARTESIAN_POINT('',(-62.396171720501,-26.5842987804878,2.41771049248159));
#15316=DIRECTION('',(0.0,-1.0,0.0));
#15317=DIRECTION('',(0.0,0.0,-1.0));
#15318=CARTESIAN_POINT('',(-62.396171720501,-26.0842987804878,2.16771049248159));
#15319=DIRECTION('',(1.0,0.0,0.0));
#15320=DIRECTION('',(0.0,-1.0,0.0));
#15321=CARTESIAN_POINT('',(-62.396171720501,-26.5842987804878,2.41771049248159));
#15322=DIRECTION('',(0.0,-1.0,0.0));
#15323=DIRECTION('',(0.0,0.0,1.0));
#15324=CARTESIAN_POINT('',(-48.446171720501,-26.0842987804878,10.4717467476766));
#15325=DIRECTION('',(0.0,-1.0,0.0));
#15326=DIRECTION('',(0.0,0.0,1.0));
#15327=DIRECTION('',(0.0,-1.0,0.0));
#15328=DIRECTION('',(0.0,-1.0,0.0));
#15329=CARTESIAN_POINT('',(-48.446171720501,-26.0842987804878,10.4717467476766));
#15330=DIRECTION('',(0.0,-1.0,0.0));
#15331=DIRECTION('',(0.0,0.0,-1.0));
#15332=CARTESIAN_POINT('',(-48.446171720501,-26.0842987804878,10.7217467476766));
#15333=DIRECTION('',(-1.0,0.0,0.0));
#15334=DIRECTION('',(0.0,-1.0,0.0));
#15335=CARTESIAN_POINT('',(-48.446171720501,-26.5842987804878,10.4717467476766));
#15336=DIRECTION('',(0.0,-1.0,0.0));
#15337=DIRECTION('',(0.0,0.0,-1.0));
#15338=CARTESIAN_POINT('',(-48.446171720501,-26.0842987804878,10.2217467476766));
#15339=DIRECTION('',(1.0,0.0,0.0));
#15340=DIRECTION('',(0.0,-1.0,0.0));
#15341=CARTESIAN_POINT('',(-48.446171720501,-26.5842987804878,10.4717467476766));
#15342=DIRECTION('',(0.0,-1.0,0.0));
#15343=DIRECTION('',(0.0,0.0,1.0));
ENDSEC;
END-ISO-10303-21;
