ISO-10303-21;
HEADER;
FILE_DESCRIPTION (( 'STEP AP214' ),
    '1' );
FILE_NAME ('HCPL2630SD.STEP',
    '2023-12-09T08:46:40',
    ( '' ),
    ( '' ),
    'SwSTEP 2.0',
    'SolidWorks 2021',
    '' );
FILE_SCHEMA (( 'AUTOMOTIVE_DESIGN' ));
ENDSEC;

DATA;
#1 = ADVANCED_FACE ( 'NONE', ( #815 ), #3870, .T. ) ;
#2 = DIRECTION ( 'NONE',  ( 1.000000000000000000, -8.673617379884041783E-15, 1.047444401652940007E-14 ) ) ;
#3 = LINE ( 'NONE', #2615, #2662 ) ;
#4 = DIRECTION ( 'NONE',  ( -0.1305261922200629809, -0.9914448613738088278, -1.367189293099805227E-15 ) ) ;
#5 = UNCERTAINTY_MEASURE_WITH_UNIT (LENGTH_MEASURE( 1.000000000000000082E-05 ), #2208, 'distance_accuracy_value', 'NONE');
#6 = CARTESIAN_POINT ( 'NONE',  ( 4.299714466474553909, 0.5130858162095990327, 0.5400000000000449996 ) ) ;
#7 = EDGE_CURVE ( 'NONE', #4585, #1790, #3946, .T. ) ;
#8 = ORIENTED_EDGE ( 'NONE', *, *, #2864, .F. ) ;
#9 = ORIENTED_EDGE ( 'NONE', *, *, #2522, .T. ) ;
#10 = DIRECTION ( 'NONE',  ( -1.000000000000000000, 0.000000000000000000, 7.382095854901601972E-16 ) ) ;
#11 = CARTESIAN_POINT ( 'NONE',  ( 3.302500000000042402, 3.109999999999999876, -4.047499999999964793 ) ) ;
#12 = DIRECTION ( 'NONE',  ( -1.047444401652940007E-14, 0.000000000000000000, 1.000000000000000000 ) ) ;
#13 = DIRECTION ( 'NONE',  ( -1.047444401652940007E-14, 0.000000000000000000, 1.000000000000000000 ) ) ;
#14 = DIRECTION ( 'NONE',  ( -1.000000000000000000, 0.000000000000000000, -1.047444401652940007E-14 ) ) ;
#15 = ORIENTED_EDGE ( 'NONE', *, *, #4131, .T. ) ;
#16 = EDGE_LOOP ( 'NONE', ( #1342, #501, #505, #3456 ) ) ;
#17 = CARTESIAN_POINT ( 'NONE',  ( 4.879255340376099426, -6.613633252161579414E-15, 1.032500000000051266 ) ) ;
#18 = PLANE ( 'NONE',  #3194 ) ;
#19 = LINE ( 'NONE', #5026, #4773 ) ;
#20 = CARTESIAN_POINT ( 'NONE',  ( -3.282752125361895867, 3.259999999999999787, 0.5399999999999656186 ) ) ;
#21 = EDGE_LOOP ( 'NONE', ( #2793, #1365, #1390, #4298 ) ) ;
#22 = DIRECTION ( 'NONE',  ( 1.047444401652940007E-14, 0.000000000000000000, -1.000000000000000000 ) ) ;
#23 = VERTEX_POINT ( 'NONE', #1536 ) ;
#24 = ADVANCED_FACE ( 'NONE', ( #3084 ), #3517, .F. ) ;
#25 = LINE ( 'NONE', #2392, #4770 ) ;
#26 = CARTESIAN_POINT ( 'NONE',  ( 4.522306814035951916, 0.5228044079883460427, -3.079999999999952554 ) ) ;
#27 = CARTESIAN_POINT ( 'NONE',  ( -3.302499999999994440, 3.109999999999999876, -0.5400000000000345635 ) ) ;
#29 = VECTOR ( 'NONE', #4077, 1000.000000000000114 ) ;
#28 = DIRECTION ( 'NONE',  ( -0.3420201433256621626, -2.510750013792655111E-15, -0.9396926207859106484 ) ) ;
#30 = CARTESIAN_POINT ( 'NONE',  ( 3.679305260539865507, 2.737195592011649747, -0.5399999999999615108 ) ) ;
#31 = VECTOR ( 'NONE', #2371, 1000.000000000000000 ) ;
#32 = AXIS2_PLACEMENT_3D ( 'NONE', #569, #4398, #1383 ) ;
#33 = CARTESIAN_POINT ( 'NONE',  ( -4.522306814035913725, 0.5228044079883460427, -0.5400000000000473310 ) ) ;
#34 = CARTESIAN_POINT ( 'NONE',  ( -4.201612074575726830, 2.759999999999999787, -4.540000000000043556 ) ) ;
#35 = FACE_OUTER_BOUND ( 'NONE', #3655, .T. ) ;
#36 = ADVANCED_FACE ( 'NONE', ( #4220 ), #1940, .F. ) ;
#37 = CARTESIAN_POINT ( 'NONE',  ( -3.901897608101199122, 2.746914183790395203, -2.000000000000040856 ) ) ;
#38 = EDGE_CURVE ( 'NONE', #4608, #2296, #1611, .T. ) ;
#39 = CARTESIAN_POINT ( 'NONE',  ( -4.299714466474566343, 0.5130858162095990327, 0.5399999999999549605 ) ) ;
#40 = ORIENTED_EDGE ( 'NONE', *, *, #3032, .F. ) ;
#41 = ORIENTED_EDGE ( 'NONE', *, *, #5005, .T. ) ;
#42 = CLOSED_SHELL ( 'NONE', ( #2043, #2569, #2210, #3690, #1599, #1743, #1379, #2675, #2042, #4566, #1210, #4811, #4304, #3614, #953, #3240, #1838 ) ) ;
#43 = DIRECTION ( 'NONE',  ( -7.340941938036420458E-15, 1.000000000000000000, -7.689228535855532732E-29 ) ) ;
#44 = CARTESIAN_POINT ( 'NONE',  ( -3.302500000000050839, 3.109999999999999876, 4.827499999999965929 ) ) ;
#45 = CARTESIAN_POINT ( 'NONE',  ( 4.522306814035950140, -4.662069341687669855E-15, -1.999999999999952704 ) ) ;
#46 = ORIENTED_EDGE ( 'NONE', *, *, #526, .T. ) ;
#47 = ORIENTED_EDGE ( 'NONE', *, *, #220, .F. ) ;
#48 = ORIENTED_EDGE ( 'NONE', *, *, #1048, .T. ) ;
#49 = CARTESIAN_POINT ( 'NONE',  ( -3.282752125361926954, 2.959999999999999964, 3.079999999999965432 ) ) ;
#50 = CARTESIAN_POINT ( 'NONE',  ( -4.522306814035961686, -4.662069341687669855E-15, 3.079999999999952554 ) ) ;
#51 = DIRECTION ( 'NONE',  ( -7.340941938036420458E-15, 1.000000000000000000, -7.689228535855532732E-29 ) ) ;
#52 = PLANE ( 'NONE',  #2422 ) ;
#53 = UNCERTAINTY_MEASURE_WITH_UNIT (LENGTH_MEASURE( 1.000000000000000082E-05 ), #3286, 'distance_accuracy_value', 'NONE');
#54 = LINE ( 'NONE', #6, #360 ) ;
#55 = VERTEX_POINT ( 'NONE', #770 ) ;
#56 = LINE ( 'NONE', #1613, #2915 ) ;
#57 = CARTESIAN_POINT ( 'NONE',  ( -3.901897608101262627, 2.746914183790395203, 4.047499999999959464 ) ) ;
#58 = LINE ( 'NONE', #4761, #1544 ) ;
#59 = CARTESIAN_POINT ( 'NONE',  ( -3.282752125361852347, 2.959999999999999964, -4.047500000000034959 ) ) ;
#60 = ORIENTED_EDGE ( 'NONE', *, *, #2649, .F. ) ;
#61 = ADVANCED_FACE ( 'NONE', ( #3161 ), #4711, .F. ) ;
#62 = AXIS2_PLACEMENT_3D ( 'NONE', #2037, #100, #3663 ) ;
#63 = EDGE_LOOP ( 'NONE', ( #4232, #1508, #3253, #1840, #623, #4117, #4894, #4009, #680, #540, #3574, #2452, #3346 ) ) ;
#64 = CARTESIAN_POINT ( 'NONE',  ( 3.282752125361858120, 3.259999999999999787, 3.080000000000034266 ) ) ;
#65 = LINE ( 'NONE', #3042, #591 ) ;
#66 = CARTESIAN_POINT ( 'NONE',  ( -3.282752125361895867, 3.259999999999999787, 0.5399999999999656186 ) ) ;
#67 = VECTOR ( 'NONE', #4288, 1000.000000000000000 ) ;
#68 = COLOUR_RGB ( '',0.2509803921568627416, 0.2509803921568627416, 0.2509803921568627416 ) ;
#69 = ORIENTED_EDGE ( 'NONE', *, *, #4881, .F. ) ;
#70 = VECTOR ( 'NONE', #337, 1000.000000000000000 ) ;
#71 = ORIENTED_EDGE ( 'NONE', *, *, #1755, .F. ) ;
#72 = CARTESIAN_POINT ( 'NONE',  ( -3.282752125361915407, 2.959999999999999964, 1.999999999999965805 ) ) ;
#73 = ADVANCED_FACE ( 'NONE', ( #3439 ), #3495, .F. ) ;
#74 = AXIS2_PLACEMENT_3D ( 'NONE', #2044, #864, #2855 ) ;
#75 = AXIS2_PLACEMENT_3D ( 'NONE', #3893, #302, #1554 ) ;
#76 = FACE_OUTER_BOUND ( 'NONE', #3844, .T. ) ;
#77 = DIRECTION ( 'NONE',  ( 0.9396926207859068736, 6.898228968790597607E-15, -0.3420201433256728207 ) ) ;
#78 = VECTOR ( 'NONE', #2112, 1000.000000000000000 ) ;
#79 = DIRECTION ( 'NONE',  ( -1.047444401652940007E-14, 0.000000000000000000, 1.000000000000000000 ) ) ;
#80 = CYLINDRICAL_SURFACE ( 'NONE', #2635, 0.5228044079883513717 ) ;
#81 = CARTESIAN_POINT ( 'NONE',  ( -4.879255340376105643, -7.827939685345339489E-14, 1.507499999999993845 ) ) ;
#82 = CARTESIAN_POINT ( 'NONE',  ( -3.282752125361922069, 3.259999999999999787, 3.079999999999965432 ) ) ;
#83 = EDGE_CURVE ( 'NONE', #992, #902, #2401, .T. ) ;
#84 = LINE ( 'NONE', #4375, #2994 ) ;
#85 = CARTESIAN_POINT ( 'NONE',  ( -3.679305260539854405, 2.737195592011649747, -0.5400000000000384492 ) ) ;
#86 = ORIENTED_EDGE ( 'NONE', *, *, #730, .T. ) ;
#87 = EDGE_CURVE ( 'NONE', #1181, #4794, #4450, .T. ) ;
#88 = ORIENTED_EDGE ( 'NONE', *, *, #3853, .T. ) ;
#89 = LINE ( 'NONE', #4741, #1619 ) ;
#90 = DIRECTION ( 'NONE',  ( -1.047444401652940007E-14, 0.000000000000000000, 1.000000000000000000 ) ) ;
#91 = LINE ( 'NONE', #1673, #1699 ) ;
#92 = ADVANCED_FACE ( 'NONE', ( #2447 ), #80, .T. ) ;
#93 = ORIENTED_EDGE ( 'NONE', *, *, #1019, .T. ) ;
#94 = ORIENTED_EDGE ( 'NONE', *, *, #4859, .F. ) ;
#95 = ORIENTED_EDGE ( 'NONE', *, *, #2533, .F. ) ;
#96 = LINE ( 'NONE', #3988, #3802 ) ;
#97 = ORIENTED_EDGE ( 'NONE', *, *, #4686, .F. ) ;
#98 = ORIENTED_EDGE ( 'NONE', *, *, #4507, .T. ) ;
#99 = FACE_OUTER_BOUND ( 'NONE', #3868, .T. ) ;
#100 = DIRECTION ( 'NONE',  ( -1.047444401652940007E-14, 0.000000000000000000, 1.000000000000000000 ) ) ;
#101 = CYLINDRICAL_SURFACE ( 'NONE', #3530, 0.5228044079883505946 ) ;
#102 = DIRECTION ( 'NONE',  ( 1.000000000000000000, -8.673617379884041783E-15, 1.047444401652940007E-14 ) ) ;
#103 = CARTESIAN_POINT ( 'NONE',  ( -4.879255340376114525, -7.827939685345339489E-14, -1.507500000000000950 ) ) ;
#104 = CARTESIAN_POINT ( 'NONE',  ( -4.522306814035898626, 0.2999999999999954925, -2.000000000000047518 ) ) ;
#105 = DIRECTION ( 'NONE',  ( -1.047444401652940007E-14, 0.000000000000000000, 1.000000000000000000 ) ) ;
#106 = DIRECTION ( 'NONE',  ( -1.047444401652940007E-14, 0.000000000000000000, 1.000000000000000000 ) ) ;
#107 = VERTEX_POINT ( 'NONE', #4803 ) ;
#108 = VECTOR ( 'NONE', #4234, 1000.000000000000000 ) ;
#109 = AXIS2_PLACEMENT_3D ( 'NONE', #4641, #817, #3467 ) ;
#110 = ORIENTED_EDGE ( 'NONE', *, *, #562, .T. ) ;
#111 = AXIS2_PLACEMENT_3D ( 'NONE', #429, #2418, #1270 ) ;
#112 = CARTESIAN_POINT ( 'NONE',  ( -4.522306814035887967, 0.2999999999999954925, -3.080000000000047145 ) ) ;
#113 = DIRECTION ( 'NONE',  ( -1.000000000000000000, -7.208134458441160196E-15, 7.382095854901601972E-16 ) ) ;
#114 = VECTOR ( 'NONE', #4073, 1000.000000000000000 ) ;
#115 = CARTESIAN_POINT ( 'NONE',  ( 3.901897608101214221, 2.746914183790395203, 0.5400000000000408917 ) ) ;
#116 = MECHANICAL_DESIGN_GEOMETRIC_PRESENTATION_REPRESENTATION (  '', ( #1828 ), #1255 ) ;
#117 = ORIENTED_EDGE ( 'NONE', *, *, #4326, .F. ) ;
#118 = ORIENTED_EDGE ( 'NONE', *, *, #4252, .F. ) ;
#119 = ORIENTED_EDGE ( 'NONE', *, *, #668, .F. ) ;
#120 = FACE_OUTER_BOUND ( 'NONE', #21, .T. ) ;
#121 = EDGE_CURVE ( 'NONE', #2975, #4968, #997, .T. ) ;
#122 = EDGE_CURVE ( 'NONE', #4334, #4608, #1732, .T. ) ;
#123 = ORIENTED_EDGE ( 'NONE', *, *, #3030, .F. ) ;
#124 = VERTEX_POINT ( 'NONE', #2807 ) ;
#125 = DIRECTION ( 'NONE',  ( -0.3420201433256717660, 2.481211778336199676E-15, 0.9396926207859073177 ) ) ;
#126 = DIRECTION ( 'NONE',  ( -1.047444401652940007E-14, 0.000000000000000000, 1.000000000000000000 ) ) ;
#127 = CARTESIAN_POINT ( 'NONE',  ( 4.201612074575742817, 2.759999999999999787, 3.080000000000043592 ) ) ;
#128 = VECTOR ( 'NONE', #1671, 1000.000000000000000 ) ;
#129 = LINE ( 'NONE', #4422, #1487 ) ;
#130 = DIRECTION ( 'NONE',  ( -1.047444401652940007E-14, 0.000000000000000000, 1.000000000000000000 ) ) ;
#131 = DIRECTION ( 'NONE',  ( -7.254577915235990126E-15, -1.000000000000000000, -7.598767023668995035E-29 ) ) ;
#132 = DIRECTION ( 'NONE',  ( 0.000000000000000000, 1.000000000000000000, 0.000000000000000000 ) ) ;
#133 = CARTESIAN_POINT ( 'NONE',  ( -3.302500000000042402, 3.109999999999999876, 4.047499999999964793 ) ) ;
#134 = ORIENTED_EDGE ( 'NONE', *, *, #2509, .T. ) ;
#135 = VERTEX_POINT ( 'NONE', #3567 ) ;
#136 = LINE ( 'NONE', #3219, #3218 ) ;
#137 = CARTESIAN_POINT ( 'NONE',  ( 5.149999999999968381, 0.2999999999999999889, 3.080000000000053806 ) ) ;
#138 = LINE ( 'NONE', #3554, #3969 ) ;
#139 = VERTEX_POINT ( 'NONE', #4343 ) ;
#140 = ORIENTED_EDGE ( 'NONE', *, *, #1882, .T. ) ;
#141 = AXIS2_PLACEMENT_3D ( 'NONE', #879, #3200, #4772 ) ;
#142 = ORIENTED_EDGE ( 'NONE', *, *, #2629, .T. ) ;
#143 = SURFACE_STYLE_FILL_AREA ( #1343 ) ;
#144 = EDGE_CURVE ( 'NONE', #4618, #733, #4995, .T. ) ;
#145 = VECTOR ( 'NONE', #1520, 1000.000000000000000 ) ;
#146 = AXIS2_PLACEMENT_3D ( 'NONE', #4732, #4299, #130 ) ;
#147 = VERTEX_POINT ( 'NONE', #963 ) ;
#148 = ORIENTED_EDGE ( 'NONE', *, *, #435, .T. ) ;
#149 = CARTESIAN_POINT ( 'NONE',  ( -3.282752125361932727, 3.259999999999999787, 4.047499999999964793 ) ) ;
#150 = CARTESIAN_POINT ( 'NONE',  ( 3.282752125361858120, 2.959999999999999964, 3.080000000000034266 ) ) ;
#151 = AXIS2_PLACEMENT_3D ( 'NONE', #923, #544, #3957 ) ;
#152 = VECTOR ( 'NONE', #888, 1000.000000000000341 ) ;
#153 = EDGE_CURVE ( 'NONE', #3168, #2834, #4372, .T. ) ;
#154 = PLANE ( 'NONE',  #2961 ) ;
#155 = EDGE_CURVE ( 'NONE', #293, #470, #2878, .T. ) ;
#156 = DIRECTION ( 'NONE',  ( -0.04361938736532974814, 0.9990482215818580203, -4.568888309934562493E-16 ) ) ;
#157 = DIRECTION ( 'NONE',  ( -1.000000000000000000, 0.000000000000000000, -1.021180609435274484E-14 ) ) ;
#158 = DIRECTION ( 'NONE',  ( 1.000000000000000000, 0.000000000000000000, 9.732322464124589117E-15 ) ) ;
#159 = CARTESIAN_POINT ( 'NONE',  ( 4.522306814035913725, 0.2999999999999949929, 0.5400000000000473310 ) ) ;
#160 = FACE_OUTER_BOUND ( 'NONE', #1721, .T. ) ;
#161 = ORIENTED_EDGE ( 'NONE', *, *, #1658, .F. ) ;
#162 = ADVANCED_FACE ( 'NONE', ( #487 ), #2067, .F. ) ;
#163 = ORIENTED_EDGE ( 'NONE', *, *, #4912, .T. ) ;
#164 = CARTESIAN_POINT ( 'NONE',  ( -3.999999999999968026, 0.5000000000000000000, -3.080000000000041815 ) ) ;
#165 = CARTESIAN_POINT ( 'NONE',  ( -1.902499999999963887, 5.080000000000000071, -3.427500000000019753 ) ) ;
#166 = LINE ( 'NONE', #4431, #4203 ) ;
#167 = ORIENTED_EDGE ( 'NONE', *, *, #978, .T. ) ;
#168 = ORIENTED_EDGE ( 'NONE', *, *, #2582, .T. ) ;
#169 = VERTEX_POINT ( 'NONE', #510 ) ;
#170 = CARTESIAN_POINT ( 'NONE',  ( 5.149999999999994138, 0.2999999999999999889, 0.5400000000000539924 ) ) ;
#171 = ADVANCED_BREP_SHAPE_REPRESENTATION ( 'HCPL2630SD', ( #962, #4354, #1012, #986, #4458, #4400, #4433, #2767, #944, #4339, #1454 ), #4948 ) ;
#172 = EDGE_CURVE ( 'NONE', #2324, #3040, #129, .T. ) ;
#173 = EDGE_LOOP ( 'NONE', ( #4471, #94, #3523, #1565 ) ) ;
#174 = ORIENTED_EDGE ( 'NONE', *, *, #3113, .T. ) ;
#175 = EDGE_CURVE ( 'NONE', #1955, #4416, #4737, .T. ) ;
#176 = DIRECTION ( 'NONE',  ( 0.3420201433256720436, -2.481211778336344037E-15, 0.9396926207859072067 ) ) ;
#177 = CARTESIAN_POINT ( 'NONE',  ( 3.282752125361895867, 3.259999999999999787, -0.5399999999999656186 ) ) ;
#178 = DIRECTION ( 'NONE',  ( -1.012444267759178949E-14, -0.1305261922200520452, 0.9914448613738103822 ) ) ;
#179 = CARTESIAN_POINT ( 'NONE',  ( 5.150000000000010125, -4.662069341687669855E-15, -1.032499999999946017 ) ) ;
#180 = DIRECTION ( 'NONE',  ( -0.3420201433256621626, -2.510750013792655111E-15, -0.9396926207859106484 ) ) ;
#181 = CARTESIAN_POINT ( 'NONE',  ( -2.402499999999964331, 5.080000000000000071, -3.427500000000025082 ) ) ;
#182 = DIRECTION ( 'NONE',  ( 1.000000000000000000, 0.000000000000000000, 1.070555471053706728E-14 ) ) ;
#183 = CYLINDRICAL_SURFACE ( 'NONE', #4409, 0.2228044079883506334 ) ;
#184 = ORIENTED_EDGE ( 'NONE', *, *, #2333, .T. ) ;
#185 = ORIENTED_EDGE ( 'NONE', *, *, #216, .F. ) ;
#186 = EDGE_CURVE ( 'NONE', #2381, #3096, #2039, .T. ) ;
#187 = DIRECTION ( 'NONE',  ( -1.047444401652940007E-14, 0.000000000000000000, 1.000000000000000000 ) ) ;
#188 = DIRECTION ( 'NONE',  ( 0.9914448613738103822, 0.1305261922200520452, 1.038483369593572836E-14 ) ) ;
#189 = EDGE_CURVE ( 'NONE', #2110, #2666, #535, .T. ) ;
#190 = VECTOR ( 'NONE', #3022, 1000.000000000000000 ) ;
#191 = VECTOR ( 'NONE', #365, 1000.000000000000114 ) ;
#192 = DIRECTION ( 'NONE',  ( 7.340941938036410991E-15, 1.000000000000000000, 7.689228535855522643E-29 ) ) ;
#193 = ORIENTED_EDGE ( 'NONE', *, *, #380, .F. ) ;
#194 = AXIS2_PLACEMENT_3D ( 'NONE', #3948, #3545, #2475 ) ;
#195 = CIRCLE ( 'NONE', #4500, 0.2228044079883506334 ) ;
#196 = VERTEX_POINT ( 'NONE', #1663 ) ;
#197 = ORIENTED_EDGE ( 'NONE', *, *, #3183, .T. ) ;
#198 = CARTESIAN_POINT ( 'NONE',  ( 5.150000000000037659, -4.662069341687669855E-15, -3.572499999999946496 ) ) ;
#199 = LINE ( 'NONE', #4492, #3316 ) ;
#200 = COLOUR_RGB ( '',0.7921568627450980005, 0.8196078431372548767, 0.9333333333333333481 ) ;
#201 = ADVANCED_FACE ( 'NONE', ( #3665 ), #4758, .F. ) ;
#202 = ORIENTED_EDGE ( 'NONE', *, *, #3372, .T. ) ;
#203 = VERTEX_POINT ( 'NONE', #1302 ) ;
#204 = CARTESIAN_POINT ( 'NONE',  ( -3.282752125361937168, 2.959999999999999964, 4.047499999999964793 ) ) ;
#205 = DIRECTION ( 'NONE',  ( 1.047444401652940007E-14, 0.000000000000000000, -1.000000000000000000 ) ) ;
#206 = DIRECTION ( 'NONE',  ( 0.000000000000000000, 1.000000000000000000, 0.000000000000000000 ) ) ;
#207 = FACE_OUTER_BOUND ( 'NONE', #698, .T. ) ;
#208 = LINE ( 'NONE', #2216, #1624 ) ;
#209 = LINE ( 'NONE', #3716, #4013 ) ;
#210 = CARTESIAN_POINT ( 'NONE',  ( 4.879255340376099426, -6.613633252161579414E-15, 1.032500000000051266 ) ) ;
#211 = VERTEX_POINT ( 'NONE', #2852 ) ;
#212 = ORIENTED_EDGE ( 'NONE', *, *, #317, .F. ) ;
#213 = CARTESIAN_POINT ( 'NONE',  ( 5.150000000000015454, 0.2999999999999999889, -1.507499999999945883 ) ) ;
#214 = DIRECTION ( 'NONE',  ( -1.000000000000000000, 0.000000000000000000, -1.057648136700345978E-14 ) ) ;
#215 = DIRECTION ( 'NONE',  ( -1.000000000000000000, 1.093626126041279919E-15, -1.047444401652940007E-14 ) ) ;
#216 = EDGE_CURVE ( 'NONE', #2176, #3698, #4394, .T. ) ;
#217 = ORIENTED_EDGE ( 'NONE', *, *, #3152, .F. ) ;
#218 = VERTEX_POINT ( 'NONE', #909 ) ;
#219 = PLANE ( 'NONE',  #2020 ) ;
#220 = EDGE_CURVE ( 'NONE', #4268, #3362, #2473, .T. ) ;
#221 = VERTEX_POINT ( 'NONE', #1710 ) ;
#222 = ORIENTED_EDGE ( 'NONE', *, *, #686, .T. ) ;
#223 = AXIS2_PLACEMENT_3D ( 'NONE', #3230, #77, #1683 ) ;
#224 = CARTESIAN_POINT ( 'NONE',  ( 4.700000000000032152, 0.2999999999999964917, -3.079999999999950333 ) ) ;
#225 = DIRECTION ( 'NONE',  ( -0.04361938736532974814, -0.9990482215818580203, -4.568888309934562493E-16 ) ) ;
#226 = EDGE_CURVE ( 'NONE', #1319, #3054, #2997, .T. ) ;
#227 = CARTESIAN_POINT ( 'NONE',  ( 3.679305260539827760, 2.737195592011649747, 3.080000000000038263 ) ) ;
#228 = VECTOR ( 'NONE', #734, 1000.000000000000000 ) ;
#229 = LINE ( 'NONE', #2215, #3599 ) ;
#230 = VECTOR ( 'NONE', #364, 1000.000000000000000 ) ;
#231 = CARTESIAN_POINT ( 'NONE',  ( 4.700000000000006395, 0.2999999999999964917, -0.5399999999999507416 ) ) ;
#232 = FACE_OUTER_BOUND ( 'NONE', #4990, .T. ) ;
#233 = CARTESIAN_POINT ( 'NONE',  ( -3.679305260539892153, 2.737195592011649747, 3.079999999999961435 ) ) ;
#234 = ORIENTED_EDGE ( 'NONE', *, *, #372, .T. ) ;
#235 = CIRCLE ( 'NONE', #4537, 0.5228044079883513717 ) ;
#236 = VERTEX_POINT ( 'NONE', #2614 ) ;
#237 = ADVANCED_FACE ( 'NONE', ( #4858 ), #1402, .F. ) ;
#238 = ADVANCED_FACE ( 'NONE', ( #301 ), #4503, .T. ) ;
#239 = CARTESIAN_POINT ( 'NONE',  ( 4.522306814035887967, 0.2999999999999954925, 3.080000000000047145 ) ) ;
#240 = CARTESIAN_POINT ( 'NONE',  ( -3.043144579752782519, 1.139999999999999902, -4.568144579752861922 ) ) ;
#241 = CARTESIAN_POINT ( 'NONE',  ( 4.522306814035923495, -4.662069341687669855E-15, 0.5400000000000473310 ) ) ;
#242 = CARTESIAN_POINT ( 'NONE',  ( 4.201612074575742817, 2.759999999999999787, 3.080000000000043592 ) ) ;
#243 = VECTOR ( 'NONE', #2872, 1000.000000000000000 ) ;
#244 = ORIENTED_EDGE ( 'NONE', *, *, #4504, .F. ) ;
#245 = ORIENTED_EDGE ( 'NONE', *, *, #2548, .T. ) ;
#246 = EDGE_CURVE ( 'NONE', #971, #2841, #4163, .T. ) ;
#247 = VERTEX_POINT ( 'NONE', #612 ) ;
#248 = CARTESIAN_POINT ( 'NONE',  ( -3.282752125361910966, 3.259999999999999787, 1.999999999999965805 ) ) ;
#249 = EDGE_LOOP ( 'NONE', ( #2131, #1292, #3384, #1979 ) ) ;
#250 = VERTEX_POINT ( 'NONE', #585 ) ;
#251 = ADVANCED_FACE ( 'NONE', ( #3692 ), #4930, .T. ) ;
#252 = DIRECTION ( 'NONE',  ( -7.340941938036420458E-15, 1.000000000000000000, -7.689228535855532732E-29 ) ) ;
#253 = LINE ( 'NONE', #684, #347 ) ;
#254 = DIRECTION ( 'NONE',  ( 1.000000000000000000, 0.000000000000000000, 1.021180609435274484E-14 ) ) ;
#255 = DIRECTION ( 'NONE',  ( 0.1305261922200462166, -0.9914448613738110483, 1.367189293099629508E-15 ) ) ;
#256 = DIRECTION ( 'NONE',  ( -0.9914448613738111593, -0.1305261922200462166, -1.038483369593573625E-14 ) ) ;
#257 = LINE ( 'NONE', #2549, #2319 ) ;
#258 = ORIENTED_EDGE ( 'NONE', *, *, #2123, .F. ) ;
#259 = ORIENTED_EDGE ( 'NONE', *, *, #2933, .T. ) ;
#260 = CARTESIAN_POINT ( 'NONE',  ( -3.282752125361895867, 3.259999999999999787, 0.5399999999999656186 ) ) ;
#261 = DIRECTION ( 'NONE',  ( -1.000000000000000000, 7.340941938036410991E-15, -1.047444401652940007E-14 ) ) ;
#262 = CARTESIAN_POINT ( 'NONE',  ( -3.282752125361900308, 2.959999999999999964, 0.5399999999999656186 ) ) ;
#263 = LINE ( 'NONE', #3389, #2057 ) ;
#264 = AXIS2_PLACEMENT_3D ( 'NONE', #1424, #1784, #3330 ) ;
#265 = ORIENTED_EDGE ( 'NONE', *, *, #2056, .T. ) ;
#266 = ORIENTED_EDGE ( 'NONE', *, *, #4961, .T. ) ;
#267 = VECTOR ( 'NONE', #1918, 1000.000000000000000 ) ;
#268 = VECTOR ( 'NONE', #834, 1000.000000000000000 ) ;
#269 = ORIENTED_EDGE ( 'NONE', *, *, #2159, .T. ) ;
#270 = EDGE_LOOP ( 'NONE', ( #4921, #404, #1120, #167 ) ) ;
#272 = AXIS2_PLACEMENT_3D ( 'NONE', #3357, #1810, #568 ) ;
#271 = CARTESIAN_POINT ( 'NONE',  ( 3.282752125361895867, 3.259999999999999787, -0.5399999999999656186 ) ) ;
#273 = VECTOR ( 'NONE', #3874, 1000.000000000000000 ) ;
#274 = FACE_OUTER_BOUND ( 'NONE', #3224, .T. ) ;
#275 = PLANE ( 'NONE',  #2866 ) ;
#276 = EDGE_CURVE ( 'NONE', #1886, #4104, #1966, .T. ) ;
#277 = EDGE_CURVE ( 'NONE', #4441, #282, #2194, .T. ) ;
#278 = DIRECTION ( 'NONE',  ( 0.9914448613738103822, 0.1305261922200520452, 1.038483369593572836E-14 ) ) ;
#279 = LINE ( 'NONE', #4423, #1194 ) ;
#280 = DIRECTION ( 'NONE',  ( -1.000000000000000000, 0.000000000000000000, -9.732322464124589117E-15 ) ) ;
#281 =( NAMED_UNIT ( * ) SI_UNIT ( $, .STERADIAN. ) SOLID_ANGLE_UNIT ( ) );
#282 = VERTEX_POINT ( 'NONE', #2242 ) ;
#283 = VERTEX_POINT ( 'NONE', #1473 ) ;
#284 = LINE ( 'NONE', #619, #2990 ) ;
#285 = DIRECTION ( 'NONE',  ( 0.000000000000000000, 1.000000000000000000, 0.000000000000000000 ) ) ;
#286 = CARTESIAN_POINT ( 'NONE',  ( -3.282752125361858120, 3.259999999999999787, -3.080000000000034266 ) ) ;
#287 = ADVANCED_FACE ( 'NONE', ( #3409 ), #3788, .F. ) ;
#288 = CARTESIAN_POINT ( 'NONE',  ( -4.522306814035908396, -4.662069341687669855E-15, -2.000000000000047518 ) ) ;
#289 = ORIENTED_EDGE ( 'NONE', *, *, #3479, .T. ) ;
#290 = ORIENTED_EDGE ( 'NONE', *, *, #322, .F. ) ;
#291 = EDGE_LOOP ( 'NONE', ( #3031, #2334, #3017, #653, #1566, #4532, #334, #4949, #1845, #3269, #1004, #2206, #4971 ) ) ;
#292 = FILL_AREA_STYLE_COLOUR ( '', #4119 ) ;
#293 = VERTEX_POINT ( 'NONE', #1449 ) ;
#294 = FACE_OUTER_BOUND ( 'NONE', #791, .T. ) ;
#295 = EDGE_CURVE ( 'NONE', #805, #1405, #1731, .T. ) ;
#296 = EDGE_LOOP ( 'NONE', ( #3465, #222, #1765, #4028 ) ) ;
#297 = DIRECTION ( 'NONE',  ( 0.3420201433256621626, 2.585829393209835348E-15, 0.9396926207859106484 ) ) ;
#298 = DIRECTION ( 'NONE',  ( -1.047444401652940007E-14, 0.000000000000000000, 1.000000000000000000 ) ) ;
#299 = EDGE_CURVE ( 'NONE', #2986, #2510, #4579, .T. ) ;
#300 = AXIS2_PLACEMENT_3D ( 'NONE', #1014, #2879, #4479 ) ;
#301 = FACE_OUTER_BOUND ( 'NONE', #900, .T. ) ;
#302 = DIRECTION ( 'NONE',  ( 1.047444401652940007E-14, 0.000000000000000000, -1.000000000000000000 ) ) ;
#303 = FACE_OUTER_BOUND ( 'NONE', #4032, .T. ) ;
#304 = EDGE_CURVE ( 'NONE', #2460, #1028, #3841, .T. ) ;
#305 = VECTOR ( 'NONE', #2238, 1000.000000000000000 ) ;
#306 = ADVANCED_FACE ( 'NONE', ( #207 ), #4069, .F. ) ;
#307 = SURFACE_STYLE_USAGE ( .BOTH. , #3334 ) ;
#308 = AXIS2_PLACEMENT_3D ( 'NONE', #1466, #4150, #1052 ) ;
#309 = VERTEX_POINT ( 'NONE', #1033 ) ;
#310 = VECTOR ( 'NONE', #4640, 1000.000000000000000 ) ;
#311 = ADVANCED_FACE ( 'NONE', ( #1761 ), #2545, .F. ) ;
#312 = EDGE_LOOP ( 'NONE', ( #3531, #1385, #2703, #118 ) ) ;
#313 = FACE_OUTER_BOUND ( 'NONE', #2690, .T. ) ;
#314 = CARTESIAN_POINT ( 'NONE',  ( 3.679305260539817546, 2.737195592011649747, 4.047500000000037623 ) ) ;
#315 = FACE_OUTER_BOUND ( 'NONE', #4189, .T. ) ;
#316 = LINE ( 'NONE', #2252, #4236 ) ;
#317 = EDGE_CURVE ( 'NONE', #2650, #1372, #4094, .T. ) ;
#318 = VECTOR ( 'NONE', #3520, 1000.000000000000000 ) ;
#319 = CIRCLE ( 'NONE', #3160, 0.5228044079883509276 ) ;
#320 = VERTEX_POINT ( 'NONE', #3331 ) ;
#321 = DIRECTION ( 'NONE',  ( 1.000000000000000000, 0.000000000000000000, 1.057648136700345978E-14 ) ) ;
#322 = EDGE_CURVE ( 'NONE', #4886, #2437, #229, .T. ) ;
#323 = ORIENTED_EDGE ( 'NONE', *, *, #3555, .F. ) ;
#324 = CARTESIAN_POINT ( 'NONE',  ( 3.679305260539817546, 2.737195592011649747, 4.047500000000037623 ) ) ;
#325 = EDGE_LOOP ( 'NONE', ( #3216, #3731, #4723, #846 ) ) ;
#326 = DIRECTION ( 'NONE',  ( 1.047444401652940007E-14, 0.000000000000000000, -1.000000000000000000 ) ) ;
#327 = FILL_AREA_STYLE_COLOUR ( '', #3736 ) ;
#328 = EDGE_CURVE ( 'NONE', #3336, #576, #4264, .T. ) ;
#329 = EDGE_CURVE ( 'NONE', #1757, #1344, #2291, .T. ) ;
#330 = LINE ( 'NONE', #4655, #1250 ) ;
#331 = DIRECTION ( 'NONE',  ( -1.047444401652940007E-14, 0.000000000000000000, 1.000000000000000000 ) ) ;
#332 = DIRECTION ( 'NONE',  ( -7.340941938036420458E-15, 1.000000000000000000, -7.689228535855532732E-29 ) ) ;
#333 = FILL_AREA_STYLE_COLOUR ( '', #922 ) ;
#334 = ORIENTED_EDGE ( 'NONE', *, *, #3853, .F. ) ;
#335 = ORIENTED_EDGE ( 'NONE', *, *, #3911, .T. ) ;
#336 = EDGE_LOOP ( 'NONE', ( #2945, #4427, #4610, #926 ) ) ;
#337 = DIRECTION ( 'NONE',  ( -1.047444401652940007E-14, 0.000000000000000000, 1.000000000000000000 ) ) ;
#338 = FACE_OUTER_BOUND ( 'NONE', #3812, .T. ) ;
#339 = CARTESIAN_POINT ( 'NONE',  ( 3.679305260539865507, 2.959999999999999964, -0.5399999999999615108 ) ) ;
#340 = FACE_OUTER_BOUND ( 'NONE', #1316, .T. ) ;
#341 = VERTEX_POINT ( 'NONE', #3891 ) ;
#342 = EDGE_CURVE ( 'NONE', #3040, #3558, #1503, .T. ) ;
#343 = VERTEX_POINT ( 'NONE', #27 ) ;
#344 = EDGE_CURVE ( 'NONE', #4517, #4058, #1910, .T. ) ;
#345 = FACE_OUTER_BOUND ( 'NONE', #3126, .T. ) ;
#346 = CARTESIAN_POINT ( 'NONE',  ( 3.282752125361910966, 3.259999999999999787, -1.999999999999965805 ) ) ;
#347 = VECTOR ( 'NONE', #2214, 1000.000000000000000 ) ;
#348 = VERTEX_POINT ( 'NONE', #3430 ) ;
#349 = DIRECTION ( 'NONE',  ( 1.000000000000000000, 0.000000000000000000, 9.732322464124589117E-15 ) ) ;
#350 = ORIENTED_EDGE ( 'NONE', *, *, #4632, .T. ) ;
#351 = DIRECTION ( 'NONE',  ( 0.000000000000000000, 1.000000000000000000, 0.000000000000000000 ) ) ;
#352 = AXIS2_PLACEMENT_3D ( 'NONE', #4112, #1858, #1808 ) ;
#353 = AXIS2_PLACEMENT_3D ( 'NONE', #3497, #12, #4587 ) ;
#354 = ADVANCED_FACE ( 'NONE', ( #1140 ), #2694, .F. ) ;
#355 = VECTOR ( 'NONE', #1229, 1000.000000000000227 ) ;
#356 = DIRECTION ( 'NONE',  ( -0.1305261922200546265, -0.9914448613738100491, -1.197909502138918312E-15 ) ) ;
#357 = FACE_OUTER_BOUND ( 'NONE', #1945, .T. ) ;
#358 = DIRECTION ( 'NONE',  ( 0.000000000000000000, 1.000000000000000000, 0.000000000000000000 ) ) ;
#359 = CARTESIAN_POINT ( 'NONE',  ( -3.282752125361874107, 2.959999999999999964, -2.000000000000034195 ) ) ;
#360 = VECTOR ( 'NONE', #1557, 1000.000000000000000 ) ;
#361 = VERTEX_POINT ( 'NONE', #4629 ) ;
#362 = ORIENTED_EDGE ( 'NONE', *, *, #2399, .T. ) ;
#363 = ORIENTED_EDGE ( 'NONE', *, *, #3452, .T. ) ;
#364 = DIRECTION ( 'NONE',  ( -1.047444401652940007E-14, 0.000000000000000000, 1.000000000000000000 ) ) ;
#365 = DIRECTION ( 'NONE',  ( 0.3420201433256728207, -2.481211778336345615E-15, 0.9396926207859068736 ) ) ;
#366 = CARTESIAN_POINT ( 'NONE',  ( 4.522306814035940370, 0.2999999999999954925, -1.999999999999952704 ) ) ;
#367 = CARTESIAN_POINT ( 'NONE',  ( -4.679213845861898591, 0.2999999999999964917, -2.057109489131768942 ) ) ;
#368 = ORIENTED_EDGE ( 'NONE', *, *, #847, .T. ) ;
#369 = EDGE_LOOP ( 'NONE', ( #493, #790, #4169, #3902, #1354, #1329, #1160, #1477, #3594, #1429, #3901, #4896, #4788 ) ) ;
#370 = DIRECTION ( 'NONE',  ( -1.047444401652940007E-14, 0.000000000000000000, 1.000000000000000000 ) ) ;
#371 = DIRECTION ( 'NONE',  ( -1.047444401652940007E-14, 0.000000000000000000, 1.000000000000000000 ) ) ;
#372 = EDGE_CURVE ( 'NONE', #2460, #4968, #409, .T. ) ;
#373 = DIRECTION ( 'NONE',  ( 1.000000000000000000, 0.000000000000000000, 9.732322464124589117E-15 ) ) ;
#374 = EDGE_CURVE ( 'NONE', #3143, #236, #3914, .T. ) ;
#375 = ORIENTED_EDGE ( 'NONE', *, *, #3294, .T. ) ;
#376 = CARTESIAN_POINT ( 'NONE',  ( 3.999999999999979128, 0.5000000000000000000, 2.000000000000042188 ) ) ;
#377 = ORIENTED_EDGE ( 'NONE', *, *, #2108, .F. ) ;
#378 = FACE_OUTER_BOUND ( 'NONE', #2897, .T. ) ;
#379 = ADVANCED_FACE ( 'NONE', ( #381 ), #1879, .F. ) ;
#380 = EDGE_CURVE ( 'NONE', #2079, #2035, #809, .T. ) ;
#381 = FACE_OUTER_BOUND ( 'NONE', #4486, .T. ) ;
#382 = DIRECTION ( 'NONE',  ( 0.04361938736533049754, 0.9990482215818580203, 4.568888309934641380E-16 ) ) ;
#383 = PLANE ( 'NONE',  #4499 ) ;
#384 = ORIENTED_EDGE ( 'NONE', *, *, #1491, .F. ) ;
#385 = ORIENTED_EDGE ( 'NONE', *, *, #4507, .F. ) ;
#386 = CARTESIAN_POINT ( 'NONE',  ( 3.282752125361858120, 2.959999999999999964, 3.080000000000034266 ) ) ;
#387 = VECTOR ( 'NONE', #2138, 1000.000000000000000 ) ;
#388 = DIRECTION ( 'NONE',  ( -0.04361938736532974814, 0.9990482215818580203, -4.568888309934562493E-16 ) ) ;
#389 = LINE ( 'NONE', #719, #1818 ) ;
#390 = PLANE ( 'NONE',  #3159 ) ;
#391 = LINE ( 'NONE', #4715, #4248 ) ;
#392 = ORIENTED_EDGE ( 'NONE', *, *, #3164, .T. ) ;
#393 = VERTEX_POINT ( 'NONE', #786 ) ;
#394 = EDGE_CURVE ( 'NONE', #4080, #2732, #430, .T. ) ;
#395 = LINE ( 'NONE', #4674, #3491 ) ;
#396 = DIRECTION ( 'NONE',  ( 0.04361938736533049754, 0.9990482215818580203, 4.568888309934641380E-16 ) ) ;
#397 = CIRCLE ( 'NONE', #1623, 0.2228044079883506334 ) ;
#398 = AXIS2_PLACEMENT_3D ( 'NONE', #260, #995, #4559 ) ;
#399 = CARTESIAN_POINT ( 'NONE',  ( -4.522306814035877309, 0.2999999999999954925, -4.047500000000047393 ) ) ;
#400 = DIRECTION ( 'NONE',  ( -1.000000000000000000, 0.000000000000000000, -1.047444401652940007E-14 ) ) ;
#401 = VECTOR ( 'NONE', #1997, 1000.000000000000000 ) ;
#402 = ORIENTED_EDGE ( 'NONE', *, *, #4349, .T. ) ;
#403 = FACE_OUTER_BOUND ( 'NONE', #3371, .T. ) ;
#404 = ORIENTED_EDGE ( 'NONE', *, *, #1774, .T. ) ;
#405 = LINE ( 'NONE', #1956, #2909 ) ;
#406 = ADVANCED_FACE ( 'NONE', ( #1933 ), #3487, .F. ) ;
#407 = DIRECTION ( 'NONE',  ( 1.047444401652940007E-14, 0.000000000000000000, -1.000000000000000000 ) ) ;
#408 = EDGE_CURVE ( 'NONE', #3062, #3249, #3125, .T. ) ;
#409 = LINE ( 'NONE', #1168, #108 ) ;
#410 = DIRECTION ( 'NONE',  ( -1.000000000000000000, 0.000000000000000000, -1.057648136700346767E-14 ) ) ;
#411 = DIRECTION ( 'NONE',  ( -1.047444401652940007E-14, 0.000000000000000000, 1.000000000000000000 ) ) ;
#412 = LINE ( 'NONE', #3945, #1908 ) ;
#413 = ORIENTED_EDGE ( 'NONE', *, *, #1199, .T. ) ;
#414 = VERTEX_POINT ( 'NONE', #4682 ) ;
#415 = LINE ( 'NONE', #3137, #3397 ) ;
#416 = LINE ( 'NONE', #3441, #759 ) ;
#417 = LINE ( 'NONE', #1969, #3484 ) ;
#418 = PLANE ( 'NONE',  #2314 ) ;
#419 = VERTEX_POINT ( 'NONE', #1960 ) ;
#420 = ORIENTED_EDGE ( 'NONE', *, *, #3553, .T. ) ;
#421 = CYLINDRICAL_SURFACE ( 'NONE', #3573, 0.2228044079883510498 ) ;
#422 = FACE_OUTER_BOUND ( 'NONE', #3252, .T. ) ;
#423 = FILL_AREA_STYLE_COLOUR ( '', #2914 ) ;
#424 = ORIENTED_EDGE ( 'NONE', *, *, #617, .T. ) ;
#425 = ORIENTED_EDGE ( 'NONE', *, *, #1211, .T. ) ;
#426 = EDGE_LOOP ( 'NONE', ( #2965, #4356, #4963, #350 ) ) ;
#427 = CARTESIAN_POINT ( 'NONE',  ( -4.522306814035950140, -4.662069341687669855E-15, 1.999999999999952704 ) ) ;
#428 = VECTOR ( 'NONE', #750, 1000.000000000000000 ) ;
#429 = CARTESIAN_POINT ( 'NONE',  ( 4.879255340376072780, -6.613633252161579414E-15, 3.572500000000051301 ) ) ;
#430 = LINE ( 'NONE', #3537, #2798 ) ;
#431 = VECTOR ( 'NONE', #156, 1000.000000000000000 ) ;
#433 = AXIS2_PLACEMENT_3D ( 'NONE', #1562, #3110, #1176 ) ;
#432 = CARTESIAN_POINT ( 'NONE',  ( -4.522306814035913725, 0.5228044079883460427, -0.5400000000000473310 ) ) ;
#434 = EDGE_CURVE ( 'NONE', #577, #1371, #1553, .T. ) ;
#435 = EDGE_CURVE ( 'NONE', #3108, #5032, #4605, .T. ) ;
#436 = PRESENTATION_STYLE_ASSIGNMENT (( #4317 ) ) ;
#437 = AXIS2_PLACEMENT_3D ( 'NONE', #4884, #614, #937 ) ;
#438 = AXIS2_PLACEMENT_3D ( 'NONE', #3402, #1905, #1135 ) ;
#439 = ORIENTED_EDGE ( 'NONE', *, *, #4827, .T. ) ;
#440 = DIRECTION ( 'NONE',  ( 1.047444401652940007E-14, 0.000000000000000000, -1.000000000000000000 ) ) ;
#441 = FACE_OUTER_BOUND ( 'NONE', #3243, .T. ) ;
#442 = CIRCLE ( 'NONE', #4413, 0.5228044079883509276 ) ;
#443 = CARTESIAN_POINT ( 'NONE',  ( -3.679305260539827760, 3.259999999999999787, -3.080000000000038263 ) ) ;
#444 = STYLED_ITEM ( 'NONE', ( #4556 ), #962 ) ;
#445 = DIRECTION ( 'NONE',  ( 0.000000000000000000, -1.000000000000000000, -0.000000000000000000 ) ) ;
#446 = ORIENTED_EDGE ( 'NONE', *, *, #1627, .T. ) ;
#447 = ORIENTED_EDGE ( 'NONE', *, *, #4524, .T. ) ;
#448 = VECTOR ( 'NONE', #2901, 1000.000000000000000 ) ;
#449 = LINE ( 'NONE', #4812, #3656 ) ;
#450 = LINE ( 'NONE', #2660, #4151 ) ;
#451 = EDGE_CURVE ( 'NONE', #2939, #203, #330, .T. ) ;
#452 = DIRECTION ( 'NONE',  ( -1.047444401652940007E-14, 0.000000000000000000, 1.000000000000000000 ) ) ;
#453 = ORIENTED_EDGE ( 'NONE', *, *, #3951, .T. ) ;
#454 = ORIENTED_EDGE ( 'NONE', *, *, #246, .T. ) ;
#455 = CARTESIAN_POINT ( 'NONE',  ( -3.679305260539892153, 2.737195592011649747, 3.079999999999961435 ) ) ;
#456 = EDGE_CURVE ( 'NONE', #1344, #1467, #2373, .T. ) ;
#457 = DIRECTION ( 'NONE',  ( -1.000000000000000000, 1.093626126041279919E-15, -1.047444401652940007E-14 ) ) ;
#458 = DIRECTION ( 'NONE',  ( 1.000000000000000000, -7.254577915235990126E-15, 1.047444401652940007E-14 ) ) ;
#459 = EDGE_CURVE ( 'NONE', #4495, #1297, #2750, .T. ) ;
#460 = SURFACE_STYLE_USAGE ( .BOTH. , #2323 ) ;
#461 = EDGE_CURVE ( 'NONE', #3143, #2956, #4315, .T. ) ;
#462 = CARTESIAN_POINT ( 'NONE',  ( -5.149999999999952394, 0.2999999999999999889, -4.540000000000053326 ) ) ;
#463 = DIRECTION ( 'NONE',  ( -7.340941938036420458E-15, 1.000000000000000000, -7.689228535855532732E-29 ) ) ;
#464 = CARTESIAN_POINT ( 'NONE',  ( -4.700000000000020606, -3.357633980740815100E-15, 1.999999999999950706 ) ) ;
#465 = LINE ( 'NONE', #159, #1375 ) ;
#466 = FACE_OUTER_BOUND ( 'NONE', #1307, .T. ) ;
#467 = ORIENTED_EDGE ( 'NONE', *, *, #299, .F. ) ;
#468 = EDGE_CURVE ( 'NONE', #4120, #677, #1661, .T. ) ;
#469 = VECTOR ( 'NONE', #382, 1000.000000000000000 ) ;
#470 = VERTEX_POINT ( 'NONE', #782 ) ;
#471 = CARTESIAN_POINT ( 'NONE',  ( -3.901897608101177362, 2.746914183790395203, -4.047500000000040288 ) ) ;
#472 = CARTESIAN_POINT ( 'NONE',  ( 4.699999999999979750, 0.2999999999999964917, 2.000000000000049294 ) ) ;
#473 = DIRECTION ( 'NONE',  ( 1.047444401652940007E-14, 0.000000000000000000, -1.000000000000000000 ) ) ;
#474 = AXIS2_PLACEMENT_3D ( 'NONE', #1525, #4628, #4156 ) ;
#475 = ADVANCED_FACE ( 'NONE', ( #3481 ), #4179, .F. ) ;
#476 = VECTOR ( 'NONE', #3504, 1000.000000000000000 ) ;
#477 = VERTEX_POINT ( 'NONE', #3811 ) ;
#478 = AXIS2_PLACEMENT_3D ( 'NONE', #2530, #2201, #1816 ) ;
#479 = ORIENTED_EDGE ( 'NONE', *, *, #563, .T. ) ;
#480 = CARTESIAN_POINT ( 'NONE',  ( -5.149999999999952394, 0.2999999999999999889, -4.540000000000053326 ) ) ;
#481 = AXIS2_PLACEMENT_3D ( 'NONE', #2428, #4346, #3570 ) ;
#482 = VERTEX_POINT ( 'NONE', #3425 ) ;
#483 = CARTESIAN_POINT ( 'NONE',  ( -4.679213845861895038, 0.2999999999999964917, 0.4828905108682399749 ) ) ;
#484 = CYLINDRICAL_SURFACE ( 'NONE', #62, 0.2228044079883506334 ) ;
#485 = VECTOR ( 'NONE', #904, 1000.000000000000000 ) ;
#486 = LINE ( 'NONE', #3210, #1336 ) ;
#487 = FACE_OUTER_BOUND ( 'NONE', #336, .T. ) ;
#488 = CARTESIAN_POINT ( 'NONE',  ( -4.879255340376105643, -7.827939685345339489E-14, 1.507499999999993845 ) ) ;
#489 = CARTESIAN_POINT ( 'NONE',  ( 4.879255340376094097, -6.613633252161579414E-15, 1.507500000000051132 ) ) ;
#490 = CARTESIAN_POINT ( 'NONE',  ( 5.149999999999968381, -5.421010862427519705E-17, 3.080000000000053806 ) ) ;
#491 = CARTESIAN_POINT ( 'NONE',  ( 4.522306814035925271, 0.2999999999999949929, -0.5399999999999526290 ) ) ;
#492 = ORIENTED_EDGE ( 'NONE', *, *, #2263, .T. ) ;
#493 = ORIENTED_EDGE ( 'NONE', *, *, #1776, .T. ) ;
#494 = DIRECTION ( 'NONE',  ( -1.000000000000000000, -7.340941938036410991E-15, -1.047444401652940007E-14 ) ) ;
#495 = DIRECTION ( 'NONE',  ( 1.000000000000000000, 0.000000000000000000, 1.047444401652940007E-14 ) ) ;
#496 = CARTESIAN_POINT ( 'NONE',  ( -4.522306814035887967, 0.5228044079883460427, -3.080000000000047145 ) ) ;
#497 = EDGE_CURVE ( 'NONE', #55, #1154, #2227, .T. ) ;
#498 = ADVANCED_FACE ( 'NONE', ( #4651 ), #4571, .F. ) ;
#499 = ADVANCED_FACE ( 'NONE', ( #678 ), #1550, .T. ) ;
#500 = ORIENTED_EDGE ( 'NONE', *, *, #765, .T. ) ;
#501 = ORIENTED_EDGE ( 'NONE', *, *, #435, .F. ) ;
#502 = ORIENTED_EDGE ( 'NONE', *, *, #671, .T. ) ;
#503 = CARTESIAN_POINT ( 'NONE',  ( -3.302500000000032188, 3.109999999999999876, 3.079999999999964988 ) ) ;
#504 = ORIENTED_EDGE ( 'NONE', *, *, #2488, .T. ) ;
#505 = ORIENTED_EDGE ( 'NONE', *, *, #2702, .T. ) ;
#506 = DIRECTION ( 'NONE',  ( 1.047444401652940007E-14, 0.000000000000000000, -1.000000000000000000 ) ) ;
#507 = DIRECTION ( 'NONE',  ( -0.1305261922200520452, 0.9914448613738103822, -1.367189293099690448E-15 ) ) ;
#508 = CARTESIAN_POINT ( 'NONE',  ( 4.299714466474528152, 0.5130858162095990327, 3.080000000000044924 ) ) ;
#509 = VECTOR ( 'NONE', #4649, 1000.000000000000000 ) ;
#510 = CARTESIAN_POINT ( 'NONE',  ( -4.879255340376118077, 0.2999999999999999889, 3.572499999999998899 ) ) ;
#511 = LINE ( 'NONE', #1276, #1369 ) ;
#512 = PLANE ( 'NONE',  #194 ) ;
#513 = LINE ( 'NONE', #2405, #3565 ) ;
#514 = CARTESIAN_POINT ( 'NONE',  ( -5.150000000000006573, 0.2999999999999999889, 0.5399999999999459677 ) ) ;
#515 = EDGE_LOOP ( 'NONE', ( #3907, #3556 ) ) ;
#516 = AXIS2_PLACEMENT_3D ( 'NONE', #3304, #2928, #4478 ) ;
#517 = VECTOR ( 'NONE', #2025, 1000.000000000000000 ) ;
#518 = VERTEX_POINT ( 'NONE', #2341 ) ;
#519 = AXIS2_PLACEMENT_3D ( 'NONE', #3894, #1142, #1112 ) ;
#520 = DIRECTION ( 'NONE',  ( 1.000000000000000000, 0.000000000000000000, 1.047444401652940007E-14 ) ) ;
#521 = CARTESIAN_POINT ( 'NONE',  ( -4.679213845861902143, 0.2999999999999964917, 3.022890510868246228 ) ) ;
#522 = VECTOR ( 'NONE', #3308, 1000.000000000000000 ) ;
#523 = ADVANCED_FACE ( 'NONE', ( #294 ), #4231, .T. ) ;
#524 = EDGE_LOOP ( 'NONE', ( #4736, #1202, #4796, #4180, #4082, #40 ) ) ;
#525 = ORIENTED_EDGE ( 'NONE', *, *, #1399, .F. ) ;
#526 = EDGE_CURVE ( 'NONE', #876, #654, #5004, .T. ) ;
#527 = ORIENTED_EDGE ( 'NONE', *, *, #668, .T. ) ;
#528 = CARTESIAN_POINT ( 'NONE',  ( 4.522306814035898626, 0.5228044079883460427, 2.000000000000047518 ) ) ;
#529 = ORIENTED_EDGE ( 'NONE', *, *, #38, .T. ) ;
#530 = ORIENTED_EDGE ( 'NONE', *, *, #3553, .F. ) ;
#531 = DIRECTION ( 'NONE',  ( 1.047444401652940007E-14, 0.000000000000000000, -1.000000000000000000 ) ) ;
#532 = CARTESIAN_POINT ( 'NONE',  ( 3.282752125361847462, 3.259999999999999787, 4.047500000000034959 ) ) ;
#533 = EDGE_CURVE ( 'NONE', #1128, #2865, #2148, .T. ) ;
#534 = FACE_OUTER_BOUND ( 'NONE', #3071, .T. ) ;
#535 = LINE ( 'NONE', #935, #2544 ) ;
#536 = CARTESIAN_POINT ( 'NONE',  ( -4.699999999999979750, -7.692414413784648911E-14, -2.000000000000004441 ) ) ;
#537 = CARTESIAN_POINT ( 'NONE',  ( -3.282752125361874107, 2.959999999999999964, -2.000000000000034195 ) ) ;
#538 = DIRECTION ( 'NONE',  ( -0.9990482215818580203, 0.04361938736532974814, -1.046447466677243020E-14 ) ) ;
#539 = CARTESIAN_POINT ( 'NONE',  ( 4.699999999999979750, -7.968885967768460745E-15, 2.000000000000049294 ) ) ;
#540 = ORIENTED_EDGE ( 'NONE', *, *, #2263, .F. ) ;
#541 = ORIENTED_EDGE ( 'NONE', *, *, #2741, .T. ) ;
#542 = CARTESIAN_POINT ( 'NONE',  ( 3.282752125361910966, 3.259999999999999787, -1.999999999999965805 ) ) ;
#543 = DIRECTION ( 'NONE',  ( 0.04361938736533049754, 0.9990482215818580203, 6.274668234748546819E-16 ) ) ;
#544 = DIRECTION ( 'NONE',  ( -1.047444401652940007E-14, 0.000000000000000000, 1.000000000000000000 ) ) ;
#545 = EDGE_CURVE ( 'NONE', #4922, #739, #195, .T. ) ;
#546 = VECTOR ( 'NONE', #4340, 1000.000000000000000 ) ;
#547 = ADVANCED_FACE ( 'NONE', ( #403 ), #3507, .F. ) ;
#548 = ORIENTED_EDGE ( 'NONE', *, *, #4049, .F. ) ;
#549 = ORIENTED_EDGE ( 'NONE', *, *, #459, .T. ) ;
#550 = VECTOR ( 'NONE', #630, 1000.000000000000114 ) ;
#551 = ORIENTED_EDGE ( 'NONE', *, *, #2830, .F. ) ;
#552 = CARTESIAN_POINT ( 'NONE',  ( 4.299714466474528152, 0.5130858162095990327, 3.080000000000044924 ) ) ;
#553 =( GEOMETRIC_REPRESENTATION_CONTEXT ( 3 ) GLOBAL_UNCERTAINTY_ASSIGNED_CONTEXT ( ( #3866 ) ) GLOBAL_UNIT_ASSIGNED_CONTEXT ( ( #3735, #3370, #1367 ) ) REPRESENTATION_CONTEXT ( 'NONE', 'WORKASPACE' ) );
#554 = AXIS2_PLACEMENT_3D ( 'NONE', #1480, #2327, #771 ) ;
#555 = ORIENTED_EDGE ( 'NONE', *, *, #4568, .F. ) ;
#556 = ORIENTED_EDGE ( 'NONE', *, *, #322, .T. ) ;
#557 = LINE ( 'NONE', #2255, #4167 ) ;
#558 = LINE ( 'NONE', #3686, #1932 ) ;
#559 = AXIS2_PLACEMENT_3D ( 'NONE', #4744, #2436, #1263 ) ;
#560 = CIRCLE ( 'NONE', #1376, 0.2228044079883510498 ) ;
#561 = CARTESIAN_POINT ( 'NONE',  ( -3.282752125361874107, 2.959999999999999964, -2.000000000000034195 ) ) ;
#562 = EDGE_CURVE ( 'NONE', #1073, #3012, #4977, .T. ) ;
#563 = EDGE_CURVE ( 'NONE', #3777, #2964, #3860, .T. ) ;
#564 = PRESENTATION_LAYER_ASSIGNMENT (  '', '', ( #2193 ) ) ;
#565 = DIRECTION ( 'NONE',  ( -1.047444401652940007E-14, 0.000000000000000000, 1.000000000000000000 ) ) ;
#566 = AXIS2_PLACEMENT_3D ( 'NONE', #5000, #1973, #3422 ) ;
#567 = CARTESIAN_POINT ( 'NONE',  ( -3.679305260539865507, 2.959999999999999964, 0.5399999999999615108 ) ) ;
#568 = DIRECTION ( 'NONE',  ( 1.000000000000000000, 0.000000000000000000, 9.732322464124606472E-15 ) ) ;
#569 = CARTESIAN_POINT ( 'NONE',  ( 4.522306814035962574, 0.5228044079883460427, -4.047499999999952358 ) ) ;
#570 = ORIENTED_EDGE ( 'NONE', *, *, #87, .T. ) ;
#571 = ORIENTED_EDGE ( 'NONE', *, *, #2120, .F. ) ;
#572 = CARTESIAN_POINT ( 'NONE',  ( 3.282752125361910966, 2.959999999999999964, -1.999999999999965805 ) ) ;
#573 = CARTESIAN_POINT ( 'NONE',  ( 3.901897608101214221, 2.746914183790395203, 0.5400000000000408917 ) ) ;
#574 = LINE ( 'NONE', #3315, #5028 ) ;
#575 = EDGE_CURVE ( 'NONE', #1772, #4584, #2236, .T. ) ;
#576 = VERTEX_POINT ( 'NONE', #1876 ) ;
#577 = VERTEX_POINT ( 'NONE', #1079 ) ;
#578 = ORIENTED_EDGE ( 'NONE', *, *, #898, .F. ) ;
#579 = CARTESIAN_POINT ( 'NONE',  ( -3.282752125361842133, 3.259999999999999787, -4.540000000000034674 ) ) ;
#580 = ORIENTED_EDGE ( 'NONE', *, *, #1751, .T. ) ;
#581 = ORIENTED_EDGE ( 'NONE', *, *, #1556, .F. ) ;
#582 = CARTESIAN_POINT ( 'NONE',  ( 3.282752125361910966, 3.259999999999999787, -1.999999999999965805 ) ) ;
#583 = CARTESIAN_POINT ( 'NONE',  ( 4.879255340376120742, -6.613633252161579414E-15, -1.032499999999948903 ) ) ;
#584 = DIRECTION ( 'NONE',  ( -1.047444401652940007E-14, 0.000000000000000000, 1.000000000000000000 ) ) ;
#585 = CARTESIAN_POINT ( 'NONE',  ( -3.043144579752872669, 1.139999999999999902, 4.568144579752797085 ) ) ;
#586 = CARTESIAN_POINT ( 'NONE',  ( 3.679305260539865507, 2.737195592011649747, -0.5399999999999615108 ) ) ;
#587 = DIRECTION ( 'NONE',  ( -1.047444401652940007E-14, 0.000000000000000000, 1.000000000000000000 ) ) ;
#588 = ADVANCED_FACE ( 'NONE', ( #2638 ), #2258, .F. ) ;
#589 = DIRECTION ( 'NONE',  ( 1.000000000000000000, 0.000000000000000000, 1.167878695694952808E-14 ) ) ;
#590 = ORIENTED_EDGE ( 'NONE', *, *, #2458, .T. ) ;
#591 = VECTOR ( 'NONE', #4256, 1000.000000000000000 ) ;
#592 = ORIENTED_EDGE ( 'NONE', *, *, #3046, .T. ) ;
#593 = CARTESIAN_POINT ( 'NONE',  ( 4.699999999999968203, 0.2999999999999999889, 3.080000000000049365 ) ) ;
#594 = FACE_OUTER_BOUND ( 'NONE', #515, .T. ) ;
#595 = VECTOR ( 'NONE', #2277, 1000.000000000000000 ) ;
#596 = CARTESIAN_POINT ( 'NONE',  ( 4.522306814035913725, 0.5228044079883460427, 0.5400000000000473310 ) ) ;
#597 = VERTEX_POINT ( 'NONE', #732 ) ;
#598 = VECTOR ( 'NONE', #2244, 1000.000000000000000 ) ;
#599 = VECTOR ( 'NONE', #4762, 1000.000000000000000 ) ;
#600 = EDGE_CURVE ( 'NONE', #4087, #4822, #2287, .T. ) ;
#601 = ORIENTED_EDGE ( 'NONE', *, *, #1882, .F. ) ;
#602 = DIRECTION ( 'NONE',  ( 1.000000000000000000, 0.000000000000000000, 9.732322464124589117E-15 ) ) ;
#603 = SURFACE_STYLE_FILL_AREA ( #3708 ) ;
#604 = STYLED_ITEM ( 'NONE', ( #2974 ), #944 ) ;
#605 = VERTEX_POINT ( 'NONE', #376 ) ;
#606 = VERTEX_POINT ( 'NONE', #1523 ) ;
#607 = AXIS2_PLACEMENT_3D ( 'NONE', #633, #4956, #1834 ) ;
#608 = DIRECTION ( 'NONE',  ( 1.047444401652940007E-14, 0.000000000000000000, -1.000000000000000000 ) ) ;
#609 = CARTESIAN_POINT ( 'NONE',  ( 4.522306814035887967, 0.2999999999999949929, 3.080000000000047145 ) ) ;
#610 = DIRECTION ( 'NONE',  ( 0.000000000000000000, -1.000000000000000000, 0.000000000000000000 ) ) ;
#611 = ADVANCED_FACE ( 'NONE', ( #4626 ), #3166, .T. ) ;
#612 = CARTESIAN_POINT ( 'NONE',  ( 3.302499999999957581, 3.109999999999999876, 4.047500000000034959 ) ) ;
#613 = CARTESIAN_POINT ( 'NONE',  ( -4.201612074575754363, 2.759999999999999787, -2.000000000000043965 ) ) ;
#614 = DIRECTION ( 'NONE',  ( 1.047444401652940007E-14, 1.707404996040165005E-16, -1.000000000000000000 ) ) ;
#615 = FACE_OUTER_BOUND ( 'NONE', #3550, .T. ) ;
#616 = ORIENTED_EDGE ( 'NONE', *, *, #4542, .F. ) ;
#617 = EDGE_CURVE ( 'NONE', #2679, #1394, #1639, .T. ) ;
#618 = ORIENTED_EDGE ( 'NONE', *, *, #2949, .T. ) ;
#619 = CARTESIAN_POINT ( 'NONE',  ( 3.302500000000005542, 3.109999999999999876, -0.5399999999999653966 ) ) ;
#620 = DIRECTION ( 'NONE',  ( 0.04361938736532974814, -0.9990482215818580203, 6.274668234748467933E-16 ) ) ;
#621 = CARTESIAN_POINT ( 'NONE',  ( 4.522306814035950140, -4.662069341687669855E-15, -1.999999999999952704 ) ) ;
#622 = ORIENTED_EDGE ( 'NONE', *, *, #121, .F. ) ;
#623 = ORIENTED_EDGE ( 'NONE', *, *, #2629, .F. ) ;
#624 = CARTESIAN_POINT ( 'NONE',  ( 3.679305260539892153, 2.737195592011649747, -3.079999999999961435 ) ) ;
#625 = DIRECTION ( 'NONE',  ( 0.1305261922200462166, -0.9914448613738110483, 1.197909502138829565E-15 ) ) ;
#626 = ORIENTED_EDGE ( 'NONE', *, *, #3541, .T. ) ;
#627 = ORIENTED_EDGE ( 'NONE', *, *, #329, .F. ) ;
#628 = CIRCLE ( 'NONE', #1113, 0.2228044079883510498 ) ;
#629 = FACE_OUTER_BOUND ( 'NONE', #3248, .T. ) ;
#630 = DIRECTION ( 'NONE',  ( 0.1305261922200546265, 0.9914448613738100491, 1.367189293099717466E-15 ) ) ;
#631 = FACE_OUTER_BOUND ( 'NONE', #848, .T. ) ;
#632 = STYLED_ITEM ( 'NONE', ( #1901 ), #4433 ) ;
#633 = CARTESIAN_POINT ( 'NONE',  ( -4.879255340376112748, -7.827939685345339489E-14, -3.572500000000006004 ) ) ;
#634 = VECTOR ( 'NONE', #644, 1000.000000000000000 ) ;
#635 = VECTOR ( 'NONE', #3085, 1000.000000000000000 ) ;
#636 = CARTESIAN_POINT ( 'NONE',  ( 3.282752125361847462, 2.959999999999999964, 4.047500000000034959 ) ) ;
#637 = DIRECTION ( 'NONE',  ( -1.047444401652940007E-14, 0.000000000000000000, 1.000000000000000000 ) ) ;
#638 = CARTESIAN_POINT ( 'NONE',  ( 3.282752125361847462, 3.259999999999999787, 4.047500000000034959 ) ) ;
#639 = ORIENTED_EDGE ( 'NONE', *, *, #3514, .F. ) ;
#640 = VECTOR ( 'NONE', #2456, 1000.000000000000000 ) ;
#641 = ORIENTED_EDGE ( 'NONE', *, *, #1066, .F. ) ;
#642 = DIRECTION ( 'NONE',  ( 0.1305261922200546265, 0.9914448613738100491, 1.367189293099717466E-15 ) ) ;
#643 = FACE_OUTER_BOUND ( 'NONE', #3953, .T. ) ;
#644 = DIRECTION ( 'NONE',  ( -0.1305261922200520452, 0.9914448613738103822, -1.197909502138890899E-15 ) ) ;
#645 = FACE_OUTER_BOUND ( 'NONE', #1145, .T. ) ;
#646 = CIRCLE ( 'NONE', #2438, 0.5228044079883505946 ) ;
#647 = ORIENTED_EDGE ( 'NONE', *, *, #1658, .T. ) ;
#648 = ORIENTED_EDGE ( 'NONE', *, *, #2533, .T. ) ;
#649 = EDGE_LOOP ( 'NONE', ( #3772, #2658, #570, #4947 ) ) ;
#650 =( LENGTH_UNIT ( ) NAMED_UNIT ( * ) SI_UNIT ( .MILLI., .METRE. ) );
#651 = ADVANCED_FACE ( 'NONE', ( #466 ), #3547, .F. ) ;
#652 = LINE ( 'NONE', #2537, #2669 ) ;
#653 = ORIENTED_EDGE ( 'NONE', *, *, #2955, .F. ) ;
#654 = VERTEX_POINT ( 'NONE', #1920 ) ;
#655 = LINE ( 'NONE', #4927, #1530 ) ;
#656 = FACE_OUTER_BOUND ( 'NONE', #1134, .T. ) ;
#657 = DIRECTION ( 'NONE',  ( -1.047444401652940007E-14, 0.000000000000000000, 1.000000000000000000 ) ) ;
#658 = FACE_OUTER_BOUND ( 'NONE', #3991, .T. ) ;
#659 = DIRECTION ( 'NONE',  ( 1.000000000000000000, 0.000000000000000000, 9.954335404238549635E-15 ) ) ;
#660 = SURFACE_STYLE_USAGE ( .BOTH. , #4187 ) ;
#661 = VERTEX_POINT ( 'NONE', #4322 ) ;
#662 = ORIENTED_EDGE ( 'NONE', *, *, #2742, .T. ) ;
#663 = LINE ( 'NONE', #2223, #3807 ) ;
#664 = CARTESIAN_POINT ( 'NONE',  ( -4.700000000000032152, 0.2999999999999964917, 3.079999999999950333 ) ) ;
#665 = DIRECTION ( 'NONE',  ( 0.000000000000000000, 1.000000000000000000, 0.000000000000000000 ) ) ;
#666 = CARTESIAN_POINT ( 'NONE',  ( -4.201612074575726830, 2.759999999999999787, -4.540000000000043556 ) ) ;
#667 = VECTOR ( 'NONE', #4907, 1000.000000000000000 ) ;
#668 = EDGE_CURVE ( 'NONE', #2260, #2460, #3952, .T. ) ;
#669 = ORIENTED_EDGE ( 'NONE', *, *, #2305, .T. ) ;
#670 = VECTOR ( 'NONE', #113, 1000.000000000000000 ) ;
#671 = EDGE_CURVE ( 'NONE', #1641, #3298, #796, .T. ) ;
#672 = ORIENTED_EDGE ( 'NONE', *, *, #4518, .F. ) ;
#673 = SURFACE_STYLE_FILL_AREA ( #4470 ) ;
#674 = VECTOR ( 'NONE', #2904, 1000.000000000000000 ) ;
#675 = AXIS2_PLACEMENT_3D ( 'NONE', #704, #4260, #349 ) ;
#676 = EDGE_CURVE ( 'NONE', #3532, #2053, #1493, .T. ) ;
#677 = VERTEX_POINT ( 'NONE', #39 ) ;
#678 = FACE_OUTER_BOUND ( 'NONE', #2737, .T. ) ;
#679 = EDGE_CURVE ( 'NONE', #4334, #597, #4273, .T. ) ;
#680 = ORIENTED_EDGE ( 'NONE', *, *, #3906, .F. ) ;
#682 = CIRCLE ( 'NONE', #1333, 0.2228044079883510498 ) ;
#681 = LINE ( 'NONE', #1470, #305 ) ;
#683 = CARTESIAN_POINT ( 'NONE',  ( 3.679305260539902367, 2.959999999999999964, -4.047499999999962128 ) ) ;
#684 = CARTESIAN_POINT ( 'NONE',  ( 4.522306814035951916, 0.2999999999999949929, -3.079999999999952554 ) ) ;
#685 = AXIS2_PLACEMENT_3D ( 'NONE', #860, #4834, #1635 ) ;
#686 = EDGE_CURVE ( 'NONE', #482, #3651, #5019, .T. ) ;
#687 = CARTESIAN_POINT ( 'NONE',  ( 4.522306814035950140, -4.662069341687669855E-15, -1.999999999999952704 ) ) ;
#688 = CARTESIAN_POINT ( 'NONE',  ( 3.282752125361932727, 2.959999999999999964, -4.047499999999964793 ) ) ;
#689 = CARTESIAN_POINT ( 'NONE',  ( -3.302499999999952252, 1.139999999999999902, -4.568144579752864587 ) ) ;
#690 = ADVANCED_FACE ( 'NONE', ( #2301 ), #3469, .F. ) ;
#691 = ORIENTED_EDGE ( 'NONE', *, *, #2284, .T. ) ;
#692 = ORIENTED_EDGE ( 'NONE', *, *, #4898, .F. ) ;
#693 = DIRECTION ( 'NONE',  ( -1.047444401652940007E-14, 0.000000000000000000, 1.000000000000000000 ) ) ;
#694 = CARTESIAN_POINT ( 'NONE',  ( -5.149999999999979039, 0.2999999999999999889, -2.000000000000053735 ) ) ;
#695 = LINE ( 'NONE', #4272, #4050 ) ;
#696 = CARTESIAN_POINT ( 'NONE',  ( 3.282752125361847462, 2.959999999999999964, 4.047500000000034959 ) ) ;
#697 = EDGE_LOOP ( 'NONE', ( #3831, #1437, #2984, #2992 ) ) ;
#698 = EDGE_LOOP ( 'NONE', ( #4386, #2678, #3657, #1904 ) ) ;
#699 = EDGE_LOOP ( 'NONE', ( #4991, #803, #3199, #3584 ) ) ;
#700 = CARTESIAN_POINT ( 'NONE',  ( -3.282752125361842133, 3.259999999999999787, -4.540000000000034674 ) ) ;
#701 = ADVANCED_FACE ( 'NONE', ( #3089 ), #418, .F. ) ;
#702 = EDGE_CURVE ( 'NONE', #1147, #1308, #4249, .T. ) ;
#703 = ORIENTED_EDGE ( 'NONE', *, *, #3840, .T. ) ;
#704 = CARTESIAN_POINT ( 'NONE',  ( -3.679305260539839306, 2.737195592011649747, -2.000000000000038636 ) ) ;
#705 = ORIENTED_EDGE ( 'NONE', *, *, #4060, .F. ) ;
#706 = CARTESIAN_POINT ( 'NONE',  ( -5.149999999999957723, -5.421010862427519705E-17, -4.047500000000053610 ) ) ;
#707 = CIRCLE ( 'NONE', #1361, 0.5000000000000000000 ) ;
#708 = DIRECTION ( 'NONE',  ( -1.047444401652940007E-14, 0.000000000000000000, 1.000000000000000000 ) ) ;
#709 = CARTESIAN_POINT ( 'NONE',  ( -3.282752125361895867, 3.259999999999999787, 0.5399999999999656186 ) ) ;
#710 = CARTESIAN_POINT ( 'NONE',  ( -4.522306814035913725, 0.2999999999999954925, -0.5400000000000473310 ) ) ;
#711 = VECTOR ( 'NONE', #3681, 1000.000000000000000 ) ;
#712 = EDGE_CURVE ( 'NONE', #2074, #4829, #2380, .T. ) ;
#713 = EDGE_CURVE ( 'NONE', #2991, #1001, #391, .T. ) ;
#714 = ORIENTED_EDGE ( 'NONE', *, *, #3049, .F. ) ;
#715 = ORIENTED_EDGE ( 'NONE', *, *, #3543, .F. ) ;
#716 = VECTOR ( 'NONE', #910, 1000.000000000000227 ) ;
#717 = EDGE_LOOP ( 'NONE', ( #467, #2084, #1678, #4926, #4226, #4402, #3758, #2565, #2800, #289, #3801, #4531, #1971 ) ) ;
#718 = CARTESIAN_POINT ( 'NONE',  ( -3.302499999999967795, 3.109999999999999876, -3.080000000000034710 ) ) ;
#719 = CARTESIAN_POINT ( 'NONE',  ( 4.000000000000021316, 0.5000000000000000000, -1.999999999999958034 ) ) ;
#720 = DIRECTION ( 'NONE',  ( 1.000000000000000000, 0.000000000000000000, 1.057648136700348344E-14 ) ) ;
#721 = CYLINDRICAL_SURFACE ( 'NONE', #2139, 0.5228044079883501505 ) ;
#722 = CIRCLE ( 'NONE', #3888, 0.2228044079883510498 ) ;
#723 = EDGE_LOOP ( 'NONE', ( #740, #2700, #2870, #1407 ) ) ;
#724 = VECTOR ( 'NONE', #2268, 1000.000000000000114 ) ;
#725 = ORIENTED_EDGE ( 'NONE', *, *, #4252, .T. ) ;
#726 = VECTOR ( 'NONE', #3237, 1000.000000000000000 ) ;
#727 = SURFACE_SIDE_STYLE ('',( #1182 ) ) ;
#728 = CARTESIAN_POINT ( 'NONE',  ( 3.282752125361858120, 3.259999999999999787, 3.080000000000034266 ) ) ;
#729 = AXIS2_PLACEMENT_3D ( 'NONE', #582, #2467, #4109 ) ;
#730 = EDGE_CURVE ( 'NONE', #3936, #654, #1944, .T. ) ;
#731 = ORIENTED_EDGE ( 'NONE', *, *, #751, .F. ) ;
#732 = CARTESIAN_POINT ( 'NONE',  ( -4.879255340376114525, 0.2999999999999999889, -1.507500000000000950 ) ) ;
#733 = VERTEX_POINT ( 'NONE', #3114 ) ;
#734 = DIRECTION ( 'NONE',  ( -1.047444401652940007E-14, 0.000000000000000000, 1.000000000000000000 ) ) ;
#735 = CARTESIAN_POINT ( 'NONE',  ( 3.282752125361884321, 3.259999999999999787, 0.5400000000000343414 ) ) ;
#736 = LINE ( 'NONE', #1169, #2027 ) ;
#737 = DIRECTION ( 'NONE',  ( -1.047444401652940007E-14, 0.000000000000000000, 1.000000000000000000 ) ) ;
#738 = ADVANCED_FACE ( 'NONE', ( #2358 ), #4670, .F. ) ;
#739 = VERTEX_POINT ( 'NONE', #3900 ) ;
#740 = ORIENTED_EDGE ( 'NONE', *, *, #3046, .F. ) ;
#741 = EDGE_CURVE ( 'NONE', #4087, #2124, #2763, .T. ) ;
#742 = CARTESIAN_POINT ( 'NONE',  ( -4.879255340376110084, -7.827939685345339489E-14, -1.032500000000003304 ) ) ;
#743 = DIRECTION ( 'NONE',  ( 1.047444401652940007E-14, 0.000000000000000000, -1.000000000000000000 ) ) ;
#744 = CARTESIAN_POINT ( 'NONE',  ( 4.879255340376125183, 0.2999999999999999889, -1.507499999999948770 ) ) ;
#745 = LINE ( 'NONE', #5018, #4290 ) ;
#746 = DIRECTION ( 'NONE',  ( 1.000000000000000000, 7.340941938036420458E-15, 1.047444401652940164E-14 ) ) ;
#747 = VERTEX_POINT ( 'NONE', #4302 ) ;
#748 = EDGE_LOOP ( 'NONE', ( #2462, #578, #4133, #2332 ) ) ;
#749 = CARTESIAN_POINT ( 'NONE',  ( 3.302499999999978897, 3.109999999999999876, 2.000000000000034639 ) ) ;
#750 = DIRECTION ( 'NONE',  ( -0.04361938736532974814, 0.9990482215818580203, -6.274668234748467933E-16 ) ) ;
#751 = EDGE_CURVE ( 'NONE', #4056, #4999, #1999, .T. ) ;
#752 = ADVANCED_FACE ( 'NONE', ( #160 ), #183, .F. ) ;
#753 = AXIS2_PLACEMENT_3D ( 'NONE', #2364, #1568, #2385 ) ;
#754 = VERTEX_POINT ( 'NONE', #2145 ) ;
#755 = DIRECTION ( 'NONE',  ( 0.3420201433256720436, -2.481211778336338910E-15, 0.9396926207859072067 ) ) ;
#756 = ORIENTED_EDGE ( 'NONE', *, *, #3549, .T. ) ;
#757 = PLANE ( 'NONE',  #1029 ) ;
#758 = AXIS2_PLACEMENT_3D ( 'NONE', #4525, #4882, #2165 ) ;
#759 = VECTOR ( 'NONE', #1481, 1000.000000000000000 ) ;
#760 = AXIS2_PLACEMENT_3D ( 'NONE', #3561, #3612, #857 ) ;
#761 = VECTOR ( 'NONE', #746, 1000.000000000000000 ) ;
#762 = CARTESIAN_POINT ( 'NONE',  ( -3.282752125361922069, 3.259999999999999787, 3.079999999999965432 ) ) ;
#763 = DIRECTION ( 'NONE',  ( 1.000000000000000000, 0.000000000000000000, 1.047444401652940007E-14 ) ) ;
#764 = CARTESIAN_POINT ( 'NONE',  ( -3.999999999999957367, 0.5000000000000000000, -4.047500000000041176 ) ) ;
#765 = EDGE_CURVE ( 'NONE', #1514, #1118, #1737, .T. ) ;
#766 = EDGE_CURVE ( 'NONE', #4886, #1926, #4456, .T. ) ;
#767 = AXIS2_PLACEMENT_3D ( 'NONE', #1709, #2521, #79 ) ;
#768 = ORIENTED_EDGE ( 'NONE', *, *, #4983, .F. ) ;
#769 = ORIENTED_EDGE ( 'NONE', *, *, #4598, .F. ) ;
#770 = CARTESIAN_POINT ( 'NONE',  ( -3.679305260539839306, 2.959999999999999964, -2.000000000000038636 ) ) ;
#771 = DIRECTION ( 'NONE',  ( 8.673617379884041783E-15, -1.000000000000000000, 9.085131966639181307E-29 ) ) ;
#772 = LINE ( 'NONE', #2328, #3119 ) ;
#773 = DIRECTION ( 'NONE',  ( 1.000000000000000000, -7.254577915235990126E-15, 1.047444401652940007E-14 ) ) ;
#774 = DIRECTION ( 'NONE',  ( 1.000000000000000000, 0.000000000000000000, 1.021180609435274484E-14 ) ) ;
#775 = ORIENTED_EDGE ( 'NONE', *, *, #1519, .F. ) ;
#776 = ORIENTED_EDGE ( 'NONE', *, *, #679, .F. ) ;
#777 = LINE ( 'NONE', #749, #1213 ) ;
#778 = LINE ( 'NONE', #3475, #3432 ) ;
#779 = CARTESIAN_POINT ( 'NONE',  ( 3.679305260539907696, 3.259999999999999787, -4.539999999999961844 ) ) ;
#780 = ADVANCED_FACE ( 'NONE', ( #4863 ), #3593, .F. ) ;
#781 = ORIENTED_EDGE ( 'NONE', *, *, #751, .T. ) ;
#782 = CARTESIAN_POINT ( 'NONE',  ( 4.700000000000006395, -7.968885967768460745E-15, -0.5399999999999507416 ) ) ;
#783 = ORIENTED_EDGE ( 'NONE', *, *, #3781, .T. ) ;
#784 = DIRECTION ( 'NONE',  ( -1.047444401652940007E-14, 0.000000000000000000, 1.000000000000000000 ) ) ;
#785 = DIRECTION ( 'NONE',  ( 1.000000000000000000, 0.000000000000000000, 1.040834085586084257E-14 ) ) ;
#786 = CARTESIAN_POINT ( 'NONE',  ( 4.299714466474592101, 0.5130858162095990327, -3.079999999999954774 ) ) ;
#787 = LINE ( 'NONE', #2348, #4693 ) ;
#788 = CARTESIAN_POINT ( 'NONE',  ( 3.679305260539827760, 3.259999999999999787, 3.080000000000038263 ) ) ;
#789 = FILL_AREA_STYLE ('',( #2698 ) ) ;
#790 = ORIENTED_EDGE ( 'NONE', *, *, #7, .T. ) ;
#791 = EDGE_LOOP ( 'NONE', ( #3909, #627, #3426, #3580 ) ) ;
#792 = VECTOR ( 'NONE', #933, 1000.000000000000000 ) ;
#793 = LINE ( 'NONE', #4964, #3075 ) ;
#794 = DIRECTION ( 'NONE',  ( 0.9914448613738101601, -0.1305261922200546543, 1.038483369593572679E-14 ) ) ;
#795 = FACE_OUTER_BOUND ( 'NONE', #748, .T. ) ;
#796 = LINE ( 'NONE', #3571, #761 ) ;
#797 = ORIENTED_EDGE ( 'NONE', *, *, #2116, .T. ) ;
#798 = AXIS2_PLACEMENT_3D ( 'NONE', #1261, #4382, #520 ) ;
#799 = ORIENTED_EDGE ( 'NONE', *, *, #575, .F. ) ;
#800 = CARTESIAN_POINT ( 'NONE',  ( 5.149999999999994138, -5.421010862427519705E-17, 0.5400000000000539924 ) ) ;
#801 = AXIS2_PLACEMENT_3D ( 'NONE', #2226, #192, #4078 ) ;
#802 = AXIS2_PLACEMENT_3D ( 'NONE', #1474, #1111, #3023 ) ;
#803 = ORIENTED_EDGE ( 'NONE', *, *, #304, .T. ) ;
#804 = VECTOR ( 'NONE', #3903, 1000.000000000000000 ) ;
#805 = VERTEX_POINT ( 'NONE', #1279 ) ;
#806 = ORIENTED_EDGE ( 'NONE', *, *, #2895, .F. ) ;
#807 = FACE_OUTER_BOUND ( 'NONE', #3600, .T. ) ;
#808 = LINE ( 'NONE', #3154, #1002 ) ;
#809 = LINE ( 'NONE', #762, #1077 ) ;
#810 = FACE_OUTER_BOUND ( 'NONE', #925, .T. ) ;
#811 = CARTESIAN_POINT ( 'NONE',  ( 3.901897608101267956, 2.746914183790395203, -4.539999999999959179 ) ) ;
#812 = UNCERTAINTY_MEASURE_WITH_UNIT (LENGTH_MEASURE( 1.000000000000000082E-05 ), #2312, 'distance_accuracy_value', 'NONE');
#813 = FILL_AREA_STYLE_COLOUR ( '', #3691 ) ;
#814 = EDGE_CURVE ( 'NONE', #5032, #4261, #3697, .T. ) ;
#815 = FACE_OUTER_BOUND ( 'NONE', #4945, .T. ) ;
#816 = LINE ( 'NONE', #1711, #3643 ) ;
#817 = DIRECTION ( 'NONE',  ( -1.047444401652940007E-14, 0.000000000000000000, 1.000000000000000000 ) ) ;
#818 = CARTESIAN_POINT ( 'NONE',  ( -3.302500000000020641, 3.109999999999999876, 1.999999999999965361 ) ) ;
#819 = DIRECTION ( 'NONE',  ( 2.112598177528824143E-28, -1.000000000000000000, -2.016907221228160245E-14 ) ) ;
#820 = ORIENTED_EDGE ( 'NONE', *, *, #4663, .F. ) ;
#821 = VERTEX_POINT ( 'NONE', #3238 ) ;
#822 = CARTESIAN_POINT ( 'NONE',  ( -1.402499999999964109, 5.080000000000000071, -3.427500000000014868 ) ) ;
#823 = CYLINDRICAL_SURFACE ( 'NONE', #753, 0.2228044079883506334 ) ;
#824 = LINE ( 'NONE', #3423, #145 ) ;
#825 = EDGE_CURVE ( 'NONE', #283, #5014, #1577, .T. ) ;
#826 = ORIENTED_EDGE ( 'NONE', *, *, #408, .T. ) ;
#827 = ADVANCED_FACE ( 'NONE', ( #2527 ), #4347, .T. ) ;
#828 = ORIENTED_EDGE ( 'NONE', *, *, #172, .T. ) ;
#829 = DIRECTION ( 'NONE',  ( -1.000000000000000000, 0.000000000000000000, -1.078386335459177105E-14 ) ) ;
#830 = VECTOR ( 'NONE', #3095, 1000.000000000000000 ) ;
#831 = EDGE_CURVE ( 'NONE', #2692, #2211, #4162, .T. ) ;
#832 = EDGE_CURVE ( 'NONE', #4335, #3986, #3974, .T. ) ;
#833 = CARTESIAN_POINT ( 'NONE',  ( -3.901897608101199122, 2.746914183790395203, -2.000000000000040856 ) ) ;
#834 = DIRECTION ( 'NONE',  ( 1.000000000000000000, 7.208134458441179128E-15, -7.382095854902012180E-16 ) ) ;
#835 = CLOSED_SHELL ( 'NONE', ( #1464, #1273, #690, #3000, #1423, #1272, #2894, #1281, #4802, #1115, #306, #2259, #865, #651, #92, #2200, #3989, #4604, #201 ) ) ;
#837 = AXIS2_PLACEMENT_3D ( 'NONE', #843, #2069, #2809 ) ;
#836 = DIRECTION ( 'NONE',  ( -1.047444401652940007E-14, 0.000000000000000000, 1.000000000000000000 ) ) ;
#838 = EDGE_CURVE ( 'NONE', #739, #3336, #1713, .T. ) ;
#839 =( LENGTH_UNIT ( ) NAMED_UNIT ( * ) SI_UNIT ( .MILLI., .METRE. ) );
#840 = VECTOR ( 'NONE', #1665, 1000.000000000000000 ) ;
#841 = EDGE_LOOP ( 'NONE', ( #4774, #3582, #2275, #892 ) ) ;
#842 = FACE_OUTER_BOUND ( 'NONE', #918, .T. ) ;
#843 = CARTESIAN_POINT ( 'NONE',  ( 3.302499999999994440, 3.109999999999999876, 0.5400000000000345635 ) ) ;
#844 = CARTESIAN_POINT ( 'NONE',  ( -3.901897608101172477, 2.746914183790395203, -4.540000000000040892 ) ) ;
#845 = DIRECTION ( 'NONE',  ( -0.3420201433256818691, -2.585829393209835743E-15, 0.9396926207859036539 ) ) ;
#846 = ORIENTED_EDGE ( 'NONE', *, *, #1312, .T. ) ;
#847 = EDGE_CURVE ( 'NONE', #2502, #2785, #4376, .T. ) ;
#848 = EDGE_LOOP ( 'NONE', ( #1698, #1814, #163, #4565 ) ) ;
#849 = AXIS2_PLACEMENT_3D ( 'NONE', #4639, #3057, #3920 ) ;
#850 = CARTESIAN_POINT ( 'NONE',  ( 4.522306814035877309, 0.000000000000000000, 4.047500000000047393 ) ) ;
#851 = DIRECTION ( 'NONE',  ( -1.047444401652940007E-14, 0.000000000000000000, 1.000000000000000000 ) ) ;
#852 = DIRECTION ( 'NONE',  ( 1.047444401652940007E-14, 0.000000000000000000, -1.000000000000000000 ) ) ;
#853 = ORIENTED_EDGE ( 'NONE', *, *, #3937, .F. ) ;
#854 = EDGE_LOOP ( 'NONE', ( #2342, #4870, #47, #140 ) ) ;
#855 = DIRECTION ( 'NONE',  ( -7.340941938036420458E-15, 1.000000000000000000, -7.689228535855532732E-29 ) ) ;
#856 = ORIENTED_EDGE ( 'NONE', *, *, #3733, .F. ) ;
#857 = DIRECTION ( 'NONE',  ( 1.000000000000000000, 0.000000000000000000, 9.732322464124589117E-15 ) ) ;
#858 = LINE ( 'NONE', #3613, #2758 ) ;
#859 = CARTESIAN_POINT ( 'NONE',  ( 3.282752125361858120, 3.259999999999999787, 3.080000000000034266 ) ) ;
#860 = CARTESIAN_POINT ( 'NONE',  ( -1.902499999999963887, 5.029999999999999361, -3.427500000000019753 ) ) ;
#861 = CARTESIAN_POINT ( 'NONE',  ( -3.302499999999952252, 5.080000000000000071, -4.568144579752864587 ) ) ;
#862 = LINE ( 'NONE', #4424, #840 ) ;
#863 = ADVANCED_FACE ( 'NONE', ( #2884 ), #4425, .F. ) ;
#864 = DIRECTION ( 'NONE',  ( 0.000000000000000000, 1.000000000000000000, 0.000000000000000000 ) ) ;
#865 = ADVANCED_FACE ( 'NONE', ( #4001 ), #4840, .F. ) ;
#866 = DIRECTION ( 'NONE',  ( -1.047444401652940007E-14, 0.000000000000000000, 1.000000000000000000 ) ) ;
#867 = VERTEX_POINT ( 'NONE', #133 ) ;
#868 = VECTOR ( 'NONE', #3766, 1000.000000000000000 ) ;
#869 = VERTEX_POINT ( 'NONE', #914 ) ;
#870 = FACE_OUTER_BOUND ( 'NONE', #4017, .T. ) ;
#871 = CARTESIAN_POINT ( 'NONE',  ( -3.282752125361869222, 3.259999999999999787, -2.000000000000034195 ) ) ;
#872 = DIRECTION ( 'NONE',  ( 1.000000000000000000, 0.000000000000000000, 1.057648136700345978E-14 ) ) ;
#873 = VECTOR ( 'NONE', #297, 1000.000000000000114 ) ;
#874 = ORIENTED_EDGE ( 'NONE', *, *, #7, .F. ) ;
#875 = STYLED_ITEM ( 'NONE', ( #4897 ), #4339 ) ;
#876 = VERTEX_POINT ( 'NONE', #2477 ) ;
#877 = VECTOR ( 'NONE', #4759, 1000.000000000000000 ) ;
#878 = VERTEX_POINT ( 'NONE', #539 ) ;
#879 = CARTESIAN_POINT ( 'NONE',  ( 3.282752125361884321, 2.959999999999999964, 0.5400000000000343414 ) ) ;
#880 = VECTOR ( 'NONE', #2506, 1000.000000000000000 ) ;
#881 = ORIENTED_EDGE ( 'NONE', *, *, #1648, .F. ) ;
#882 = ORIENTED_EDGE ( 'NONE', *, *, #344, .F. ) ;
#883 = LINE ( 'NONE', #1167, #2874 ) ;
#884 = LINE ( 'NONE', #3915, #2267 ) ;
#885 = DIRECTION ( 'NONE',  ( 1.000000000000000000, 0.000000000000000000, 1.078386335459177736E-14 ) ) ;
#886 = EDGE_CURVE ( 'NONE', #3249, #2324, #3261, .T. ) ;
#887 = DIRECTION ( 'NONE',  ( -0.3420201433256818691, -2.585829393209835743E-15, 0.9396926207859036539 ) ) ;
#888 = DIRECTION ( 'NONE',  ( 0.3420201433256712664, 2.585829393209829826E-15, -0.9396926207859074287 ) ) ;
#889 = CYLINDRICAL_SURFACE ( 'NONE', #1492, 0.2228044079883506334 ) ;
#890 = DIRECTION ( 'NONE',  ( -0.1305261922200629809, -0.9914448613738088278, -1.367189293099805227E-15 ) ) ;
#891 = DIRECTION ( 'NONE',  ( -0.04361938736532974814, -0.9990482215818580203, -4.568888309934562493E-16 ) ) ;
#892 = ORIENTED_EDGE ( 'NONE', *, *, #2830, .T. ) ;
#893 = EDGE_CURVE ( 'NONE', #4822, #4662, #939, .T. ) ;
#894 = EDGE_LOOP ( 'NONE', ( #4309, #551, #117, #3634 ) ) ;
#895 = DIRECTION ( 'NONE',  ( -9.935431025547481714E-15, 0.000000000000000000, 1.000000000000000000 ) ) ;
#896 = DIRECTION ( 'NONE',  ( -1.000000000000000000, 0.000000000000000000, -9.732322464124606472E-15 ) ) ;
#897 = ORIENTED_EDGE ( 'NONE', *, *, #1874, .T. ) ;
#898 = EDGE_CURVE ( 'NONE', #2986, #2657, #991, .T. ) ;
#899 = ORIENTED_EDGE ( 'NONE', *, *, #317, .T. ) ;
#900 = EDGE_LOOP ( 'NONE', ( #4363, #581, #1542, #1153 ) ) ;
#901 = PLANE ( 'NONE',  #2983 ) ;
#902 = VERTEX_POINT ( 'NONE', #2245 ) ;
#903 = ORIENTED_EDGE ( 'NONE', *, *, #1519, .T. ) ;
#904 = DIRECTION ( 'NONE',  ( 1.000000000000000000, 0.000000000000000000, 1.047444401652940007E-14 ) ) ;
#905 = DIRECTION ( 'NONE',  ( -1.047444401652940007E-14, 0.000000000000000000, 1.000000000000000000 ) ) ;
#906 = VECTOR ( 'NONE', #3725, 1000.000000000000000 ) ;
#907 = DIRECTION ( 'NONE',  ( 1.000000000000000000, 0.000000000000000000, 1.047444401652940007E-14 ) ) ;
#908 = VECTOR ( 'NONE', #4122, 1000.000000000000000 ) ;
#909 = CARTESIAN_POINT ( 'NONE',  ( -2.402499999999964331, 5.080000000000000071, -3.427500000000025082 ) ) ;
#910 = DIRECTION ( 'NONE',  ( -0.3420201433256720436, -2.585829393209834165E-15, -0.9396926207859072067 ) ) ;
#911 = DIRECTION ( 'NONE',  ( -0.04361938736532974814, -0.9990482215818580203, -6.274668234748467933E-16 ) ) ;
#912 = EDGE_CURVE ( 'NONE', #2001, #1514, #3434, .T. ) ;
#913 = LINE ( 'NONE', #4690, #2109 ) ;
#914 = CARTESIAN_POINT ( 'NONE',  ( -3.282752125361884321, 3.259999999999999787, -0.5400000000000343414 ) ) ;
#915 = VERTEX_POINT ( 'NONE', #638 ) ;
#916 = VECTOR ( 'NONE', #261, 1000.000000000000000 ) ;
#917 = VECTOR ( 'NONE', #1495, 1000.000000000000000 ) ;
#918 = EDGE_LOOP ( 'NONE', ( #4048, #1092, #3401, #950 ) ) ;
#919 = VECTOR ( 'NONE', #411, 1000.000000000000000 ) ;
#920 = PLANE ( 'NONE',  #398 ) ;
#921 = PLANE ( 'NONE',  #2869 ) ;
#922 = COLOUR_RGB ( '',0.7921568627450980005, 0.8196078431372548767, 0.9333333333333333481 ) ;
#923 = CARTESIAN_POINT ( 'NONE',  ( 3.679305260539854405, 2.737195592011649747, 0.5400000000000384492 ) ) ;
#924 = ORIENTED_EDGE ( 'NONE', *, *, #497, .T. ) ;
#925 = EDGE_LOOP ( 'NONE', ( #41, #1179, #4763, #1440 ) ) ;
#926 = ORIENTED_EDGE ( 'NONE', *, *, #4364, .T. ) ;
#927 = DIRECTION ( 'NONE',  ( -7.340941938036410991E-15, 1.000000000000000000, -7.689228535855522643E-29 ) ) ;
#928 = ADVANCED_FACE ( 'NONE', ( #3025 ), #1863, .F. ) ;
#929 = EDGE_CURVE ( 'NONE', #606, #969, #257, .T. ) ;
#930 = ORIENTED_EDGE ( 'NONE', *, *, #1108, .T. ) ;
#931 = ORIENTED_EDGE ( 'NONE', *, *, #4809, .F. ) ;
#932 = PLANE ( 'NONE',  #2631 ) ;
#933 = DIRECTION ( 'NONE',  ( 1.000000000000000000, 0.000000000000000000, 1.047444401652940007E-14 ) ) ;
#934 = PLANE ( 'NONE',  #3206 ) ;
#935 = CARTESIAN_POINT ( 'NONE',  ( 4.699999999999968203, -7.968885967768460745E-15, 3.080000000000049365 ) ) ;
#936 = LINE ( 'NONE', #1351, #3796 ) ;
#937 = DIRECTION ( 'NONE',  ( -1.788411804456530882E-30, 1.000000000000000000, 1.707404996040165005E-16 ) ) ;
#938 = CARTESIAN_POINT ( 'NONE',  ( 0.000000000000000000, 0.000000000000000000, 0.000000000000000000 ) ) ;
#939 = LINE ( 'NONE', #2501, #4093 ) ;
#940 = EDGE_LOOP ( 'NONE', ( #1362, #4128, #4866, #2886 ) ) ;
#941 = EDGE_LOOP ( 'NONE', ( #3327, #1436, #1496, #2230 ) ) ;
#942 = DIRECTION ( 'NONE',  ( -1.047444401652940007E-14, 0.000000000000000000, 1.000000000000000000 ) ) ;
#943 = DIRECTION ( 'NONE',  ( -1.047444401652940007E-14, 0.000000000000000000, 1.000000000000000000 ) ) ;
#944 = MANIFOLD_SOLID_BREP ( 'NONE', #4084 ) ;
#945 = CARTESIAN_POINT ( 'NONE',  ( -3.282752125361869222, 3.259999999999999787, -2.000000000000034195 ) ) ;
#946 = VECTOR ( 'NONE', #4164, 1000.000000000000000 ) ;
#947 = ORIENTED_EDGE ( 'NONE', *, *, #1885, .T. ) ;
#948 = ORIENTED_EDGE ( 'NONE', *, *, #3756, .F. ) ;
#949 = AXIS2_PLACEMENT_3D ( 'NONE', #1082, #2641, #4181 ) ;
#950 = ORIENTED_EDGE ( 'NONE', *, *, #3408, .F. ) ;
#951 = CARTESIAN_POINT ( 'NONE',  ( 5.149999999999984368, -4.662069341687669855E-15, 1.507500000000054019 ) ) ;
#952 = VECTOR ( 'NONE', #157, 1000.000000000000000 ) ;
#953 = ADVANCED_FACE ( 'NONE', ( #3382 ), #3744, .F. ) ;
#954 = VERTEX_POINT ( 'NONE', #2271 ) ;
#955 = ORIENTED_EDGE ( 'NONE', *, *, #1244, .T. ) ;
#956 = DIRECTION ( 'NONE',  ( -1.000000000000000000, -7.340941938036410991E-15, -1.047444401652940007E-14 ) ) ;
#957 = DIRECTION ( 'NONE',  ( -1.788411804456530882E-30, -1.000000000000000000, 1.707404996040165005E-16 ) ) ;
#958 = AXIS2_PLACEMENT_3D ( 'NONE', #3293, #665, #4845 ) ;
#959 = AXIS2_PLACEMENT_3D ( 'NONE', #2445, #4777, #4392 ) ;
#960 = CARTESIAN_POINT ( 'NONE',  ( -3.679305260539880607, 3.259999999999999787, 1.999999999999961364 ) ) ;
#961 = VECTOR ( 'NONE', #2832, 1000.000000000000000 ) ;
#962 = MANIFOLD_SOLID_BREP ( 'NONE', #3453 ) ;
#963 = CARTESIAN_POINT ( 'NONE',  ( 3.302500000000020641, 3.109999999999999876, -1.999999999999965361 ) ) ;
#964 = AXIS2_PLACEMENT_3D ( 'NONE', #4695, #1595, #1567 ) ;
#965 = CARTESIAN_POINT ( 'NONE',  ( -3.302500000000050839, 3.109999999999999876, 4.827499999999965929 ) ) ;
#966 = FACE_OUTER_BOUND ( 'NONE', #2766, .T. ) ;
#967 = UNCERTAINTY_MEASURE_WITH_UNIT (LENGTH_MEASURE( 1.000000000000000082E-05 ), #4885, 'distance_accuracy_value', 'NONE');
#968 = DIRECTION ( 'NONE',  ( -1.047444401652940007E-14, 0.000000000000000000, 1.000000000000000000 ) ) ;
#969 = VERTEX_POINT ( 'NONE', #3718 ) ;
#970 = ADVANCED_FACE ( 'NONE', ( #615 ), #2168, .F. ) ;
#971 = VERTEX_POINT ( 'NONE', #1144 ) ;
#972 = FACE_OUTER_BOUND ( 'NONE', #4976, .T. ) ;
#973 = LINE ( 'NONE', #3723, #29 ) ;
#974 = LINE ( 'NONE', #3749, #2435 ) ;
#975 = EDGE_LOOP ( 'NONE', ( #2528, #4407, #4129, #2863 ) ) ;
#976 = ORIENTED_EDGE ( 'NONE', *, *, #3408, .T. ) ;
#977 = DIRECTION ( 'NONE',  ( -1.047444401652940007E-14, 0.000000000000000000, 1.000000000000000000 ) ) ;
#978 = EDGE_CURVE ( 'NONE', #4416, #4769, #1913, .T. ) ;
#979 = ADVANCED_FACE ( 'NONE', ( #3135 ), #2375, .F. ) ;
#980 = ORIENTED_EDGE ( 'NONE', *, *, #1199, .F. ) ;
#981 = ORIENTED_EDGE ( 'NONE', *, *, #4476, .F. ) ;
#982 = DIRECTION ( 'NONE',  ( 1.000000000000000000, 0.000000000000000000, 1.070555471053704677E-14 ) ) ;
#983 = CARTESIAN_POINT ( 'NONE',  ( 4.522306814035940370, 0.2999999999999949929, -1.999999999999952704 ) ) ;
#984 = EDGE_CURVE ( 'NONE', #4253, #4871, #1224, .T. ) ;
#985 = CARTESIAN_POINT ( 'NONE',  ( -5.150000000000032330, 0.2999999999999999889, 3.079999999999945892 ) ) ;
#986 = MANIFOLD_SOLID_BREP ( 'NONE', #4588 ) ;
#987 = DIRECTION ( 'NONE',  ( -7.340941938036420458E-15, 1.000000000000000000, -7.689228535855532732E-29 ) ) ;
#988 = DIRECTION ( 'NONE',  ( -1.047444401652940007E-14, 0.000000000000000000, 1.000000000000000000 ) ) ;
#989 = PLANE ( 'NONE',  #2957 ) ;
#990 = EDGE_CURVE ( 'NONE', #414, #1600, #412, .T. ) ;
#991 = LINE ( 'NONE', #2648, #4826 ) ;
#992 = VERTEX_POINT ( 'NONE', #1114 ) ;
#993 = AXIS2_PLACEMENT_3D ( 'NONE', #4523, #4258, #2568 ) ;
#994 = ORIENTED_EDGE ( 'NONE', *, *, #1309, .F. ) ;
#995 = DIRECTION ( 'NONE',  ( -0.9914448613738089389, 0.1305261922200632030, -1.038483369593571416E-14 ) ) ;
#996 = CARTESIAN_POINT ( 'NONE',  ( -3.282752125361922069, 3.259999999999999787, 3.079999999999965432 ) ) ;
#997 = CIRCLE ( 'NONE', #3696, 0.5228044079883501505 ) ;
#998 = AXIS2_PLACEMENT_3D ( 'NONE', #996, #2979, #1842 ) ;
#999 = DIRECTION ( 'NONE',  ( 1.000000000000000000, 0.000000000000000000, 1.057648136700345978E-14 ) ) ;
#1000 = EDGE_LOOP ( 'NONE', ( #60, #4380, #5012, #2529 ) ) ;
#1001 = VERTEX_POINT ( 'NONE', #3867 ) ;
#1002 = VECTOR ( 'NONE', #4707, 1000.000000000000114 ) ;
#1003 = VECTOR ( 'NONE', #1581, 1000.000000000000000 ) ;
#1004 = ORIENTED_EDGE ( 'NONE', *, *, #533, .F. ) ;
#1005 = DIRECTION ( 'NONE',  ( -1.047444401652940007E-14, 0.000000000000000000, 1.000000000000000000 ) ) ;
#1006 = AXIS2_PLACEMENT_3D ( 'NONE', #2470, #3232, #1729 ) ;
#1007 = ORIENTED_EDGE ( 'NONE', *, *, #3471, .F. ) ;
#1008 = VERTEX_POINT ( 'NONE', #2011 ) ;
#1009 = FACE_OUTER_BOUND ( 'NONE', #3622, .T. ) ;
#1010 = CARTESIAN_POINT ( 'NONE',  ( -5.150000000000042988, 0.000000000000000000, 4.047499999999946141 ) ) ;
#1011 = LINE ( 'NONE', #1158, #667 ) ;
#1012 = MANIFOLD_SOLID_BREP ( 'NONE', #835 ) ;
#1013 = DIRECTION ( 'NONE',  ( -1.012444267759178949E-14, 0.1305261922200520452, 0.9914448613738103822 ) ) ;
#1014 = CARTESIAN_POINT ( 'NONE',  ( -1.902499999999963887, 5.080000000000000071, -3.427500000000019753 ) ) ;
#1015 = CARTESIAN_POINT ( 'NONE',  ( 4.522306814035898626, 0.2999999999999954925, 2.000000000000047518 ) ) ;
#1016 = ORIENTED_EDGE ( 'NONE', *, *, #4015, .T. ) ;
#1017 = ORIENTED_EDGE ( 'NONE', *, *, #3839, .T. ) ;
#1018 = EDGE_CURVE ( 'NONE', #1063, #1026, #3492, .T. ) ;
#1019 = EDGE_CURVE ( 'NONE', #1185, #2692, #54, .T. ) ;
#1020 = CARTESIAN_POINT ( 'NONE',  ( -4.522306814035903955, 0.2999999999999954925, -1.507500000000002061 ) ) ;
#1021 = PLANE ( 'NONE',  #4575 ) ;
#1022 = CARTESIAN_POINT ( 'NONE',  ( -4.700000000000032152, -7.692414413784648911E-14, 3.079999999999995630 ) ) ;
#1023 = DIRECTION ( 'NONE',  ( 1.047444401652940007E-14, 0.000000000000000000, -1.000000000000000000 ) ) ;
#1024 = ORIENTED_EDGE ( 'NONE', *, *, #3539, .F. ) ;
#1025 = ORIENTED_EDGE ( 'NONE', *, *, #617, .F. ) ;
#1026 = VERTEX_POINT ( 'NONE', #3105 ) ;
#1027 = FACE_OUTER_BOUND ( 'NONE', #3676, .T. ) ;
#1028 = VERTEX_POINT ( 'NONE', #1172 ) ;
#1029 = AXIS2_PLACEMENT_3D ( 'NONE', #3101, #4573, #1497 ) ;
#1030 = DIRECTION ( 'NONE',  ( 0.3420201433256818691, 2.510750013792655505E-15, -0.9396926207859036539 ) ) ;
#1031 = DIRECTION ( 'NONE',  ( -1.047444401652940007E-14, 0.000000000000000000, 1.000000000000000000 ) ) ;
#1032 = DIRECTION ( 'NONE',  ( 1.000000000000000000, 0.000000000000000000, 1.047444401652940007E-14 ) ) ;
#1033 = CARTESIAN_POINT ( 'NONE',  ( 4.299714466474517494, 0.5130858162095990327, 4.047500000000044729 ) ) ;
#1034 = VECTOR ( 'NONE', #452, 1000.000000000000000 ) ;
#1035 = VECTOR ( 'NONE', #693, 1000.000000000000000 ) ;
#1036 = CARTESIAN_POINT ( 'NONE',  ( -3.679305260539827760, 2.737195592011649747, -3.080000000000038263 ) ) ;
#1037 = DIRECTION ( 'NONE',  ( -0.9990482215818580203, 0.04361938736532974814, -1.046447466677243020E-14 ) ) ;
#1038 = FILL_AREA_STYLE ('',( #333 ) ) ;
#1039 = ADVANCED_FACE ( 'NONE', ( #3917 ), #3540, .T. ) ;
#1040 = VECTOR ( 'NONE', #1489, 1000.000000000000227 ) ;
#1041 = VERTEX_POINT ( 'NONE', #1274 ) ;
#1042 = ORIENTED_EDGE ( 'NONE', *, *, #741, .T. ) ;
#1043 = CARTESIAN_POINT ( 'NONE',  ( -4.522306814035957245, 0.2999999999999954925, 3.572500000000002895 ) ) ;
#1044 = LINE ( 'NONE', #3823, #595 ) ;
#1045 = PLANE ( 'NONE',  #1783 ) ;
#1046 = DIRECTION ( 'NONE',  ( 0.000000000000000000, 1.000000000000000000, 0.000000000000000000 ) ) ;
#1047 = ORIENTED_EDGE ( 'NONE', *, *, #1928, .F. ) ;
#1048 = EDGE_CURVE ( 'NONE', #419, #1415, #2850, .T. ) ;
#1049 = ADVANCED_FACE ( 'NONE', ( #2805 ), #154, .T. ) ;
#1050 = ORIENTED_EDGE ( 'NONE', *, *, #2882, .F. ) ;
#1051 = ORIENTED_EDGE ( 'NONE', *, *, #1428, .T. ) ;
#1052 = DIRECTION ( 'NONE',  ( 0.04361938736532974814, -0.9990482215818580203, 4.568888309934562493E-16 ) ) ;
#1053 = ADVANCED_FACE ( 'NONE', ( #2115 ), #934, .F. ) ;
#1054 = ORIENTED_EDGE ( 'NONE', *, *, #374, .T. ) ;
#1055 = DIRECTION ( 'NONE',  ( -1.047444401652940007E-14, 0.000000000000000000, 1.000000000000000000 ) ) ;
#1056 = ORIENTED_EDGE ( 'NONE', *, *, #1751, .F. ) ;
#1057 = PLANE ( 'NONE',  #4857 ) ;
#1058 =( NAMED_UNIT ( * ) PLANE_ANGLE_UNIT ( ) SI_UNIT ( $, .RADIAN. ) );
#1059 = FACE_OUTER_BOUND ( 'NONE', #4036, .T. ) ;
#1060 = CARTESIAN_POINT ( 'NONE',  ( 3.282752125361869222, 3.259999999999999787, 2.000000000000034195 ) ) ;
#1061 = CARTESIAN_POINT ( 'NONE',  ( -3.282752125361900308, 2.959999999999999964, 0.5399999999999656186 ) ) ;
#1062 = FACE_OUTER_BOUND ( 'NONE', #1533, .T. ) ;
#1063 = VERTEX_POINT ( 'NONE', #561 ) ;
#1064 = ADVANCED_FACE ( 'NONE', ( #1349 ), #4393, .T. ) ;
#1065 = ORIENTED_EDGE ( 'NONE', *, *, #3528, .F. ) ;
#1066 = EDGE_CURVE ( 'NONE', #3096, #320, #2900, .T. ) ;
#1067 = CARTESIAN_POINT ( 'NONE',  ( -3.901897608101251969, 2.746914183790395203, 3.079999999999959215 ) ) ;
#1068 = DIRECTION ( 'NONE',  ( 0.000000000000000000, 1.000000000000000000, 0.000000000000000000 ) ) ;
#1069 = CARTESIAN_POINT ( 'NONE',  ( -2.402499999999964331, 5.029999999999999361, -3.427500000000025082 ) ) ;
#1070 = DIRECTION ( 'NONE',  ( 0.000000000000000000, 1.000000000000000000, 0.000000000000000000 ) ) ;
#1071 = ORIENTED_EDGE ( 'NONE', *, *, #2831, .T. ) ;
#1072 = CIRCLE ( 'NONE', #4081, 0.2228044079883509943 ) ;
#1073 = VERTEX_POINT ( 'NONE', #3615 ) ;
#1074 = VECTOR ( 'NONE', #3377, 1000.000000000000000 ) ;
#1075 = ORIENTED_EDGE ( 'NONE', *, *, #4745, .T. ) ;
#1076 = VECTOR ( 'NONE', #4681, 1000.000000000000000 ) ;
#1077 = VECTOR ( 'NONE', #3863, 1000.000000000000000 ) ;
#1078 = VERTEX_POINT ( 'NONE', #960 ) ;
#1079 = CARTESIAN_POINT ( 'NONE',  ( -4.299714466474580554, 0.5130858162095990327, 1.999999999999954925 ) ) ;
#1080 = EDGE_CURVE ( 'NONE', #4283, #309, #4833, .T. ) ;
#1081 = VERTEX_POINT ( 'NONE', #4041 ) ;
#1082 = CARTESIAN_POINT ( 'NONE',  ( -4.522306814035940370, 0.5228044079883460427, 1.999999999999952704 ) ) ;
#1083 = PRESENTATION_LAYER_ASSIGNMENT (  '', '', ( #444 ) ) ;
#1084 = ADVANCED_FACE ( 'NONE', ( #2140 ), #101, .T. ) ;
#1085 = VECTOR ( 'NONE', #3283, 1000.000000000000000 ) ;
#1086 = CARTESIAN_POINT ( 'NONE',  ( 4.699999999999993960, -7.968885967768460745E-15, 0.5400000000000492184 ) ) ;
#1087 = DIRECTION ( 'NONE',  ( 1.047444401652940007E-14, 0.000000000000000000, -1.000000000000000000 ) ) ;
#1088 = DIRECTION ( 'NONE',  ( -0.3420201433256728207, -2.585829393209836137E-15, -0.9396926207859068736 ) ) ;
#1089 = CARTESIAN_POINT ( 'NONE',  ( 5.149999999999989697, -4.662069341687669855E-15, 1.032500000000053930 ) ) ;
#1090 = ORIENTED_EDGE ( 'NONE', *, *, #2730, .F. ) ;
#1091 = ADVANCED_FACE ( 'NONE', ( #3184 ), #4021, .T. ) ;
#1092 = ORIENTED_EDGE ( 'NONE', *, *, #4015, .F. ) ;
#1093 = VERTEX_POINT ( 'NONE', #1684 ) ;
#1094 = LINE ( 'NONE', #3415, #2754 ) ;
#1095 = CARTESIAN_POINT ( 'NONE',  ( -3.901897608101225767, 2.746914183790395203, 0.5399999999999591793 ) ) ;
#1096 = CARTESIAN_POINT ( 'NONE',  ( -4.522306814035908396, -4.662069341687669855E-15, -2.000000000000047518 ) ) ;
#1097 = CARTESIAN_POINT ( 'NONE',  ( -5.149999999999952394, -5.421010862427519705E-17, -4.540000000000053326 ) ) ;
#1098 = ORIENTED_EDGE ( 'NONE', *, *, #1360, .F. ) ;
#1099 = ORIENTED_EDGE ( 'NONE', *, *, #1124, .T. ) ;
#1100 = FILL_AREA_STYLE ('',( #3041 ) ) ;
#1101 = CARTESIAN_POINT ( 'NONE',  ( -4.700000000000006395, -7.692414413784648911E-14, 0.5399999999999977041 ) ) ;
#1102 = CARTESIAN_POINT ( 'NONE',  ( 3.901897608101188020, 2.746914183790395203, 3.080000000000040483 ) ) ;
#1103 = ORIENTED_EDGE ( 'NONE', *, *, #277, .T. ) ;
#1104 = CARTESIAN_POINT ( 'NONE',  ( -5.150000000000042988, 5.080000000000000071, 4.047499999999946141 ) ) ;
#1105 = ORIENTED_EDGE ( 'NONE', *, *, #3539, .T. ) ;
#1106 = DIRECTION ( 'NONE',  ( 0.9990482215818580203, 0.04361938736532974814, 1.046447466677243020E-14 ) ) ;
#1107 = SURFACE_STYLE_FILL_AREA ( #3405 ) ;
#1108 = EDGE_CURVE ( 'NONE', #2841, #915, #1634, .T. ) ;
#1109 = VECTOR ( 'NONE', #4316, 1000.000000000000000 ) ;
#1110 = DIRECTION ( 'NONE',  ( -1.000000000000000000, 1.093626126041279919E-15, -1.047444401652940007E-14 ) ) ;
#1111 = DIRECTION ( 'NONE',  ( 7.340941938036420458E-15, -1.000000000000000000, 7.689228535855532732E-29 ) ) ;
#1112 = DIRECTION ( 'NONE',  ( 1.000000000000000000, 0.000000000000000000, 1.040834085586084257E-14 ) ) ;
#1113 = AXIS2_PLACEMENT_3D ( 'NONE', #455, #1392, #602 ) ;
#1114 = CARTESIAN_POINT ( 'NONE',  ( -3.999999999999994227, 0.5000000000000000000, -0.5400000000000418909 ) ) ;
#1115 = ADVANCED_FACE ( 'NONE', ( #534 ), #2421, .F. ) ;
#1116 = AXIS2_PLACEMENT_3D ( 'NONE', #2920, #4469, #4412 ) ;
#1117 = ORIENTED_EDGE ( 'NONE', *, *, #893, .T. ) ;
#1118 = VERTEX_POINT ( 'NONE', #3968 ) ;
#1119 = VECTOR ( 'NONE', #255, 1000.000000000000114 ) ;
#1120 = ORIENTED_EDGE ( 'NONE', *, *, #3977, .T. ) ;
#1121 = CARTESIAN_POINT ( 'NONE',  ( -5.150000000000015454, -8.023096076392729025E-14, 1.507499999999996065 ) ) ;
#1122 = CARTESIAN_POINT ( 'NONE',  ( -3.302500000000032188, 3.109999999999999876, 3.079999999999964988 ) ) ;
#1123 = DIRECTION ( 'NONE',  ( -1.047444401652940007E-14, 0.000000000000000000, 1.000000000000000000 ) ) ;
#1124 = EDGE_CURVE ( 'NONE', #361, #1078, #486, .T. ) ;
#1125 = CARTESIAN_POINT ( 'NONE',  ( -3.302500000000005542, 3.109999999999999876, 0.5399999999999653966 ) ) ;
#1126 = VECTOR ( 'NONE', #4668, 1000.000000000000000 ) ;
#1127 = ORIENTED_EDGE ( 'NONE', *, *, #1648, .T. ) ;
#1128 = VERTEX_POINT ( 'NONE', #2824 ) ;
#1129 = VECTOR ( 'NONE', #1031, 1000.000000000000000 ) ;
#1130 = DIRECTION ( 'NONE',  ( 0.04361938736532974814, -0.9990482215818580203, 2.863108385120657547E-16 ) ) ;
#1131 = PLANE ( 'NONE',  #3516 ) ;
#1132 = CIRCLE ( 'NONE', #566, 0.5228044079883513717 ) ;
#1133 = SURFACE_STYLE_FILL_AREA ( #3043 ) ;
#1134 = EDGE_LOOP ( 'NONE', ( #1173, #3709, #1534, #4178 ) ) ;
#1135 = DIRECTION ( 'NONE',  ( -1.000000000000000000, 0.000000000000000000, -1.047444401652940007E-14 ) ) ;
#1136 = EDGE_CURVE ( 'NONE', #3268, #3309, #4369, .T. ) ;
#1137 = ORIENTED_EDGE ( 'NONE', *, *, #3459, .F. ) ;
#1138 = EDGE_CURVE ( 'NONE', #1340, #4283, #2064, .T. ) ;
#1139 = DIRECTION ( 'NONE',  ( 1.000000000000000000, 7.208134458441179128E-15, -7.382095854902012180E-16 ) ) ;
#1140 = FACE_OUTER_BOUND ( 'NONE', #4601, .T. ) ;
#1141 = CARTESIAN_POINT ( 'NONE',  ( -4.201612074575742817, 2.759999999999999787, -3.080000000000043592 ) ) ;
#1142 = DIRECTION ( 'NONE',  ( 0.000000000000000000, 1.000000000000000000, 0.000000000000000000 ) ) ;
#1143 = EDGE_CURVE ( 'NONE', #805, #218, #3637, .T. ) ;
#1144 = CARTESIAN_POINT ( 'NONE',  ( 3.302499999999967795, 3.109999999999999876, 3.080000000000034710 ) ) ;
#1145 = EDGE_LOOP ( 'NONE', ( #897, #4385, #2759, #217 ) ) ;
#1146 = ORIENTED_EDGE ( 'NONE', *, *, #3458, .T. ) ;
#1147 = VERTEX_POINT ( 'NONE', #4501 ) ;
#1148 = CARTESIAN_POINT ( 'NONE',  ( -5.150000000000010125, -8.023096076392729025E-14, 1.032499999999999973 ) ) ;
#1149 = LINE ( 'NONE', #1968, #3601 ) ;
#1150 = EDGE_CURVE ( 'NONE', #4584, #2574, #1072, .T. ) ;
#1151 = DIRECTION ( 'NONE',  ( -1.000000000000000000, 7.340941938036410991E-15, -1.047444401652940007E-14 ) ) ;
#1152 = DIRECTION ( 'NONE',  ( 0.9396926207859072067, 6.898228968790581041E-15, -0.3420201433256719881 ) ) ;
#1153 = ORIENTED_EDGE ( 'NONE', *, *, #4636, .T. ) ;
#1154 = VERTEX_POINT ( 'NONE', #2164 ) ;
#1155 = CARTESIAN_POINT ( 'NONE',  ( -5.149999999999979039, -5.421010862427519705E-17, -2.000000000000053735 ) ) ;
#1156 = DIRECTION ( 'NONE',  ( -0.1305261922200520452, 0.9914448613738103822, -1.367189293099690448E-15 ) ) ;
#1157 =( LENGTH_UNIT ( ) NAMED_UNIT ( * ) SI_UNIT ( .MILLI., .METRE. ) );
#1158 = CARTESIAN_POINT ( 'NONE',  ( 4.522306814035929712, 0.2999999999999949929, -1.032499999999952678 ) ) ;
#1159 = VECTOR ( 'NONE', #2927, 1000.000000000000000 ) ;
#1160 = ORIENTED_EDGE ( 'NONE', *, *, #380, .T. ) ;
#1161 = CARTESIAN_POINT ( 'NONE',  ( 3.302499999999949143, 3.109999999999999876, 4.827500000000035207 ) ) ;
#1162 = ORIENTED_EDGE ( 'NONE', *, *, #1223, .T. ) ;
#1163 = FACE_OUTER_BOUND ( 'NONE', #3008, .T. ) ;
#1164 = AXIS2_PLACEMENT_3D ( 'NONE', #3172, #2788, #1643 ) ;
#1165 = VECTOR ( 'NONE', #4292, 1000.000000000000000 ) ;
#1166 = AXIS2_PLACEMENT_3D ( 'NONE', #1954, #3127, #2691 ) ;
#1167 = CARTESIAN_POINT ( 'NONE',  ( -3.901897608101172477, 2.746914183790395203, -4.540000000000040892 ) ) ;
#1168 = CARTESIAN_POINT ( 'NONE',  ( -3.679305260539812217, 3.259999999999999787, -4.540000000000038227 ) ) ;
#1169 = CARTESIAN_POINT ( 'NONE',  ( 4.879255340376120742, -6.613633252161579414E-15, -1.032499999999948903 ) ) ;
#1170 = DIRECTION ( 'NONE',  ( -0.04361938736532974814, -0.9990482215818580203, -4.568888309934562493E-16 ) ) ;
#1171 = UNCERTAINTY_MEASURE_WITH_UNIT (LENGTH_MEASURE( 1.000000000000000082E-05 ), #2778, 'distance_accuracy_value', 'NONE');
#1172 = CARTESIAN_POINT ( 'NONE',  ( -4.201612074575732159, 2.759999999999999787, -4.047500000000043840 ) ) ;
#1173 = ORIENTED_EDGE ( 'NONE', *, *, #4420, .F. ) ;
#1174 = CARTESIAN_POINT ( 'NONE',  ( 3.679305260539827760, 2.737195592011649747, 3.080000000000038263 ) ) ;
#1175 = DIRECTION ( 'NONE',  ( -1.047444401652940007E-14, 0.000000000000000000, 1.000000000000000000 ) ) ;
#1176 = DIRECTION ( 'NONE',  ( 0.000000000000000000, 1.000000000000000000, 0.000000000000000000 ) ) ;
#1177 = CARTESIAN_POINT ( 'NONE',  ( -4.522306814035961686, -4.662069341687669855E-15, 3.079999999999952554 ) ) ;
#1178 = CARTESIAN_POINT ( 'NONE',  ( 3.282752125361858120, 3.259999999999999787, 3.080000000000034266 ) ) ;
#1179 = ORIENTED_EDGE ( 'NONE', *, *, #2029, .T. ) ;
#1180 = EDGE_CURVE ( 'NONE', #3437, #2564, #253, .T. ) ;
#1181 = VERTEX_POINT ( 'NONE', #2592 ) ;
#1182 = SURFACE_STYLE_FILL_AREA ( #1100 ) ;
#1183 = LINE ( 'NONE', #728, #1975 ) ;
#1184 = DIRECTION ( 'NONE',  ( 0.000000000000000000, 1.000000000000000000, 0.000000000000000000 ) ) ;
#1185 = VERTEX_POINT ( 'NONE', #1806 ) ;
#1186 = ORIENTED_EDGE ( 'NONE', *, *, #679, .T. ) ;
#1187 = EDGE_LOOP ( 'NONE', ( #662, #1127, #4219, #3680, #1821, #1947, #4141, #1587 ) ) ;
#1188 = LINE ( 'NONE', #4311, #2664 ) ;
#1189 = EDGE_CURVE ( 'NONE', #1772, #4871, #2240, .T. ) ;
#1190 = CARTESIAN_POINT ( 'NONE',  ( -1.402499999999964109, 5.029999999999999361, -3.427500000000014868 ) ) ;
#1191 = DIRECTION ( 'NONE',  ( -9.935431025547481714E-15, 0.000000000000000000, 1.000000000000000000 ) ) ;
#1192 = CARTESIAN_POINT ( 'NONE',  ( 3.679305260539892153, 2.737195592011649747, -3.079999999999961435 ) ) ;
#1193 = LINE ( 'NONE', #50, #31 ) ;
#1194 = VECTOR ( 'NONE', #180, 1000.000000000000114 ) ;
#1195 = DIRECTION ( 'NONE',  ( -1.047444401652940007E-14, 0.000000000000000000, 1.000000000000000000 ) ) ;
#1196 = VECTOR ( 'NONE', #2415, 1000.000000000000114 ) ;
#1197 = FACE_OUTER_BOUND ( 'NONE', #2352, .T. ) ;
#1198 = DIRECTION ( 'NONE',  ( -1.047444401652940007E-14, 0.000000000000000000, 1.000000000000000000 ) ) ;
#1199 = EDGE_CURVE ( 'NONE', #1297, #4120, #3787, .T. ) ;
#1200 = DIRECTION ( 'NONE',  ( -0.3420201433256818691, -2.585829393209835743E-15, 0.9396926207859036539 ) ) ;
#1201 = CARTESIAN_POINT ( 'NONE',  ( -4.700000000000020606, -7.692414413784648911E-14, 1.999999999999995781 ) ) ;
#1202 = ORIENTED_EDGE ( 'NONE', *, *, #3175, .T. ) ;
#1203 = COLOUR_RGB ( '',0.7921568627450980005, 0.8196078431372548767, 0.9333333333333333481 ) ;
#1204 = AXIS2_PLACEMENT_3D ( 'NONE', #2935, #1841, #2171 ) ;
#1205 = ORIENTED_EDGE ( 'NONE', *, *, #2613, .T. ) ;
#1206 = CARTESIAN_POINT ( 'NONE',  ( -4.522306814035881750, -4.662069341687669855E-15, -4.540000000000047109 ) ) ;
#1207 = FACE_OUTER_BOUND ( 'NONE', #3610, .T. ) ;
#1208 = AXIS2_PLACEMENT_3D ( 'NONE', #1177, #2655, #1151 ) ;
#1209 = AXIS2_PLACEMENT_3D ( 'NONE', #432, #1656, #2398 ) ;
#1210 = ADVANCED_FACE ( 'NONE', ( #656 ), #3303, .F. ) ;
#1211 = EDGE_CURVE ( 'NONE', #2818, #747, #3919, .T. ) ;
#1212 = VECTOR ( 'NONE', #105, 1000.000000000000000 ) ;
#1213 = VECTOR ( 'NONE', #4227, 1000.000000000000114 ) ;
#1214 = ORIENTED_EDGE ( 'NONE', *, *, #175, .T. ) ;
#1215 = EDGE_CURVE ( 'NONE', #3011, #3698, #2970, .T. ) ;
#1216 = ORIENTED_EDGE ( 'NONE', *, *, #3175, .F. ) ;
#1217 = LINE ( 'NONE', #2774, #2825 ) ;
#1218 = EDGE_CURVE ( 'NONE', #576, #3698, #1011, .T. ) ;
#1219 = VECTOR ( 'NONE', #2454, 1000.000000000000000 ) ;
#1220 = DIRECTION ( 'NONE',  ( -0.04361938736532974814, -0.9990482215818580203, -4.568888309934562493E-16 ) ) ;
#1221 = DIRECTION ( 'NONE',  ( -1.000000000000000000, 0.000000000000000000, -1.070555471053706728E-14 ) ) ;
#1222 = CARTESIAN_POINT ( 'NONE',  ( 4.522306814035887967, 0.5228044079883460427, 3.080000000000047145 ) ) ;
#1223 = EDGE_CURVE ( 'NONE', #4608, #2514, #3597, .T. ) ;
#1224 = LINE ( 'NONE', #1506, #4414 ) ;
#1225 = DIRECTION ( 'NONE',  ( -1.093626126041270058E-15, 1.000000000000000000, -1.145512563223320936E-29 ) ) ;
#1226 = DIRECTION ( 'NONE',  ( 0.3420201433256622181, 0.000000000000000000, 0.9396926207859107594 ) ) ;
#1227 = CARTESIAN_POINT ( 'NONE',  ( -3.901897608101240866, 2.746914183790395203, 1.999999999999959366 ) ) ;
#1228 = DIRECTION ( 'NONE',  ( 0.1305261922200462166, -0.9914448613738110483, 1.367189293099629508E-15 ) ) ;
#1229 = DIRECTION ( 'NONE',  ( -0.3420201433256717660, 2.481211778336194548E-15, 0.9396926207859073177 ) ) ;
#1230 = ORIENTED_EDGE ( 'NONE', *, *, #4487, .F. ) ;
#1231 = EDGE_CURVE ( 'NONE', #1078, #4327, #3740, .T. ) ;
#1232 = ORIENTED_EDGE ( 'NONE', *, *, #3616, .F. ) ;
#1233 = EDGE_CURVE ( 'NONE', #2834, #4922, #4135, .T. ) ;
#1234 = LINE ( 'NONE', #542, #3624 ) ;
#1235 = DIRECTION ( 'NONE',  ( 0.9990482215818580203, -0.04361938736533049754, 1.046447466677243020E-14 ) ) ;
#1236 = LINE ( 'NONE', #4353, #4370 ) ;
#1237 = VERTEX_POINT ( 'NONE', #4111 ) ;
#1238 = EDGE_LOOP ( 'NONE', ( #4725, #1242, #69, #4457 ) ) ;
#1239 = LINE ( 'NONE', #480, #3310 ) ;
#1240 = VECTOR ( 'NONE', #2963, 1000.000000000000000 ) ;
#1241 = EDGE_CURVE ( 'NONE', #1479, #2843, #1485, .T. ) ;
#1242 = ORIENTED_EDGE ( 'NONE', *, *, #1900, .F. ) ;
#1243 = LINE ( 'NONE', #3992, #1076 ) ;
#1244 = EDGE_CURVE ( 'NONE', #3249, #1001, #3761, .T. ) ;
#1245 = VECTOR ( 'NONE', #887, 1000.000000000000000 ) ;
#1247 = AXIS2_PLACEMENT_3D ( 'NONE', #2555, #285, #1432 ) ;
#1246 = CARTESIAN_POINT ( 'NONE',  ( -3.679305260539892153, 2.737195592011649747, 3.079999999999961435 ) ) ;
#1248 = DIRECTION ( 'NONE',  ( 0.9990482215818580203, -0.04361938736533049754, 1.046447466677243020E-14 ) ) ;
#1249 = VECTOR ( 'NONE', #4338, 1000.000000000000000 ) ;
#1250 = VECTOR ( 'NONE', #3132, 1000.000000000000000 ) ;
#1251 = CARTESIAN_POINT ( 'NONE',  ( -4.522306814035898626, 0.2999999999999954925, -2.000000000000047518 ) ) ;
#1252 = LINE ( 'NONE', #2040, #2987 ) ;
#1253 = PLANE ( 'NONE',  #1416 ) ;
#1254 = LINE ( 'NONE', #2783, #3892 ) ;
#1255 =( GEOMETRIC_REPRESENTATION_CONTEXT ( 3 ) GLOBAL_UNCERTAINTY_ASSIGNED_CONTEXT ( ( #1171 ) ) GLOBAL_UNIT_ASSIGNED_CONTEXT ( ( #2778, #1963, #1585 ) ) REPRESENTATION_CONTEXT ( 'NONE', 'WORKASPACE' ) );
#1256 = DIRECTION ( 'NONE',  ( 1.000000000000000000, 0.000000000000000000, 1.057648136700348344E-14 ) ) ;
#1257 = ORIENTED_EDGE ( 'NONE', *, *, #3380, .F. ) ;
#1258 = ADVANCED_FACE ( 'NONE', ( #631 ), #3689, .F. ) ;
#1259 = ORIENTED_EDGE ( 'NONE', *, *, #1215, .T. ) ;
#1260 = AXIS2_PLACEMENT_3D ( 'NONE', #462, #102, #3995 ) ;
#1261 = CARTESIAN_POINT ( 'NONE',  ( -5.149999999999957723, 5.080000000000000071, -4.047500000000053610 ) ) ;
#1262 = DIRECTION ( 'NONE',  ( -0.3420201433256621626, -2.510750013792655111E-15, -0.9396926207859106484 ) ) ;
#1263 = DIRECTION ( 'NONE',  ( 7.340941938036420458E-15, -1.000000000000000000, 7.689228535855532732E-29 ) ) ;
#1264 = ORIENTED_EDGE ( 'NONE', *, *, #713, .T. ) ;
#1265 = ORIENTED_EDGE ( 'NONE', *, *, #1244, .F. ) ;
#1266 = VERTEX_POINT ( 'NONE', #1760 ) ;
#1267 = LINE ( 'NONE', #3583, #67 ) ;
#1268 = ORIENTED_EDGE ( 'NONE', *, *, #2742, .F. ) ;
#1269 = ORIENTED_EDGE ( 'NONE', *, *, #2677, .F. ) ;
#1270 = DIRECTION ( 'NONE',  ( 1.000000000000000000, 0.000000000000000000, 1.047444401652940007E-14 ) ) ;
#1271 = CARTESIAN_POINT ( 'NONE',  ( -3.901897608101177362, 2.746914183790395203, -4.047500000000040288 ) ) ;
#1272 = ADVANCED_FACE ( 'NONE', ( #4856 ), #275, .F. ) ;
#1273 = ADVANCED_FACE ( 'NONE', ( #1059 ), #1377, .F. ) ;
#1274 = CARTESIAN_POINT ( 'NONE',  ( -5.150000000000042988, 0.2999999999999999889, 4.047499999999946141 ) ) ;
#1275 = CARTESIAN_POINT ( 'NONE',  ( -3.302500000000005542, 3.109999999999999876, 0.5399999999999653966 ) ) ;
#1276 = CARTESIAN_POINT ( 'NONE',  ( -5.149999999999989697, -8.023096076392729025E-14, -1.032500000000003970 ) ) ;
#1277 = CARTESIAN_POINT ( 'NONE',  ( 3.043144579752877998, 5.080000000000000071, -4.568144579752797085 ) ) ;
#1278 = DIRECTION ( 'NONE',  ( 0.1305261922200629809, 0.9914448613738088278, 1.197909502139006073E-15 ) ) ;
#1279 = CARTESIAN_POINT ( 'NONE',  ( -2.402499999999964331, 5.029999999999999361, -3.427500000000025082 ) ) ;
#1280 = ORIENTED_EDGE ( 'NONE', *, *, #4118, .T. ) ;
#1281 = ADVANCED_FACE ( 'NONE', ( #2612 ), #1951, .F. ) ;
#1282 = VECTOR ( 'NONE', #4498, 1000.000000000000000 ) ;
#1283 = EDGE_LOOP ( 'NONE', ( #1050, #826, #955, #1811 ) ) ;
#1284 = CARTESIAN_POINT ( 'NONE',  ( 4.522306814035961686, -4.662069341687669855E-15, -3.079999999999952554 ) ) ;
#1285 = LINE ( 'NONE', #2838, #908 ) ;
#1286 = ADVANCED_FACE ( 'NONE', ( #3881 ), #2339, .F. ) ;
#1287 = CARTESIAN_POINT ( 'NONE',  ( 4.522306814035908396, -4.662069341687669855E-15, 2.000000000000047518 ) ) ;
#1288 = PRESENTATION_LAYER_ASSIGNMENT (  '', '', ( #632 ) ) ;
#1289 = VERTEX_POINT ( 'NONE', #1795 ) ;
#1290 = VECTOR ( 'NONE', #773, 1000.000000000000000 ) ;
#1291 = ORIENTED_EDGE ( 'NONE', *, *, #4898, .T. ) ;
#1292 = ORIENTED_EDGE ( 'NONE', *, *, #4341, .T. ) ;
#1293 = FILL_AREA_STYLE_COLOUR ( '', #68 ) ;
#1294 = VECTOR ( 'NONE', #3592, 1000.000000000000000 ) ;
#1295 = VECTOR ( 'NONE', #531, 1000.000000000000000 ) ;
#1296 = VERTEX_POINT ( 'NONE', #3367 ) ;
#1297 = VERTEX_POINT ( 'NONE', #2981 ) ;
#1298 = EDGE_CURVE ( 'NONE', #2867, #1332, #3837, .T. ) ;
#1299 = FACE_OUTER_BOUND ( 'NONE', #426, .T. ) ;
#1300 = CARTESIAN_POINT ( 'NONE',  ( 3.679305260539892153, 2.959999999999999964, -3.079999999999961435 ) ) ;
#1301 = CARTESIAN_POINT ( 'NONE',  ( -3.679305260539827760, 2.737195592011649747, -3.080000000000038263 ) ) ;
#1302 = CARTESIAN_POINT ( 'NONE',  ( 3.302499999999978897, 3.109999999999999876, 2.000000000000034639 ) ) ;
#1303 = LINE ( 'NONE', #3235, #877 ) ;
#1304 = CARTESIAN_POINT ( 'NONE',  ( -4.879255340376110972, -7.827939685345339489E-14, 1.032499999999998863 ) ) ;
#1305 = CARTESIAN_POINT ( 'NONE',  ( -4.299714466474512164, 0.5130858162095990327, -4.540000000000044444 ) ) ;
#1306 = DIRECTION ( 'NONE',  ( -1.000000000000000000, -1.093626126041270058E-15, -1.047444401652940007E-14 ) ) ;
#1307 = EDGE_LOOP ( 'NONE', ( #3447, #3068, #1315, #2846, #4823, #994, #1677, #2764 ) ) ;
#1308 = VERTEX_POINT ( 'NONE', #4590 ) ;
#1309 = EDGE_CURVE ( 'NONE', #4517, #4495, #316, .T. ) ;
#1310 = CARTESIAN_POINT ( 'NONE',  ( -4.522306814035962574, 0.2999999999999954925, 4.047499999999952358 ) ) ;
#1311 = LINE ( 'NONE', #4005, #4661 ) ;
#1312 = EDGE_CURVE ( 'NONE', #606, #869, #1891, .T. ) ;
#1313 = CARTESIAN_POINT ( 'NONE',  ( -4.700000000000006395, -7.692414413784648911E-14, 0.5399999999999977041 ) ) ;
#1314 = EDGE_LOOP ( 'NONE', ( #375, #363, #639, #3342 ) ) ;
#1315 = ORIENTED_EDGE ( 'NONE', *, *, #4961, .F. ) ;
#1316 = EDGE_LOOP ( 'NONE', ( #1780, #1355, #1981, #1280 ) ) ;
#1317 = CARTESIAN_POINT ( 'NONE',  ( 4.000000000000021316, 0.5000000000000000000, -1.999999999999958034 ) ) ;
#1318 = ORIENTED_EDGE ( 'NONE', *, *, #2241, .F. ) ;
#1319 = VERTEX_POINT ( 'NONE', #1125 ) ;
#1320 = LINE ( 'NONE', #2162, #78 ) ;
#1321 = LINE ( 'NONE', #532, #1771 ) ;
#1322 = VECTOR ( 'NONE', #1156, 1000.000000000000000 ) ;
#1323 = CARTESIAN_POINT ( 'NONE',  ( 4.879255340376125183, -6.613633252161579414E-15, -1.507499999999948770 ) ) ;
#1324 = VECTOR ( 'NONE', #1590, 1000.000000000000000 ) ;
#1325 = CARTESIAN_POINT ( 'NONE',  ( -3.679305260539827760, 2.737195592011649747, -3.080000000000038263 ) ) ;
#1326 = LINE ( 'NONE', #3742, #1119 ) ;
#1327 = FACE_OUTER_BOUND ( 'NONE', #2096, .T. ) ;
#1328 = DIRECTION ( 'NONE',  ( -1.000000000000000000, -1.994933077530910030E-15, -1.047444401652940007E-14 ) ) ;
#1329 = ORIENTED_EDGE ( 'NONE', *, *, #3999, .T. ) ;
#1330 = VECTOR ( 'NONE', #1088, 1000.000000000000114 ) ;
#1331 = AXIS2_PLACEMENT_3D ( 'NONE', #1690, #2833, #1328 ) ;
#1332 = VERTEX_POINT ( 'NONE', #4615 ) ;
#1333 = AXIS2_PLACEMENT_3D ( 'NONE', #2898, #4039, #982 ) ;
#1334 = CARTESIAN_POINT ( 'NONE',  ( 4.879255340376147387, -6.613633252161579414E-15, -3.572499999999949161 ) ) ;
#1335 = LINE ( 'NONE', #3956, #4982 ) ;
#1336 = VECTOR ( 'NONE', #4757, 1000.000000000000000 ) ;
#1337 = CARTESIAN_POINT ( 'NONE',  ( -5.149999999999984368, -8.023096076392729025E-14, -1.507499999999998952 ) ) ;
#1338 = EDGE_CURVE ( 'NONE', #4056, #5032, #4175, .T. ) ;
#1339 = CLOSED_SHELL ( 'NONE', ( #4850, #1720, #1748, #2715 ) ) ;
#1340 = VERTEX_POINT ( 'NONE', #242 ) ;
#1341 = ORIENTED_EDGE ( 'NONE', *, *, #4636, .F. ) ;
#1342 = ORIENTED_EDGE ( 'NONE', *, *, #814, .F. ) ;
#1343 = FILL_AREA_STYLE ('',( #1293 ) ) ;
#1344 = VERTEX_POINT ( 'NONE', #1483 ) ;
#1345 = ORIENTED_EDGE ( 'NONE', *, *, #2416, .T. ) ;
#1346 = DIRECTION ( 'NONE',  ( -1.047444401652940007E-14, 0.000000000000000000, 1.000000000000000000 ) ) ;
#1347 = DIRECTION ( 'NONE',  ( -1.047444401652940007E-14, 0.000000000000000000, 1.000000000000000000 ) ) ;
#1348 = ADVANCED_FACE ( 'NONE', ( #2602 ), #3340, .T. ) ;
#1349 = FACE_OUTER_BOUND ( 'NONE', #3413, .T. ) ;
#1350 = CARTESIAN_POINT ( 'NONE',  ( -4.522306814035925271, 0.5228044079883460427, 0.5399999999999526290 ) ) ;
#1351 = CARTESIAN_POINT ( 'NONE',  ( 3.282752125361937612, 3.259999999999999787, -4.539999999999965397 ) ) ;
#1352 = LINE ( 'NONE', #4480, #674 ) ;
#1353 = CARTESIAN_POINT ( 'NONE',  ( -5.149999999999957723, -5.421010862427519705E-17, -4.047500000000053610 ) ) ;
#1354 = ORIENTED_EDGE ( 'NONE', *, *, #4195, .T. ) ;
#1355 = ORIENTED_EDGE ( 'NONE', *, *, #1685, .F. ) ;
#1356 = EDGE_CURVE ( 'NONE', #124, #2857, #1434, .T. ) ;
#1357 = DIRECTION ( 'NONE',  ( -1.000000000000000000, 7.254577915235990126E-15, 7.382095854902012180E-16 ) ) ;
#1358 = DIRECTION ( 'NONE',  ( -1.047444401652940007E-14, 0.000000000000000000, 1.000000000000000000 ) ) ;
#1359 = DIRECTION ( 'NONE',  ( 1.000000000000000000, 7.208134458441179128E-15, 8.635980719411701686E-16 ) ) ;
#1360 = EDGE_CURVE ( 'NONE', #3190, #2603, #4920, .T. ) ;
#1361 = AXIS2_PLACEMENT_3D ( 'NONE', #3256, #3278, #1422 ) ;
#1362 = ORIENTED_EDGE ( 'NONE', *, *, #4542, .T. ) ;
#1363 = ADVANCED_FACE ( 'NONE', ( #3007 ), #4892, .F. ) ;
#1364 = AXIS2_PLACEMENT_3D ( 'NONE', #1443, #1106, #4209 ) ;
#1365 = ORIENTED_EDGE ( 'NONE', *, *, #4973, .T. ) ;
#1366 = FACE_OUTER_BOUND ( 'NONE', #2701, .T. ) ;
#1367 =( NAMED_UNIT ( * ) SI_UNIT ( $, .STERADIAN. ) SOLID_ANGLE_UNIT ( ) );
#1368 =( GEOMETRIC_REPRESENTATION_CONTEXT ( 3 ) GLOBAL_UNCERTAINTY_ASSIGNED_CONTEXT ( ( #5 ) ) GLOBAL_UNIT_ASSIGNED_CONTEXT ( ( #2208, #1393, #2606 ) ) REPRESENTATION_CONTEXT ( 'NONE', 'WORKASPACE' ) );
#1369 = VECTOR ( 'NONE', #463, 1000.000000000000000 ) ;
#1370 = ADVANCED_FACE ( 'NONE', ( #645 ), #2579, .F. ) ;
#1371 = VERTEX_POINT ( 'NONE', #4196 ) ;
#1372 = VERTEX_POINT ( 'NONE', #4124 ) ;
#1373 = CARTESIAN_POINT ( 'NONE',  ( -4.879255340376107419, -7.827939685345339489E-14, 3.572499999999998899 ) ) ;
#1374 = CARTESIAN_POINT ( 'NONE',  ( 3.302499999999967795, 3.109999999999999876, 3.080000000000034710 ) ) ;
#1375 = VECTOR ( 'NONE', #2017, 1000.000000000000000 ) ;
#1376 = AXIS2_PLACEMENT_3D ( 'NONE', #1036, #3666, #4070 ) ;
#1377 = PLANE ( 'NONE',  #1406 ) ;
#1378 =( GEOMETRIC_REPRESENTATION_CONTEXT ( 3 ) GLOBAL_UNCERTAINTY_ASSIGNED_CONTEXT ( ( #53 ) ) GLOBAL_UNIT_ASSIGNED_CONTEXT ( ( #3286, #2668, #1854 ) ) REPRESENTATION_CONTEXT ( 'NONE', 'WORKASPACE' ) );
#1379 = ADVANCED_FACE ( 'NONE', ( #1870 ), #721, .T. ) ;
#1380 = DIRECTION ( 'NONE',  ( 1.000000000000000000, 0.000000000000000000, 1.040834085586084257E-14 ) ) ;
#1381 = CARTESIAN_POINT ( 'NONE',  ( -4.522306814035871980, 0.2999999999999954925, -3.572500000000002451 ) ) ;
#1382 = CARTESIAN_POINT ( 'NONE',  ( -3.679305260539902367, 2.737195592011649747, 4.047499999999962128 ) ) ;
#1383 = DIRECTION ( 'NONE',  ( 0.000000000000000000, -1.000000000000000000, 0.000000000000000000 ) ) ;
#1384 = ORIENTED_EDGE ( 'NONE', *, *, #1928, .T. ) ;
#1385 = ORIENTED_EDGE ( 'NONE', *, *, #2831, .F. ) ;
#1386 = DIRECTION ( 'NONE',  ( 0.9914448613738101601, -0.1305261922200546543, 1.038483369593572679E-14 ) ) ;
#1387 = CARTESIAN_POINT ( 'NONE',  ( 4.522306814035967015, 0.2999999999999954925, -4.539999999999952074 ) ) ;
#1388 = CARTESIAN_POINT ( 'NONE',  ( 3.282752125361895867, 2.959999999999999964, -0.5399999999999656186 ) ) ;
#1389 = VERTEX_POINT ( 'NONE', #696 ) ;
#1390 = ORIENTED_EDGE ( 'NONE', *, *, #186, .T. ) ;
#1391 = ORIENTED_EDGE ( 'NONE', *, *, #3473, .F. ) ;
#1392 = DIRECTION ( 'NONE',  ( -1.047444401652940007E-14, 0.000000000000000000, 1.000000000000000000 ) ) ;
#1393 =( NAMED_UNIT ( * ) PLANE_ANGLE_UNIT ( ) SI_UNIT ( $, .RADIAN. ) );
#1394 = VERTEX_POINT ( 'NONE', #3061 ) ;
#1395 = EDGE_LOOP ( 'NONE', ( #2630, #853, #3819, #4519 ) ) ;
#1396 = CYLINDRICAL_SURFACE ( 'NONE', #3406, 0.5228044079883509276 ) ;
#1397 = LINE ( 'NONE', #2947, #1282 ) ;
#1398 = DIRECTION ( 'NONE',  ( 1.000000000000000000, 0.000000000000000000, 1.040834085586084257E-14 ) ) ;
#1399 = EDGE_CURVE ( 'NONE', #4999, #2256, #1651, .T. ) ;
#1400 = ADVANCED_FACE ( 'NONE', ( #340 ), #2684, .T. ) ;
#1401 = EDGE_CURVE ( 'NONE', #236, #4925, #263, .T. ) ;
#1402 = PLANE ( 'NONE',  #607 ) ;
#1403 = LINE ( 'NONE', #4137, #2021 ) ;
#1404 = CARTESIAN_POINT ( 'NONE',  ( 4.522306814035923495, -4.662069341687669855E-15, 0.5400000000000473310 ) ) ;
#1405 = VERTEX_POINT ( 'NONE', #1924 ) ;
#1406 = AXIS2_PLACEMENT_3D ( 'NONE', #1444, #2996, #4552 ) ;
#1407 = ORIENTED_EDGE ( 'NONE', *, *, #1584, .F. ) ;
#1408 = CARTESIAN_POINT ( 'NONE',  ( -3.302500000000005542, 3.109999999999999876, 0.5399999999999653966 ) ) ;
#1409 = PLANE ( 'NONE',  #3760 ) ;
#1410 = VECTOR ( 'NONE', #2671, 1000.000000000000000 ) ;
#1411 = VECTOR ( 'NONE', #620, 1000.000000000000000 ) ;
#1412 = LINE ( 'NONE', #4943, #2587 ) ;
#1413 = DIRECTION ( 'NONE',  ( 0.9990482215818580203, -0.04361938736533049754, 1.046447466677243020E-14 ) ) ;
#1414 = VERTEX_POINT ( 'NONE', #2769 ) ;
#1415 = VERTEX_POINT ( 'NONE', #3904 ) ;
#1416 = AXIS2_PLACEMENT_3D ( 'NONE', #104, #131, #1688 ) ;
#1417 = VECTOR ( 'NONE', #51, 1000.000000000000000 ) ;
#1418 = ORIENTED_EDGE ( 'NONE', *, *, #600, .T. ) ;
#1419 = FACE_OUTER_BOUND ( 'NONE', #4768, .T. ) ;
#1420 = AXIS2_PLACEMENT_3D ( 'NONE', #4728, #1248, #4800 ) ;
#1421 = ORIENTED_EDGE ( 'NONE', *, *, #1491, .T. ) ;
#1422 = DIRECTION ( 'NONE',  ( 1.000000000000000000, 0.000000000000000000, 1.040834085586084257E-14 ) ) ;
#1423 = ADVANCED_FACE ( 'NONE', ( #422 ), #1131, .T. ) ;
#1424 = CARTESIAN_POINT ( 'NONE',  ( 4.522306814035887967, 0.5228044079883460427, 3.080000000000047145 ) ) ;
#1425 = CARTESIAN_POINT ( 'NONE',  ( -1.902499999999963887, 5.029999999999999361, -3.427500000000019753 ) ) ;
#1426 = DIRECTION ( 'NONE',  ( -1.000000000000000000, 0.000000000000000000, -1.070555471053704677E-14 ) ) ;
#1427 = CARTESIAN_POINT ( 'NONE',  ( -3.302499999999978897, 3.109999999999999876, -2.000000000000034639 ) ) ;
#1428 = EDGE_CURVE ( 'NONE', #2564, #107, #2336, .T. ) ;
#1429 = ORIENTED_EDGE ( 'NONE', *, *, #4436, .T. ) ;
#1430 = VERTEX_POINT ( 'NONE', #2714 ) ;
#1431 = DIRECTION ( 'NONE',  ( 0.1305261922200462166, -0.9914448613738110483, 1.367189293099629508E-15 ) ) ;
#1432 = DIRECTION ( 'NONE',  ( 1.000000000000000000, 0.000000000000000000, 1.040834085586084257E-14 ) ) ;
#1433 = DIRECTION ( 'NONE',  ( -0.9914448613738089389, 0.1305261922200632030, -1.038483369593571416E-14 ) ) ;
#1434 = LINE ( 'NONE', #2627, #1240 ) ;
#1435 = ADVANCED_FACE ( 'NONE', ( #1207 ), #823, .F. ) ;
#1436 = ORIENTED_EDGE ( 'NONE', *, *, #3203, .F. ) ;
#1437 = ORIENTED_EDGE ( 'NONE', *, *, #4275, .F. ) ;
#1438 = VERTEX_POINT ( 'NONE', #2003 ) ;
#1439 = CARTESIAN_POINT ( 'NONE',  ( -3.302500000000042402, 3.109999999999999876, 4.047499999999964793 ) ) ;
#1440 = ORIENTED_EDGE ( 'NONE', *, *, #3820, .F. ) ;
#1441 = AXIS2_PLACEMENT_3D ( 'NONE', #609, #2163, #3712 ) ;
#1442 = ORIENTED_EDGE ( 'NONE', *, *, #2006, .F. ) ;
#1443 = CARTESIAN_POINT ( 'NONE',  ( 3.901897608101240866, 2.746914183790395203, -1.999999999999959366 ) ) ;
#1444 = CARTESIAN_POINT ( 'NONE',  ( -4.879255340376110972, -7.827939685345339489E-14, 1.032499999999998863 ) ) ;
#1445 = AXIS2_PLACEMENT_3D ( 'NONE', #700, #3324, #3014 ) ;
#1446 = AXIS2_PLACEMENT_3D ( 'NONE', #1510, #1175, #3822 ) ;
#1447 = ADVANCED_FACE ( 'NONE', ( #4696, #3878 ), #18, .T. ) ;
#1448 = EDGE_CURVE ( 'NONE', #147, #3190, #3932, .T. ) ;
#1449 = CARTESIAN_POINT ( 'NONE',  ( 4.879255340376120742, -6.613633252161579414E-15, -1.032499999999948903 ) ) ;
#1450 =( GEOMETRIC_REPRESENTATION_CONTEXT ( 3 ) GLOBAL_UNCERTAINTY_ASSIGNED_CONTEXT ( ( #812 ) ) GLOBAL_UNIT_ASSIGNED_CONTEXT ( ( #2312, #3221, #2077 ) ) REPRESENTATION_CONTEXT ( 'NONE', 'WORKASPACE' ) );
#1451 = VECTOR ( 'NONE', #126, 1000.000000000000000 ) ;
#1452 = DIRECTION ( 'NONE',  ( -1.000000000000000000, -1.093626126041270058E-15, -1.047444401652940007E-14 ) ) ;
#1453 = CARTESIAN_POINT ( 'NONE',  ( 5.150000000000010125, -4.662069341687669855E-15, -1.032499999999946017 ) ) ;
#1454 = AXIS2_PLACEMENT_3D ( 'NONE', #938, #2262, #1832 ) ;
#1455 = ORIENTED_EDGE ( 'NONE', *, *, #3352, .F. ) ;
#1456 = ORIENTED_EDGE ( 'NONE', *, *, #2159, .F. ) ;
#1457 = PLANE ( 'NONE',  #2353 ) ;
#1458 = CARTESIAN_POINT ( 'NONE',  ( 3.679305260539854405, 2.737195592011649747, 0.5400000000000384492 ) ) ;
#1459 = DIRECTION ( 'NONE',  ( -0.1294283079955654003, 0.9831056027603600755, 0.1294283079955626525 ) ) ;
#1460 = DIRECTION ( 'NONE',  ( 0.000000000000000000, -1.000000000000000000, 0.000000000000000000 ) ) ;
#1461 = EDGE_LOOP ( 'NONE', ( #335, #3493, #3671, #2589, #4274, #1815, #2083, #1478, #3783, #4846, #775, #4411, #799 ) ) ;
#1462 = EDGE_CURVE ( 'NONE', #2738, #4583, #450, .T. ) ;
#1463 = ORIENTED_EDGE ( 'NONE', *, *, #4212, .F. ) ;
#1464 = ADVANCED_FACE ( 'NONE', ( #1518 ), #3450, .F. ) ;
#1465 = EDGE_LOOP ( 'NONE', ( #3128, #3295, #1620, #1681 ) ) ;
#1466 = CARTESIAN_POINT ( 'NONE',  ( 4.201612074575795219, 2.759999999999999787, -1.999999999999956257 ) ) ;
#1467 = VERTEX_POINT ( 'NONE', #44 ) ;
#1468 = CARTESIAN_POINT ( 'NONE',  ( 4.522306814035962574, 0.2999999999999949929, -4.047499999999952358 ) ) ;
#1469 = ORIENTED_EDGE ( 'NONE', *, *, #1646, .T. ) ;
#1470 = CARTESIAN_POINT ( 'NONE',  ( 3.282752125361910966, 2.959999999999999964, -1.999999999999965805 ) ) ;
#1471 = CARTESIAN_POINT ( 'NONE',  ( 4.522306814035913725, 0.5228044079883460427, 0.5400000000000473310 ) ) ;
#1472 = EDGE_CURVE ( 'NONE', #2514, #3446, #65, .T. ) ;
#1473 = CARTESIAN_POINT ( 'NONE',  ( 4.000000000000042633, 0.5000000000000000000, -4.047499999999958575 ) ) ;
#1474 = CARTESIAN_POINT ( 'NONE',  ( 4.522306814035913725, 0.2999999999999949929, 0.5400000000000473310 ) ) ;
#1475 = CARTESIAN_POINT ( 'NONE',  ( -4.522306814035908396, -4.662069341687669855E-15, -2.000000000000047518 ) ) ;
#1476 =( NAMED_UNIT ( * ) PLANE_ANGLE_UNIT ( ) SI_UNIT ( $, .RADIAN. ) );
#1477 = ORIENTED_EDGE ( 'NONE', *, *, #3231, .T. ) ;
#1478 = ORIENTED_EDGE ( 'NONE', *, *, #172, .F. ) ;
#1479 = VERTEX_POINT ( 'NONE', #4200 ) ;
#1480 = CARTESIAN_POINT ( 'NONE',  ( 5.150000000000047429, 0.2999999999999999889, -4.539999999999945857 ) ) ;
#1481 = DIRECTION ( 'NONE',  ( -1.047444401652940007E-14, 0.000000000000000000, 1.000000000000000000 ) ) ;
#1482 = PLANE ( 'NONE',  #74 ) ;
#1483 = CARTESIAN_POINT ( 'NONE',  ( -3.302499999999949143, 3.109999999999999876, -4.827500000000035207 ) ) ;
#1484 = EDGE_LOOP ( 'NONE', ( #3170, #1137, #797, #3217 ) ) ;
#1485 = CIRCLE ( 'NONE', #264, 0.5228044079883513717 ) ;
#1486 = ORIENTED_EDGE ( 'NONE', *, *, #277, .F. ) ;
#1487 = VECTOR ( 'NONE', #3211, 1000.000000000000000 ) ;
#1488 = VECTOR ( 'NONE', #911, 1000.000000000000000 ) ;
#1489 = DIRECTION ( 'NONE',  ( -0.3420201433256720436, -2.585829393209834165E-15, -0.9396926207859072067 ) ) ;
#1490 = LINE ( 'NONE', #3983, #3320 ) ;
#1491 = EDGE_CURVE ( 'NONE', #677, #2181, #778, .T. ) ;
#1492 = AXIS2_PLACEMENT_3D ( 'NONE', #1995, #2449, #4733 ) ;
#1493 = CIRCLE ( 'NONE', #2472, 0.5228044079883501505 ) ;
#1494 = ORIENTED_EDGE ( 'NONE', *, *, #1610, .F. ) ;
#1495 = DIRECTION ( 'NONE',  ( -1.000000000000000000, -7.340941938036420458E-15, -1.047444401652939849E-14 ) ) ;
#1496 = ORIENTED_EDGE ( 'NONE', *, *, #1136, .T. ) ;
#1497 = DIRECTION ( 'NONE',  ( -1.047444401652940007E-14, 0.000000000000000000, 1.000000000000000000 ) ) ;
#1498 = MECHANICAL_DESIGN_GEOMETRIC_PRESENTATION_REPRESENTATION (  '', ( #4747 ), #3365 ) ;
#1499 = CARTESIAN_POINT ( 'NONE',  ( -3.901897608101251969, 2.746914183790395203, 3.079999999999959215 ) ) ;
#1500 = PRODUCT_DEFINITION_SHAPE ( 'NONE', 'NONE',  #4182 ) ;
#1501 = CLOSED_SHELL ( 'NONE', ( #3177, #1053, #4477, #3912, #2213, #2423, #3998, #251, #2560, #2361, #3830, #3055, #4371, #1400, #2636, #1586, #1865, #2943, #4432 ) ) ;
#1502 = EDGE_CURVE ( 'NONE', #2841, #2302, #1183, .T. ) ;
#1503 = LINE ( 'NONE', #3835, #3353 ) ;
#1504 = CARTESIAN_POINT ( 'NONE',  ( 4.201612074575768574, 2.759999999999999787, 0.5400000000000440004 ) ) ;
#1505 = LINE ( 'NONE', #4165, #3848 ) ;
#1506 = CARTESIAN_POINT ( 'NONE',  ( 5.150000000000037659, -4.662069341687669855E-15, -3.572499999999946496 ) ) ;
#1507 = VERTEX_POINT ( 'NONE', #3121 ) ;
#1508 = ORIENTED_EDGE ( 'NONE', *, *, #3928, .T. ) ;
#1509 = DIRECTION ( 'NONE',  ( -7.382095854901601972E-16, -8.231143906374060423E-29, -1.000000000000000000 ) ) ;
#1510 = CARTESIAN_POINT ( 'NONE',  ( 4.522306814035940370, 0.5228044079883460427, -1.999999999999952704 ) ) ;
#1511 = DIRECTION ( 'NONE',  ( 7.340941938036420458E-15, -1.000000000000000000, 7.689228535855532732E-29 ) ) ;
#1512 = CARTESIAN_POINT ( 'NONE',  ( 3.901897608101214221, 2.746914183790395203, 0.5400000000000408917 ) ) ;
#1513 = CARTESIAN_POINT ( 'NONE',  ( -3.679305260539892153, 2.737195592011649747, 3.079999999999961435 ) ) ;
#1514 = VERTEX_POINT ( 'NONE', #4675 ) ;
#1515 = EDGE_CURVE ( 'NONE', #2001, #4218, #2739, .T. ) ;
#1516 = ORIENTED_EDGE ( 'NONE', *, *, #1798, .F. ) ;
#1517 = CARTESIAN_POINT ( 'NONE',  ( 4.879255340376147387, -6.613633252161579414E-15, -3.572499999999949161 ) ) ;
#1518 = FACE_OUTER_BOUND ( 'NONE', #1484, .T. ) ;
#1519 = EDGE_CURVE ( 'NONE', #2574, #3062, #3065, .T. ) ;
#1520 = DIRECTION ( 'NONE',  ( -7.340941938036420458E-15, 1.000000000000000000, -7.689228535855532732E-29 ) ) ;
#1521 = EDGE_CURVE ( 'NONE', #2124, #147, #2311, .T. ) ;
#1522 = ORIENTED_EDGE ( 'NONE', *, *, #730, .F. ) ;
#1523 = CARTESIAN_POINT ( 'NONE',  ( -3.282752125361869222, 3.259999999999999787, -2.000000000000034195 ) ) ;
#1524 = VERTEX_POINT ( 'NONE', #4620 ) ;
#1525 = CARTESIAN_POINT ( 'NONE',  ( -3.679305260539865507, 2.737195592011649747, 0.5399999999999615108 ) ) ;
#1526 = CIRCLE ( 'NONE', #3392, 0.5228044079883509276 ) ;
#1527 = DIRECTION ( 'NONE',  ( -0.1294283079955626525, 0.9831056027603600755, -0.1294283079955654003 ) ) ;
#1528 = DIRECTION ( 'NONE',  ( -1.047444401652940007E-14, 0.000000000000000000, 1.000000000000000000 ) ) ;
#1529 = DIRECTION ( 'NONE',  ( -7.254577915235990126E-15, -1.000000000000000000, -7.598767023668995035E-29 ) ) ;
#1530 = VECTOR ( 'NONE', #2318, 1000.000000000000000 ) ;
#1531 = DIRECTION ( 'NONE',  ( -1.047444401652940007E-14, 0.000000000000000000, 1.000000000000000000 ) ) ;
#1532 = MECHANICAL_DESIGN_GEOMETRIC_PRESENTATION_REPRESENTATION (  '', ( #4621 ), #1368 ) ;
#1533 = EDGE_LOOP ( 'NONE', ( #5006, #446, #9, #4208, #2122, #980, #504, #4086 ) ) ;
#1534 = ORIENTED_EDGE ( 'NONE', *, *, #3032, .T. ) ;
#1535 = AXIS2_PLACEMENT_3D ( 'NONE', #3701, #1386, #4100 ) ;
#1536 = CARTESIAN_POINT ( 'NONE',  ( 3.679305260539839306, 2.959999999999999964, 2.000000000000038636 ) ) ;
#1537 = CARTESIAN_POINT ( 'NONE',  ( 4.201612074575817424, 2.759999999999999787, -4.047499999999955911 ) ) ;
#1538 = DIRECTION ( 'NONE',  ( -1.047444401652940007E-14, 0.000000000000000000, 1.000000000000000000 ) ) ;
#1539 = CYLINDRICAL_SURFACE ( 'NONE', #2757, 0.5228044079883501505 ) ;
#1540 = CARTESIAN_POINT ( 'NONE',  ( -4.700000000000020606, -7.692414413784648911E-14, 1.999999999999995781 ) ) ;
#1541 = VECTOR ( 'NONE', #4485, 1000.000000000000114 ) ;
#1542 = ORIENTED_EDGE ( 'NONE', *, *, #702, .F. ) ;
#1543 = ORIENTED_EDGE ( 'NONE', *, *, #3858, .F. ) ;
#1544 = VECTOR ( 'NONE', #1278, 1000.000000000000114 ) ;
#1545 = LINE ( 'NONE', #1155, #2030 ) ;
#1546 = FACE_OUTER_BOUND ( 'NONE', #3373, .T. ) ;
#1547 = DIRECTION ( 'NONE',  ( -1.093626126041270058E-15, 1.000000000000000000, -1.145512563223320936E-29 ) ) ;
#1548 = DIRECTION ( 'NONE',  ( 1.000000000000000000, -8.673617379884041783E-15, 1.047444401652940007E-14 ) ) ;
#1549 = EDGE_LOOP ( 'NONE', ( #1551, #3191, #3938, #4591 ) ) ;
#1550 = PLANE ( 'NONE',  #2394 ) ;
#1551 = ORIENTED_EDGE ( 'NONE', *, *, #4899, .F. ) ;
#1552 = LINE ( 'NONE', #3759, #1850 ) ;
#1553 = LINE ( 'NONE', #3102, #4577 ) ;
#1554 = DIRECTION ( 'NONE',  ( 1.000000000000000000, 0.000000000000000000, 1.078386335459178682E-14 ) ) ;
#1555 = CARTESIAN_POINT ( 'NONE',  ( 3.282752125361922069, 2.959999999999999964, -3.079999999999965432 ) ) ;
#1556 = EDGE_CURVE ( 'NONE', #1308, #2149, #1949, .T. ) ;
#1557 = DIRECTION ( 'NONE',  ( -1.047444401652940007E-14, 0.000000000000000000, 1.000000000000000000 ) ) ;
#1558 = ORIENTED_EDGE ( 'NONE', *, *, #394, .F. ) ;
#1559 = ORIENTED_EDGE ( 'NONE', *, *, #4438, .F. ) ;
#1560 = ORIENTED_EDGE ( 'NONE', *, *, #304, .F. ) ;
#1561 = CARTESIAN_POINT ( 'NONE',  ( 3.282752125361922069, 3.259999999999999787, -3.079999999999965432 ) ) ;
#1562 = CARTESIAN_POINT ( 'NONE',  ( -3.679305260539902367, 2.737195592011649747, 4.047499999999962128 ) ) ;
#1563 = CYLINDRICAL_SURFACE ( 'NONE', #4865, 0.5228044079883513717 ) ;
#1564 = CARTESIAN_POINT ( 'NONE',  ( 3.282752125361910966, 2.959999999999999964, -1.999999999999965805 ) ) ;
#1565 = ORIENTED_EDGE ( 'NONE', *, *, #3839, .F. ) ;
#1566 = ORIENTED_EDGE ( 'NONE', *, *, #2699, .F. ) ;
#1567 = DIRECTION ( 'NONE',  ( -1.047444401652940007E-14, 0.000000000000000000, 1.000000000000000000 ) ) ;
#1568 = DIRECTION ( 'NONE',  ( -1.047444401652940007E-14, 0.000000000000000000, 1.000000000000000000 ) ) ;
#1569 = AXIS2_PLACEMENT_3D ( 'NONE', #3800, #1046, #4146 ) ;
#1570 = SURFACE_STYLE_FILL_AREA ( #3451 ) ;
#1571 = VECTOR ( 'NONE', #851, 1000.000000000000000 ) ;
#1572 = ORIENTED_EDGE ( 'NONE', *, *, #1610, .T. ) ;
#1573 = DIRECTION ( 'NONE',  ( 0.9914448613738103822, 0.1305261922200520452, 1.038483369593572836E-14 ) ) ;
#1574 = ORIENTED_EDGE ( 'NONE', *, *, #3016, .T. ) ;
#1575 = CARTESIAN_POINT ( 'NONE',  ( 3.679305260539880607, 3.259999999999999787, -1.999999999999961364 ) ) ;
#1576 = VECTOR ( 'NONE', #2197, 1000.000000000000000 ) ;
#1577 = CIRCLE ( 'NONE', #32, 0.5228044079883509276 ) ;
#1578 = ADVANCED_FACE ( 'NONE', ( #1546 ), #3093, .F. ) ;
#1579 = PRESENTATION_LAYER_ASSIGNMENT (  '', '', ( #1828 ) ) ;
#1580 = LINE ( 'NONE', #1190, #3442 ) ;
#1581 = DIRECTION ( 'NONE',  ( -1.000000000000000000, -7.208134458441160196E-15, -8.635980719412001453E-16 ) ) ;
#1582 = CARTESIAN_POINT ( 'NONE',  ( 3.302499999999967795, 3.109999999999999876, 3.080000000000034710 ) ) ;
#1583 = PLANE ( 'NONE',  #2313 ) ;
#1584 = EDGE_CURVE ( 'NONE', #1415, #2964, #4742, .T. ) ;
#1585 =( NAMED_UNIT ( * ) SI_UNIT ( $, .STERADIAN. ) SOLID_ANGLE_UNIT ( ) );
#1586 = ADVANCED_FACE ( 'NONE', ( #2410 ), #3245, .F. ) ;
#1587 = ORIENTED_EDGE ( 'NONE', *, *, #4698, .T. ) ;
#1588 = EDGE_CURVE ( 'NONE', #4303, #477, #2948, .T. ) ;
#1589 = LINE ( 'NONE', #3846, #230 ) ;
#1590 = DIRECTION ( 'NONE',  ( -1.047444401652940007E-14, 0.000000000000000000, 1.000000000000000000 ) ) ;
#1591 = CARTESIAN_POINT ( 'NONE',  ( 3.901897608101251969, 2.746914183790395203, -3.079999999999959215 ) ) ;
#1592 = CARTESIAN_POINT ( 'NONE',  ( -4.522306814035935041, -4.662069341687669855E-15, 0.5399999999999526290 ) ) ;
#1593 = ORIENTED_EDGE ( 'NONE', *, *, #2270, .F. ) ;
#1594 = ORIENTED_EDGE ( 'NONE', *, *, #3021, .F. ) ;
#1595 = DIRECTION ( 'NONE',  ( 0.9990482215818580203, -0.04361938736533049754, 1.046447466677243020E-14 ) ) ;
#1596 = DIRECTION ( 'NONE',  ( 1.047444401652940007E-14, 0.000000000000000000, -1.000000000000000000 ) ) ;
#1597 = EDGE_CURVE ( 'NONE', #2652, #2187, #4405, .T. ) ;
#1598 = SURFACE_STYLE_USAGE ( .BOTH. , #1976 ) ;
#1599 = ADVANCED_FACE ( 'NONE', ( #3626 ), #1717, .F. ) ;
#1600 = VERTEX_POINT ( 'NONE', #2076 ) ;
#1601 = ORIENTED_EDGE ( 'NONE', *, *, #2933, .F. ) ;
#1602 = EDGE_LOOP ( 'NONE', ( #2442, #549, #413, #2207, #1421, #4075, #1291, #1105, #618, #2746, #245, #4310, #580 ) ) ;
#1603 = DIRECTION ( 'NONE',  ( 1.047444401652940007E-14, 0.000000000000000000, -1.000000000000000000 ) ) ;
#1604 = CARTESIAN_POINT ( 'NONE',  ( -3.999999999999979128, 0.5000000000000000000, -2.000000000000042188 ) ) ;
#1605 = CARTESIAN_POINT ( 'NONE',  ( -5.150000000000010125, -8.023096076392729025E-14, 1.032499999999999973 ) ) ;
#1606 = DIRECTION ( 'NONE',  ( 1.000000000000000000, 0.000000000000000000, 1.078386335459177736E-14 ) ) ;
#1607 = ADVANCED_FACE ( 'NONE', ( #3193 ), #921, .T. ) ;
#1608 =( NAMED_UNIT ( * ) PLANE_ANGLE_UNIT ( ) SI_UNIT ( $, .RADIAN. ) );
#1609 = AXIS2_PLACEMENT_3D ( 'NONE', #1504, #3816, #3378 ) ;
#1610 = EDGE_CURVE ( 'NONE', #419, #3298, #4790, .T. ) ;
#1611 = LINE ( 'NONE', #3896, #4493 ) ;
#1612 = VECTOR ( 'NONE', #784, 1000.000000000000000 ) ;
#1613 = CARTESIAN_POINT ( 'NONE',  ( 3.679305260539827760, 2.959999999999999964, 3.080000000000038263 ) ) ;
#1614 = LINE ( 'NONE', #1227, #2393 ) ;
#1615 = CARTESIAN_POINT ( 'NONE',  ( -5.150000000000015454, 0.2999999999999999889, 1.507499999999996065 ) ) ;
#1616 = DIRECTION ( 'NONE',  ( 0.3420201433256622181, 0.000000000000000000, 0.9396926207859107594 ) ) ;
#1617 = ORIENTED_EDGE ( 'NONE', *, *, #1958, .T. ) ;
#1618 = MECHANICAL_DESIGN_GEOMETRIC_PRESENTATION_REPRESENTATION (  '', ( #4935 ), #1450 ) ;
#1619 = VECTOR ( 'NONE', #4004, 1000.000000000000000 ) ;
#1620 = ORIENTED_EDGE ( 'NONE', *, *, #562, .F. ) ;
#1621 =( NAMED_UNIT ( * ) SI_UNIT ( $, .STERADIAN. ) SOLID_ANGLE_UNIT ( ) );
#1622 = CARTESIAN_POINT ( 'NONE',  ( 4.679213845861877275, 0.2999999999999964917, 3.022890510868328828 ) ) ;
#1623 = AXIS2_PLACEMENT_3D ( 'NONE', #3654, #3246, #896 ) ;
#1624 = VECTOR ( 'NONE', #4095, 1000.000000000000000 ) ;
#1625 = AXIS2_PLACEMENT_3D ( 'NONE', #1373, #3255, #4391 ) ;
#1626 = EDGE_CURVE ( 'NONE', #1289, #606, #3266, .T. ) ;
#1627 = EDGE_CURVE ( 'NONE', #4925, #3309, #1311, .T. ) ;
#1628 = ORIENTED_EDGE ( 'NONE', *, *, #155, .T. ) ;
#1629 = ORIENTED_EDGE ( 'NONE', *, *, #3267, .T. ) ;
#1630 = CARTESIAN_POINT ( 'NONE',  ( 4.201612074575754363, 2.759999999999999787, 2.000000000000043965 ) ) ;
#1631 = LINE ( 'NONE', #3913, #4984 ) ;
#1632 = DIRECTION ( 'NONE',  ( -1.047444401652940007E-14, 0.000000000000000000, 1.000000000000000000 ) ) ;
#1633 = EDGE_CURVE ( 'NONE', #1790, #169, #2888, .T. ) ;
#1634 = LINE ( 'NONE', #859, #3611 ) ;
#1635 = DIRECTION ( 'NONE',  ( 1.000000000000000000, 0.000000000000000000, 1.040834085586084257E-14 ) ) ;
#1636 = FACE_OUTER_BOUND ( 'NONE', #2430, .T. ) ;
#1637 = DIRECTION ( 'NONE',  ( -1.000000000000000000, 1.093626126041279919E-15, -1.047444401652940007E-14 ) ) ;
#1638 = FACE_OUTER_BOUND ( 'NONE', #2390, .T. ) ;
#1639 = LINE ( 'NONE', #2406, #3280 ) ;
#1640 = ORIENTED_EDGE ( 'NONE', *, *, #4275, .T. ) ;
#1641 = VERTEX_POINT ( 'NONE', #1695 ) ;
#1642 = FACE_OUTER_BOUND ( 'NONE', #1803, .T. ) ;
#1643 = DIRECTION ( 'NONE',  ( -1.047444401652940007E-14, 0.000000000000000000, 1.000000000000000000 ) ) ;
#1644 = DIRECTION ( 'NONE',  ( -1.000000000000000000, 7.254577915235990126E-15, -1.047444401652940007E-14 ) ) ;
#1645 = EDGE_LOOP ( 'NONE', ( #1766, #555, #2160, #2134 ) ) ;
#1646 = EDGE_CURVE ( 'NONE', #4847, #250, #1335, .T. ) ;
#1647 = ORIENTED_EDGE ( 'NONE', *, *, #1108, .F. ) ;
#1648 = EDGE_CURVE ( 'NONE', #1266, #1507, #4430, .T. ) ;
#1649 = ORIENTED_EDGE ( 'NONE', *, *, #2136, .F. ) ;
#1650 = DIRECTION ( 'NONE',  ( -1.047444401652940007E-14, 0.000000000000000000, 1.000000000000000000 ) ) ;
#1651 = CIRCLE ( 'NONE', #4808, 0.5228044079883509276 ) ;
#1652 = VERTEX_POINT ( 'NONE', #472 ) ;
#1653 = ORIENTED_EDGE ( 'NONE', *, *, #3628, .T. ) ;
#1654 = DIRECTION ( 'NONE',  ( -1.047444401652940007E-14, 0.000000000000000000, 1.000000000000000000 ) ) ;
#1655 = AXIS2_PLACEMENT_3D ( 'NONE', #2142, #2971, #3714 ) ;
#1657 = VECTOR ( 'NONE', #543, 1000.000000000000000 ) ;
#1656 = DIRECTION ( 'NONE',  ( -1.047444401652940007E-14, 0.000000000000000000, 1.000000000000000000 ) ) ;
#1658 = EDGE_CURVE ( 'NONE', #1524, #1147, #2861, .T. ) ;
#1659 = DIRECTION ( 'NONE',  ( -1.047444401652940007E-14, 0.000000000000000000, 1.000000000000000000 ) ) ;
#1660 = VECTOR ( 'NONE', #1170, 1000.000000000000000 ) ;
#1661 = CIRCLE ( 'NONE', #2718, 0.2228044079883506334 ) ;
#1662 = ADVANCED_FACE ( 'NONE', ( #4404 ), #2814, .F. ) ;
#1663 = CARTESIAN_POINT ( 'NONE',  ( 4.201612074575768574, 2.759999999999999787, 0.5400000000000440004 ) ) ;
#1664 = DIRECTION ( 'NONE',  ( -0.9990482215818580203, -0.04361938736532974814, -1.046447466677242862E-14 ) ) ;
#1665 = DIRECTION ( 'NONE',  ( 1.000000000000000000, 0.000000000000000000, 1.047444401652940007E-14 ) ) ;
#1666 = PLANE ( 'NONE',  #3167 ) ;
#1667 = AXIS2_PLACEMENT_3D ( 'NONE', #514, #2072, #4026 ) ;
#1668 = CARTESIAN_POINT ( 'NONE',  ( 4.522306814035898626, 0.5228044079883460427, 2.000000000000047518 ) ) ;
#1669 = ORIENTED_EDGE ( 'NONE', *, *, #3254, .F. ) ;
#1670 = VERTEX_POINT ( 'NONE', #1672 ) ;
#1671 = DIRECTION ( 'NONE',  ( -1.000000000000000000, -7.208134458441160196E-15, -1.047444401652940007E-14 ) ) ;
#1672 = CARTESIAN_POINT ( 'NONE',  ( -4.522306814035896849, -4.662069341687669855E-15, -3.080000000000047145 ) ) ;
#1673 = CARTESIAN_POINT ( 'NONE',  ( -3.043144579752875778, 1.139999999999999902, 4.827499999999967706 ) ) ;
#1674 = EDGE_CURVE ( 'NONE', #1600, #3012, #2481, .T. ) ;
#1675 = EDGE_CURVE ( 'NONE', #2514, #661, #4351, .T. ) ;
#1676 = ORIENTED_EDGE ( 'NONE', *, *, #3088, .F. ) ;
#1677 = ORIENTED_EDGE ( 'NONE', *, *, #344, .T. ) ;
#1678 = ORIENTED_EDGE ( 'NONE', *, *, #4729, .T. ) ;
#1679 = PLANE ( 'NONE',  #4448 ) ;
#1680 = ORIENTED_EDGE ( 'NONE', *, *, #342, .T. ) ;
#1681 = ORIENTED_EDGE ( 'NONE', *, *, #4195, .F. ) ;
#1682 = DIRECTION ( 'NONE',  ( -7.340941938036410991E-15, 1.000000000000000000, -7.689228535855522643E-29 ) ) ;
#1683 = DIRECTION ( 'NONE',  ( 2.112598177528824143E-28, -1.000000000000000000, -2.016907221228160245E-14 ) ) ;
#1684 = CARTESIAN_POINT ( 'NONE',  ( 3.282752125361884321, 3.259999999999999787, 0.5400000000000343414 ) ) ;
#1685 = EDGE_CURVE ( 'NONE', #3168, #4057, #1285, .T. ) ;
#1686 = DIRECTION ( 'NONE',  ( 0.3420201433256621626, 2.585829393209835348E-15, 0.9396926207859106484 ) ) ;
#1687 = DIRECTION ( 'NONE',  ( -7.340941938036420458E-15, 1.000000000000000000, -7.689228535855532732E-29 ) ) ;
#1688 = DIRECTION ( 'NONE',  ( -1.000000000000000000, 7.254577915235990126E-15, -1.047444401652940007E-14 ) ) ;
#1689 = CARTESIAN_POINT ( 'NONE',  ( -4.000000000000031974, 0.5000000000000000000, 3.079999999999957883 ) ) ;
#1690 = CARTESIAN_POINT ( 'NONE',  ( -3.302499999999949143, 3.109999999999999876, -4.827500000000035207 ) ) ;
#1691 = VERTEX_POINT ( 'NONE', #2224 ) ;
#1692 = CIRCLE ( 'NONE', #4281, 0.2228044079883506334 ) ;
#1693 = ORIENTED_EDGE ( 'NONE', *, *, #1626, .T. ) ;
#1694 = DIRECTION ( 'NONE',  ( 0.1294283079955626525, 0.9831056027603600755, 0.1294283079955654003 ) ) ;
#1695 = CARTESIAN_POINT ( 'NONE',  ( 4.522306814035877309, 0.2999999999999954925, 4.047500000000047393 ) ) ;
#1696 = LINE ( 'NONE', #1287, #2839 ) ;
#1697 = PRESENTATION_LAYER_ASSIGNMENT (  '', '', ( #1856 ) ) ;
#1698 = ORIENTED_EDGE ( 'NONE', *, *, #4849, .F. ) ;
#1699 = VECTOR ( 'NONE', #2840, 1000.000000000000000 ) ;
#1700 = ORIENTED_EDGE ( 'NONE', *, *, #226, .F. ) ;
#1701 = VECTOR ( 'NONE', #1431, 1000.000000000000114 ) ;
#1702 = ORIENTED_EDGE ( 'NONE', *, *, #3113, .F. ) ;
#1703 = SURFACE_SIDE_STYLE ('',( #143 ) ) ;
#1704 = VECTOR ( 'NONE', #3449, 1000.000000000000000 ) ;
#1705 = ORIENTED_EDGE ( 'NONE', *, *, #3806, .T. ) ;
#1706 = EDGE_LOOP ( 'NONE', ( #3205, #3361, #4547, #3861 ) ) ;
#1707 = CARTESIAN_POINT ( 'NONE',  ( -4.299714466474538810, 0.5130858162095990327, -2.000000000000045297 ) ) ;
#1708 = CARTESIAN_POINT ( 'NONE',  ( 4.879255340376099426, -6.613633252161579414E-15, 1.032500000000051266 ) ) ;
#1709 = CARTESIAN_POINT ( 'NONE',  ( 3.302500000000050839, 3.109999999999999876, -4.827499999999965929 ) ) ;
#1710 = CARTESIAN_POINT ( 'NONE',  ( 4.201612074575732159, 2.759999999999999787, 4.047500000000043840 ) ) ;
#1711 = CARTESIAN_POINT ( 'NONE',  ( 3.302500000000020641, 3.109999999999999876, -1.999999999999965361 ) ) ;
#1712 = CARTESIAN_POINT ( 'NONE',  ( -3.679305260539880607, 2.737195592011649747, 1.999999999999961364 ) ) ;
#1713 = LINE ( 'NONE', #491, #599 ) ;
#1714 = EDGE_LOOP ( 'NONE', ( #1117, #3826, #3147, #1418 ) ) ;
#1715 = ORIENTED_EDGE ( 'NONE', *, *, #1837, .T. ) ;
#1716 = PLANE ( 'NONE',  #4550 ) ;
#1717 = PLANE ( 'NONE',  #1164 ) ;
#1718 = CARTESIAN_POINT ( 'NONE',  ( 4.201612074575806766, 2.759999999999999787, -3.079999999999956106 ) ) ;
#1719 = ORIENTED_EDGE ( 'NONE', *, *, #912, .T. ) ;
#1720 = ADVANCED_FACE ( 'NONE', ( #594 ), #1021, .F. ) ;
#1721 = EDGE_LOOP ( 'NONE', ( #1516, #2890, #4435, #134 ) ) ;
#1722 = ORIENTED_EDGE ( 'NONE', *, *, #1521, .T. ) ;
#1723 = CARTESIAN_POINT ( 'NONE',  ( 4.522306814035957245, 0.2999999999999949929, -3.572499999999952713 ) ) ;
#1724 = ORIENTED_EDGE ( 'NONE', *, *, #4118, .F. ) ;
#1725 = ORIENTED_EDGE ( 'NONE', *, *, #3021, .T. ) ;
#1726 = CARTESIAN_POINT ( 'NONE',  ( -5.150000000000042988, 0.000000000000000000, 4.047499999999946141 ) ) ;
#1727 = CARTESIAN_POINT ( 'NONE',  ( -3.901897608101251969, 2.746914183790395203, 3.079999999999959215 ) ) ;
#1728 = VECTOR ( 'NONE', #298, 1000.000000000000000 ) ;
#1729 = DIRECTION ( 'NONE',  ( -1.000000000000000000, 0.000000000000000000, -1.047444401652940007E-14 ) ) ;
#1730 = EDGE_CURVE ( 'NONE', #1237, #2237, #973, .T. ) ;
#1731 = CIRCLE ( 'NONE', #2388, 0.5000000000000000000 ) ;
#1732 = LINE ( 'NONE', #1251, #448 ) ;
#1733 = ADVANCED_FACE ( 'NONE', ( #2152 ), #2960, .T. ) ;
#1734 = CARTESIAN_POINT ( 'NONE',  ( 3.679305260539907696, 2.959999999999999964, -4.539999999999961844 ) ) ;
#1735 = DIRECTION ( 'NONE',  ( -1.000000000000000000, -7.340941938036410991E-15, -1.047444401652940007E-14 ) ) ;
#1736 = PRESENTATION_STYLE_ASSIGNMENT (( #3669 ) ) ;
#1737 = LINE ( 'NONE', #2856, #522 ) ;
#1738 = ORIENTED_EDGE ( 'NONE', *, *, #712, .F. ) ;
#1739 = CIRCLE ( 'NONE', #519, 0.5000000000000000000 ) ;
#1740 = VECTOR ( 'NONE', #3288, 1000.000000000000000 ) ;
#1741 = EDGE_CURVE ( 'NONE', #1340, #221, #1768, .T. ) ;
#1742 = ORIENTED_EDGE ( 'NONE', *, *, #4540, .F. ) ;
#1743 = ADVANCED_FACE ( 'NONE', ( #4512 ), #4144, .F. ) ;
#1744 = CARTESIAN_POINT ( 'NONE',  ( 3.282752125361937612, 2.959999999999999964, -4.539999999999965397 ) ) ;
#1745 = FACE_OUTER_BOUND ( 'NONE', #699, .T. ) ;
#1746 = AXIS2_PLACEMENT_3D ( 'NONE', #3647, #2451, #4047 ) ;
#1747 = CARTESIAN_POINT ( 'NONE',  ( 3.282752125361847462, 3.259999999999999787, 4.047500000000034959 ) ) ;
#1748 = ADVANCED_FACE ( 'NONE', ( #643 ), #4560, .T. ) ;
#1749 = AXIS2_PLACEMENT_3D ( 'NONE', #33, #2497, #4731 ) ;
#1750 = ORIENTED_EDGE ( 'NONE', *, *, #3407, .T. ) ;
#1751 = EDGE_CURVE ( 'NONE', #2315, #4517, #2063, .T. ) ;
#1752 = ORIENTED_EDGE ( 'NONE', *, *, #3535, .T. ) ;
#1753 = CARTESIAN_POINT ( 'NONE',  ( -4.522306814035951916, 0.5228044079883460427, 3.079999999999952554 ) ) ;
#1754 = SURFACE_SIDE_STYLE ('',( #673 ) ) ;
#1755 = EDGE_CURVE ( 'NONE', #605, #4132, #2172, .T. ) ;
#1756 = VERTEX_POINT ( 'NONE', #3387 ) ;
#1757 = VERTEX_POINT ( 'NONE', #240 ) ;
#1758 = DIRECTION ( 'NONE',  ( -7.340941938036410991E-15, 1.000000000000000000, -7.689228535855522643E-29 ) ) ;
#1759 = PLANE ( 'NONE',  #4357 ) ;
#1760 = CARTESIAN_POINT ( 'NONE',  ( -4.879255340376110084, -7.827939685345339489E-14, -1.032500000000003304 ) ) ;
#1761 = FACE_OUTER_BOUND ( 'NONE', #270, .T. ) ;
#1762 = CARTESIAN_POINT ( 'NONE',  ( -3.282752125361889206, 2.959999999999999964, -0.5400000000000343414 ) ) ;
#1763 = LINE ( 'NONE', #1404, #2551 ) ;
#1764 = CARTESIAN_POINT ( 'NONE',  ( -5.149999999999963052, -8.023096076392729025E-14, -3.572500000000004228 ) ) ;
#1765 = ORIENTED_EDGE ( 'NONE', *, *, #2251, .T. ) ;
#1766 = ORIENTED_EDGE ( 'NONE', *, *, #4899, .T. ) ;
#1767 = PLANE ( 'NONE',  #478 ) ;
#1768 = LINE ( 'NONE', #3774, #2469 ) ;
#1769 = LINE ( 'NONE', #1794, #880 ) ;
#1770 = ORIENTED_EDGE ( 'NONE', *, *, #1428, .F. ) ;
#1771 = VECTOR ( 'NONE', #2086, 1000.000000000000000 ) ;
#1772 = VERTEX_POINT ( 'NONE', #3314 ) ;
#1773 = DIRECTION ( 'NONE',  ( -1.000000000000000000, -7.340941938036410991E-15, -1.047444401652940007E-14 ) ) ;
#1774 = EDGE_CURVE ( 'NONE', #1866, #283, #4844, .T. ) ;
#1775 = DIRECTION ( 'NONE',  ( -1.000000000000000000, -8.673617379884041783E-15, -1.047444401652940007E-14 ) ) ;
#1776 = EDGE_CURVE ( 'NONE', #4797, #4585, #1793, .T. ) ;
#1777 = VECTOR ( 'NONE', #625, 1000.000000000000114 ) ;
#1778 = VECTOR ( 'NONE', #4053, 1000.000000000000000 ) ;
#1779 = ORIENTED_EDGE ( 'NONE', *, *, #3088, .T. ) ;
#1780 = ORIENTED_EDGE ( 'NONE', *, *, #4061, .T. ) ;
#1781 = FACE_OUTER_BOUND ( 'NONE', #1283, .T. ) ;
#1782 = DIRECTION ( 'NONE',  ( 7.340941938036420458E-15, -1.000000000000000000, 7.689228535855532732E-29 ) ) ;
#1783 = AXIS2_PLACEMENT_3D ( 'NONE', #262, #4513, #215 ) ;
#1784 = DIRECTION ( 'NONE',  ( 1.047444401652940007E-14, 0.000000000000000000, -1.000000000000000000 ) ) ;
#1785 = DIRECTION ( 'NONE',  ( 0.000000000000000000, 1.000000000000000000, 0.000000000000000000 ) ) ;
#1786 = MECHANICAL_DESIGN_GEOMETRIC_PRESENTATION_REPRESENTATION (  '', ( #4544 ), #2195 ) ;
#1787 = LINE ( 'NONE', #1762, #1860 ) ;
#1788 = CYLINDRICAL_SURFACE ( 'NONE', #3279, 0.5228044079883513717 ) ;
#1789 = DIRECTION ( 'NONE',  ( 1.047444401652940007E-14, 0.000000000000000000, -1.000000000000000000 ) ) ;
#1790 = VERTEX_POINT ( 'NONE', #664 ) ;
#1791 = ORIENTED_EDGE ( 'NONE', *, *, #4157, .F. ) ;
#1792 = CARTESIAN_POINT ( 'NONE',  ( 3.302499999999994440, 3.109999999999999876, 0.5400000000000345635 ) ) ;
#1793 = LINE ( 'NONE', #2600, #916 ) ;
#1794 = CARTESIAN_POINT ( 'NONE',  ( -5.149999999999957723, -5.421010862427519705E-17, -4.047500000000053610 ) ) ;
#1795 = CARTESIAN_POINT ( 'NONE',  ( -3.679305260539839306, 3.259999999999999787, -2.000000000000038636 ) ) ;
#1796 = ORIENTED_EDGE ( 'NONE', *, *, #3677, .T. ) ;
#1797 = ORIENTED_EDGE ( 'NONE', *, *, #189, .T. ) ;
#1798 = EDGE_CURVE ( 'NONE', #4584, #3437, #4172, .T. ) ;
#1799 = ORIENTED_EDGE ( 'NONE', *, *, #2558, .F. ) ;
#1800 = CARTESIAN_POINT ( 'NONE',  ( 4.879255340376147387, -6.613633252161579414E-15, -3.572499999999949161 ) ) ;
#1801 = DIRECTION ( 'NONE',  ( 8.673617379884041783E-15, -1.000000000000000000, 9.085131966639181307E-29 ) ) ;
#1802 = EDGE_CURVE ( 'NONE', #2966, #4510, #4890, .T. ) ;
#1803 = EDGE_LOOP ( 'NONE', ( #1797, #4481, #3019, #3719, #616, #3672 ) ) ;
#1804 = ORIENTED_EDGE ( 'NONE', *, *, #2128, .F. ) ;
#1805 = DIRECTION ( 'NONE',  ( -1.788411804456530882E-30, 1.000000000000000000, 1.707404996040165005E-16 ) ) ;
#1806 = CARTESIAN_POINT ( 'NONE',  ( 4.299714466474553909, 0.5130858162095990327, 0.5400000000000449996 ) ) ;
#1807 = EDGE_CURVE ( 'NONE', #2437, #3011, #2936, .T. ) ;
#1808 = DIRECTION ( 'NONE',  ( 1.000000000000000000, 0.000000000000000000, 1.078386335459177736E-14 ) ) ;
#1809 = LINE ( 'NONE', #2695, #3149 ) ;
#1810 = DIRECTION ( 'NONE',  ( -1.047444401652940007E-14, 0.000000000000000000, 1.000000000000000000 ) ) ;
#1811 = ORIENTED_EDGE ( 'NONE', *, *, #4251, .T. ) ;
#1812 = ADVANCED_FACE ( 'NONE', ( #2249 ), #1409, .F. ) ;
#1813 = VECTOR ( 'NONE', #4997, 1000.000000000000000 ) ;
#1814 = ORIENTED_EDGE ( 'NONE', *, *, #144, .F. ) ;
#1815 = ORIENTED_EDGE ( 'NONE', *, *, #3016, .F. ) ;
#1816 = DIRECTION ( 'NONE',  ( -1.000000000000000000, 0.000000000000000000, 7.382095854901601972E-16 ) ) ;
#1817 = DIRECTION ( 'NONE',  ( 1.047444401652940007E-14, 0.000000000000000000, -1.000000000000000000 ) ) ;
#1818 = VECTOR ( 'NONE', #3898, 1000.000000000000000 ) ;
#1819 = CARTESIAN_POINT ( 'NONE',  ( 3.302499999999957581, 3.109999999999999876, 4.047500000000034959 ) ) ;
#1820 = DIRECTION ( 'NONE',  ( -1.047444401652940007E-14, 0.000000000000000000, 1.000000000000000000 ) ) ;
#1821 = ORIENTED_EDGE ( 'NONE', *, *, #2643, .T. ) ;
#1822 = CIRCLE ( 'NONE', #4740, 0.5228044079883501505 ) ;
#1823 = AXIS2_PLACEMENT_3D ( 'NONE', #1988, #708, #2320 ) ;
#1824 = ORIENTED_EDGE ( 'NONE', *, *, #4784, .F. ) ;
#1825 =( NAMED_UNIT ( * ) SI_UNIT ( $, .STERADIAN. ) SOLID_ANGLE_UNIT ( ) );
#1826 = FILL_AREA_STYLE_COLOUR ( '', #1203 ) ;
#1827 = ADVANCED_FACE ( 'NONE', ( #1745 ), #3292, .T. ) ;
#1828 = STYLED_ITEM ( 'NONE', ( #4217 ), #986 ) ;
#1829 = ORIENTED_EDGE ( 'NONE', *, *, #1633, .F. ) ;
#1830 = ORIENTED_EDGE ( 'NONE', *, *, #4685, .F. ) ;
#1831 = FACE_OUTER_BOUND ( 'NONE', #854, .T. ) ;
#1832 = DIRECTION ( 'NONE',  ( 1.000000000000000000, 0.000000000000000000, 0.000000000000000000 ) ) ;
#1833 = DIRECTION ( 'NONE',  ( 1.000000000000000000, 0.000000000000000000, 1.047444401652940007E-14 ) ) ;
#1834 = DIRECTION ( 'NONE',  ( -1.000000000000000000, 0.000000000000000000, -8.635980719412001453E-16 ) ) ;
#1835 = CARTESIAN_POINT ( 'NONE',  ( -4.879255340376116301, 0.2999999999999999889, 1.507499999999993845 ) ) ;
#1836 = PLANE ( 'NONE',  #2225 ) ;
#1837 = EDGE_CURVE ( 'NONE', #1266, #876, #1044, .T. ) ;
#1838 = ADVANCED_FACE ( 'NONE', ( #2356 ), #3519, .F. ) ;
#1839 = ORIENTED_EDGE ( 'NONE', *, *, #3639, .T. ) ;
#1840 = ORIENTED_EDGE ( 'NONE', *, *, #2509, .F. ) ;
#1841 = DIRECTION ( 'NONE',  ( -1.047444401652940007E-14, 0.000000000000000000, 1.000000000000000000 ) ) ;
#1842 = DIRECTION ( 'NONE',  ( -1.000000000000000000, 0.000000000000000000, -1.047444401652940007E-14 ) ) ;
#1843 = LINE ( 'NONE', #3775, #2511 ) ;
#1844 = DIRECTION ( 'NONE',  ( 1.000000000000000000, 0.000000000000000000, 1.078386335459178682E-14 ) ) ;
#1845 = ORIENTED_EDGE ( 'NONE', *, *, #4699, .F. ) ;
#1846 = ORIENTED_EDGE ( 'NONE', *, *, #3321, .F. ) ;
#1847 = FACE_OUTER_BOUND ( 'NONE', #5003, .T. ) ;
#1848 = AXIS2_PLACEMENT_3D ( 'NONE', #2727, #2321, #2243 ) ;
#1849 = ORIENTED_EDGE ( 'NONE', *, *, #4207, .T. ) ;
#1850 = VECTOR ( 'NONE', #2993, 1000.000000000000000 ) ;
#1851 = CARTESIAN_POINT ( 'NONE',  ( -5.148448800933102198, 0.2999999999999999889, -1.772102954345169179 ) ) ;
#1852 = ORIENTED_EDGE ( 'NONE', *, *, #990, .F. ) ;
#1853 = CARTESIAN_POINT ( 'NONE',  ( -5.150000000000042988, 0.000000000000000000, 4.047499999999946141 ) ) ;
#1854 =( NAMED_UNIT ( * ) SI_UNIT ( $, .STERADIAN. ) SOLID_ANGLE_UNIT ( ) );
#1855 = CARTESIAN_POINT ( 'NONE',  ( -3.282752125361910966, 3.259999999999999787, 1.999999999999965805 ) ) ;
#1856 = STYLED_ITEM ( 'NONE', ( #2921 ), #4400 ) ;
#1857 = VECTOR ( 'NONE', #2653, 1000.000000000000000 ) ;
#1858 = DIRECTION ( 'NONE',  ( -1.047444401652940007E-14, 0.000000000000000000, 1.000000000000000000 ) ) ;
#1859 = CIRCLE ( 'NONE', #4705, 0.2228044079883506334 ) ;
#1860 = VECTOR ( 'NONE', #3284, 1000.000000000000000 ) ;
#1861 = DIRECTION ( 'NONE',  ( -7.340941938036420458E-15, 1.000000000000000000, -7.689228535855532732E-29 ) ) ;
#1862 = DIRECTION ( 'NONE',  ( 1.000000000000000000, 0.000000000000000000, 1.047444401652940007E-14 ) ) ;
#1863 = CYLINDRICAL_SURFACE ( 'NONE', #2801, 0.2228044079883510498 ) ;
#1864 = ORIENTED_EDGE ( 'NONE', *, *, #533, .T. ) ;
#1865 = ADVANCED_FACE ( 'NONE', ( #338 ), #2299, .F. ) ;
#1866 = VERTEX_POINT ( 'NONE', #4222 ) ;
#1867 = LINE ( 'NONE', #3440, #1939 ) ;
#1868 = DIRECTION ( 'NONE',  ( 0.000000000000000000, 1.000000000000000000, 0.000000000000000000 ) ) ;
#1869 = CARTESIAN_POINT ( 'NONE',  ( -4.522306814035887967, 0.2999999999999954925, -3.080000000000047145 ) ) ;
#1870 = FACE_OUTER_BOUND ( 'NONE', #2585, .T. ) ;
#1871 = ORIENTED_EDGE ( 'NONE', *, *, #2457, .F. ) ;
#1872 = DIRECTION ( 'NONE',  ( 0.000000000000000000, 1.000000000000000000, 0.000000000000000000 ) ) ;
#1873 = DIRECTION ( 'NONE',  ( -1.047444401652940007E-14, 0.000000000000000000, 1.000000000000000000 ) ) ;
#1874 = EDGE_CURVE ( 'NONE', #2843, #1332, #2654, .T. ) ;
#1875 = ORIENTED_EDGE ( 'NONE', *, *, #1448, .F. ) ;
#1876 = CARTESIAN_POINT ( 'NONE',  ( 4.879255340376120742, 0.2999999999999999889, -1.032499999999948903 ) ) ;
#1877 = EDGE_LOOP ( 'NONE', ( #2032, #2859, #1804, #3678 ) ) ;
#1878 = DIRECTION ( 'NONE',  ( -1.047444401652940007E-14, 0.000000000000000000, 1.000000000000000000 ) ) ;
#1879 = CYLINDRICAL_SURFACE ( 'NONE', #1823, 0.2228044079883510498 ) ;
#1880 = LINE ( 'NONE', #4931, #2745 ) ;
#1881 = CARTESIAN_POINT ( 'NONE',  ( -4.699999999999968203, -7.692414413784648911E-14, -3.080000000000004068 ) ) ;
#1882 = EDGE_CURVE ( 'NONE', #4268, #3533, #389, .T. ) ;
#1883 = SURFACE_STYLE_FILL_AREA ( #2618 ) ;
#1884 = ORIENTED_EDGE ( 'NONE', *, *, #4280, .F. ) ;
#1885 = EDGE_CURVE ( 'NONE', #1289, #2053, #416, .T. ) ;
#1886 = VERTEX_POINT ( 'NONE', #2682 ) ;
#1887 = DIRECTION ( 'NONE',  ( 0.9396926207859073177, 6.898228968790657561E-15, 0.3420201433256717660 ) ) ;
#1888 = CARTESIAN_POINT ( 'NONE',  ( 4.522306814035898626, 0.2999999999999949929, 2.000000000000047518 ) ) ;
#1889 = CARTESIAN_POINT ( 'NONE',  ( 3.999999999999968026, 0.5000000000000000000, 3.080000000000041815 ) ) ;
#1890 = CARTESIAN_POINT ( 'NONE',  ( -4.700000000000020606, 0.2999999999999999889, 1.999999999999995781 ) ) ;
#1891 = LINE ( 'NONE', #2174, #906 ) ;
#1892 = ORIENTED_EDGE ( 'NONE', *, *, #886, .T. ) ;
#1893 = AXIS2_PLACEMENT_3D ( 'NONE', #3526, #1235, #90 ) ;
#1894 = ADVANCED_FACE ( 'NONE', ( #35 ), #2705, .F. ) ;
#1895 = ORIENTED_EDGE ( 'NONE', *, *, #4663, .T. ) ;
#1896 = VECTOR ( 'NONE', #4269, 1000.000000000000000 ) ;
#1897 = CIRCLE ( 'NONE', #2619, 0.5228044079883509276 ) ;
#1898 = CARTESIAN_POINT ( 'NONE',  ( -4.699999999999979750, -7.692414413784648911E-14, -2.000000000000004441 ) ) ;
#1899 = DIRECTION ( 'NONE',  ( -1.047444401652940007E-14, 0.000000000000000000, 1.000000000000000000 ) ) ;
#1900 = EDGE_CURVE ( 'NONE', #2297, #902, #4245, .T. ) ;
#1901 = PRESENTATION_STYLE_ASSIGNMENT (( #1598 ) ) ;
#1902 = VECTOR ( 'NONE', #2854, 1000.000000000000000 ) ;
#1903 = VECTOR ( 'NONE', #4600, 1000.000000000000000 ) ;
#1904 = ORIENTED_EDGE ( 'NONE', *, *, #1964, .T. ) ;
#1905 = DIRECTION ( 'NONE',  ( 0.000000000000000000, -1.000000000000000000, -0.000000000000000000 ) ) ;
#1906 = EDGE_LOOP ( 'NONE', ( #3854, #3472, #4323, #3424, #3963, #2295 ) ) ;
#1907 = DIRECTION ( 'NONE',  ( 1.000000000000000000, 0.000000000000000000, 1.040834085586084257E-14 ) ) ;
#1908 = VECTOR ( 'NONE', #2756, 1000.000000000000000 ) ;
#1909 = PRODUCT ( 'HCPL2630SD', 'HCPL2630SD', '', ( #4839 ) ) ;
#1910 = LINE ( 'NONE', #3155, #2308 ) ;
#1911 = CARTESIAN_POINT ( 'NONE',  ( 3.282752125361858120, 2.959999999999999964, 3.080000000000034266 ) ) ;
#1912 = DIRECTION ( 'NONE',  ( -1.047444401652940007E-14, 1.707404996040165005E-16, 1.000000000000000000 ) ) ;
#1913 = LINE ( 'NONE', #2729, #4018 ) ;
#1914 = ORIENTED_EDGE ( 'NONE', *, *, #4801, .T. ) ;
#1915 = EDGE_LOOP ( 'NONE', ( #4250, #323, #2553, #4671 ) ) ;
#1916 = ORIENTED_EDGE ( 'NONE', *, *, #4578, .T. ) ;
#1917 = FACE_OUTER_BOUND ( 'NONE', #3482, .T. ) ;
#1918 = DIRECTION ( 'NONE',  ( -1.047444401652940007E-14, 0.000000000000000000, 1.000000000000000000 ) ) ;
#1919 = CARTESIAN_POINT ( 'NONE',  ( -4.699999999999968203, 0.2999999999999999889, -3.080000000000004068 ) ) ;
#1920 = CARTESIAN_POINT ( 'NONE',  ( -4.699999999999993960, 0.2999999999999999889, -0.5400000000000022560 ) ) ;
#1921 = ORIENTED_EDGE ( 'NONE', *, *, #3918, .T. ) ;
#1922 = ORIENTED_EDGE ( 'NONE', *, *, #434, .T. ) ;
#1923 = SURFACE_STYLE_USAGE ( .BOTH. , #727 ) ;
#1924 = CARTESIAN_POINT ( 'NONE',  ( -1.402499999999964109, 5.029999999999999361, -3.427500000000014868 ) ) ;
#1925 = LINE ( 'NONE', #2770, #2350 ) ;
#1926 = VERTEX_POINT ( 'NONE', #744 ) ;
#1927 = DIRECTION ( 'NONE',  ( 0.000000000000000000, 1.000000000000000000, 0.000000000000000000 ) ) ;
#1928 = EDGE_CURVE ( 'NONE', #4510, #876, #1149, .T. ) ;
#1929 = EDGE_CURVE ( 'NONE', #2597, #1008, #3138, .T. ) ;
#1930 = ORIENTED_EDGE ( 'NONE', *, *, #3906, .T. ) ;
#1931 = DIRECTION ( 'NONE',  ( 1.047444401652940007E-14, 0.000000000000000000, -1.000000000000000000 ) ) ;
#1932 = VECTOR ( 'NONE', #4879, 1000.000000000000114 ) ;
#1933 = FACE_OUTER_BOUND ( 'NONE', #3595, .T. ) ;
#1934 = CARTESIAN_POINT ( 'NONE',  ( -4.201612074575768574, 2.759999999999999787, -0.5400000000000440004 ) ) ;
#1935 = LINE ( 'NONE', #3838, #1660 ) ;
#1936 = AXIS2_PLACEMENT_3D ( 'NONE', #496, #473, #2483 ) ;
#1937 = ORIENTED_EDGE ( 'NONE', *, *, #1556, .T. ) ;
#1938 = ORIENTED_EDGE ( 'NONE', *, *, #3885, .T. ) ;
#1939 = VECTOR ( 'NONE', #1941, 1000.000000000000000 ) ;
#1940 = PLANE ( 'NONE',  #2791 ) ;
#1941 = DIRECTION ( 'NONE',  ( -1.000000000000000000, 7.340941938036410991E-15, -1.047444401652940007E-14 ) ) ;
#1942 = DIRECTION ( 'NONE',  ( 1.047444401652940007E-14, 0.000000000000000000, -1.000000000000000000 ) ) ;
#1943 = DIRECTION ( 'NONE',  ( -0.9990482215818580203, 0.04361938736532974814, -1.046447466677243020E-14 ) ) ;
#1944 = LINE ( 'NONE', #3924, #3763 ) ;
#1945 = EDGE_LOOP ( 'NONE', ( #4749, #4679, #2028, #4472 ) ) ;
#1946 = VECTOR ( 'NONE', #1130, 1000.000000000000000 ) ;
#1947 = ORIENTED_EDGE ( 'NONE', *, *, #4745, .F. ) ;
#1948 = CARTESIAN_POINT ( 'NONE',  ( 3.901897608101225767, 2.746914183790395203, -0.5399999999999591793 ) ) ;
#1949 = LINE ( 'NONE', #5024, #4489 ) ;
#1950 = DIRECTION ( 'NONE',  ( -1.000000000000000000, 7.254577915235990126E-15, -1.047444401652940164E-14 ) ) ;
#1951 = PLANE ( 'NONE',  #4569 ) ;
#1952 = EDGE_CURVE ( 'NONE', #2359, #4794, #3847, .T. ) ;
#1953 = ORIENTED_EDGE ( 'NONE', *, *, #3030, .T. ) ;
#1954 = CARTESIAN_POINT ( 'NONE',  ( 3.282752125361937612, 3.259999999999999787, -4.539999999999965397 ) ) ;
#1955 = VERTEX_POINT ( 'NONE', #4689 ) ;
#1956 = CARTESIAN_POINT ( 'NONE',  ( 4.879255340376147387, -6.613633252161579414E-15, -3.572499999999949161 ) ) ;
#1957 = ADVANCED_FACE ( 'NONE', ( #2761 ), #4300, .F. ) ;
#1958 = EDGE_CURVE ( 'NONE', #2093, #221, #1897, .T. ) ;
#1959 = DIRECTION ( 'NONE',  ( -1.047444401652940007E-14, 0.000000000000000000, 1.000000000000000000 ) ) ;
#1960 = CARTESIAN_POINT ( 'NONE',  ( 5.149999999999963052, 0.2999999999999999889, 3.572500000000053966 ) ) ;
#1961 = LINE ( 'NONE', #3587, #4929 ) ;
#1962 = LINE ( 'NONE', #2617, #3524 ) ;
#1963 =( NAMED_UNIT ( * ) PLANE_ANGLE_UNIT ( ) SI_UNIT ( $, .RADIAN. ) );
#1964 = EDGE_CURVE ( 'NONE', #4120, #3262, #772, .T. ) ;
#1965 = ORIENTED_EDGE ( 'NONE', *, *, #2643, .F. ) ;
#1966 = LINE ( 'NONE', #1060, #4574 ) ;
#1967 = CARTESIAN_POINT ( 'NONE',  ( 4.879255340376072780, -6.613633252161579414E-15, 3.572500000000051301 ) ) ;
#1968 = CARTESIAN_POINT ( 'NONE',  ( -4.522306814035898626, 0.2999999999999954925, -1.032500000000003304 ) ) ;
#1969 = CARTESIAN_POINT ( 'NONE',  ( -3.282752125361932727, 3.259999999999999787, 4.047499999999964793 ) ) ;
#1970 = DIRECTION ( 'NONE',  ( -1.000000000000000000, -1.093626126041270058E-15, -1.047444401652940007E-14 ) ) ;
#1971 = ORIENTED_EDGE ( 'NONE', *, *, #4874, .T. ) ;
#1972 = EDGE_LOOP ( 'NONE', ( #1494, #48, #4259, #3630, #259, #502 ) ) ;
#1973 = DIRECTION ( 'NONE',  ( 1.047444401652940007E-14, 0.000000000000000000, -1.000000000000000000 ) ) ;
#1974 = DIRECTION ( 'NONE',  ( 0.1294283079955626525, -0.9831056027603600755, 0.1294283079955654003 ) ) ;
#1975 = VECTOR ( 'NONE', #2283, 1000.000000000000000 ) ;
#1976 = SURFACE_SIDE_STYLE ('',( #1570 ) ) ;
#1977 = AXIS2_PLACEMENT_3D ( 'NONE', #1458, #2531, #1068 ) ;
#1978 = ORIENTED_EDGE ( 'NONE', *, *, #831, .T. ) ;
#1979 = ORIENTED_EDGE ( 'NONE', *, *, #4066, .F. ) ;
#1980 = EDGE_CURVE ( 'NONE', #4283, #3777, #3027, .T. ) ;
#1981 = ORIENTED_EDGE ( 'NONE', *, *, #2022, .F. ) ;
#1982 = EDGE_CURVE ( 'NONE', #348, #1600, #3197, .T. ) ;
#1983 = LINE ( 'NONE', #2819, #3560 ) ;
#1984 = AXIS2_PLACEMENT_3D ( 'NONE', #2674, #3134, #4295 ) ;
#1985 = AXIS2_PLACEMENT_3D ( 'NONE', #1668, #866, #3215 ) ;
#1986 = VECTOR ( 'NONE', #176, 1000.000000000000227 ) ;
#1987 = DIRECTION ( 'NONE',  ( 0.000000000000000000, 1.000000000000000000, 0.000000000000000000 ) ) ;
#1988 = CARTESIAN_POINT ( 'NONE',  ( 3.679305260539854405, 2.737195592011649747, 0.5400000000000384492 ) ) ;
#1989 = CARTESIAN_POINT ( 'NONE',  ( 4.522306814035940370, 0.5228044079883460427, -1.999999999999952704 ) ) ;
#1990 = UNCERTAINTY_MEASURE_WITH_UNIT (LENGTH_MEASURE( 1.000000000000000082E-05 ), #4455, 'distance_accuracy_value', 'NONE');
#1991 = DIRECTION ( 'NONE',  ( -0.04361938736532974814, 0.9990482215818580203, -4.568888309934562493E-16 ) ) ;
#1992 = CLOSED_SHELL ( 'NONE', ( #1348, #1258, #1064, #1049, #1091, #2363, #523, #1447, #499, #238, #2976, #827, #3979 ) ) ;
#1993 = CARTESIAN_POINT ( 'NONE',  ( -4.699999999999979750, -7.692414413784648911E-14, -2.000000000000004441 ) ) ;
#1994 = DIRECTION ( 'NONE',  ( 1.000000000000000000, 7.340941938036420458E-15, 1.047444401652940007E-14 ) ) ;
#1995 = CARTESIAN_POINT ( 'NONE',  ( -4.522306814035951916, 0.5228044079883460427, 3.079999999999952554 ) ) ;
#1996 = EDGE_CURVE ( 'NONE', #1372, #1430, #3116, .T. ) ;
#1997 = DIRECTION ( 'NONE',  ( -1.047444401652940007E-14, 0.000000000000000000, 1.000000000000000000 ) ) ;
#1998 = ADVANCED_FACE ( 'NONE', ( #2734 ), #4271, .F. ) ;
#1999 = LINE ( 'NONE', #1353, #114 ) ;
#2000 = ORIENTED_EDGE ( 'NONE', *, *, #3407, .F. ) ;
#2001 = VERTEX_POINT ( 'NONE', #2829 ) ;
#2002 = CARTESIAN_POINT ( 'NONE',  ( 3.679305260539854405, 3.259999999999999787, 0.5400000000000384492 ) ) ;
#2003 = CARTESIAN_POINT ( 'NONE',  ( 5.150000000000042988, -5.421010862427519705E-17, -4.047499999999946141 ) ) ;
#2004 = FACE_OUTER_BOUND ( 'NONE', #1906, .T. ) ;
#2005 = ORIENTED_EDGE ( 'NONE', *, *, #3152, .T. ) ;
#2006 = EDGE_CURVE ( 'NONE', #2732, #1008, #3682, .T. ) ;
#2007 = VERTEX_POINT ( 'NONE', #1277 ) ;
#2008 = LINE ( 'NONE', #1575, #3153 ) ;
#2009 = FACE_OUTER_BOUND ( 'NONE', #1706, .T. ) ;
#2010 = LINE ( 'NONE', #2823, #4946 ) ;
#2011 = CARTESIAN_POINT ( 'NONE',  ( -3.901897608101240866, 2.746914183790395203, 1.999999999999959366 ) ) ;
#2012 = VECTOR ( 'NONE', #1528, 1000.000000000000000 ) ;
#2013 = CARTESIAN_POINT ( 'NONE',  ( 4.522306814035951916, 0.5228044079883460427, -3.079999999999952554 ) ) ;
#2014 = CIRCLE ( 'NONE', #2581, 0.5228044079883501505 ) ;
#2015 = LINE ( 'NONE', #3212, #4622 ) ;
#2016 = DIRECTION ( 'NONE',  ( 0.000000000000000000, 1.000000000000000000, 0.000000000000000000 ) ) ;
#2017 = DIRECTION ( 'NONE',  ( 1.000000000000000000, 7.340941938036420458E-15, 1.047444401652940007E-14 ) ) ;
#2018 = DIRECTION ( 'NONE',  ( -1.000000000000000000, 0.000000000000000000, -1.047444401652940007E-14 ) ) ;
#2019 = ORIENTED_EDGE ( 'NONE', *, *, #5005, .F. ) ;
#2020 = AXIS2_PLACEMENT_3D ( 'NONE', #4824, #927, #1773 ) ;
#2021 = VECTOR ( 'NONE', #4835, 1000.000000000000000 ) ;
#2022 = EDGE_CURVE ( 'NONE', #2603, #3168, #4240, .T. ) ;
#2023 = ORIENTED_EDGE ( 'NONE', *, *, #1502, .T. ) ;
#2024 = DIRECTION ( 'NONE',  ( -1.047444401652940007E-14, 0.000000000000000000, 1.000000000000000000 ) ) ;
#2025 = DIRECTION ( 'NONE',  ( 1.000000000000000000, 0.000000000000000000, 1.047444401652940007E-14 ) ) ;
#2026 = VECTOR ( 'NONE', #1228, 1000.000000000000114 ) ;
#2027 = VECTOR ( 'NONE', #1861, 1000.000000000000000 ) ;
#2028 = ORIENTED_EDGE ( 'NONE', *, *, #4068, .F. ) ;
#2029 = EDGE_CURVE ( 'NONE', #1430, #1756, #3236, .T. ) ;
#2030 = VECTOR ( 'NONE', #370, 1000.000000000000000 ) ;
#2031 = ORIENTED_EDGE ( 'NONE', *, *, #3419, .T. ) ;
#2032 = ORIENTED_EDGE ( 'NONE', *, *, #3321, .T. ) ;
#2033 = DIRECTION ( 'NONE',  ( -1.047444401652940007E-14, 0.000000000000000000, 1.000000000000000000 ) ) ;
#2034 = EDGE_CURVE ( 'NONE', #320, #4775, #4374, .T. ) ;
#2035 = VERTEX_POINT ( 'NONE', #82 ) ;
#2036 = FACE_OUTER_BOUND ( 'NONE', #3818, .T. ) ;
#2037 = CARTESIAN_POINT ( 'NONE',  ( 4.522306814035887967, 0.5228044079883460427, 3.080000000000047145 ) ) ;
#2038 = DIRECTION ( 'NONE',  ( -1.367189293099690448E-15, 0.9914448613738103822, 0.1305261922200520452 ) ) ;
#2039 = LINE ( 'NONE', #2117, #2806 ) ;
#2040 = CARTESIAN_POINT ( 'NONE',  ( -3.282752125361922069, 3.259999999999999787, 3.079999999999965432 ) ) ;
#2041 = CARTESIAN_POINT ( 'NONE',  ( -4.522306814035951916, 0.2999999999999954925, 3.079999999999952554 ) ) ;
#2042 = ADVANCED_FACE ( 'NONE', ( #4396 ), #889, .F. ) ;
#2043 = ADVANCED_FACE ( 'NONE', ( #3997 ), #512, .F. ) ;
#2044 = CARTESIAN_POINT ( 'NONE',  ( -1.902499999999963887, 5.080000000000000071, -3.427500000000019753 ) ) ;
#2045 = CARTESIAN_POINT ( 'NONE',  ( 3.282752125361884321, 2.959999999999999964, 0.5400000000000343414 ) ) ;
#2046 = ORIENTED_EDGE ( 'NONE', *, *, #1018, .T. ) ;
#2047 = ORIENTED_EDGE ( 'NONE', *, *, #4849, .T. ) ;
#2048 = DIRECTION ( 'NONE',  ( -0.1305261922200520452, 0.9914448613738103822, -1.367189293099690448E-15 ) ) ;
#2049 = DIRECTION ( 'NONE',  ( -1.047444401652940007E-14, 0.000000000000000000, 1.000000000000000000 ) ) ;
#2050 = CARTESIAN_POINT ( 'NONE',  ( 4.522306814035925271, 0.5228044079883460427, -0.5399999999999526290 ) ) ;
#2051 = ADVANCED_FACE ( 'NONE', ( #2782 ), #3213, .F. ) ;
#2052 = ORIENTED_EDGE ( 'NONE', *, *, #1136, .F. ) ;
#2053 = VERTEX_POINT ( 'NONE', #3619 ) ;
#2054 = ORIENTED_EDGE ( 'NONE', *, *, #545, .T. ) ;
#2055 = DIRECTION ( 'NONE',  ( -7.340941938036420458E-15, 1.000000000000000000, -7.689228535855532732E-29 ) ) ;
#2056 = EDGE_CURVE ( 'NONE', #1008, #821, #1614, .T. ) ;
#2057 = VECTOR ( 'NONE', #4944, 1000.000000000000000 ) ;
#2058 = ORIENTED_EDGE ( 'NONE', *, *, #3858, .T. ) ;
#2059 = VERTEX_POINT ( 'NONE', #3645 ) ;
#2060 = CYLINDRICAL_SURFACE ( 'NONE', #760, 0.2228044079883510498 ) ;
#2061 = AXIS2_PLACEMENT_3D ( 'NONE', #735, #2644, #5009 ) ;
#2063 = CIRCLE ( 'NONE', #4085, 0.5228044079883513717 ) ;
#2062 = CARTESIAN_POINT ( 'NONE',  ( -3.679305260539839306, 2.737195592011649747, -2.000000000000038636 ) ) ;
#2064 = LINE ( 'NONE', #127, #4657 ) ;
#2065 = CIRCLE ( 'NONE', #2717, 0.5000000000000000000 ) ;
#2066 = AXIS2_PLACEMENT_3D ( 'NONE', #1178, #445, #14 ) ;
#2067 = PLANE ( 'NONE',  #1260 ) ;
#2068 = LINE ( 'NONE', #536, #4860 ) ;
#2069 = DIRECTION ( 'NONE',  ( 0.9914448613738101601, -0.1305261922200546543, 1.038483369593572679E-14 ) ) ;
#2070 = CARTESIAN_POINT ( 'NONE',  ( 4.299714466474566343, 0.5130858162095990327, -0.5399999999999549605 ) ) ;
#2071 =( GEOMETRIC_REPRESENTATION_CONTEXT ( 3 ) GLOBAL_UNCERTAINTY_ASSIGNED_CONTEXT ( ( #967 ) ) GLOBAL_UNIT_ASSIGNED_CONTEXT ( ( #4885, #1476, #4508 ) ) REPRESENTATION_CONTEXT ( 'NONE', 'WORKASPACE' ) );
#2072 = DIRECTION ( 'NONE',  ( 1.000000000000000000, -8.673617379884041783E-15, 1.047444401652940007E-14 ) ) ;
#2073 = ORIENTED_EDGE ( 'NONE', *, *, #3628, .F. ) ;
#2074 = VERTEX_POINT ( 'NONE', #464 ) ;
#2075 = DIRECTION ( 'NONE',  ( 0.04361938736533049754, 0.9990482215818580203, 4.568888309934641380E-16 ) ) ;
#2076 = CARTESIAN_POINT ( 'NONE',  ( -4.299714466474602759, 0.5130858162095990327, 4.047499999999955023 ) ) ;
#2077 =( NAMED_UNIT ( * ) SI_UNIT ( $, .STERADIAN. ) SOLID_ANGLE_UNIT ( ) );
#2078 = ORIENTED_EDGE ( 'NONE', *, *, #2858, .T. ) ;
#2079 = VERTEX_POINT ( 'NONE', #2378 ) ;
#2080 = VERTEX_POINT ( 'NONE', #2041 ) ;
#2081 = DIRECTION ( 'NONE',  ( 1.000000000000000000, 0.000000000000000000, 1.078386335459177736E-14 ) ) ;
#2082 = ADVANCED_FACE ( 'NONE', ( #3260 ), #3591, .F. ) ;
#2083 = ORIENTED_EDGE ( 'NONE', *, *, #342, .F. ) ;
#2084 = ORIENTED_EDGE ( 'NONE', *, *, #2123, .T. ) ;
#2085 = CARTESIAN_POINT ( 'NONE',  ( 4.522306814035950140, -4.662069341687669855E-15, -1.999999999999952704 ) ) ;
#2086 = DIRECTION ( 'NONE',  ( 1.000000000000000000, 0.000000000000000000, 1.047444401652940007E-14 ) ) ;
#2087 = DIRECTION ( 'NONE',  ( 0.04361938736532974814, -0.9990482215818580203, 4.568888309934562493E-16 ) ) ;
#2088 = CARTESIAN_POINT ( 'NONE',  ( -4.699999999999968203, -7.692414413784648911E-14, -3.080000000000004068 ) ) ;
#2089 = CARTESIAN_POINT ( 'NONE',  ( -4.522306814035940370, 0.2999999999999954925, 1.999999999999952704 ) ) ;
#2090 = DIRECTION ( 'NONE',  ( 1.047444401652940007E-14, 0.000000000000000000, -1.000000000000000000 ) ) ;
#2091 = CARTESIAN_POINT ( 'NONE',  ( -3.282752125361895867, 3.259999999999999787, 0.5399999999999656186 ) ) ;
#2092 = CARTESIAN_POINT ( 'NONE',  ( 3.282752125361932727, 3.259999999999999787, -4.047499999999964793 ) ) ;
#2093 = VERTEX_POINT ( 'NONE', #2880 ) ;
#2094 = ADVANCED_FACE ( 'NONE', ( #1327 ), #1253, .F. ) ;
#2095 = AXIS2_PLACEMENT_3D ( 'NONE', #2343, #1603, #829 ) ;
#2096 = EDGE_LOOP ( 'NONE', ( #4940, #1384, #46, #2465, #3803, #3263, #1186, #4461 ) ) ;
#2097 = DIRECTION ( 'NONE',  ( -1.000000000000000000, -7.340941938036410991E-15, -1.047444401652940007E-14 ) ) ;
#2098 = DIRECTION ( 'NONE',  ( 1.047444401652940007E-14, 0.000000000000000000, -1.000000000000000000 ) ) ;
#2099 = DIRECTION ( 'NONE',  ( -1.000000000000000000, -7.340941938036410991E-15, -1.047444401652940007E-14 ) ) ;
#2100 = COLOUR_RGB ( '',1.000000000000000000, 1.000000000000000000, 1.000000000000000000 ) ;
#2101 = VECTOR ( 'NONE', #2143, 1000.000000000000000 ) ;
#2102 = ORIENTED_EDGE ( 'NONE', *, *, #1218, .F. ) ;
#2103 = AXIS2_PLACEMENT_3D ( 'NONE', #596, #2154, #999 ) ;
#2104 = ORIENTED_EDGE ( 'NONE', *, *, #1472, .T. ) ;
#2105 = AXIS2_PLACEMENT_3D ( 'NONE', #2062, #836, #4683 ) ;
#2106 = ORIENTED_EDGE ( 'NONE', *, *, #2411, .F. ) ;
#2107 = DIRECTION ( 'NONE',  ( -1.000000000000000000, 0.000000000000000000, -1.078386335459177105E-14 ) ) ;
#2108 = EDGE_CURVE ( 'NONE', #3368, #2605, #862, .T. ) ;
#2109 = VECTOR ( 'NONE', #4000, 1000.000000000000000 ) ;
#2110 = VERTEX_POINT ( 'NONE', #4760 ) ;
#2111 = EDGE_LOOP ( 'NONE', ( #2491, #1864, #3522, #2720 ) ) ;
#2112 = DIRECTION ( 'NONE',  ( 0.04361938736532974814, -0.9990482215818580203, 4.568888309934562493E-16 ) ) ;
#2113 = LINE ( 'NONE', #4445, #2425 ) ;
#2114 = ADVANCED_FACE ( 'NONE', ( #441 ), #3163, .T. ) ;
#2115 = FACE_OUTER_BOUND ( 'NONE', #4753, .T. ) ;
#2116 = EDGE_CURVE ( 'NONE', #2956, #3044, #4783, .T. ) ;
#2117 = CARTESIAN_POINT ( 'NONE',  ( -3.302499999999952252, 3.109999999999999876, -4.540000000000034674 ) ) ;
#2118 = CARTESIAN_POINT ( 'NONE',  ( 4.879255340376120742, -6.613633252161579414E-15, -1.032499999999948903 ) ) ;
#2119 = CARTESIAN_POINT ( 'NONE',  ( 3.999999999999994227, 0.5000000000000000000, 0.5400000000000418909 ) ) ;
#2120 = EDGE_CURVE ( 'NONE', #5014, #1955, #209, .T. ) ;
#2121 = CARTESIAN_POINT ( 'NONE',  ( -3.901897608101188020, 2.746914183790395203, -3.080000000000040483 ) ) ;
#2122 = ORIENTED_EDGE ( 'NONE', *, *, #1964, .F. ) ;
#2123 = EDGE_CURVE ( 'NONE', #2986, #754, #1763, .T. ) ;
#2124 = VERTEX_POINT ( 'NONE', #3767 ) ;
#2125 = LINE ( 'NONE', #2599, #4937 ) ;
#2126 = DIRECTION ( 'NONE',  ( 0.9990482215818580203, 0.04361938736532974814, 1.046447466677243020E-14 ) ) ;
#2127 = FACE_OUTER_BOUND ( 'NONE', #2286, .T. ) ;
#2128 = EDGE_CURVE ( 'NONE', #3362, #4087, #4819, .T. ) ;
#2129 = ORIENTED_EDGE ( 'NONE', *, *, #3100, .F. ) ;
#2130 = ORIENTED_EDGE ( 'NONE', *, *, #3999, .F. ) ;
#2131 = ORIENTED_EDGE ( 'NONE', *, *, #4476, .T. ) ;
#2132 = DIRECTION ( 'NONE',  ( 1.000000000000000000, 7.340941938036420458E-15, 1.047444401652940007E-14 ) ) ;
#2133 = ADVANCED_FACE ( 'NONE', ( #232 ), #1788, .T. ) ;
#2134 = ORIENTED_EDGE ( 'NONE', *, *, #4598, .T. ) ;
#2135 = EDGE_LOOP ( 'NONE', ( #3585, #3987, #1852, #1884 ) ) ;
#2136 = EDGE_CURVE ( 'NONE', #4218, #341, #3333, .T. ) ;
#2137 = CARTESIAN_POINT ( 'NONE',  ( -5.148448800933107528, 0.2999999999999999889, 0.7678970456548250834 ) ) ;
#2138 = DIRECTION ( 'NONE',  ( -7.340941938036420458E-15, 1.000000000000000000, -7.689228535855532732E-29 ) ) ;
#2139 = AXIS2_PLACEMENT_3D ( 'NONE', #1513, #3776, #1844 ) ;
#2140 = FACE_OUTER_BOUND ( 'NONE', #1238, .T. ) ;
#2141 = VECTOR ( 'NONE', #4813, 1000.000000000000227 ) ;
#2142 = CARTESIAN_POINT ( 'NONE',  ( -3.679305260539817546, 2.737195592011649747, -4.047500000000037623 ) ) ;
#2143 = DIRECTION ( 'NONE',  ( 1.000000000000000000, 0.000000000000000000, 1.021180609435274484E-14 ) ) ;
#2144 = CARTESIAN_POINT ( 'NONE',  ( 3.282752125361869222, 2.959999999999999964, 2.000000000000034195 ) ) ;
#2145 = CARTESIAN_POINT ( 'NONE',  ( 4.522306814035923495, -4.662069341687669855E-15, 0.5400000000000473310 ) ) ;
#2146 = ORIENTED_EDGE ( 'NONE', *, *, #2851, .F. ) ;
#2147 = VECTOR ( 'NONE', #737, 1000.000000000000000 ) ;
#2148 = CIRCLE ( 'NONE', #4091, 0.2228044079883510498 ) ;
#2149 = VERTEX_POINT ( 'NONE', #4046 ) ;
#2150 = ADVANCED_FACE ( 'NONE', ( #3306 ), #2218, .F. ) ;
#2151 = DIRECTION ( 'NONE',  ( 1.000000000000000000, 1.093626126041270058E-15, 1.047444401652940007E-14 ) ) ;
#2152 = FACE_OUTER_BOUND ( 'NONE', #717, .T. ) ;
#2153 = EDGE_CURVE ( 'NONE', #1028, #2155, #2954, .T. ) ;
#2154 = DIRECTION ( 'NONE',  ( 1.047444401652940007E-14, 0.000000000000000000, -1.000000000000000000 ) ) ;
#2155 = VERTEX_POINT ( 'NONE', #4836 ) ;
#2156 = ORIENTED_EDGE ( 'NONE', *, *, #1223, .F. ) ;
#2157 = PLANE ( 'NONE',  #3563 ) ;
#2158 = DIRECTION ( 'NONE',  ( 1.047444401652940007E-14, 0.000000000000000000, -1.000000000000000000 ) ) ;
#2159 = EDGE_CURVE ( 'NONE', #2035, #2605, #1352, .T. ) ;
#2160 = ORIENTED_EDGE ( 'NONE', *, *, #3264, .F. ) ;
#2161 = ORIENTED_EDGE ( 'NONE', *, *, #3699, .T. ) ;
#2162 = CARTESIAN_POINT ( 'NONE',  ( 4.201612074575806766, 2.759999999999999787, -3.079999999999956106 ) ) ;
#2163 = DIRECTION ( 'NONE',  ( 7.340941938036420458E-15, -1.000000000000000000, 7.689228535855532732E-29 ) ) ;
#2164 = CARTESIAN_POINT ( 'NONE',  ( -3.901897608101199122, 2.746914183790395203, -2.000000000000040856 ) ) ;
#2165 = DIRECTION ( 'NONE',  ( 1.000000000000000000, 0.000000000000000000, 1.070555471053706728E-14 ) ) ;
#2166 = LINE ( 'NONE', #636, #3809 ) ;
#2167 = FACE_OUTER_BOUND ( 'NONE', #5013, .T. ) ;
#2168 = PLANE ( 'NONE',  #3448 ) ;
#2169 = ORIENTED_EDGE ( 'NONE', *, *, #3928, .F. ) ;
#2170 = ORIENTED_EDGE ( 'NONE', *, *, #220, .T. ) ;
#2171 = DIRECTION ( 'NONE',  ( 0.000000000000000000, 1.000000000000000000, 0.000000000000000000 ) ) ;
#2172 = LINE ( 'NONE', #4101, #4815 ) ;
#2173 = CARTESIAN_POINT ( 'NONE',  ( -4.522306814035923495, -4.662069341687669855E-15, -0.5400000000000473310 ) ) ;
#2174 = CARTESIAN_POINT ( 'NONE',  ( -3.282752125361869222, 3.259999999999999787, -2.000000000000034195 ) ) ;
#2175 = ADVANCED_FACE ( 'NONE', ( #4506 ), #1836, .F. ) ;
#2176 = VERTEX_POINT ( 'NONE', #1453 ) ;
#2177 = EDGE_CURVE ( 'NONE', #2738, #605, #3743, .T. ) ;
#2178 = VECTOR ( 'NONE', #4262, 1000.000000000000114 ) ;
#2179 = ORIENTED_EDGE ( 'NONE', *, *, #4914, .F. ) ;
#2180 = MECHANICAL_DESIGN_GEOMETRIC_PRESENTATION_REPRESENTATION (  '', ( #1856 ), #553 ) ;
#2181 = VERTEX_POINT ( 'NONE', #3667 ) ;
#2182 = DIRECTION ( 'NONE',  ( 1.000000000000000000, -7.254577915235990126E-15, 1.047444401652940007E-14 ) ) ;
#2183 = PLANE ( 'NONE',  #1445 ) ;
#2184 = EDGE_CURVE ( 'NONE', #3012, #3368, #1822, .T. ) ;
#2185 =( GEOMETRIC_REPRESENTATION_CONTEXT ( 3 ) GLOBAL_UNCERTAINTY_ASSIGNED_CONTEXT ( ( #3412 ) ) GLOBAL_UNIT_ASSIGNED_CONTEXT ( ( #650, #2586, #1825 ) ) REPRESENTATION_CONTEXT ( 'NONE', 'WORKASPACE' ) );
#2186 = CIRCLE ( 'NONE', #3728, 0.5228044079883501505 ) ;
#2187 = VERTEX_POINT ( 'NONE', #181 ) ;
#2188 = EDGE_LOOP ( 'NONE', ( #4007, #3180, #1601, #3845 ) ) ;
#2189 = LINE ( 'NONE', #4110, #4191 ) ;
#2190 = ADVANCED_FACE ( 'NONE', ( #966 ), #2526, .F. ) ;
#2191 = AXIS2_PLACEMENT_3D ( 'NONE', #945, #1433, #2601 ) ;
#2192 = CARTESIAN_POINT ( 'NONE',  ( -3.679305260539865507, 2.737195592011649747, 0.5399999999999615108 ) ) ;
#2193 = STYLED_ITEM ( 'NONE', ( #1736 ), #171 ) ;
#2194 = LINE ( 'NONE', #687, #1074 ) ;
#2195 =( GEOMETRIC_REPRESENTATION_CONTEXT ( 3 ) GLOBAL_UNCERTAINTY_ASSIGNED_CONTEXT ( ( #3515 ) ) GLOBAL_UNIT_ASSIGNED_CONTEXT ( ( #4277, #3955, #1621 ) ) REPRESENTATION_CONTEXT ( 'NONE', 'WORKASPACE' ) );
#2196 = DIRECTION ( 'NONE',  ( -1.000000000000000000, -1.093626126041270058E-15, -1.047444401652940007E-14 ) ) ;
#2197 = DIRECTION ( 'NONE',  ( -0.04361938736533049754, -0.9990482215818580203, -2.863108385120736433E-16 ) ) ;
#2198 = ORIENTED_EDGE ( 'NONE', *, *, #186, .F. ) ;
#2199 = ORIENTED_EDGE ( 'NONE', *, *, #2649, .T. ) ;
#2200 = ADVANCED_FACE ( 'NONE', ( #2167 ), #989, .F. ) ;
#2201 = DIRECTION ( 'NONE',  ( -7.382095854901601972E-16, -8.231143906374060423E-29, -1.000000000000000000 ) ) ;
#2202 = DIRECTION ( 'NONE',  ( -0.04361938736532974814, 0.9990482215818580203, -4.568888309934562493E-16 ) ) ;
#2203 = LINE ( 'NONE', #3388, #4778 ) ;
#2204 = CARTESIAN_POINT ( 'NONE',  ( 3.679305260539880607, 2.737195592011649747, -1.999999999999961364 ) ) ;
#2205 = ORIENTED_EDGE ( 'NONE', *, *, #4326, .T. ) ;
#2206 = ORIENTED_EDGE ( 'NONE', *, *, #2570, .F. ) ;
#2207 = ORIENTED_EDGE ( 'NONE', *, *, #468, .T. ) ;
#2208 =( LENGTH_UNIT ( ) NAMED_UNIT ( * ) SI_UNIT ( .MILLI., .METRE. ) );
#2209 = VERTEX_POINT ( 'NONE', #2144 ) ;
#2210 = ADVANCED_FACE ( 'NONE', ( #2595 ), #2547, .F. ) ;
#2211 = VERTEX_POINT ( 'NONE', #1015 ) ;
#2212 = LINE ( 'NONE', #3404, #3720 ) ;
#2213 = ADVANCED_FACE ( 'NONE', ( #2573 ), #4114, .F. ) ;
#2214 = DIRECTION ( 'NONE',  ( 1.000000000000000000, 7.340941938036420458E-15, 1.047444401652940007E-14 ) ) ;
#2215 = CARTESIAN_POINT ( 'NONE',  ( 4.879255340376125183, -6.613633252161579414E-15, -1.507499999999948770 ) ) ;
#2217 = AXIS2_PLACEMENT_3D ( 'NONE', #666, #1413, #1820 ) ;
#2216 = CARTESIAN_POINT ( 'NONE',  ( 4.201612074575754363, 2.759999999999999787, 2.000000000000043965 ) ) ;
#2218 = CYLINDRICAL_SURFACE ( 'NONE', #272, 0.2228044079883506334 ) ;
#2219 = DIRECTION ( 'NONE',  ( -7.340941938036420458E-15, 1.000000000000000000, -7.689228535855532732E-29 ) ) ;
#2220 = AXIS2_PLACEMENT_3D ( 'NONE', #1122, #4965, #3059 ) ;
#2221 = ORIENTED_EDGE ( 'NONE', *, *, #4436, .F. ) ;
#2222 = ORIENTED_EDGE ( 'NONE', *, *, #838, .F. ) ;
#2223 = CARTESIAN_POINT ( 'NONE',  ( 3.282752125361932727, 2.959999999999999964, -4.047499999999964793 ) ) ;
#2224 = CARTESIAN_POINT ( 'NONE',  ( 4.522306814035908396, -4.662069341687669855E-15, 2.000000000000047518 ) ) ;
#2225 = AXIS2_PLACEMENT_3D ( 'NONE', #1427, #256, #4932 ) ;
#2226 = CARTESIAN_POINT ( 'NONE',  ( -4.522306814035881750, -4.662069341687669855E-15, -4.540000000000047109 ) ) ;
#2227 = CIRCLE ( 'NONE', #675, 0.2228044079883510498 ) ;
#2228 = CARTESIAN_POINT ( 'NONE',  ( 3.282752125361910966, 3.259999999999999787, -1.999999999999965805 ) ) ;
#2229 = EDGE_LOOP ( 'NONE', ( #4198, #2073, #692, #1099 ) ) ;
#2230 = ORIENTED_EDGE ( 'NONE', *, *, #1627, .F. ) ;
#2231 = CIRCLE ( 'NONE', #2877, 0.2228044079883506334 ) ;
#2232 =( GEOMETRIC_REPRESENTATION_CONTEXT ( 3 ) GLOBAL_UNCERTAINTY_ASSIGNED_CONTEXT ( ( #2755 ) ) GLOBAL_UNIT_ASSIGNED_CONTEXT ( ( #3768, #4960, #281 ) ) REPRESENTATION_CONTEXT ( 'NONE', 'WORKASPACE' ) );
#2233 = ORIENTED_EDGE ( 'NONE', *, *, #1143, .T. ) ;
#2234 = CLOSED_SHELL ( 'NONE', ( #36, #3578, #2779, #73, #1607, #979, #4710, #475, #3668, #1578, #2150, #2094, #406, #1363, #1084, #4838, #2482, #2082, #2175 ) ) ;
#2235 = ORIENTED_EDGE ( 'NONE', *, *, #1018, .F. ) ;
#2236 = LINE ( 'NONE', #1468, #917 ) ;
#2237 = VERTEX_POINT ( 'NONE', #4658 ) ;
#2238 = DIRECTION ( 'NONE',  ( -1.047444401652940007E-14, 0.000000000000000000, 1.000000000000000000 ) ) ;
#2239 = CYLINDRICAL_SURFACE ( 'NONE', #3975, 0.2228044079883506334 ) ;
#2240 = LINE ( 'NONE', #2950, #2709 ) ;
#2241 = EDGE_CURVE ( 'NONE', #2666, #3115, #3790, .T. ) ;
#2242 = CARTESIAN_POINT ( 'NONE',  ( 4.522306814035935041, -4.662069341687669855E-15, -0.5399999999999526290 ) ) ;
#2243 = DIRECTION ( 'NONE',  ( 8.621665603931250886E-43, 1.000000000000000000, -8.231143906374089570E-29 ) ) ;
#2244 = DIRECTION ( 'NONE',  ( 1.000000000000000000, 0.000000000000000000, 1.021180609435274484E-14 ) ) ;
#2245 = CARTESIAN_POINT ( 'NONE',  ( -4.522306814035923495, -4.662069341687669855E-15, -0.5400000000000473310 ) ) ;
#2246 = ORIENTED_EDGE ( 'NONE', *, *, #3183, .F. ) ;
#2247 = ORIENTED_EDGE ( 'NONE', *, *, #3013, .F. ) ;
#2248 = CARTESIAN_POINT ( 'NONE',  ( 3.282752125361884321, 2.959999999999999964, 0.5400000000000343414 ) ) ;
#2249 = FACE_OUTER_BOUND ( 'NONE', #2272, .T. ) ;
#2250 = DIRECTION ( 'NONE',  ( 0.000000000000000000, 1.000000000000000000, 0.000000000000000000 ) ) ;
#2251 = EDGE_CURVE ( 'NONE', #3651, #320, #5011, .T. ) ;
#2252 = CARTESIAN_POINT ( 'NONE',  ( -4.522306814035935041, -4.662069341687669855E-15, 0.5399999999999526290 ) ) ;
#2253 = VERTEX_POINT ( 'NONE', #3080 ) ;
#2254 = ORIENTED_EDGE ( 'NONE', *, *, #2399, .F. ) ;
#2255 = CARTESIAN_POINT ( 'NONE',  ( 5.149999999999957723, 5.080000000000000071, 4.047500000000053610 ) ) ;
#2256 = VERTEX_POINT ( 'NONE', #764 ) ;
#2257 = VECTOR ( 'NONE', #1878, 1000.000000000000000 ) ;
#2258 = PLANE ( 'NONE',  #3037 ) ;
#2259 = ADVANCED_FACE ( 'NONE', ( #1062 ), #1583, .F. ) ;
#2260 = VERTEX_POINT ( 'NONE', #4215 ) ;
#2261 = CARTESIAN_POINT ( 'NONE',  ( 4.201612074575781008, 2.759999999999999787, -0.5399999999999559597 ) ) ;
#2262 = DIRECTION ( 'NONE',  ( 0.000000000000000000, 0.000000000000000000, 1.000000000000000000 ) ) ;
#2263 = EDGE_CURVE ( 'NONE', #3684, #2934, #4631, .T. ) ;
#2264 = AXIS2_PLACEMENT_3D ( 'NONE', #3162, #1664, #4319 ) ;
#2265 = DIRECTION ( 'NONE',  ( -1.047444401652940007E-14, 0.000000000000000000, 1.000000000000000000 ) ) ;
#2266 = VECTOR ( 'NONE', #2250, 1000.000000000000000 ) ;
#2267 = VECTOR ( 'NONE', #3182, 1000.000000000000000 ) ;
#2268 = DIRECTION ( 'NONE',  ( -0.1305261922200629809, -0.9914448613738088278, -1.367189293099805227E-15 ) ) ;
#2269 = CARTESIAN_POINT ( 'NONE',  ( -3.282752125361847018, 2.959999999999999964, -4.540000000000034674 ) ) ;
#2270 = EDGE_CURVE ( 'NONE', #869, #343, #1505, .T. ) ;
#2271 = CARTESIAN_POINT ( 'NONE',  ( -4.879255340376107419, -7.827939685345339489E-14, 3.572499999999998899 ) ) ;
#2272 = EDGE_LOOP ( 'NONE', ( #2550, #828, #402, #392 ) ) ;
#2273 = ORIENTED_EDGE ( 'NONE', *, *, #2486, .F. ) ;
#2274 = EDGE_CURVE ( 'NONE', #477, #992, #1935, .T. ) ;
#2275 = ORIENTED_EDGE ( 'NONE', *, *, #1646, .F. ) ;
#2276 = LINE ( 'NONE', #2704, #4702 ) ;
#2277 = DIRECTION ( 'NONE',  ( -7.340941938036420458E-15, 1.000000000000000000, -7.689228535855532732E-29 ) ) ;
#2278 = CARTESIAN_POINT ( 'NONE',  ( 5.150000000000047429, -5.421010862427519705E-17, -4.539999999999945857 ) ) ;
#2279 = DIRECTION ( 'NONE',  ( -1.047444401652940007E-14, 0.000000000000000000, 1.000000000000000000 ) ) ;
#2280 = EDGE_LOOP ( 'NONE', ( #4876, #500, #2161, #3359, #4010, #1953, #1017, #3548 ) ) ;
#2281 = ORIENTED_EDGE ( 'NONE', *, *, #3380, .T. ) ;
#2282 = PRESENTATION_STYLE_ASSIGNMENT (( #1923 ) ) ;
#2283 = DIRECTION ( 'NONE',  ( 1.000000000000000000, 0.000000000000000000, 1.047444401652940007E-14 ) ) ;
#2284 = EDGE_CURVE ( 'NONE', #4148, #2535, #4266, .T. ) ;
#2285 = PRESENTATION_STYLE_ASSIGNMENT (( #4597 ) ) ;
#2286 = EDGE_LOOP ( 'NONE', ( #3729, #148, #2932, #781, #2199, #2478 ) ) ;
#2287 = LINE ( 'NONE', #3832, #4014 ) ;
#2288 = ORIENTED_EDGE ( 'NONE', *, *, #2056, .F. ) ;
#2289 = LINE ( 'NONE', #4979, #2257 ) ;
#2290 = LINE ( 'NONE', #2995, #4377 ) ;
#2291 = LINE ( 'NONE', #4986, #4239 ) ;
#2292 = PLANE ( 'NONE',  #223 ) ;
#2293 = DIRECTION ( 'NONE',  ( -1.000000000000000000, 7.254577915235990126E-15, -1.047444401652940007E-14 ) ) ;
#2294 = SURFACE_STYLE_FILL_AREA ( #4660 ) ;
#2295 = ORIENTED_EDGE ( 'NONE', *, *, #2642, .F. ) ;
#2296 = VERTEX_POINT ( 'NONE', #710 ) ;
#2297 = VERTEX_POINT ( 'NONE', #1475 ) ;
#2298 = CARTESIAN_POINT ( 'NONE',  ( -4.879255340376112748, -7.827939685345339489E-14, -3.572500000000006004 ) ) ;
#2299 = PLANE ( 'NONE',  #4901 ) ;
#2300 = FACE_OUTER_BOUND ( 'NONE', #524, .T. ) ;
#2301 = FACE_OUTER_BOUND ( 'NONE', #2604, .T. ) ;
#2302 = VERTEX_POINT ( 'NONE', #788 ) ;
#2303 = AXIS2_PLACEMENT_3D ( 'NONE', #3596, #4330, #2098 ) ;
#2304 = EDGE_CURVE ( 'NONE', #1756, #135, #2797, .T. ) ;
#2305 = EDGE_CURVE ( 'NONE', #1757, #1237, #2349, .T. ) ;
#2306 = ORIENTED_EDGE ( 'NONE', *, *, #1189, .F. ) ;
#2307 = EDGE_CURVE ( 'NONE', #218, #3271, #1739, .T. ) ;
#2308 = VECTOR ( 'NONE', #3077, 1000.000000000000000 ) ;
#2309 = VECTOR ( 'NONE', #1538, 1000.000000000000000 ) ;
#2310 = CARTESIAN_POINT ( 'NONE',  ( 4.201612074575732159, 2.759999999999999787, 4.047500000000043840 ) ) ;
#2311 = LINE ( 'NONE', #3857, #3270 ) ;
#2312 =( LENGTH_UNIT ( ) NAMED_UNIT ( * ) SI_UNIT ( .MILLI., .METRE. ) );
#2313 = AXIS2_PLACEMENT_3D ( 'NONE', #3513, #1529, #2293 ) ;
#2314 = AXIS2_PLACEMENT_3D ( 'NONE', #3499, #4643, #1616 ) ;
#2315 = VERTEX_POINT ( 'NONE', #3052 ) ;
#2316 = CARTESIAN_POINT ( 'NONE',  ( -4.201612074575806766, 2.759999999999999787, 3.079999999999956106 ) ) ;
#2317 = EDGE_LOOP ( 'NONE', ( #3833, #3572, #420, #2538 ) ) ;
#2318 = DIRECTION ( 'NONE',  ( -1.047444401652940007E-14, 0.000000000000000000, 1.000000000000000000 ) ) ;
#2319 = VECTOR ( 'NONE', #4139, 1000.000000000000114 ) ;
#2320 = DIRECTION ( 'NONE',  ( 1.000000000000000000, 0.000000000000000000, 1.070555471053704677E-14 ) ) ;
#2321 = DIRECTION ( 'NONE',  ( 7.382095854902012180E-16, 8.231143906374089570E-29, 1.000000000000000000 ) ) ;
#2322 = LINE ( 'NONE', #1881, #1330 ) ;
#2323 = SURFACE_SIDE_STYLE ('',( #4238 ) ) ;
#2324 = VERTEX_POINT ( 'NONE', #3817 ) ;
#2325 = ORIENTED_EDGE ( 'NONE', *, *, #1996, .F. ) ;
#2326 = ORIENTED_EDGE ( 'NONE', *, *, #2895, .T. ) ;
#2327 = DIRECTION ( 'NONE',  ( -1.000000000000000000, -8.673617379884041783E-15, -1.047444401652940007E-14 ) ) ;
#2328 = CARTESIAN_POINT ( 'NONE',  ( -4.522306814035925271, 0.2999999999999954925, 0.5399999999999526290 ) ) ;
#2329 = VECTOR ( 'NONE', #1694, 1000.000000000000114 ) ;
#2330 = DIRECTION ( 'NONE',  ( -1.047444401652940007E-14, 0.000000000000000000, 1.000000000000000000 ) ) ;
#2331 = CARTESIAN_POINT ( 'NONE',  ( -3.302500000000047731, 5.080000000000000071, 4.568144579752795309 ) ) ;
#2332 = ORIENTED_EDGE ( 'NONE', *, *, #3699, .F. ) ;
#2333 = EDGE_CURVE ( 'NONE', #878, #1652, #1962, .T. ) ;
#2334 = ORIENTED_EDGE ( 'NONE', *, *, #2558, .T. ) ;
#2335 = FACE_OUTER_BOUND ( 'NONE', #1465, .T. ) ;
#2336 = LINE ( 'NONE', #4647, #4401 ) ;
#2337 = LINE ( 'NONE', #399, #2985 ) ;
#2338 = ADVANCED_FACE ( 'NONE', ( #303 ), #4581, .F. ) ;
#2339 = PLANE ( 'NONE',  #2217 ) ;
#2340 = ORIENTED_EDGE ( 'NONE', *, *, #4827, .F. ) ;
#2341 = CARTESIAN_POINT ( 'NONE',  ( 3.679305260539865507, 3.259999999999999787, -0.5399999999999615108 ) ) ;
#2342 = ORIENTED_EDGE ( 'NONE', *, *, #3616, .T. ) ;
#2343 = CARTESIAN_POINT ( 'NONE',  ( 3.679305260539827760, 2.737195592011649747, 3.080000000000038263 ) ) ;
#2344 = EDGE_CURVE ( 'NONE', #1181, #3108, #2322, .T. ) ;
#2345 = VECTOR ( 'NONE', #1139, 1000.000000000000000 ) ;
#2346 = CARTESIAN_POINT ( 'NONE',  ( -3.901897608101188020, 2.746914183790395203, -3.080000000000040483 ) ) ;
#2347 = DIRECTION ( 'NONE',  ( 0.000000000000000000, -1.000000000000000000, 0.000000000000000000 ) ) ;
#2348 = CARTESIAN_POINT ( 'NONE',  ( -4.700000000000006395, -7.692414413784648911E-14, 0.5399999999999977041 ) ) ;
#2349 = LINE ( 'NONE', #689, #598 ) ;
#2350 = VECTOR ( 'NONE', #2661, 1000.000000000000000 ) ;
#2351 = VECTOR ( 'NONE', #4891, 1000.000000000000000 ) ;
#2352 = EDGE_LOOP ( 'NONE', ( #2844, #3778, #3542, #4616 ) ) ;
#2353 = AXIS2_PLACEMENT_3D ( 'NONE', #572, #3313, #4843 ) ;
#2354 = DIRECTION ( 'NONE',  ( 2.112598177528970775E-28, 1.000000000000000000, -2.016907221228300347E-14 ) ) ;
#2355 = CYLINDRICAL_SURFACE ( 'NONE', #1446, 0.2228044079883506334 ) ;
#2356 = FACE_OUTER_BOUND ( 'NONE', #249, .T. ) ;
#2357 = CARTESIAN_POINT ( 'NONE',  ( 4.522306814035913725, 0.2999999999999954925, 0.5400000000000473310 ) ) ;
#2358 = FACE_OUTER_BOUND ( 'NONE', #4467, .T. ) ;
#2359 = VERTEX_POINT ( 'NONE', #2646 ) ;
#2360 = PRESENTATION_LAYER_ASSIGNMENT (  '', '', ( #4544 ) ) ;
#2361 = ADVANCED_FACE ( 'NONE', ( #3865 ), #383, .F. ) ;
#2362 = ORIENTED_EDGE ( 'NONE', *, *, #3421, .T. ) ;
#2363 = ADVANCED_FACE ( 'NONE', ( #4988 ), #4607, .T. ) ;
#2364 = CARTESIAN_POINT ( 'NONE',  ( -4.522306814035871980, 0.5228044079883460427, -4.540000000000047109 ) ) ;
#2365 = FILL_AREA_STYLE_COLOUR ( '', #2100 ) ;
#2366 = EDGE_LOOP ( 'NONE', ( #4558, #4225 ) ) ;
#2367 = EDGE_LOOP ( 'NONE', ( #4557, #1341, #161, #3501 ) ) ;
#2368 = ORIENTED_EDGE ( 'NONE', *, *, #1515, .T. ) ;
#2369 = CARTESIAN_POINT ( 'NONE',  ( -4.879255340376107419, -7.827939685345339489E-14, 3.572499999999998899 ) ) ;
#2370 = EDGE_CURVE ( 'NONE', #1866, #4769, #2752, .T. ) ;
#2371 = DIRECTION ( 'NONE',  ( -1.047444401652940007E-14, 0.000000000000000000, 1.000000000000000000 ) ) ;
#2372 = EDGE_CURVE ( 'NONE', #4797, #135, #1193, .T. ) ;
#2373 = LINE ( 'NONE', #4213, #4331 ) ;
#2374 = DIRECTION ( 'NONE',  ( 1.000000000000000000, 0.000000000000000000, 1.047444401652940007E-14 ) ) ;
#2375 = PLANE ( 'NONE',  #2724 ) ;
#2376 = ORIENTED_EDGE ( 'NONE', *, *, #847, .F. ) ;
#2377 = LINE ( 'NONE', #81, #2588 ) ;
#2378 = CARTESIAN_POINT ( 'NONE',  ( -3.679305260539892153, 3.259999999999999787, 3.079999999999961435 ) ) ;
#2379 = LINE ( 'NONE', #3214, #726 ) ;
#2380 = LINE ( 'NONE', #1201, #273 ) ;
#2381 = VERTEX_POINT ( 'NONE', #3964 ) ;
#2382 = EDGE_CURVE ( 'NONE', #1670, #1181, #1243, .T. ) ;
#2383 = ORIENTED_EDGE ( 'NONE', *, *, #1837, .F. ) ;
#2384 = CYLINDRICAL_SURFACE ( 'NONE', #3247, 0.5000000000000000000 ) ;
#2385 = DIRECTION ( 'NONE',  ( 1.000000000000000000, 0.000000000000000000, 1.167878695694952808E-14 ) ) ;
#2386 = AXIS2_PLACEMENT_3D ( 'NONE', #288, #3825, #2656 ) ;
#2387 = CARTESIAN_POINT ( 'NONE',  ( 4.522306814035896849, -4.662069341687669855E-15, 3.080000000000047145 ) ) ;
#2388 = AXIS2_PLACEMENT_3D ( 'NONE', #1425, #1785, #1380 ) ;
#2389 = AXIS2_PLACEMENT_3D ( 'NONE', #3364, #4918, #4534 ) ;
#2390 = EDGE_LOOP ( 'NONE', ( #3875, #4016, #3746, #368 ) ) ;
#2391 = ORIENTED_EDGE ( 'NONE', *, *, #295, .T. ) ;
#2392 = CARTESIAN_POINT ( 'NONE',  ( -4.201612074575806766, 2.759999999999999787, 3.079999999999956106 ) ) ;
#2393 = VECTOR ( 'NONE', #4024, 1000.000000000000000 ) ;
#2394 = AXIS2_PLACEMENT_3D ( 'NONE', #1161, #1573, #22 ) ;
#2395 = PRESENTATION_LAYER_ASSIGNMENT (  '', '', ( #4747 ) ) ;
#2396 = LINE ( 'NONE', #3131, #4408 ) ;
#2397 = CARTESIAN_POINT ( 'NONE',  ( -4.522306814035925271, 0.5228044079883460427, 0.5399999999999526290 ) ) ;
#2398 = DIRECTION ( 'NONE',  ( -1.000000000000000000, 0.000000000000000000, -1.070555471053706728E-14 ) ) ;
#2399 = EDGE_CURVE ( 'NONE', #1154, #2453, #2802, .T. ) ;
#2400 = EDGE_CURVE ( 'NONE', #2597, #2315, #3536, .T. ) ;
#2401 = CIRCLE ( 'NONE', #1749, 0.5228044079883513717 ) ;
#2402 = DIRECTION ( 'NONE',  ( 1.000000000000000000, 0.000000000000000000, 1.078386335459177105E-14 ) ) ;
#2403 = PLANE ( 'NONE',  #146 ) ;
#2404 = DIRECTION ( 'NONE',  ( -1.000000000000000000, 1.093626126041279919E-15, -1.047444401652940007E-14 ) ) ;
#2405 = CARTESIAN_POINT ( 'NONE',  ( 4.699999999999979750, -7.968885967768460745E-15, 2.000000000000049294 ) ) ;
#2406 = CARTESIAN_POINT ( 'NONE',  ( 4.700000000000032152, -7.968885967768460745E-15, -3.079999999999950333 ) ) ;
#2407 = ORIENTED_EDGE ( 'NONE', *, *, #676, .T. ) ;
#2408 = ORIENTED_EDGE ( 'NONE', *, *, #1626, .F. ) ;
#2409 = CARTESIAN_POINT ( 'NONE',  ( 3.901897608101188020, 2.746914183790395203, 3.080000000000040483 ) ) ;
#2410 = FACE_OUTER_BOUND ( 'NONE', #3876, .T. ) ;
#2411 = EDGE_CURVE ( 'NONE', #3710, #2502, #883, .T. ) ;
#2412 = CARTESIAN_POINT ( 'NONE',  ( -3.679305260539817546, 2.737195592011649747, -4.047500000000037623 ) ) ;
#2413 = ORIENTED_EDGE ( 'NONE', *, *, #4341, .F. ) ;
#2414 = ORIENTED_EDGE ( 'NONE', *, *, #832, .F. ) ;
#2415 = DIRECTION ( 'NONE',  ( 0.1305261922200462166, -0.9914448613738110483, 1.367189293099629508E-15 ) ) ;
#2416 = EDGE_CURVE ( 'NONE', #2260, #4637, #2396, .T. ) ;
#2417 = ORIENTED_EDGE ( 'NONE', *, *, #1233, .F. ) ;
#2418 = DIRECTION ( 'NONE',  ( -1.047444401652940007E-14, 0.000000000000000000, 1.000000000000000000 ) ) ;
#2419 = DIRECTION ( 'NONE',  ( 1.000000000000000000, 7.340941938036420458E-15, 1.047444401652940007E-14 ) ) ;
#2420 = ADVANCED_FACE ( 'NONE', ( #99 ), #3586, .F. ) ;
#2421 = PLANE ( 'NONE',  #1420 ) ;
#2422 = AXIS2_PLACEMENT_3D ( 'NONE', #1246, #905, #2374 ) ;
#2423 = ADVANCED_FACE ( 'NONE', ( #76 ), #2444, .T. ) ;
#2424 = CARTESIAN_POINT ( 'NONE',  ( 4.700000000000006395, -7.968885967768460745E-15, -0.5399999999999507416 ) ) ;
#2425 = VECTOR ( 'NONE', #957, 1000.000000000000000 ) ;
#2426 = PLANE ( 'NONE',  #2507 ) ;
#2427 = CARTESIAN_POINT ( 'NONE',  ( 3.679305260539827760, 2.737195592011649747, 3.080000000000038263 ) ) ;
#2428 = CARTESIAN_POINT ( 'NONE',  ( -4.522306814035898626, 0.5228044079883460427, -2.000000000000047518 ) ) ;
#2429 = DIRECTION ( 'NONE',  ( -7.340941938036420458E-15, 1.000000000000000000, -7.689228535855532732E-29 ) ) ;
#2430 = EDGE_LOOP ( 'NONE', ( #2466, #1680, #3980, #1930 ) ) ;
#2431 = AXIS2_PLACEMENT_3D ( 'NONE', #528, #2489, #2081 ) ;
#2432 = VECTOR ( 'NONE', #2837, 1000.000000000000000 ) ;
#2433 = ORIENTED_EDGE ( 'NONE', *, *, #4912, .F. ) ;
#2434 = DIRECTION ( 'NONE',  ( 1.000000000000000000, 0.000000000000000000, 1.070555471053704677E-14 ) ) ;
#2435 = VECTOR ( 'NONE', #4535, 1000.000000000000000 ) ;
#2436 = DIRECTION ( 'NONE',  ( -0.9396926207859036539, -6.898228968790620484E-15, -0.3420201433256819246 ) ) ;
#2437 = VERTEX_POINT ( 'NONE', #2775 ) ;
#2438 = AXIS2_PLACEMENT_3D ( 'NONE', #3662, #608, #2492 ) ;
#2439 = EDGE_LOOP ( 'NONE', ( #3500, #647, #4177, #1205 ) ) ;
#2440 = EDGE_LOOP ( 'NONE', ( #95, #4415, #1259, #185 ) ) ;
#2441 = CARTESIAN_POINT ( 'NONE',  ( -4.522306814035925271, 0.2999999999999954925, 0.5399999999999526290 ) ) ;
#2442 = ORIENTED_EDGE ( 'NONE', *, *, #1309, .T. ) ;
#2443 = EDGE_LOOP ( 'NONE', ( #874, #1216, #4978, #1829 ) ) ;
#2444 = PLANE ( 'NONE',  #4576 ) ;
#2445 = CARTESIAN_POINT ( 'NONE',  ( -3.901897608101251969, 2.746914183790395203, 3.079999999999959215 ) ) ;
#2446 = CARTESIAN_POINT ( 'NONE',  ( -4.879255340376105643, -7.827939685345339489E-14, 1.507499999999993845 ) ) ;
#2447 = FACE_OUTER_BOUND ( 'NONE', #3821, .T. ) ;
#2448 = PLANE ( 'NONE',  #4779 ) ;
#2449 = DIRECTION ( 'NONE',  ( -1.047444401652940007E-14, 0.000000000000000000, 1.000000000000000000 ) ) ;
#2450 = CARTESIAN_POINT ( 'NONE',  ( -4.522306814035887079, -5.421010862427519705E-17, -4.047500000000047393 ) ) ;
#2451 = DIRECTION ( 'NONE',  ( 1.093626126041279919E-15, 1.000000000000000000, 1.145512563223331166E-29 ) ) ;
#2452 = ORIENTED_EDGE ( 'NONE', *, *, #978, .F. ) ;
#2453 = VERTEX_POINT ( 'NONE', #1604 ) ;
#2454 = DIRECTION ( 'NONE',  ( 0.04361938736532974814, 0.9990482215818580203, 2.863108385120657547E-16 ) ) ;
#2455 = DIRECTION ( 'NONE',  ( 0.000000000000000000, 1.000000000000000000, 0.000000000000000000 ) ) ;
#2456 = DIRECTION ( 'NONE',  ( -1.000000000000000000, 7.254577915235990126E-15, 7.382095854902012180E-16 ) ) ;
#2457 = EDGE_CURVE ( 'NONE', #1081, #3311, #1631, .T. ) ;
#2458 = EDGE_CURVE ( 'NONE', #1405, #3271, #1580, .T. ) ;
#2459 = ORIENTED_EDGE ( 'NONE', *, *, #1233, .T. ) ;
#2460 = VERTEX_POINT ( 'NONE', #3181 ) ;
#2461 = AXIS2_PLACEMENT_3D ( 'NONE', #985, #1548, #3478 ) ;
#2462 = ORIENTED_EDGE ( 'NONE', *, *, #3782, .F. ) ;
#2463 = LINE ( 'NONE', #2941, #711 ) ;
#2464 = AXIS2_PLACEMENT_3D ( 'NONE', #227, #4160, #5027 ) ;
#2465 = ORIENTED_EDGE ( 'NONE', *, *, #3302, .T. ) ;
#2466 = ORIENTED_EDGE ( 'NONE', *, *, #4349, .F. ) ;
#2467 = DIRECTION ( 'NONE',  ( 0.000000000000000000, -1.000000000000000000, -0.000000000000000000 ) ) ;
#2469 = VECTOR ( 'NONE', #3005, 1000.000000000000000 ) ;
#2468 = CARTESIAN_POINT ( 'NONE',  ( 5.150000000000010125, 0.2999999999999999889, -1.032499999999946017 ) ) ;
#2470 = CARTESIAN_POINT ( 'NONE',  ( 0.000000000000000000, 1.139999999999999902, 0.000000000000000000 ) ) ;
#2471 = AXIS2_PLACEMENT_3D ( 'NONE', #30, #4958, #358 ) ;
#2472 = AXIS2_PLACEMENT_3D ( 'NONE', #85, #3521, #1256 ) ;
#2473 = LINE ( 'NONE', #4022, #431 ) ;
#2474 = CARTESIAN_POINT ( 'NONE',  ( -3.282752125361926954, 2.959999999999999964, 3.079999999999965432 ) ) ;
#2475 = DIRECTION ( 'NONE',  ( 2.112598177528970775E-28, 1.000000000000000000, -2.016907221228300347E-14 ) ) ;
#2476 = LINE ( 'NONE', #3973, #2516 ) ;
#2477 = CARTESIAN_POINT ( 'NONE',  ( -4.879255340376110084, 0.2999999999999999889, -1.032500000000003304 ) ) ;
#2478 = ORIENTED_EDGE ( 'NONE', *, *, #2382, .T. ) ;
#2479 = ORIENTED_EDGE ( 'NONE', *, *, #5008, .F. ) ;
#2480 = EDGE_CURVE ( 'NONE', #3362, #2743, #4365, .T. ) ;
#2481 = LINE ( 'NONE', #3674, #1657 ) ;
#2482 = ADVANCED_FACE ( 'NONE', ( #2009 ), #2060, .F. ) ;
#2483 = DIRECTION ( 'NONE',  ( -1.000000000000000000, 0.000000000000000000, -1.078386335459176158E-14 ) ) ;
#2484 = EDGE_LOOP ( 'NONE', ( #899, #4155, #2019, #1463 ) ) ;
#2485 = ORIENTED_EDGE ( 'NONE', *, *, #2486, .T. ) ;
#2486 = EDGE_CURVE ( 'NONE', #343, #1026, #808, .T. ) ;
#2487 = ORIENTED_EDGE ( 'NONE', *, *, #461, .F. ) ;
#2488 = EDGE_CURVE ( 'NONE', #1297, #3044, #4726, .T. ) ;
#2489 = DIRECTION ( 'NONE',  ( 1.047444401652940007E-14, 0.000000000000000000, -1.000000000000000000 ) ) ;
#2490 = ORIENTED_EDGE ( 'NONE', *, *, #3429, .F. ) ;
#2491 = ORIENTED_EDGE ( 'NONE', *, *, #4406, .T. ) ;
#2492 = DIRECTION ( 'NONE',  ( -1.000000000000000000, 0.000000000000000000, -1.078386335459177736E-14 ) ) ;
#2493 = CARTESIAN_POINT ( 'NONE',  ( 4.522306814035887967, 0.2999999999999954925, 3.080000000000047145 ) ) ;
#2494 = ADVANCED_FACE ( 'NONE', ( #2036 ), #3207, .F. ) ;
#2495 = DIRECTION ( 'NONE',  ( 1.000000000000000000, 0.000000000000000000, 1.047444401652940007E-14 ) ) ;
#2496 = EDGE_CURVE ( 'NONE', #733, #4618, #2065, .T. ) ;
#2497 = DIRECTION ( 'NONE',  ( 1.047444401652940007E-14, 0.000000000000000000, -1.000000000000000000 ) ) ;
#2498 = LINE ( 'NONE', #4883, #3385 ) ;
#2499 = DIRECTION ( 'NONE',  ( -1.047444401652940007E-14, 0.000000000000000000, 1.000000000000000000 ) ) ;
#2500 = VECTOR ( 'NONE', #4453, 1000.000000000000000 ) ;
#2501 = CARTESIAN_POINT ( 'NONE',  ( 3.282752125361895867, 2.959999999999999964, -0.5399999999999656186 ) ) ;
#2502 = VERTEX_POINT ( 'NONE', #2346 ) ;
#2503 = EDGE_LOOP ( 'NONE', ( #3176, #3148, #3029, #2046 ) ) ;
#2504 = DIRECTION ( 'NONE',  ( 2.112598177528829524E-28, -1.000000000000000000, -2.016907221228165294E-14 ) ) ;
#2505 = DIRECTION ( 'NONE',  ( 1.000000000000000000, 0.000000000000000000, 1.040834085586084257E-14 ) ) ;
#2506 = DIRECTION ( 'NONE',  ( 1.000000000000000000, 0.000000000000000000, 1.047444401652940007E-14 ) ) ;
#2507 = AXIS2_PLACEMENT_3D ( 'NONE', #2474, #2808, #2853 ) ;
#2508 = EDGE_CURVE ( 'NONE', #4104, #4098, #442, .T. ) ;
#2509 = EDGE_CURVE ( 'NONE', #393, #3437, #2231, .T. ) ;
#2510 = VERTEX_POINT ( 'NONE', #3711 ) ;
#2511 = VECTOR ( 'NONE', #1359, 1000.000000000000000 ) ;
#2512 = ORIENTED_EDGE ( 'NONE', *, *, #2400, .F. ) ;
#2513 = AXIS2_PLACEMENT_3D ( 'NONE', #4113, #2972, #4505 ) ;
#2514 = VERTEX_POINT ( 'NONE', #1707 ) ;
#2515 = DIRECTION ( 'NONE',  ( 1.047444401652940007E-14, 0.000000000000000000, -1.000000000000000000 ) ) ;
#2516 = VECTOR ( 'NONE', #132, 1000.000000000000000 ) ;
#2517 = EDGE_LOOP ( 'NONE', ( #2485, #2235, #1455, #4962 ) ) ;
#2518 = EDGE_LOOP ( 'NONE', ( #3700, #3661, #2156, #529 ) ) ;
#2519 = CARTESIAN_POINT ( 'NONE',  ( -3.901897608101225767, 2.746914183790395203, 0.5399999999999591793 ) ) ;
#2520 = LINE ( 'NONE', #2926, #387 ) ;
#2521 = DIRECTION ( 'NONE',  ( 0.9914448613738103822, -0.1305261922200520452, 1.038483369593572836E-14 ) ) ;
#2522 = EDGE_CURVE ( 'NONE', #3309, #4829, #4854, .T. ) ;
#2523 = ADVANCED_FACE ( 'NONE', ( #1299 ), #4831, .T. ) ;
#2524 = DIRECTION ( 'NONE',  ( 0.04361938736532974814, -0.9990482215818580203, 4.568888309934562493E-16 ) ) ;
#2525 = CARTESIAN_POINT ( 'NONE',  ( 3.901897608101240866, 2.746914183790395203, -1.999999999999959366 ) ) ;
#2526 = PLANE ( 'NONE',  #4667 ) ;
#2527 = FACE_OUTER_BOUND ( 'NONE', #1645, .T. ) ;
#2528 = ORIENTED_EDGE ( 'NONE', *, *, #2508, .T. ) ;
#2529 = ORIENTED_EDGE ( 'NONE', *, *, #4487, .T. ) ;
#2530 = CARTESIAN_POINT ( 'NONE',  ( -4.879255340376105643, -7.827939685345339489E-14, 1.507499999999993845 ) ) ;
#2531 = DIRECTION ( 'NONE',  ( 1.047444401652940007E-14, 0.000000000000000000, -1.000000000000000000 ) ) ;
#2532 = CARTESIAN_POINT ( 'NONE',  ( -4.522306814035898626, 0.2999999999999954925, -2.000000000000047518 ) ) ;
#2533 = EDGE_CURVE ( 'NONE', #2437, #2176, #3685, .T. ) ;
#2534 = ORIENTED_EDGE ( 'NONE', *, *, #1143, .F. ) ;
#2535 = VERTEX_POINT ( 'NONE', #204 ) ;
#2536 = CYLINDRICAL_SURFACE ( 'NONE', #1116, 0.5228044079883513717 ) ;
#2537 = CARTESIAN_POINT ( 'NONE',  ( 3.302500000000047731, 3.109999999999999876, -4.539999999999965397 ) ) ;
#2538 = ORIENTED_EDGE ( 'NONE', *, *, #328, .F. ) ;
#2539 = ORIENTED_EDGE ( 'NONE', *, *, #1215, .F. ) ;
#2540 = LINE ( 'NONE', #4444, #243 ) ;
#2541 = LINE ( 'NONE', #3636, #4197 ) ;
#2542 = VECTOR ( 'NONE', #1262, 1000.000000000000114 ) ;
#2543 = CARTESIAN_POINT ( 'NONE',  ( 4.299714466474580554, 0.5130858162095990327, -1.999999999999954925 ) ) ;
#2544 = VECTOR ( 'NONE', #1686, 1000.000000000000114 ) ;
#2545 = PLANE ( 'NONE',  #516 ) ;
#2546 = DIRECTION ( 'NONE',  ( 1.000000000000000000, 0.000000000000000000, 1.070555471053706728E-14 ) ) ;
#2547 = PLANE ( 'NONE',  #437 ) ;
#2548 = EDGE_CURVE ( 'NONE', #3311, #2597, #682, .T. ) ;
#2549 = CARTESIAN_POINT ( 'NONE',  ( -3.282752125361869222, 3.259999999999999787, -2.000000000000034195 ) ) ;
#2550 = ORIENTED_EDGE ( 'NONE', *, *, #3394, .F. ) ;
#2551 = VECTOR ( 'NONE', #1735, 1000.000000000000000 ) ;
#2552 = VECTOR ( 'NONE', #2811, 1000.000000000000000 ) ;
#2553 = ORIENTED_EDGE ( 'NONE', *, *, #2949, .F. ) ;
#2554 = DIRECTION ( 'NONE',  ( -1.000000000000000000, -7.340941938036420458E-15, -1.047444401652940007E-14 ) ) ;
#2555 = CARTESIAN_POINT ( 'NONE',  ( -1.902499999999963887, 5.029999999999999361, -3.427500000000019753 ) ) ;
#2556 = VECTOR ( 'NONE', #1531, 1000.000000000000000 ) ;
#2557 = DIRECTION ( 'NONE',  ( -1.047444401652940007E-14, 0.000000000000000000, 1.000000000000000000 ) ) ;
#2558 = EDGE_CURVE ( 'NONE', #4852, #3298, #557, .T. ) ;
#2559 = EDGE_LOOP ( 'NONE', ( #2621, #3958, #2607, #2812 ) ) ;
#2560 = ADVANCED_FACE ( 'NONE', ( #629 ), #932, .F. ) ;
#2561 = ORIENTED_EDGE ( 'NONE', *, *, #3098, .T. ) ;
#2562 = DIRECTION ( 'NONE',  ( -1.047444401652940007E-14, 0.000000000000000000, 1.000000000000000000 ) ) ;
#2563 = DIRECTION ( 'NONE',  ( -1.788411804456530882E-30, -1.000000000000000000, 1.707404996040165005E-16 ) ) ;
#2564 = VERTEX_POINT ( 'NONE', #224 ) ;
#2565 = ORIENTED_EDGE ( 'NONE', *, *, #3752, .T. ) ;
#2566 = PLANE ( 'NONE',  #1625 ) ;
#2567 = CARTESIAN_POINT ( 'NONE',  ( -3.282752125361874107, 2.959999999999999964, -2.000000000000034195 ) ) ;
#2568 = DIRECTION ( 'NONE',  ( -1.000000000000000000, 0.000000000000000000, -9.732322464124606472E-15 ) ) ;
#2569 = ADVANCED_FACE ( 'NONE', ( #1009 ), #2566, .F. ) ;
#2570 = EDGE_CURVE ( 'NONE', #1332, #1128, #2540, .T. ) ;
#2571 = CARTESIAN_POINT ( 'NONE',  ( 3.282752125361858120, 3.259999999999999787, 3.080000000000034266 ) ) ;
#2572 = DIRECTION ( 'NONE',  ( -1.047444401652940007E-14, 0.000000000000000000, 1.000000000000000000 ) ) ;
#2573 = FACE_OUTER_BOUND ( 'NONE', #3843, .T. ) ;
#2574 = VERTEX_POINT ( 'NONE', #4088 ) ;
#2575 = ORIENTED_EDGE ( 'NONE', *, *, #4438, .T. ) ;
#2576 = CARTESIAN_POINT ( 'NONE',  ( 4.699999999999993960, -3.357633980740659695E-15, 0.5400000000000492184 ) ) ;
#2577 = CARTESIAN_POINT ( 'NONE',  ( 3.282752125361937612, 3.259999999999999787, -4.539999999999965397 ) ) ;
#2578 = DIRECTION ( 'NONE',  ( -0.1294283079955654003, -0.9831056027603600755, 0.1294283079955626525 ) ) ;
#2579 = PLANE ( 'NONE',  #3679 ) ;
#2580 = ORIENTED_EDGE ( 'NONE', *, *, #1755, .T. ) ;
#2581 = AXIS2_PLACEMENT_3D ( 'NONE', #3072, #326, #4602 ) ;
#2582 = EDGE_CURVE ( 'NONE', #821, #4058, #646, .T. ) ;
#2583 = ORIENTED_EDGE ( 'NONE', *, *, #4102, .T. ) ;
#2584 = MECHANICAL_DESIGN_GEOMETRIC_PRESENTATION_REPRESENTATION (  '', ( #632 ), #4530 ) ;
#2585 = EDGE_LOOP ( 'NONE', ( #110, #4851, #1543, #2130 ) ) ;
#2586 =( NAMED_UNIT ( * ) PLANE_ANGLE_UNIT ( ) SI_UNIT ( $, .RADIAN. ) );
#2587 = VECTOR ( 'NONE', #1459, 1000.000000000000114 ) ;
#2588 = VECTOR ( 'NONE', #3618, 1000.000000000000000 ) ;
#2589 = ORIENTED_EDGE ( 'NONE', *, *, #1774, .F. ) ;
#2590 = CARTESIAN_POINT ( 'NONE',  ( 3.302500000000005542, 3.109999999999999876, -0.5399999999999653966 ) ) ;
#2591 = DIRECTION ( 'NONE',  ( -1.047444401652940007E-14, 0.000000000000000000, 1.000000000000000000 ) ) ;
#2592 = CARTESIAN_POINT ( 'NONE',  ( -4.699999999999968203, -3.357633980740429742E-15, -3.080000000000049365 ) ) ;
#2593 = DIRECTION ( 'NONE',  ( 1.000000000000000000, 0.000000000000000000, 1.047444401652940007E-14 ) ) ;
#2594 = DIRECTION ( 'NONE',  ( -1.047444401652940007E-14, 0.000000000000000000, 1.000000000000000000 ) ) ;
#2595 = FACE_OUTER_BOUND ( 'NONE', #4188, .T. ) ;
#2596 = DIRECTION ( 'NONE',  ( 0.9914448613738103822, 0.1305261922200520452, 1.038483369593572836E-14 ) ) ;
#2597 = VERTEX_POINT ( 'NONE', #2519 ) ;
#2598 = ORIENTED_EDGE ( 'NONE', *, *, #831, .F. ) ;
#2599 = CARTESIAN_POINT ( 'NONE',  ( 4.522306814035935041, 0.2999999999999949929, -1.507499999999952767 ) ) ;
#2600 = CARTESIAN_POINT ( 'NONE',  ( -4.522306814035961686, -4.662069341687669855E-15, 3.079999999999952554 ) ) ;
#2601 = DIRECTION ( 'NONE',  ( -1.047444401652940007E-14, 0.000000000000000000, 1.000000000000000000 ) ) ;
#2602 = FACE_OUTER_BOUND ( 'NONE', #2366, .T. ) ;
#2603 = VERTEX_POINT ( 'NONE', #3300 ) ;
#2604 = EDGE_LOOP ( 'NONE', ( #2052, #3629, #2847, #2620 ) ) ;
#2605 = VERTEX_POINT ( 'NONE', #149 ) ;
#2606 =( NAMED_UNIT ( * ) SI_UNIT ( $, .STERADIAN. ) SOLID_ANGLE_UNIT ( ) );
#2607 = ORIENTED_EDGE ( 'NONE', *, *, #3939, .F. ) ;
#2608 = CARTESIAN_POINT ( 'NONE',  ( 4.522306814035887967, 0.2999999999999949929, 3.080000000000047145 ) ) ;
#2609 = ORIENTED_EDGE ( 'NONE', *, *, #2006, .T. ) ;
#2610 = CARTESIAN_POINT ( 'NONE',  ( -3.679305260539892153, 2.737195592011649747, 3.079999999999961435 ) ) ;
#2611 = LINE ( 'NONE', #1499, #1129 ) ;
#2612 = FACE_OUTER_BOUND ( 'NONE', #2229, .T. ) ;
#2613 = EDGE_CURVE ( 'NONE', #1308, #2007, #4064, .T. ) ;
#2614 = CARTESIAN_POINT ( 'NONE',  ( -5.150000000000010125, 0.2999999999999999889, 1.032499999999999973 ) ) ;
#2616 = VECTOR ( 'NONE', #1899, 1000.000000000000000 ) ;
#2615 = CARTESIAN_POINT ( 'NONE',  ( 3.282752125361858120, 2.959999999999999964, 3.080000000000034266 ) ) ;
#2617 = CARTESIAN_POINT ( 'NONE',  ( 4.699999999999979750, -7.968885967768460745E-15, 2.000000000000049294 ) ) ;
#2618 = FILL_AREA_STYLE ('',( #4989 ) ) ;
#2619 = AXIS2_PLACEMENT_3D ( 'NONE', #314, #1942, #1868 ) ;
#2620 = ORIENTED_EDGE ( 'NONE', *, *, #2522, .F. ) ;
#2621 = ORIENTED_EDGE ( 'NONE', *, *, #3274, .T. ) ;
#2622 = DIRECTION ( 'NONE',  ( -1.047444401652940007E-14, 0.000000000000000000, 1.000000000000000000 ) ) ;
#2623 = DIRECTION ( 'NONE',  ( 1.047444401652940007E-14, 0.000000000000000000, -1.000000000000000000 ) ) ;
#2624 = AXIS2_PLACEMENT_3D ( 'NONE', #2696, #1912, #1862 ) ;
#2625 = CARTESIAN_POINT ( 'NONE',  ( -3.679305260539827760, 2.959999999999999964, -3.080000000000038263 ) ) ;
#2626 = VECTOR ( 'NONE', #891, 1000.000000000000000 ) ;
#2627 = CARTESIAN_POINT ( 'NONE',  ( 4.700000000000020606, -7.968885967768460745E-15, -1.999999999999950706 ) ) ;
#2628 = ORIENTED_EDGE ( 'NONE', *, *, #2804, .T. ) ;
#2629 = EDGE_CURVE ( 'NONE', #4521, #393, #1320, .T. ) ;
#2630 = ORIENTED_EDGE ( 'NONE', *, *, #4072, .F. ) ;
#2631 = AXIS2_PLACEMENT_3D ( 'NONE', #2085, #1758, #956 ) ;
#2632 = ORIENTED_EDGE ( 'NONE', *, *, #4518, .T. ) ;
#2633 = EDGE_CURVE ( 'NONE', #4027, #135, #4878, .T. ) ;
#2634 = CARTESIAN_POINT ( 'NONE',  ( 3.302499999999949143, 3.109999999999999876, 4.827500000000035207 ) ) ;
#2635 = AXIS2_PLACEMENT_3D ( 'NONE', #1350, #3641, #2826 ) ;
#2636 = ADVANCED_FACE ( 'NONE', ( #2848 ), #4776, .F. ) ;
#2637 = ORIENTED_EDGE ( 'NONE', *, *, #1674, .F. ) ;
#2638 = FACE_OUTER_BOUND ( 'NONE', #291, .T. ) ;
#2639 = ADVANCED_FACE ( 'NONE', ( #1781 ), #1396, .T. ) ;
#2640 = ORIENTED_EDGE ( 'NONE', *, *, #1802, .F. ) ;
#2641 = DIRECTION ( 'NONE',  ( -1.047444401652940007E-14, 0.000000000000000000, 1.000000000000000000 ) ) ;
#2642 = EDGE_CURVE ( 'NONE', #2080, #348, #3804, .T. ) ;
#2643 = EDGE_CURVE ( 'NONE', #3227, #1414, #3827, .T. ) ;
#2644 = DIRECTION ( 'NONE',  ( 0.000000000000000000, -1.000000000000000000, -0.000000000000000000 ) ) ;
#2645 = DIRECTION ( 'NONE',  ( 0.3420201433256717660, 2.585829393209834559E-15, -0.9396926207859073177 ) ) ;
#2646 = CARTESIAN_POINT ( 'NONE',  ( -4.879255340376112748, 0.2999999999999999889, -3.572500000000006004 ) ) ;
#2647 = PRODUCT_DEFINITION_CONTEXT ( 'detailed design', #3118, 'design' ) ;
#2648 = CARTESIAN_POINT ( 'NONE',  ( 4.699999999999993960, -7.968885967768460745E-15, 0.5400000000000492184 ) ) ;
#2649 = EDGE_CURVE ( 'NONE', #4999, #1670, #3502, .T. ) ;
#2650 = VERTEX_POINT ( 'NONE', #3474 ) ;
#2651 = ORIENTED_EDGE ( 'NONE', *, *, #4154, .F. ) ;
#2652 = VERTEX_POINT ( 'NONE', #822 ) ;
#2653 = DIRECTION ( 'NONE',  ( -7.340941938036420458E-15, 1.000000000000000000, -7.689228535855532732E-29 ) ) ;
#2654 = LINE ( 'NONE', #1889, #2309 ) ;
#2655 = DIRECTION ( 'NONE',  ( 7.340941938036410991E-15, 1.000000000000000000, 7.689228535855522643E-29 ) ) ;
#2656 = DIRECTION ( 'NONE',  ( -1.000000000000000000, 7.340941938036410991E-15, -1.047444401652940007E-14 ) ) ;
#2657 = VERTEX_POINT ( 'NONE', #17 ) ;
#2658 = ORIENTED_EDGE ( 'NONE', *, *, #2344, .F. ) ;
#2659 = DIRECTION ( 'NONE',  ( -1.000000000000000000, -7.208134458441160196E-15, -1.047444401652940007E-14 ) ) ;
#2660 = CARTESIAN_POINT ( 'NONE',  ( 3.901897608101214221, 2.746914183790395203, 0.5400000000000408917 ) ) ;
#2661 = DIRECTION ( 'NONE',  ( -1.000000000000000000, 1.093626126041279919E-15, -1.047444401652940007E-14 ) ) ;
#2662 = VECTOR ( 'NONE', #3103, 1000.000000000000000 ) ;
#2663 = ORIENTED_EDGE ( 'NONE', *, *, #2794, .F. ) ;
#2664 = VECTOR ( 'NONE', #855, 1000.000000000000000 ) ;
#2665 = DIRECTION ( 'NONE',  ( 1.047444401652940007E-14, 1.707404996040165005E-16, -1.000000000000000000 ) ) ;
#2666 = VERTEX_POINT ( 'NONE', #3877 ) ;
#2667 = DIRECTION ( 'NONE',  ( 0.04361938736532974814, -0.9990482215818580203, 4.568888309934562493E-16 ) ) ;
#2668 =( NAMED_UNIT ( * ) PLANE_ANGLE_UNIT ( ) SI_UNIT ( $, .RADIAN. ) );
#2669 = VECTOR ( 'NONE', #4924, 1000.000000000000000 ) ;
#2670 = CIRCLE ( 'NONE', #5025, 0.2228044079883510498 ) ;
#2671 = DIRECTION ( 'NONE',  ( -7.340941938036420458E-15, 1.000000000000000000, -7.689228535855532732E-29 ) ) ;
#2672 = CIRCLE ( 'NONE', #481, 0.5228044079883505946 ) ;
#2673 = DIRECTION ( 'NONE',  ( 0.000000000000000000, -1.000000000000000000, 0.000000000000000000 ) ) ;
#2674 = CARTESIAN_POINT ( 'NONE',  ( -3.302499999999949143, 3.109999999999999876, -4.827500000000035207 ) ) ;
#2675 = ADVANCED_FACE ( 'NONE', ( #2335 ), #4199, .F. ) ;
#2676 = DIRECTION ( 'NONE',  ( 1.000000000000000000, 0.000000000000000000, 1.047444401652940007E-14 ) ) ;
#2677 = EDGE_CURVE ( 'NONE', #4951, #4797, #1132, .T. ) ;
#2678 = ORIENTED_EDGE ( 'NONE', *, *, #4131, .F. ) ;
#2679 = VERTEX_POINT ( 'NONE', #1517 ) ;
#2680 = DIRECTION ( 'NONE',  ( -1.047444401652940007E-14, 0.000000000000000000, 1.000000000000000000 ) ) ;
#2681 = DIRECTION ( 'NONE',  ( -1.047444401652940007E-14, 0.000000000000000000, 1.000000000000000000 ) ) ;
#2682 = CARTESIAN_POINT ( 'NONE',  ( 3.282752125361869222, 3.259999999999999787, 2.000000000000034195 ) ) ;
#2683 = LINE ( 'NONE', #1096, #1126 ) ;
#2684 = CYLINDRICAL_SURFACE ( 'NONE', #4975, 0.5228044079883509276 ) ;
#2685 = ORIENTED_EDGE ( 'NONE', *, *, #1472, .F. ) ;
#2686 = ORIENTED_EDGE ( 'NONE', *, *, #4983, .T. ) ;
#2687 = DIRECTION ( 'NONE',  ( 1.000000000000000000, 0.000000000000000000, 1.040834085586084257E-14 ) ) ;
#2688 = DIRECTION ( 'NONE',  ( -0.04361938736532974814, 0.9990482215818580203, -4.568888309934562493E-16 ) ) ;
#2689 =( NAMED_UNIT ( * ) SI_UNIT ( $, .STERADIAN. ) SOLID_ANGLE_UNIT ( ) );
#2690 = EDGE_LOOP ( 'NONE', ( #2054, #2129, #2340, #2459 ) ) ;
#2691 = DIRECTION ( 'NONE',  ( -1.000000000000000000, 0.000000000000000000, -1.047444401652940007E-14 ) ) ;
#2692 = VERTEX_POINT ( 'NONE', #3144 ) ;
#2693 = CARTESIAN_POINT ( 'NONE',  ( 3.679305260539827760, 3.259999999999999787, 3.080000000000038263 ) ) ;
#2694 = PLANE ( 'NONE',  #2061 ) ;
#2695 = CARTESIAN_POINT ( 'NONE',  ( -5.150000000000037659, -8.023096076392729025E-14, 3.572500000000001563 ) ) ;
#2696 = CARTESIAN_POINT ( 'NONE',  ( -5.149999999999957723, 5.080000000000000071, -4.047500000000053610 ) ) ;
#2697 = ADVANCED_FACE ( 'NONE', ( #3525 ), #421, .F. ) ;
#2698 = FILL_AREA_STYLE_COLOUR ( '', #3935 ) ;
#2699 = EDGE_CURVE ( 'NONE', #221, #309, #4619, .T. ) ;
#2700 = ORIENTED_EDGE ( 'NONE', *, *, #189, .F. ) ;
#2701 = EDGE_LOOP ( 'NONE', ( #453, #3289, #4176, #1269 ) ) ;
#2702 = EDGE_CURVE ( 'NONE', #3108, #2359, #4307, .T. ) ;
#2703 = ORIENTED_EDGE ( 'NONE', *, *, #984, .T. ) ;
#2704 = CARTESIAN_POINT ( 'NONE',  ( 3.901897608101188020, 2.746914183790395203, 3.080000000000040483 ) ) ;
#2705 = CYLINDRICAL_SURFACE ( 'NONE', #109, 0.2228044079883510498 ) ;
#2706 = CARTESIAN_POINT ( 'NONE',  ( 4.522306814035940370, 0.5228044079883460427, -1.999999999999952704 ) ) ;
#2707 = DIRECTION ( 'NONE',  ( 7.340941938036410991E-15, 1.000000000000000000, 7.689228535855522643E-29 ) ) ;
#2708 = ORIENTED_EDGE ( 'NONE', *, *, #434, .F. ) ;
#2709 = VECTOR ( 'NONE', #3713, 1000.000000000000000 ) ;
#2710 = ORIENTED_EDGE ( 'NONE', *, *, #4446, .F. ) ;
#2711 = VECTOR ( 'NONE', #657, 1000.000000000000000 ) ;
#2712 = AXIS2_PLACEMENT_3D ( 'NONE', #165, #2455, #2505 ) ;
#2713 = DIRECTION ( 'NONE',  ( 0.3420201433256717660, 2.585829393209834559E-15, -0.9396926207859073177 ) ) ;
#2714 = CARTESIAN_POINT ( 'NONE',  ( -3.901897608101262627, 2.746914183790395203, 4.047499999999959464 ) ) ;
#2715 = ADVANCED_FACE ( 'NONE', ( #345 ), #2384, .T. ) ;
#2716 = CARTESIAN_POINT ( 'NONE',  ( 4.522306814035962574, 0.5228044079883460427, -4.047499999999952358 ) ) ;
#2717 = AXIS2_PLACEMENT_3D ( 'NONE', #2725, #4263, #785 ) ;
#2718 = AXIS2_PLACEMENT_3D ( 'NONE', #2397, #3943, #1221 ) ;
#2719 = EDGE_CURVE ( 'NONE', #2209, #203, #777, .T. ) ;
#2720 = ORIENTED_EDGE ( 'NONE', *, *, #1211, .F. ) ;
#2721 = DIRECTION ( 'NONE',  ( -1.000000000000000000, 7.254577915235990126E-15, -1.047444401652940007E-14 ) ) ;
#2722 = EDGE_LOOP ( 'NONE', ( #691, #1914, #212, #2221 ) ) ;
#2723 = CARTESIAN_POINT ( 'NONE',  ( -3.679305260539865507, 2.959999999999999964, 0.5399999999999615108 ) ) ;
#2724 = AXIS2_PLACEMENT_3D ( 'NONE', #4297, #3158, #2676 ) ;
#2725 = CARTESIAN_POINT ( 'NONE',  ( -1.902499999999963887, 5.029999999999999361, -3.427500000000019753 ) ) ;
#2726 = CARTESIAN_POINT ( 'NONE',  ( 3.679305260539902367, 2.737195592011649747, -4.047499999999962128 ) ) ;
#2727 = CARTESIAN_POINT ( 'NONE',  ( -4.879255340376114525, -7.827939685345339489E-14, -1.507500000000000950 ) ) ;
#2728 = DIRECTION ( 'NONE',  ( -1.000000000000000000, -1.093626126041270058E-15, -1.047444401652940007E-14 ) ) ;
#2729 = CARTESIAN_POINT ( 'NONE',  ( 3.901897608101251969, 2.746914183790395203, -3.079999999999959215 ) ) ;
#2730 = EDGE_CURVE ( 'NONE', #4218, #2731, #395, .T. ) ;
#2731 = VERTEX_POINT ( 'NONE', #3931 ) ;
#2732 = VERTEX_POINT ( 'NONE', #3092 ) ;
#2733 = LINE ( 'NONE', #2248, #70 ) ;
#2734 = FACE_OUTER_BOUND ( 'NONE', #4764, .T. ) ;
#2735 = PLANE ( 'NONE',  #1208 ) ;
#2736 = DIRECTION ( 'NONE',  ( 1.000000000000000000, 0.000000000000000000, 1.057648136700345978E-14 ) ) ;
#2737 = EDGE_LOOP ( 'NONE', ( #4108, #769, #3438, #1937 ) ) ;
#2738 = VERTEX_POINT ( 'NONE', #3856 ) ;
#2739 = LINE ( 'NONE', #800, #2616 ) ;
#2740 = FACE_OUTER_BOUND ( 'NONE', #63, .T. ) ;
#2741 = EDGE_CURVE ( 'NONE', #4541, #1507, #1545, .T. ) ;
#2742 = EDGE_CURVE ( 'NONE', #3936, #1266, #4255, .T. ) ;
#2743 = VERTEX_POINT ( 'NONE', #1948 ) ;
#2744 = ORIENTED_EDGE ( 'NONE', *, *, #3208, .F. ) ;
#2745 = VECTOR ( 'NONE', #1452, 1000.000000000000000 ) ;
#2746 = ORIENTED_EDGE ( 'NONE', *, *, #2457, .T. ) ;
#2747 = DIRECTION ( 'NONE',  ( 1.047444401652940007E-14, 0.000000000000000000, -1.000000000000000000 ) ) ;
#2748 = VECTOR ( 'NONE', #2132, 1000.000000000000000 ) ;
#2749 = DIRECTION ( 'NONE',  ( 0.000000000000000000, 1.000000000000000000, 0.000000000000000000 ) ) ;
#2750 = LINE ( 'NONE', #4293, #1417 ) ;
#2751 = CARTESIAN_POINT ( 'NONE',  ( -3.282752125361895867, 3.259999999999999787, 0.5399999999999656186 ) ) ;
#2752 = LINE ( 'NONE', #811, #3201 ) ;
#2753 = AXIS2_PLACEMENT_3D ( 'NONE', #3780, #1775, #1801 ) ;
#2754 = VECTOR ( 'NONE', #4665, 1000.000000000000000 ) ;
#2755 = UNCERTAINTY_MEASURE_WITH_UNIT (LENGTH_MEASURE( 1.000000000000000082E-05 ), #3768, 'distance_accuracy_value', 'NONE');
#2756 = DIRECTION ( 'NONE',  ( -1.047444401652940007E-14, 0.000000000000000000, 1.000000000000000000 ) ) ;
#2757 = AXIS2_PLACEMENT_3D ( 'NONE', #3060, #3799, #720 ) ;
#2758 = VECTOR ( 'NONE', #2419, 1000.000000000000000 ) ;
#2759 = ORIENTED_EDGE ( 'NONE', *, *, #4406, .F. ) ;
#2760 = DIRECTION ( 'NONE',  ( -0.1305261922200629809, -0.9914448613738088278, -1.367189293099805227E-15 ) ) ;
#2761 = FACE_OUTER_BOUND ( 'NONE', #173, .T. ) ;
#2762 = LINE ( 'NONE', #490, #961 ) ;
#2763 = LINE ( 'NONE', #1564, #3933 ) ;
#2764 = ORIENTED_EDGE ( 'NONE', *, *, #3073, .T. ) ;
#2765 = VECTOR ( 'NONE', #2713, 1000.000000000000227 ) ;
#2766 = EDGE_LOOP ( 'NONE', ( #385, #184, #123, #2598, #4694, #3795, #4170, #2821, #2871, #1065, #3609, #71, #4545 ) ) ;
#2767 = MANIFOLD_SOLID_BREP ( 'NONE', #42 ) ;
#2768 = DIRECTION ( 'NONE',  ( 1.000000000000000000, 0.000000000000000000, 1.167878695694950599E-14 ) ) ;
#2769 = CARTESIAN_POINT ( 'NONE',  ( -4.699999999999979750, -7.692414413784648911E-14, -2.000000000000004441 ) ) ;
#2770 = CARTESIAN_POINT ( 'NONE',  ( -3.282752125361926954, 2.959999999999999964, 3.079999999999965432 ) ) ;
#2771 = ORIENTED_EDGE ( 'NONE', *, *, #4515, .T. ) ;
#2772 = EDGE_CURVE ( 'NONE', #4358, #4104, #4594, .T. ) ;
#2773 = ORIENTED_EDGE ( 'NONE', *, *, #2382, .F. ) ;
#2774 = CARTESIAN_POINT ( 'NONE',  ( -4.201612074575754363, 2.759999999999999787, -2.000000000000043965 ) ) ;
#2775 = CARTESIAN_POINT ( 'NONE',  ( 5.150000000000015454, -4.662069341687669855E-15, -1.507499999999945883 ) ) ;
#2776 = CARTESIAN_POINT ( 'NONE',  ( -4.879255340376110972, -7.827939685345339489E-14, 1.032499999999998863 ) ) ;
#2777 = DIRECTION ( 'NONE',  ( 1.000000000000000000, 0.000000000000000000, 1.078386335459176158E-14 ) ) ;
#2778 =( LENGTH_UNIT ( ) NAMED_UNIT ( * ) SI_UNIT ( .MILLI., .METRE. ) );
#2779 = ADVANCED_FACE ( 'NONE', ( #870 ), #3981, .F. ) ;
#2780 = ORIENTED_EDGE ( 'NONE', *, *, #1675, .T. ) ;
#2781 = DIRECTION ( 'NONE',  ( -1.047444401652940007E-14, 0.000000000000000000, 1.000000000000000000 ) ) ;
#2782 = FACE_OUTER_BOUND ( 'NONE', #4923, .T. ) ;
#2783 = CARTESIAN_POINT ( 'NONE',  ( -3.302499999999957581, 3.109999999999999876, -4.047500000000034959 ) ) ;
#2784 = CARTESIAN_POINT ( 'NONE',  ( -3.282752125361847462, 3.259999999999999787, -4.047500000000034959 ) ) ;
#2785 = VERTEX_POINT ( 'NONE', #164 ) ;
#2786 = ORIENTED_EDGE ( 'NONE', *, *, #4969, .T. ) ;
#2787 = LINE ( 'NONE', #1284, #3157 ) ;
#2788 = DIRECTION ( 'NONE',  ( -0.9914448613738089389, 0.1305261922200632030, -1.038483369593571416E-14 ) ) ;
#2789 = AXIS2_PLACEMENT_3D ( 'NONE', #1101, #4278, #4595 ) ;
#2790 = EDGE_CURVE ( 'NONE', #661, #3532, #449, .T. ) ;
#2791 = AXIS2_PLACEMENT_3D ( 'NONE', #1993, #1887, #2354 ) ;
#2792 = AXIS2_PLACEMENT_3D ( 'NONE', #573, #2126, #4383 ) ;
#2793 = ORIENTED_EDGE ( 'NONE', *, *, #2251, .F. ) ;
#2794 = EDGE_CURVE ( 'NONE', #2256, #3710, #3171, .T. ) ;
#2795 = ORIENTED_EDGE ( 'NONE', *, *, #1685, .T. ) ;
#2796 = DIRECTION ( 'NONE',  ( 0.04361938736532974814, -0.9990482215818580203, 4.568888309934562493E-16 ) ) ;
#2797 = CIRCLE ( 'NONE', #3762, 0.5228044079883509276 ) ;
#2798 = VECTOR ( 'NONE', #1110, 1000.000000000000000 ) ;
#2799 = ADVANCED_FACE ( 'NONE', ( #1642 ), #1716, .F. ) ;
#2800 = ORIENTED_EDGE ( 'NONE', *, *, #3543, .T. ) ;
#2801 = AXIS2_PLACEMENT_3D ( 'NONE', #4116, #3792, #3358 ) ;
#2802 = LINE ( 'NONE', #833, #1165 ) ;
#2803 = LINE ( 'NONE', #1582, #546 ) ;
#2804 = EDGE_CURVE ( 'NONE', #3852, #3954, #136, .T. ) ;
#2805 = FACE_OUTER_BOUND ( 'NONE', #841, .T. ) ;
#2806 = VECTOR ( 'NONE', #565, 1000.000000000000000 ) ;
#2807 = CARTESIAN_POINT ( 'NONE',  ( 4.700000000000020606, -3.357633980740659695E-15, -1.999999999999950706 ) ) ;
#2808 = DIRECTION ( 'NONE',  ( 1.093626126041279919E-15, 1.000000000000000000, 1.145512563223331166E-29 ) ) ;
#2809 = DIRECTION ( 'NONE',  ( -1.047444401652940007E-14, 0.000000000000000000, 1.000000000000000000 ) ) ;
#2810 = CARTESIAN_POINT ( 'NONE',  ( 5.149999999999957723, 0.000000000000000000, 4.047500000000053610 ) ) ;
#2811 = DIRECTION ( 'NONE',  ( 1.000000000000000000, -1.093626126041279919E-15, 1.047444401652940007E-14 ) ) ;
#2812 = ORIENTED_EDGE ( 'NONE', *, *, #3049, .T. ) ;
#2813 = ORIENTED_EDGE ( 'NONE', *, *, #4306, .T. ) ;
#2814 = PLANE ( 'NONE',  #2792 ) ;
#2815 = DIRECTION ( 'NONE',  ( 1.047444401652940007E-14, 0.000000000000000000, -1.000000000000000000 ) ) ;
#2816 = ORIENTED_EDGE ( 'NONE', *, *, #3351, .T. ) ;
#2817 = ORIENTED_EDGE ( 'NONE', *, *, #4012, .T. ) ;
#2818 = VERTEX_POINT ( 'NONE', #2409 ) ;
#2819 = CARTESIAN_POINT ( 'NONE',  ( 4.201612074575768574, 2.759999999999999787, 0.5400000000000440004 ) ) ;
#2820 = EDGE_LOOP ( 'NONE', ( #2106, #4052, #3250, #202 ) ) ;
#2821 = ORIENTED_EDGE ( 'NONE', *, *, #3918, .F. ) ;
#2822 = CARTESIAN_POINT ( 'NONE',  ( -3.901897608101225767, 2.746914183790395203, 0.5399999999999591793 ) ) ;
#2823 = CARTESIAN_POINT ( 'NONE',  ( 3.282752125361884321, 3.259999999999999787, 0.5400000000000343414 ) ) ;
#2824 = CARTESIAN_POINT ( 'NONE',  ( 3.901897608101177362, 2.746914183790395203, 4.047500000000040288 ) ) ;
#2825 = VECTOR ( 'NONE', #3940, 1000.000000000000000 ) ;
#2826 = DIRECTION ( 'NONE',  ( 1.000000000000000000, 0.000000000000000000, 1.057648136700345978E-14 ) ) ;
#2827 = AXIS2_PLACEMENT_3D ( 'NONE', #4623, #1547, #3879 ) ;
#2828 = CARTESIAN_POINT ( 'NONE',  ( 4.700000000000020606, -7.968885967768460745E-15, -1.999999999999950706 ) ) ;
#2829 = CARTESIAN_POINT ( 'NONE',  ( 5.149999999999989697, -4.662069341687669855E-15, 1.032500000000053930 ) ) ;
#2830 = EDGE_CURVE ( 'NONE', #4847, #2149, #3244, .T. ) ;
#2831 = EDGE_CURVE ( 'NONE', #4253, #2679, #3192, .T. ) ;
#2832 = DIRECTION ( 'NONE',  ( -1.047444401652940007E-14, 0.000000000000000000, 1.000000000000000000 ) ) ;
#2833 = DIRECTION ( 'NONE',  ( 1.012444267759178949E-14, 0.1305261922200520452, -0.9914448613738103822 ) ) ;
#2834 = VERTEX_POINT ( 'NONE', #4789 ) ;
#2835 = AXIS2_PLACEMENT_3D ( 'NONE', #3058, #743, #4612 ) ;
#2836 = VERTEX_POINT ( 'NONE', #112 ) ;
#2837 = DIRECTION ( 'NONE',  ( 1.000000000000000000, -7.254577915235990126E-15, 1.047444401652939849E-14 ) ) ;
#2838 = CARTESIAN_POINT ( 'NONE',  ( 4.201612074575795219, 2.759999999999999787, -1.999999999999956257 ) ) ;
#2839 = VECTOR ( 'NONE', #2099, 1000.000000000000000 ) ;
#2840 = DIRECTION ( 'NONE',  ( 9.935431025547481714E-15, 0.000000000000000000, -1.000000000000000000 ) ) ;
#2841 = VERTEX_POINT ( 'NONE', #64 ) ;
#2842 = AXIS2_PLACEMENT_3D ( 'NONE', #3551, #2860, #2504 ) ;
#2843 = VERTEX_POINT ( 'NONE', #3265 ) ;
#2844 = ORIENTED_EDGE ( 'NONE', *, *, #1741, .T. ) ;
#2845 = LINE ( 'NONE', #3297, #4700 ) ;
#2846 = ORIENTED_EDGE ( 'NONE', *, *, #461, .T. ) ;
#2847 = ORIENTED_EDGE ( 'NONE', *, *, #712, .T. ) ;
#2848 = FACE_OUTER_BOUND ( 'NONE', #3882, .T. ) ;
#2849 = CYLINDRICAL_SURFACE ( 'NONE', #3557, 0.5228044079883513717 ) ;
#2850 = LINE ( 'NONE', #3588, #4254 ) ;
#2851 = EDGE_CURVE ( 'NONE', #3190, #3954, #1234, .T. ) ;
#2852 = CARTESIAN_POINT ( 'NONE',  ( -3.302500000000032188, 3.109999999999999876, 3.079999999999964988 ) ) ;
#2853 = DIRECTION ( 'NONE',  ( -1.000000000000000000, 1.093626126041279919E-15, -1.047444401652940007E-14 ) ) ;
#2854 = DIRECTION ( 'NONE',  ( -7.340941938036420458E-15, 1.000000000000000000, -7.689228535855532732E-29 ) ) ;
#2855 = DIRECTION ( 'NONE',  ( 1.047444401652940007E-14, 0.000000000000000000, -1.000000000000000000 ) ) ;
#2856 = CARTESIAN_POINT ( 'NONE',  ( 4.522306814035909284, 0.2999999999999949929, 1.032500000000047269 ) ) ;
#2857 = VERTEX_POINT ( 'NONE', #4765 ) ;
#2858 = EDGE_CURVE ( 'NONE', #1394, #1955, #2787, .T. ) ;
#2859 = ORIENTED_EDGE ( 'NONE', *, *, #600, .F. ) ;
#2860 = DIRECTION ( 'NONE',  ( 0.9396926207859072067, 6.898228968790597607E-15, -0.3420201433256719881 ) ) ;
#2861 = LINE ( 'NONE', #4719, #3927 ) ;
#2862 = CARTESIAN_POINT ( 'NONE',  ( -5.149999999999989697, 0.2999999999999999889, -1.032500000000003970 ) ) ;
#2863 = ORIENTED_EDGE ( 'NONE', *, *, #2772, .T. ) ;
#2864 = EDGE_CURVE ( 'NONE', #1041, #348, #3652, .T. ) ;
#2865 = VERTEX_POINT ( 'NONE', #4329 ) ;
#2866 = AXIS2_PLACEMENT_3D ( 'NONE', #2192, #4928, #1833 ) ;
#2867 = VERTEX_POINT ( 'NONE', #850 ) ;
#2868 = CARTESIAN_POINT ( 'NONE',  ( -5.149999999999984368, -8.023096076392729025E-14, -1.507499999999998952 ) ) ;
#2869 = AXIS2_PLACEMENT_3D ( 'NONE', #3982, #2049, #495 ) ;
#2870 = ORIENTED_EDGE ( 'NONE', *, *, #4959, .T. ) ;
#2871 = ORIENTED_EDGE ( 'NONE', *, *, #2719, .F. ) ;
#2872 = DIRECTION ( 'NONE',  ( -0.04361938736532974814, 0.9990482215818580203, -2.863108385120657547E-16 ) ) ;
#2874 = VECTOR ( 'NONE', #1654, 1000.000000000000000 ) ;
#2873 = LINE ( 'NONE', #2567, #3400 ) ;
#2875 = VECTOR ( 'NONE', #1055, 1000.000000000000000 ) ;
#2876 = DIRECTION ( 'NONE',  ( -1.047444401652940007E-14, 0.000000000000000000, 1.000000000000000000 ) ) ;
#2877 = AXIS2_PLACEMENT_3D ( 'NONE', #26, #4473, #3328 ) ;
#2878 = LINE ( 'NONE', #2424, #1245 ) ;
#2879 = DIRECTION ( 'NONE',  ( 0.000000000000000000, 1.000000000000000000, 0.000000000000000000 ) ) ;
#2880 = CARTESIAN_POINT ( 'NONE',  ( 3.679305260539817546, 3.259999999999999787, 4.047500000000037623 ) ) ;
#2881 = ADVANCED_FACE ( 'NONE', ( #3575 ), #2887, .F. ) ;
#2882 = EDGE_CURVE ( 'NONE', #3062, #4521, #89, .T. ) ;
#2883 = AXIS2_PLACEMENT_3D ( 'NONE', #742, #1509, #10 ) ;
#2884 = FACE_OUTER_BOUND ( 'NONE', #296, .T. ) ;
#2885 = EDGE_LOOP ( 'NONE', ( #1522, #3738, #3886, #3117, #4916, #4902, #2273, #1593, #2479, #3276, #3196, #2977, #2891 ) ) ;
#2886 = ORIENTED_EDGE ( 'NONE', *, *, #1241, .F. ) ;
#2887 = PLANE ( 'NONE',  #798 ) ;
#2888 = LINE ( 'NONE', #521, #2141 ) ;
#2889 = LINE ( 'NONE', #2387, #1034 ) ;
#2890 = ORIENTED_EDGE ( 'NONE', *, *, #1150, .T. ) ;
#2891 = ORIENTED_EDGE ( 'NONE', *, *, #3302, .F. ) ;
#2892 = VERTEX_POINT ( 'NONE', #4403 ) ;
#2893 = FACE_OUTER_BOUND ( 'NONE', #3141, .T. ) ;
#2894 = ADVANCED_FACE ( 'NONE', ( #4429 ), #920, .F. ) ;
#2895 = EDGE_CURVE ( 'NONE', #3011, #1926, #2125, .T. ) ;
#2896 = ORIENTED_EDGE ( 'NONE', *, *, #1312, .F. ) ;
#2897 = EDGE_LOOP ( 'NONE', ( #3228, #2047, #4864, #2433 ) ) ;
#2898 = CARTESIAN_POINT ( 'NONE',  ( -3.679305260539865507, 2.737195592011649747, 0.5399999999999615108 ) ) ;
#2899 = LINE ( 'NONE', #1010, #4617 ) ;
#2900 = LINE ( 'NONE', #3281, #3855 ) ;
#2901 = DIRECTION ( 'NONE',  ( 1.000000000000000000, -7.254577915235990126E-15, 1.047444401652940007E-14 ) ) ;
#2902 = ADVANCED_FACE ( 'NONE', ( #972 ), #3773, .F. ) ;
#2903 = DIRECTION ( 'NONE',  ( 1.000000000000000000, 0.000000000000000000, 1.047444401652940007E-14 ) ) ;
#2904 = DIRECTION ( 'NONE',  ( -1.047444401652940007E-14, 0.000000000000000000, 1.000000000000000000 ) ) ;
#2905 = VECTOR ( 'NONE', #252, 1000.000000000000000 ) ;
#2906 = CARTESIAN_POINT ( 'NONE',  ( 4.522306814035962574, -1.084202172485503941E-16, -4.047499999999952358 ) ) ;
#2907 = CARTESIAN_POINT ( 'NONE',  ( 4.522306814035967015, 0.5228044079883460427, -4.539999999999952074 ) ) ;
#2908 = ORIENTED_EDGE ( 'NONE', *, *, #1982, .F. ) ;
#2909 = VECTOR ( 'NONE', #3509, 1000.000000000000000 ) ;
#2910 = ORIENTED_EDGE ( 'NONE', *, *, #3911, .F. ) ;
#2911 = LINE ( 'NONE', #1020, #4126 ) ;
#2912 = CARTESIAN_POINT ( 'NONE',  ( 3.901897608101262627, 2.746914183790395203, -4.047499999999959464 ) ) ;
#2913 = LINE ( 'NONE', #1819, #1541 ) ;
#2914 = COLOUR_RGB ( '',0.7921568627450980005, 0.8196078431372548767, 0.9333333333333333481 ) ;
#2915 = VECTOR ( 'NONE', #2781, 1000.000000000000000 ) ;
#2916 = EDGE_LOOP ( 'NONE', ( #269, #3508, #981, #4903 ) ) ;
#2917 = VECTOR ( 'NONE', #2980, 1000.000000000000000 ) ;
#2918 = AXIS2_PLACEMENT_3D ( 'NONE', #3305, #988, #2546 ) ;
#2919 = ORIENTED_EDGE ( 'NONE', *, *, #2177, .T. ) ;
#2920 = CARTESIAN_POINT ( 'NONE',  ( -4.522306814035951916, 0.5228044079883460427, 3.079999999999952554 ) ) ;
#2921 = PRESENTATION_STYLE_ASSIGNMENT (( #4567 ) ) ;
#2922 = EDGE_CURVE ( 'NONE', #597, #2966, #2911, .T. ) ;
#2923 = ORIENTED_EDGE ( 'NONE', *, *, #374, .F. ) ;
#2924 = ORIENTED_EDGE ( 'NONE', *, *, #984, .F. ) ;
#2925 = CARTESIAN_POINT ( 'NONE',  ( 5.150000000000020783, -5.421010862427519705E-17, -1.999999999999946265 ) ) ;
#2926 = CARTESIAN_POINT ( 'NONE',  ( 4.700000000000006395, -7.968885967768460745E-15, -0.5399999999999507416 ) ) ;
#2927 = DIRECTION ( 'NONE',  ( -1.047444401652940007E-14, 0.000000000000000000, 1.000000000000000000 ) ) ;
#2928 = DIRECTION ( 'NONE',  ( 0.9990482215818580203, 0.04361938736532974814, 1.046447466677243020E-14 ) ) ;
#2929 = LINE ( 'NONE', #4045, #2500 ) ;
#2930 = DIRECTION ( 'NONE',  ( 0.000000000000000000, 1.000000000000000000, 0.000000000000000000 ) ) ;
#2931 = SURFACE_STYLE_FILL_AREA ( #1038 ) ;
#2932 = ORIENTED_EDGE ( 'NONE', *, *, #1338, .F. ) ;
#2933 = EDGE_CURVE ( 'NONE', #3777, #1641, #4867, .T. ) ;
#2934 = VERTEX_POINT ( 'NONE', #4483 ) ;
#2935 = CARTESIAN_POINT ( 'NONE',  ( 4.522306814035877309, 0.5228044079883460427, 4.047500000000047393 ) ) ;
#2936 = LINE ( 'NONE', #4484, #3354 ) ;
#2937 = LINE ( 'NONE', #2173, #4459 ) ;
#2938 = EDGE_LOOP ( 'NONE', ( #1075, #3063, #4147, #1162, #2104, #4893, #1693, #3779, #4362, #783, #924, #362, #3393 ) ) ;
#2939 = VERTEX_POINT ( 'NONE', #1792 ) ;
#2940 = ORIENTED_EDGE ( 'NONE', *, *, #3514, .T. ) ;
#2941 = CARTESIAN_POINT ( 'NONE',  ( 4.879255340376099426, -6.613633252161579414E-15, 1.032500000000051266 ) ) ;
#2942 = EDGE_CURVE ( 'NONE', #4662, #3852, #284, .T. ) ;
#2943 = ADVANCED_FACE ( 'NONE', ( #2959 ), #1457, .F. ) ;
#2944 = ORIENTED_EDGE ( 'NONE', *, *, #4950, .T. ) ;
#2945 = ORIENTED_EDGE ( 'NONE', *, *, #1338, .T. ) ;
#2946 = DIRECTION ( 'NONE',  ( -1.047444401652940007E-14, 0.000000000000000000, 1.000000000000000000 ) ) ;
#2947 = CARTESIAN_POINT ( 'NONE',  ( 3.282752125361869222, 3.259999999999999787, 2.000000000000034195 ) ) ;
#2948 = CIRCLE ( 'NONE', #3273, 0.2228044079883510498 ) ;
#2949 = EDGE_CURVE ( 'NONE', #1319, #1081, #3747, .T. ) ;
#2950 = CARTESIAN_POINT ( 'NONE',  ( 5.150000000000047429, 0.2999999999999999889, -4.539999999999945857 ) ) ;
#2951 = VECTOR ( 'NONE', #1358, 1000.000000000000000 ) ;
#2952 = CARTESIAN_POINT ( 'NONE',  ( -3.302500000000050839, 3.109999999999999876, 4.827499999999965929 ) ) ;
#2953 = DIRECTION ( 'NONE',  ( 1.000000000000000000, -7.254577915235990126E-15, 8.635980719412001453E-16 ) ) ;
#2954 = LINE ( 'NONE', #4862, #1576 ) ;
#2955 = EDGE_CURVE ( 'NONE', #309, #1641, #3564, .T. ) ;
#2956 = VERTEX_POINT ( 'NONE', #3722 ) ;
#2957 = AXIS2_PLACEMENT_3D ( 'NONE', #2999, #1037, #587 ) ;
#2958 = ORIENTED_EDGE ( 'NONE', *, *, #1798, .T. ) ;
#2959 = FACE_OUTER_BOUND ( 'NONE', #1714, .T. ) ;
#2960 = PLANE ( 'NONE',  #1977 ) ;
#2961 = AXIS2_PLACEMENT_3D ( 'NONE', #3664, #178, #2038 ) ;
#2962 = FACE_OUTER_BOUND ( 'NONE', #3470, .T. ) ;
#2963 = DIRECTION ( 'NONE',  ( -7.340941938036420458E-15, 1.000000000000000000, -7.689228535855532732E-29 ) ) ;
#2964 = VERTEX_POINT ( 'NONE', #593 ) ;
#2965 = ORIENTED_EDGE ( 'NONE', *, *, #4282, .T. ) ;
#2966 = VERTEX_POINT ( 'NONE', #3673 ) ;
#2967 = SURFACE_SIDE_STYLE ('',( #603 ) ) ;
#2968 = ORIENTED_EDGE ( 'NONE', *, *, #3734, .F. ) ;
#2969 = LINE ( 'NONE', #4522, #4528 ) ;
#2970 = LINE ( 'NONE', #3350, #1728 ) ;
#2971 = DIRECTION ( 'NONE',  ( -1.047444401652940007E-14, 0.000000000000000000, 1.000000000000000000 ) ) ;
#2972 = DIRECTION ( 'NONE',  ( -0.9396926207859036539, -6.898228968790620484E-15, -0.3420201433256819246 ) ) ;
#2973 = CARTESIAN_POINT ( 'NONE',  ( 4.522306814035967015, 0.5228044079883460427, -4.539999999999952074 ) ) ;
#2974 = PRESENTATION_STYLE_ASSIGNMENT (( #660 ) ) ;
#2975 = VERTEX_POINT ( 'NONE', #3337 ) ;
#2976 = ADVANCED_FACE ( 'NONE', ( #4143 ), #4511, .T. ) ;
#2977 = ORIENTED_EDGE ( 'NONE', *, *, #3693, .F. ) ;
#2978 = LINE ( 'NONE', #1744, #1778 ) ;
#2979 = DIRECTION ( 'NONE',  ( 0.000000000000000000, -1.000000000000000000, -0.000000000000000000 ) ) ;
#2980 = DIRECTION ( 'NONE',  ( -1.000000000000000000, -7.340941938036410991E-15, -1.047444401652940007E-14 ) ) ;
#2981 = CARTESIAN_POINT ( 'NONE',  ( -4.700000000000006395, 0.2999999999999964917, 0.5399999999999507416 ) ) ;
#2982 = EDGE_LOOP ( 'NONE', ( #2539, #2326, #976, #2246, #4074, #3480, #4692, #4107 ) ) ;
#2983 = AXIS2_PLACEMENT_3D ( 'NONE', #579, #4795, #977 ) ;
#2984 = ORIENTED_EDGE ( 'NONE', *, *, #3782, .T. ) ;
#2985 = VECTOR ( 'NONE', #1950, 1000.000000000000000 ) ;
#2986 = VERTEX_POINT ( 'NONE', #2576 ) ;
#2987 = VECTOR ( 'NONE', #2760, 1000.000000000000114 ) ;
#2988 = CARTESIAN_POINT ( 'NONE',  ( 3.679305260539854405, 3.259999999999999787, 0.5400000000000384492 ) ) ;
#2989 = VECTOR ( 'NONE', #2557, 1000.000000000000000 ) ;
#2990 = VECTOR ( 'NONE', #642, 1000.000000000000114 ) ;
#2991 = VERTEX_POINT ( 'NONE', #4121 ) ;
#2992 = ORIENTED_EDGE ( 'NONE', *, *, #765, .F. ) ;
#2993 = DIRECTION ( 'NONE',  ( -1.047444401652940007E-14, 0.000000000000000000, 1.000000000000000000 ) ) ;
#2994 = VECTOR ( 'NONE', #890, 1000.000000000000114 ) ;
#2995 = CARTESIAN_POINT ( 'NONE',  ( -3.282752125361884321, 3.259999999999999787, -0.5400000000000343414 ) ) ;
#2996 = DIRECTION ( 'NONE',  ( 7.382095854902012180E-16, 8.231143906374089570E-29, 1.000000000000000000 ) ) ;
#2997 = LINE ( 'NONE', #4553, #4324 ) ;
#2998 = CARTESIAN_POINT ( 'NONE',  ( -3.282752125361858120, 3.259999999999999787, -3.080000000000034266 ) ) ;
#2999 = CARTESIAN_POINT ( 'NONE',  ( -3.901897608101225767, 2.746914183790395203, 0.5399999999999591793 ) ) ;
#3000 = ADVANCED_FACE ( 'NONE', ( #3004 ), #1767, .F. ) ;
#3001 = DIRECTION ( 'NONE',  ( 1.000000000000000000, 0.000000000000000000, 9.732322464124589117E-15 ) ) ;
#3002 = VERTEX_POINT ( 'NONE', #1067 ) ;
#3003 = ORIENTED_EDGE ( 'NONE', *, *, #451, .F. ) ;
#3004 = FACE_OUTER_BOUND ( 'NONE', #941, .T. ) ;
#3005 = DIRECTION ( 'NONE',  ( -1.047444401652940007E-14, 0.000000000000000000, 1.000000000000000000 ) ) ;
#3006 = PLANE ( 'NONE',  #2191 ) ;
#3007 = FACE_OUTER_BOUND ( 'NONE', #1187, .T. ) ;
#3008 = EDGE_LOOP ( 'NONE', ( #1007, #903, #4664, #142 ) ) ;
#3009 = EDGE_CURVE ( 'NONE', #1154, #477, #3363, .T. ) ;
#3010 = EDGE_CURVE ( 'NONE', #3558, #2934, #2978, .T. ) ;
#3011 = VERTEX_POINT ( 'NONE', #213 ) ;
#3012 = VERTEX_POINT ( 'NONE', #4533 ) ;
#3013 = EDGE_CURVE ( 'NONE', #169, #139, #3291, .T. ) ;
#3014 = DIRECTION ( 'NONE',  ( -1.000000000000000000, 0.000000000000000000, -1.047444401652940007E-14 ) ) ;
#3015 = APPLICATION_CONTEXT ( 'automotive_design' ) ;
#3016 = EDGE_CURVE ( 'NONE', #3558, #5022, #663, .T. ) ;
#3017 = ORIENTED_EDGE ( 'NONE', *, *, #671, .F. ) ;
#3018 = DIRECTION ( 'NONE',  ( 0.1305261922200520452, -0.9914448613738103822, 1.367189293099690448E-15 ) ) ;
#3019 = ORIENTED_EDGE ( 'NONE', *, *, #4939, .T. ) ;
#3020 = CARTESIAN_POINT ( 'NONE',  ( 4.700000000000020606, -7.968885967768460745E-15, -1.999999999999950706 ) ) ;
#3021 = EDGE_CURVE ( 'NONE', #3986, #2209, #2733, .T. ) ;
#3022 = DIRECTION ( 'NONE',  ( -0.1305261922200520452, 0.9914448613738103822, -1.367189293099690448E-15 ) ) ;
#3023 = DIRECTION ( 'NONE',  ( -1.047444401652940007E-14, 0.000000000000000000, 1.000000000000000000 ) ) ;
#3024 = CARTESIAN_POINT ( 'NONE',  ( -4.522306814035962574, 0.5228044079883460427, 4.047499999999952358 ) ) ;
#3025 = FACE_OUTER_BOUND ( 'NONE', #2111, .T. ) ;
#3026 = AXIS2_PLACEMENT_3D ( 'NONE', #1174, #2680, #2402 ) ;
#3027 = CIRCLE ( 'NONE', #3436, 0.2228044079883506334 ) ;
#3028 = ORIENTED_EDGE ( 'NONE', *, *, #2772, .F. ) ;
#3029 = ORIENTED_EDGE ( 'NONE', *, *, #3781, .F. ) ;
#3030 = EDGE_CURVE ( 'NONE', #2211, #1652, #4221, .T. ) ;
#3031 = ORIENTED_EDGE ( 'NONE', *, *, #3905, .T. ) ;
#3032 = EDGE_CURVE ( 'NONE', #4828, #4027, #1589, .T. ) ;
#3033 = CARTESIAN_POINT ( 'NONE',  ( 3.282752125361884321, 3.259999999999999787, 0.5400000000000343414 ) ) ;
#3034 = CARTESIAN_POINT ( 'NONE',  ( 4.522306814035887967, 0.5228044079883460427, 3.080000000000047145 ) ) ;
#3035 = AXIS2_PLACEMENT_3D ( 'NONE', #489, #2090, #2016 ) ;
#3036 = FACE_OUTER_BOUND ( 'NONE', #1000, .T. ) ;
#3037 = AXIS2_PLACEMENT_3D ( 'NONE', #1104, #2665, #4206 ) ;
#3038 = DIRECTION ( 'NONE',  ( -1.000000000000000000, 7.340941938036410991E-15, -1.047444401652940007E-14 ) ) ;
#3039 = ORIENTED_EDGE ( 'NONE', *, *, #2633, .T. ) ;
#3040 = VERTEX_POINT ( 'NONE', #11 ) ;
#3041 = FILL_AREA_STYLE_COLOUR ( '', #3978 ) ;
#3042 = CARTESIAN_POINT ( 'NONE',  ( -4.201612074575754363, 2.759999999999999787, -2.000000000000043965 ) ) ;
#3043 = FILL_AREA_STYLE ('',( #2365 ) ) ;
#3044 = VERTEX_POINT ( 'NONE', #3518 ) ;
#3045 = DIRECTION ( 'NONE',  ( 1.000000000000000000, 0.000000000000000000, 1.070555471053706728E-14 ) ) ;
#3046 = EDGE_CURVE ( 'NONE', #2666, #1415, #4244, .T. ) ;
#3047 = ORIENTED_EDGE ( 'NONE', *, *, #1807, .F. ) ;
#3048 = DIRECTION ( 'NONE',  ( -7.340941938036420458E-15, 1.000000000000000000, -7.689228535855532732E-29 ) ) ;
#3049 = EDGE_CURVE ( 'NONE', #2181, #1371, #415, .T. ) ;
#3050 = DIRECTION ( 'NONE',  ( -8.673617379884041783E-15, -1.000000000000000000, -9.085131966639181307E-29 ) ) ;
#3051 = LINE ( 'NONE', #1061, #2012 ) ;
#3052 = CARTESIAN_POINT ( 'NONE',  ( -4.000000000000006217, 0.5000000000000000000, 0.5399999999999581801 ) ) ;
#3053 = DIRECTION ( 'NONE',  ( -7.340941938036420458E-15, 1.000000000000000000, -7.689228535855532732E-29 ) ) ;
#3054 = VERTEX_POINT ( 'NONE', #4993 ) ;
#3055 = ADVANCED_FACE ( 'NONE', ( #313 ), #2355, .F. ) ;
#3056 = ORIENTED_EDGE ( 'NONE', *, *, #3704, .T. ) ;
#3057 = DIRECTION ( 'NONE',  ( -1.000000000000000000, -8.673617379884041783E-15, -1.047444401652940007E-14 ) ) ;
#3058 = CARTESIAN_POINT ( 'NONE',  ( -4.522306814035877309, 0.5228044079883460427, -4.047500000000047393 ) ) ;
#3059 = DIRECTION ( 'NONE',  ( 0.1305261922200462166, -0.9914448613738111593, 1.367189293099629508E-15 ) ) ;
#3060 = CARTESIAN_POINT ( 'NONE',  ( -3.679305260539865507, 2.737195592011649747, 0.5399999999999615108 ) ) ;
#3061 = CARTESIAN_POINT ( 'NONE',  ( 4.700000000000032152, -7.968885967768460745E-15, -3.079999999999950333 ) ) ;
#3062 = VERTEX_POINT ( 'NONE', #1537 ) ;
#3063 = ORIENTED_EDGE ( 'NONE', *, *, #3254, .T. ) ;
#3064 = CARTESIAN_POINT ( 'NONE',  ( -3.679305260539812217, 2.737195592011649747, -4.540000000000038227 ) ) ;
#3065 = LINE ( 'NONE', #4228, #428 ) ;
#3066 = DIRECTION ( 'NONE',  ( -1.047444401652940007E-14, 0.000000000000000000, 1.000000000000000000 ) ) ;
#3067 = VECTOR ( 'NONE', #458, 1000.000000000000000 ) ;
#3068 = ORIENTED_EDGE ( 'NONE', *, *, #3203, .T. ) ;
#3069 = AXIS2_PLACEMENT_3D ( 'NONE', #2610, #1931, #3483 ) ;
#3070 = CARTESIAN_POINT ( 'NONE',  ( 4.522306814035925271, 0.5228044079883460427, -0.5399999999999526290 ) ) ;
#3071 = EDGE_LOOP ( 'NONE', ( #1922, #714, #384, #15 ) ) ;
#3072 = CARTESIAN_POINT ( 'NONE',  ( -3.679305260539865507, 2.737195592011649747, 0.5399999999999615108 ) ) ;
#3073 = EDGE_CURVE ( 'NONE', #4058, #2074, #1867, .T. ) ;
#3074 = VECTOR ( 'NONE', #2158, 1000.000000000000000 ) ;
#3075 = VECTOR ( 'NONE', #2681, 1000.000000000000000 ) ;
#3076 = EDGE_CURVE ( 'NONE', #4132, #23, #3485, .T. ) ;
#3077 = DIRECTION ( 'NONE',  ( -1.047444401652940007E-14, 0.000000000000000000, 1.000000000000000000 ) ) ;
#3078 = CIRCLE ( 'NONE', #1936, 0.5228044079883513717 ) ;
#3079 = FACE_OUTER_BOUND ( 'NONE', #1395, .T. ) ;
#3080 = CARTESIAN_POINT ( 'NONE',  ( -4.522306814035877309, 0.2999999999999959366, -4.047500000000047393 ) ) ;
#3081 = EDGE_CURVE ( 'NONE', #1028, #2975, #3797, .T. ) ;
#3082 = ORIENTED_EDGE ( 'NONE', *, *, #4633, .T. ) ;
#3083 = EDGE_LOOP ( 'NONE', ( #1669, #1965, #3403, #776 ) ) ;
#3084 = FACE_OUTER_BOUND ( 'NONE', #3960, .T. ) ;
#3085 = DIRECTION ( 'NONE',  ( -1.047444401652940007E-14, 0.000000000000000000, 1.000000000000000000 ) ) ;
#3086 = CARTESIAN_POINT ( 'NONE',  ( 3.302500000000020641, 3.109999999999999876, -1.999999999999965361 ) ) ;
#3087 = LINE ( 'NONE', #1869, #1290 ) ;
#3088 = EDGE_CURVE ( 'NONE', #2155, #2253, #4539, .T. ) ;
#3089 = FACE_OUTER_BOUND ( 'NONE', #723, .T. ) ;
#3090 = ORIENTED_EDGE ( 'NONE', *, *, #4699, .T. ) ;
#3091 = VERTEX_POINT ( 'NONE', #1121 ) ;
#3092 = CARTESIAN_POINT ( 'NONE',  ( -3.679305260539880607, 2.959999999999999964, 1.999999999999961364 ) ) ;
#3093 = PLANE ( 'NONE',  #1893 ) ;
#3094 = PLANE ( 'NONE',  #3642 ) ;
#3095 = DIRECTION ( 'NONE',  ( -1.047444401652940007E-14, 0.000000000000000000, 1.000000000000000000 ) ) ;
#3096 = VERTEX_POINT ( 'NONE', #718 ) ;
#3097 = DIRECTION ( 'NONE',  ( -7.254577915235990126E-15, -1.000000000000000000, -7.598767023668995035E-29 ) ) ;
#3098 = EDGE_CURVE ( 'NONE', #2315, #821, #1094, .T. ) ;
#3099 = ORIENTED_EDGE ( 'NONE', *, *, #3174, .F. ) ;
#3100 = EDGE_CURVE ( 'NONE', #4754, #739, #793, .T. ) ;
#3101 = CARTESIAN_POINT ( 'NONE',  ( 4.522306814035967015, 0.2999999999999949929, -4.539999999999952074 ) ) ;
#3102 = CARTESIAN_POINT ( 'NONE',  ( -4.201612074575795219, 2.759999999999999787, 1.999999999999956257 ) ) ;
#3103 = DIRECTION ( 'NONE',  ( -1.000000000000000000, -1.093626126041270058E-15, -1.047444401652940007E-14 ) ) ;
#3104 = DIRECTION ( 'NONE',  ( 1.000000000000000000, 7.208134458441179128E-15, 1.047444401652940007E-14 ) ) ;
#3105 = CARTESIAN_POINT ( 'NONE',  ( -3.282752125361889206, 2.959999999999999964, -0.5400000000000343414 ) ) ;
#3106 = ORIENTED_EDGE ( 'NONE', *, *, #2120, .T. ) ;
#3107 = AXIS2_PLACEMENT_3D ( 'NONE', #4880, #206, #1398 ) ;
#3108 = VERTEX_POINT ( 'NONE', #2298 ) ;
#3109 = DIRECTION ( 'NONE',  ( -0.1305261922200520452, 0.9914448613738103822, -1.367189293099690448E-15 ) ) ;
#3110 = DIRECTION ( 'NONE',  ( -1.047444401652940007E-14, 0.000000000000000000, 1.000000000000000000 ) ) ;
#3111 = ADVANCED_FACE ( 'NONE', ( #1917 ), #3466, .F. ) ;
#3112 = FACE_OUTER_BOUND ( 'NONE', #2559, .T. ) ;
#3113 = EDGE_CURVE ( 'NONE', #1093, #1886, #5016, .T. ) ;
#3114 = CARTESIAN_POINT ( 'NONE',  ( -2.402499999999964331, 5.029999999999999361, -3.427500000000025082 ) ) ;
#3115 = VERTEX_POINT ( 'NONE', #3871 ) ;
#3116 = CIRCLE ( 'NONE', #433, 0.2228044079883510498 ) ;
#3117 = ORIENTED_EDGE ( 'NONE', *, *, #2274, .F. ) ;
#3118 = APPLICATION_CONTEXT ( 'automotive_design' ) ;
#3119 = VECTOR ( 'NONE', #4193, 1000.000000000000000 ) ;
#3120 = CARTESIAN_POINT ( 'NONE',  ( -4.879255340376112748, -7.827939685345339489E-14, -3.572500000000006004 ) ) ;
#3121 = CARTESIAN_POINT ( 'NONE',  ( -5.149999999999989697, -8.023096076392729025E-14, -1.032500000000003970 ) ) ;
#3122 = AXIS2_PLACEMENT_3D ( 'NONE', #3884, #3784, #3018 ) ;
#3123 =( NAMED_UNIT ( * ) PLANE_ANGLE_UNIT ( ) SI_UNIT ( $, .RADIAN. ) );
#3124 = VECTOR ( 'NONE', #2728, 1000.000000000000000 ) ;
#3125 = CIRCLE ( 'NONE', #3202, 0.5228044079883509276 ) ;
#3126 = EDGE_LOOP ( 'NONE', ( #3771, #2233, #1257, #3757 ) ) ;
#3127 = DIRECTION ( 'NONE',  ( 0.000000000000000000, -1.000000000000000000, -0.000000000000000000 ) ) ;
#3128 = ORIENTED_EDGE ( 'NONE', *, *, #990, .T. ) ;
#3129 = PLANE ( 'NONE',  #141 ) ;
#3130 = AXIS2_PLACEMENT_3D ( 'NONE', #233, #4934, #3001 ) ;
#3131 = CARTESIAN_POINT ( 'NONE',  ( -3.282752125361842133, 3.259999999999999787, -4.540000000000034674 ) ) ;
#3132 = DIRECTION ( 'NONE',  ( -1.047444401652940007E-14, 0.000000000000000000, 1.000000000000000000 ) ) ;
#3133 = CARTESIAN_POINT ( 'NONE',  ( -3.282752125361852347, 2.959999999999999964, -4.047500000000034959 ) ) ;
#3134 = DIRECTION ( 'NONE',  ( 1.012444267759178949E-14, -0.1305261922200520452, -0.9914448613738103822 ) ) ;
#3135 = FACE_OUTER_BOUND ( 'NONE', #2938, .T. ) ;
#3136 = CARTESIAN_POINT ( 'NONE',  ( -4.700000000000032152, -7.692414413784648911E-14, 3.079999999999995630 ) ) ;
#3137 = CARTESIAN_POINT ( 'NONE',  ( -4.201612074575781008, 2.759999999999999787, 0.5399999999999559597 ) ) ;
#3138 = LINE ( 'NONE', #1095, #267 ) ;
#3139 = CARTESIAN_POINT ( 'NONE',  ( 4.879255340376125183, -6.613633252161579414E-15, -1.507499999999948770 ) ) ;
#3140 = DIRECTION ( 'NONE',  ( 1.000000000000000000, 0.000000000000000000, 1.047444401652940007E-14 ) ) ;
#3141 = EDGE_LOOP ( 'NONE', ( #2198, #3751, #1345, #626 ) ) ;
#3142 = EDGE_CURVE ( 'NONE', #482, #4775, #4586, .T. ) ;
#3143 = VERTEX_POINT ( 'NONE', #1148 ) ;
#3144 = CARTESIAN_POINT ( 'NONE',  ( 4.299714466474538810, 0.5130858162095990327, 2.000000000000045297 ) ) ;
#3145 = DIRECTION ( 'NONE',  ( 0.3420201433256818691, 2.510750013792655505E-15, -0.9396926207859036539 ) ) ;
#3146 = PLANE ( 'NONE',  #2827 ) ;
#3147 = ORIENTED_EDGE ( 'NONE', *, *, #741, .F. ) ;
#3148 = ORIENTED_EDGE ( 'NONE', *, *, #4817, .F. ) ;
#3149 = VECTOR ( 'NONE', #4987, 1000.000000000000000 ) ;
#3150 = ORIENTED_EDGE ( 'NONE', *, *, #2116, .F. ) ;
#3151 = DIRECTION ( 'NONE',  ( -1.047444401652940007E-14, 0.000000000000000000, 1.000000000000000000 ) ) ;
#3152 = EDGE_CURVE ( 'NONE', #2843, #2818, #2276, .T. ) ;
#3153 = VECTOR ( 'NONE', #2033, 1000.000000000000000 ) ;
#3154 = CARTESIAN_POINT ( 'NONE',  ( -3.302499999999994440, 3.109999999999999876, -0.5400000000000345635 ) ) ;
#3155 = CARTESIAN_POINT ( 'NONE',  ( -4.522306814035935041, -4.662069341687669855E-15, 0.5399999999999526290 ) ) ;
#3156 = CARTESIAN_POINT ( 'NONE',  ( 4.522306814035935041, -4.662069341687669855E-15, -0.5399999999999526290 ) ) ;
#3157 = VECTOR ( 'NONE', #2097, 1000.000000000000000 ) ;
#3158 = DIRECTION ( 'NONE',  ( -1.047444401652940007E-14, 0.000000000000000000, 1.000000000000000000 ) ) ;
#3159 = AXIS2_PLACEMENT_3D ( 'NONE', #37, #1943, #13 ) ;
#3160 = AXIS2_PLACEMENT_3D ( 'NONE', #3864, #4656, #410 ) ;
#3161 = FACE_OUTER_BOUND ( 'NONE', #1314, .T. ) ;
#3162 = CARTESIAN_POINT ( 'NONE',  ( 4.201612074575742817, 2.759999999999999787, 3.080000000000043592 ) ) ;
#3163 = PLANE ( 'NONE',  #4090 ) ;
#3164 = EDGE_CURVE ( 'NONE', #2892, #2991, #3496, .T. ) ;
#3165 = LINE ( 'NONE', #1305, #1212 ) ;
#3166 = CYLINDRICAL_SURFACE ( 'NONE', #3688, 0.5228044079883513717 ) ;
#3167 = AXIS2_PLACEMENT_3D ( 'NONE', #844, #538, #3950 ) ;
#3168 = VERTEX_POINT ( 'NONE', #3971 ) ;
#3169 = ADVANCED_FACE ( 'NONE', ( #1197 ), #3186, .F. ) ;
#3170 = ORIENTED_EDGE ( 'NONE', *, *, #459, .F. ) ;
#3171 = LINE ( 'NONE', #471, #1219 ) ;
#3172 = CARTESIAN_POINT ( 'NONE',  ( -3.282752125361922069, 3.259999999999999787, 3.079999999999965432 ) ) ;
#3173 = CARTESIAN_POINT ( 'NONE',  ( -4.522306814035951916, 0.2999999999999954925, 3.079999999999952554 ) ) ;
#3174 = EDGE_CURVE ( 'NONE', #1507, #4510, #511, .T. ) ;
#3175 = EDGE_CURVE ( 'NONE', #954, #4585, #3568, .T. ) ;
#3176 = ORIENTED_EDGE ( 'NONE', *, *, #3375, .T. ) ;
#3177 = ADVANCED_FACE ( 'NONE', ( #842 ), #2448, .F. ) ;
#3178 = ORIENTED_EDGE ( 'NONE', *, *, #2307, .T. ) ;
#3179 = CARTESIAN_POINT ( 'NONE',  ( 3.679305260539880607, 2.959999999999999964, -1.999999999999961364 ) ) ;
#3180 = ORIENTED_EDGE ( 'NONE', *, *, #2955, .T. ) ;
#3181 = CARTESIAN_POINT ( 'NONE',  ( -3.679305260539817546, 3.259999999999999787, -4.047500000000037623 ) ) ;
#3182 = DIRECTION ( 'NONE',  ( -0.04361938736532974814, 0.9990482215818580203, -4.568888309934562493E-16 ) ) ;
#3183 = EDGE_CURVE ( 'NONE', #4754, #2857, #2015, .T. ) ;
#3184 = FACE_OUTER_BOUND ( 'NONE', #894, .T. ) ;
#3185 = DIRECTION ( 'NONE',  ( 1.047444401652940007E-14, 0.000000000000000000, -1.000000000000000000 ) ) ;
#3186 = PLANE ( 'NONE',  #2264 ) ;
#3187 = CARTESIAN_POINT ( 'NONE',  ( 3.679305260539880607, 2.737195592011649747, -1.999999999999961364 ) ) ;
#3188 = CARTESIAN_POINT ( 'NONE',  ( 4.522306814035913725, 0.2999999999999954925, 0.5400000000000473310 ) ) ;
#3189 = DIRECTION ( 'NONE',  ( -1.000000000000000000, 7.340941938036410991E-15, -1.047444401652940007E-14 ) ) ;
#3190 = VERTEX_POINT ( 'NONE', #4023 ) ;
#3191 = ORIENTED_EDGE ( 'NONE', *, *, #1730, .F. ) ;
#3192 = LINE ( 'NONE', #1334, #128 ) ;
#3193 = FACE_OUTER_BOUND ( 'NONE', #2885, .T. ) ;
#3194 = AXIS2_PLACEMENT_3D ( 'NONE', #3503, #3552, #1596 ) ;
#3195 = LINE ( 'NONE', #4791, #640 ) ;
#3196 = ORIENTED_EDGE ( 'NONE', *, *, #2790, .F. ) ;
#3197 = CIRCLE ( 'NONE', #353, 0.2228044079883505224 ) ;
#3198 = ORIENTED_EDGE ( 'NONE', *, *, #1231, .F. ) ;
#3199 = ORIENTED_EDGE ( 'NONE', *, *, #3081, .T. ) ;
#3200 = DIRECTION ( 'NONE',  ( -1.093626126041270058E-15, 1.000000000000000000, -1.145512563223320936E-29 ) ) ;
#3201 = VECTOR ( 'NONE', #4684, 1000.000000000000000 ) ;
#3202 = AXIS2_PLACEMENT_3D ( 'NONE', #2726, #2265, #2347 ) ;
#3203 = EDGE_CURVE ( 'NONE', #3268, #3091, #2377, .T. ) ;
#3204 = ORIENTED_EDGE ( 'NONE', *, *, #3602, .T. ) ;
#3205 = ORIENTED_EDGE ( 'NONE', *, *, #1588, .T. ) ;
#3206 = AXIS2_PLACEMENT_3D ( 'NONE', #1323, #2876, #2495 ) ;
#3207 = PLANE ( 'NONE',  #4246 ) ;
#3208 = EDGE_CURVE ( 'NONE', #2731, #4627, #1303, .T. ) ;
#3209 = FACE_OUTER_BOUND ( 'NONE', #4915, .T. ) ;
#3210 = CARTESIAN_POINT ( 'NONE',  ( -3.679305260539865507, 3.259999999999999787, 0.5399999999999615108 ) ) ;
#3211 = DIRECTION ( 'NONE',  ( 0.1305261922200520452, -0.9914448613738103822, 1.536469084060489997E-15 ) ) ;
#3212 = CARTESIAN_POINT ( 'NONE',  ( 4.522306814035940370, 0.2999999999999949929, -1.999999999999952704 ) ) ;
#3213 = PLANE ( 'NONE',  #3035 ) ;
#3214 = CARTESIAN_POINT ( 'NONE',  ( -5.150000000000006573, -5.421010862427519705E-17, 0.5399999999999459677 ) ) ;
#3215 = DIRECTION ( 'NONE',  ( 1.000000000000000000, 0.000000000000000000, 9.732322464124606472E-15 ) ) ;
#3216 = ORIENTED_EDGE ( 'NONE', *, *, #2270, .T. ) ;
#3217 = ORIENTED_EDGE ( 'NONE', *, *, #2488, .F. ) ;
#3218 = VECTOR ( 'NONE', #2048, 1000.000000000000000 ) ;
#3219 = CARTESIAN_POINT ( 'NONE',  ( 3.282752125361895867, 3.259999999999999787, -0.5399999999999656186 ) ) ;
#3220 = CARTESIAN_POINT ( 'NONE',  ( -4.299714466474538810, 0.5130858162095990327, -2.000000000000045297 ) ) ;
#3221 =( NAMED_UNIT ( * ) PLANE_ANGLE_UNIT ( ) SI_UNIT ( $, .RADIAN. ) );
#3222 = ORIENTED_EDGE ( 'NONE', *, *, #3267, .F. ) ;
#3223 = ORIENTED_EDGE ( 'NONE', *, *, #1356, .F. ) ;
#3224 = EDGE_LOOP ( 'NONE', ( #1978, #2179, #2490, #93 ) ) ;
#3225 = DIRECTION ( 'NONE',  ( -0.9914448613738111593, -0.1305261922200462166, -1.038483369593573625E-14 ) ) ;
#3226 = ADVANCED_FACE ( 'NONE', ( #1636 ), #2403, .F. ) ;
#3227 = VERTEX_POINT ( 'NONE', #103 ) ;
#3228 = ORIENTED_EDGE ( 'NONE', *, *, #2496, .F. ) ;
#3229 = DIRECTION ( 'NONE',  ( -1.047444401652940007E-14, 0.000000000000000000, 1.000000000000000000 ) ) ;
#3230 = CARTESIAN_POINT ( 'NONE',  ( -4.699999999999968203, -7.692414413784648911E-14, -3.080000000000004068 ) ) ;
#3231 = EDGE_CURVE ( 'NONE', #2035, #211, #1252, .T. ) ;
#3232 = DIRECTION ( 'NONE',  ( 0.000000000000000000, -1.000000000000000000, -0.000000000000000000 ) ) ;
#3233 = CIRCLE ( 'NONE', #3880, 0.5228044079883509276 ) ;
#3234 = DIRECTION ( 'NONE',  ( -0.9914448613738111593, -0.1305261922200462166, -1.038483369593573625E-14 ) ) ;
#3235 = CARTESIAN_POINT ( 'NONE',  ( 4.879255340376094097, -6.613633252161579414E-15, 1.507500000000051132 ) ) ;
#3236 = LINE ( 'NONE', #57, #1488 ) ;
#3237 = DIRECTION ( 'NONE',  ( -1.047444401652940007E-14, 0.000000000000000000, 1.000000000000000000 ) ) ;
#3238 = CARTESIAN_POINT ( 'NONE',  ( -4.000000000000021316, 0.5000000000000000000, 1.999999999999958034 ) ) ;
#3239 = ORIENTED_EDGE ( 'NONE', *, *, #4676, .T. ) ;
#3240 = ADVANCED_FACE ( 'NONE', ( #3996 ), #2426, .F. ) ;
#3241 = AXIS2_PLACEMENT_3D ( 'NONE', #3173, #4720, #1644 ) ;
#3242 = VECTOR ( 'NONE', #187, 1000.000000000000000 ) ;
#3243 = EDGE_LOOP ( 'NONE', ( #4953, #4841, #4572, #2005, #425, #756, #1705, #454, #2023, #3296, #4442, #4496, #479 ) ) ;
#3244 = LINE ( 'NONE', #4718, #2329 ) ;
#3245 = PLANE ( 'NONE',  #2303 ) ;
#3246 = DIRECTION ( 'NONE',  ( -1.047444401652940007E-14, 0.000000000000000000, 1.000000000000000000 ) ) ;
#3247 = AXIS2_PLACEMENT_3D ( 'NONE', #4646, #1872, #2687 ) ;
#3248 = EDGE_LOOP ( 'NONE', ( #1016, #556, #648, #1750, #1628, #1839, #1486, #820 ) ) ;
#3249 = VERTEX_POINT ( 'NONE', #4344 ) ;
#3250 = ORIENTED_EDGE ( 'NONE', *, *, #3142, .T. ) ;
#3251 = EDGE_CURVE ( 'NONE', #2074, #3268, #4395, .T. ) ;
#3252 = EDGE_LOOP ( 'NONE', ( #1738, #4807, #3322, #2288, #1442, #1558, #3464, #768, #3198, #4002, #2708, #548, #2968 ) ) ;
#3253 = ORIENTED_EDGE ( 'NONE', *, *, #1180, .F. ) ;
#3254 = EDGE_CURVE ( 'NONE', #1414, #4334, #2068, .T. ) ;
#3255 = DIRECTION ( 'NONE',  ( -8.635980719411701686E-16, 7.055266205463500381E-29, 1.000000000000000000 ) ) ;
#3256 = CARTESIAN_POINT ( 'NONE',  ( -1.902499999999963887, 5.029999999999999361, -3.427500000000019753 ) ) ;
#3257 = CARTESIAN_POINT ( 'NONE',  ( -2.402499999999964331, 5.029999999999999361, -3.427500000000025082 ) ) ;
#3258 = DIRECTION ( 'NONE',  ( -7.340941938036420458E-15, 1.000000000000000000, -7.689228535855532732E-29 ) ) ;
#3259 = CARTESIAN_POINT ( 'NONE',  ( -1.402499999999964109, 5.080000000000000071, -3.427500000000014868 ) ) ;
#3260 = FACE_OUTER_BOUND ( 'NONE', #2503, .T. ) ;
#3261 = LINE ( 'NONE', #2092, #4333 ) ;
#3262 = VERTEX_POINT ( 'NONE', #2089 ) ;
#3263 = ORIENTED_EDGE ( 'NONE', *, *, #122, .F. ) ;
#3264 = EDGE_CURVE ( 'NONE', #2007, #1524, #3644, .T. ) ;
#3265 = CARTESIAN_POINT ( 'NONE',  ( 3.999999999999968026, 0.5000000000000000000, 3.080000000000041815 ) ) ;
#3266 = LINE ( 'NONE', #871, #517 ) ;
#3267 = EDGE_CURVE ( 'NONE', #147, #3852, #816, .T. ) ;
#3268 = VERTEX_POINT ( 'NONE', #488 ) ;
#3269 = ORIENTED_EDGE ( 'NONE', *, *, #3452, .F. ) ;
#3270 = VECTOR ( 'NONE', #3828, 1000.000000000000114 ) ;
#3271 = VERTEX_POINT ( 'NONE', #3259 ) ;
#3272 = DIRECTION ( 'NONE',  ( 1.047444401652940007E-14, 0.000000000000000000, -1.000000000000000000 ) ) ;
#3273 = AXIS2_PLACEMENT_3D ( 'NONE', #3653, #943, #2434 ) ;
#3274 = EDGE_CURVE ( 'NONE', #1371, #1078, #2186, .T. ) ;
#3275 = ORIENTED_EDGE ( 'NONE', *, *, #1741, .F. ) ;
#3276 = ORIENTED_EDGE ( 'NONE', *, *, #676, .F. ) ;
#3277 = DIRECTION ( 'NONE',  ( 1.000000000000000000, 0.000000000000000000, 9.954335404238557524E-15 ) ) ;
#3279 = AXIS2_PLACEMENT_3D ( 'NONE', #2973, #3379, #659 ) ;
#3278 = DIRECTION ( 'NONE',  ( 0.000000000000000000, 1.000000000000000000, 0.000000000000000000 ) ) ;
#3280 = VECTOR ( 'NONE', #845, 1000.000000000000000 ) ;
#3281 = CARTESIAN_POINT ( 'NONE',  ( -3.302499999999967795, 3.109999999999999876, -3.080000000000034710 ) ) ;
#3282 = PRESENTATION_LAYER_ASSIGNMENT (  '', '', ( #604 ) ) ;
#3283 = DIRECTION ( 'NONE',  ( -7.340941938036420458E-15, 1.000000000000000000, -7.689228535855532732E-29 ) ) ;
#3284 = DIRECTION ( 'NONE',  ( -1.000000000000000000, 1.093626126041279919E-15, -1.047444401652940007E-14 ) ) ;
#3285 = DIRECTION ( 'NONE',  ( -1.047444401652940007E-14, 0.000000000000000000, 1.000000000000000000 ) ) ;
#3286 =( LENGTH_UNIT ( ) NAMED_UNIT ( * ) SI_UNIT ( .MILLI., .METRE. ) );
#3287 = VECTOR ( 'NONE', #3258, 1000.000000000000000 ) ;
#3288 = DIRECTION ( 'NONE',  ( -7.340941938036420458E-15, 1.000000000000000000, -7.689228535855532732E-29 ) ) ;
#3289 = ORIENTED_EDGE ( 'NONE', *, *, #2304, .T. ) ;
#3290 = EDGE_LOOP ( 'NONE', ( #3099, #881, #1715, #1047 ) ) ;
#3291 = LINE ( 'NONE', #1043, #3889 ) ;
#3292 = CYLINDRICAL_SURFACE ( 'NONE', #2389, 0.5228044079883501505 ) ;
#3293 = CARTESIAN_POINT ( 'NONE',  ( -1.902499999999963887, 5.080000000000000071, -3.427500000000019753 ) ) ;
#3294 = EDGE_CURVE ( 'NONE', #747, #2865, #56, .T. ) ;
#3295 = ORIENTED_EDGE ( 'NONE', *, *, #1674, .T. ) ;
#3296 = ORIENTED_EDGE ( 'NONE', *, *, #4157, .T. ) ;
#3297 = CARTESIAN_POINT ( 'NONE',  ( -4.522306814035951916, 0.2999999999999954925, 3.079999999999952554 ) ) ;
#3298 = VERTEX_POINT ( 'NONE', #3947 ) ;
#3299 = EDGE_LOOP ( 'NONE', ( #3506, #1051, #725, #2306, #4716, #2958 ) ) ;
#3300 = CARTESIAN_POINT ( 'NONE',  ( 3.679305260539880607, 3.259999999999999787, -1.999999999999961364 ) ) ;
#3301 = DIRECTION ( 'NONE',  ( 0.000000000000000000, 1.000000000000000000, 0.000000000000000000 ) ) ;
#3302 = EDGE_CURVE ( 'NONE', #654, #2296, #1403, .T. ) ;
#3303 = PLANE ( 'NONE',  #2461 ) ;
#3304 = CARTESIAN_POINT ( 'NONE',  ( 3.901897608101267956, 2.746914183790395203, -4.539999999999959179 ) ) ;
#3305 = CARTESIAN_POINT ( 'NONE',  ( 4.522306814035913725, 0.5228044079883460427, 0.5400000000000473310 ) ) ;
#3306 = FACE_OUTER_BOUND ( 'NONE', #2518, .T. ) ;
#3307 = CIRCLE ( 'NONE', #4291, 0.2228044079883510498 ) ;
#3308 = DIRECTION ( 'NONE',  ( -1.000000000000000000, -7.340941938036420458E-15, -1.047444401652940007E-14 ) ) ;
#3309 = VERTEX_POINT ( 'NONE', #1835 ) ;
#3310 = VECTOR ( 'NONE', #3151, 1000.000000000000000 ) ;
#3311 = VERTEX_POINT ( 'NONE', #567 ) ;
#3312 = EDGE_CURVE ( 'NONE', #4261, #2359, #4526, .T. ) ;
#3313 = DIRECTION ( 'NONE',  ( -1.093626126041270058E-15, 1.000000000000000000, -1.145512563223320936E-29 ) ) ;
#3314 = CARTESIAN_POINT ( 'NONE',  ( 5.150000000000042988, 0.2999999999999999889, -4.047499999999946141 ) ) ;
#3315 = CARTESIAN_POINT ( 'NONE',  ( -3.302500000000050839, 3.109999999999999876, 4.827499999999965929 ) ) ;
#3316 = VECTOR ( 'NONE', #2563, 1000.000000000000000 ) ;
#3317 = EDGE_CURVE ( 'NONE', #1467, #2149, #4804, .T. ) ;
#3318 = VECTOR ( 'NONE', #2594, 1000.000000000000000 ) ;
#3319 = ORIENTED_EDGE ( 'NONE', *, *, #1448, .T. ) ;
#3320 = VECTOR ( 'NONE', #4006, 1000.000000000000000 ) ;
#3321 = EDGE_CURVE ( 'NONE', #2743, #4822, #2670, .T. ) ;
#3322 = ORIENTED_EDGE ( 'NONE', *, *, #2582, .F. ) ;
#3323 = FACE_OUTER_BOUND ( 'NONE', #3929, .T. ) ;
#3324 = DIRECTION ( 'NONE',  ( 0.000000000000000000, -1.000000000000000000, -0.000000000000000000 ) ) ;
#3325 = VECTOR ( 'NONE', #4734, 1000.000000000000000 ) ;
#3326 = ORIENTED_EDGE ( 'NONE', *, *, #4592, .T. ) ;
#3327 = ORIENTED_EDGE ( 'NONE', *, *, #3421, .F. ) ;
#3328 = DIRECTION ( 'NONE',  ( 1.000000000000000000, 0.000000000000000000, 9.732322464124606472E-15 ) ) ;
#3329 = LINE ( 'NONE', #177, #792 ) ;
#3330 = DIRECTION ( 'NONE',  ( 1.000000000000000000, 0.000000000000000000, 1.078386335459176158E-14 ) ) ;
#3331 = CARTESIAN_POINT ( 'NONE',  ( -3.282752125361862561, 2.959999999999999964, -3.080000000000034266 ) ) ;
#3332 = DIRECTION ( 'NONE',  ( -1.047444401652940007E-14, 0.000000000000000000, 1.000000000000000000 ) ) ;
#3333 = LINE ( 'NONE', #3695, #4161 ) ;
#3334 = SURFACE_SIDE_STYLE ('',( #2931 ) ) ;
#3335 = ORIENTED_EDGE ( 'NONE', *, *, #4821, .F. ) ;
#3336 = VERTEX_POINT ( 'NONE', #231 ) ;
#3337 = CARTESIAN_POINT ( 'NONE',  ( -4.201612074575742817, 2.759999999999999787, -3.080000000000043592 ) ) ;
#3338 = CARTESIAN_POINT ( 'NONE',  ( -1.902499999999963887, 5.029999999999999361, -3.427500000000019753 ) ) ;
#3339 = CARTESIAN_POINT ( 'NONE',  ( -1.402499999999964109, 5.029999999999999361, -3.427500000000014868 ) ) ;
#3340 = PLANE ( 'NONE',  #1569 ) ;
#3341 = ORIENTED_EDGE ( 'NONE', *, *, #276, .T. ) ;
#3342 = ORIENTED_EDGE ( 'NONE', *, *, #3549, .F. ) ;
#3343 = ORIENTED_EDGE ( 'NONE', *, *, #3959, .F. ) ;
#3344 = CARTESIAN_POINT ( 'NONE',  ( -3.679305260539854405, 2.959999999999999964, -0.5400000000000384492 ) ) ;
#3345 = LINE ( 'NONE', #2634, #3074 ) ;
#3346 = ORIENTED_EDGE ( 'NONE', *, *, #175, .F. ) ;
#3347 = ORIENTED_EDGE ( 'NONE', *, *, #2942, .F. ) ;
#3348 = LINE ( 'NONE', #1374, #550 ) ;
#3349 = VECTOR ( 'NONE', #1032, 1000.000000000000000 ) ;
#3350 = CARTESIAN_POINT ( 'NONE',  ( 5.150000000000020783, 0.2999999999999999889, -1.999999999999946265 ) ) ;
#3351 = EDGE_CURVE ( 'NONE', #5022, #3684, #4861, .T. ) ;
#3352 = EDGE_CURVE ( 'NONE', #969, #1063, #1326, .T. ) ;
#3353 = VECTOR ( 'NONE', #356, 1000.000000000000114 ) ;
#3354 = VECTOR ( 'NONE', #4463, 1000.000000000000000 ) ;
#3355 = DIRECTION ( 'NONE',  ( -1.047444401652940007E-14, 0.000000000000000000, 1.000000000000000000 ) ) ;
#3356 = CARTESIAN_POINT ( 'NONE',  ( 4.522306814035951916, 0.2999999999999954925, -3.079999999999952554 ) ) ;
#3357 = CARTESIAN_POINT ( 'NONE',  ( -4.522306814035898626, 0.5228044079883460427, -2.000000000000047518 ) ) ;
#3358 = DIRECTION ( 'NONE',  ( 1.000000000000000000, 0.000000000000000000, 9.732322464124589117E-15 ) ) ;
#3359 = ORIENTED_EDGE ( 'NONE', *, *, #4874, .F. ) ;
#3360 = AXIS2_PLACEMENT_3D ( 'NONE', #4153, #3097, #2721 ) ;
#3361 = ORIENTED_EDGE ( 'NONE', *, *, #3009, .F. ) ;
#3362 = VERTEX_POINT ( 'NONE', #2525 ) ;
#3363 = LINE ( 'NONE', #4917, #3242 ) ;
#3364 = CARTESIAN_POINT ( 'NONE',  ( -3.679305260539812217, 2.737195592011649747, -4.540000000000038227 ) ) ;
#3365 =( GEOMETRIC_REPRESENTATION_CONTEXT ( 3 ) GLOBAL_UNCERTAINTY_ASSIGNED_CONTEXT ( ( #4634 ) ) GLOBAL_UNIT_ASSIGNED_CONTEXT ( ( #839, #1608, #4635 ) ) REPRESENTATION_CONTEXT ( 'NONE', 'WORKASPACE' ) );
#3366 = LINE ( 'NONE', #621, #2917 ) ;
#3367 = CARTESIAN_POINT ( 'NONE',  ( -5.149999999999957723, 0.2999999999999999889, -4.047500000000053610 ) ) ;
#3368 = VERTEX_POINT ( 'NONE', #3715 ) ;
#3369 = ORIENTED_EDGE ( 'NONE', *, *, #4821, .T. ) ;
#3370 =( NAMED_UNIT ( * ) PLANE_ANGLE_UNIT ( ) SI_UNIT ( $, .RADIAN. ) );
#3371 = EDGE_LOOP ( 'NONE', ( #1265, #1892, #4771, #1264 ) ) ;
#3372 = EDGE_CURVE ( 'NONE', #4775, #2502, #560, .T. ) ;
#3373 = EDGE_LOOP ( 'NONE', ( #4437, #3463, #2685, #2780 ) ) ;
#3374 = CARTESIAN_POINT ( 'NONE',  ( -4.879255340376114525, -7.827939685345339489E-14, -1.507500000000000950 ) ) ;
#3375 = EDGE_CURVE ( 'NONE', #1026, #4303, #1787, .T. ) ;
#3376 = CARTESIAN_POINT ( 'NONE',  ( -4.522306814035925271, 0.2999999999999954925, 0.5399999999999526290 ) ) ;
#3377 = DIRECTION ( 'NONE',  ( -1.047444401652940007E-14, 0.000000000000000000, 1.000000000000000000 ) ) ;
#3378 = DIRECTION ( 'NONE',  ( 0.04361938736532974814, -0.9990482215818580203, 4.568888309934562493E-16 ) ) ;
#3379 = DIRECTION ( 'NONE',  ( -1.047444401652940007E-14, 0.000000000000000000, 1.000000000000000000 ) ) ;
#3380 = EDGE_CURVE ( 'NONE', #3271, #218, #3717, .T. ) ;
#3381 = EDGE_CURVE ( 'NONE', #4098, #2692, #208, .T. ) ;
#3382 = FACE_OUTER_BOUND ( 'NONE', #2484, .T. ) ;
#3383 = ORIENTED_EDGE ( 'NONE', *, *, #3977, .F. ) ;
#3384 = ORIENTED_EDGE ( 'NONE', *, *, #2284, .F. ) ;
#3385 = VECTOR ( 'NONE', #2903, 1000.000000000000000 ) ;
#3386 = CARTESIAN_POINT ( 'NONE',  ( -3.302500000000050839, 3.109999999999999876, 4.827499999999965929 ) ) ;
#3387 = CARTESIAN_POINT ( 'NONE',  ( -4.000000000000042633, 0.5000000000000000000, 4.047499999999958575 ) ) ;
#3388 = CARTESIAN_POINT ( 'NONE',  ( 3.191855107955569260, 3.950431393798865098, -4.716855107955486126 ) ) ;
#3389 = CARTESIAN_POINT ( 'NONE',  ( -5.150000000000006573, 0.2999999999999999889, 0.5399999999999459677 ) ) ;
#3390 = ADVANCED_FACE ( 'NONE', ( #658 ), #3694, .F. ) ;
#3391 = ORIENTED_EDGE ( 'NONE', *, *, #4801, .F. ) ;
#3392 = AXIS2_PLACEMENT_3D ( 'NONE', #4336, #2747, #3887 ) ;
#3393 = ORIENTED_EDGE ( 'NONE', *, *, #4881, .T. ) ;
#3394 = EDGE_CURVE ( 'NONE', #2324, #2991, #936, .T. ) ;
#3395 = VECTOR ( 'NONE', #3732, 1000.000000000000000 ) ;
#3396 = ORIENTED_EDGE ( 'NONE', *, *, #4837, .T. ) ;
#3397 = VECTOR ( 'NONE', #3897, 1000.000000000000000 ) ;
#3398 = PLANE ( 'NONE',  #2753 ) ;
#3399 = CIRCLE ( 'NONE', #2103, 0.5228044079883513717 ) ;
#3400 = VECTOR ( 'NONE', #4799, 1000.000000000000000 ) ;
#3401 = ORIENTED_EDGE ( 'NONE', *, *, #1356, .T. ) ;
#3402 = CARTESIAN_POINT ( 'NONE',  ( -3.282752125361869222, 3.259999999999999787, -2.000000000000034195 ) ) ;
#3403 = ORIENTED_EDGE ( 'NONE', *, *, #4072, .T. ) ;
#3404 = CARTESIAN_POINT ( 'NONE',  ( 4.700000000000032152, -7.968885967768460745E-15, -3.079999999999950333 ) ) ;
#3405 = FILL_AREA_STYLE ('',( #327 ) ) ;
#3406 = AXIS2_PLACEMENT_3D ( 'NONE', #4019, #2946, #3277 ) ;
#3407 = EDGE_CURVE ( 'NONE', #2176, #293, #4910, .T. ) ;
#3408 = EDGE_CURVE ( 'NONE', #1926, #2857, #279, .T. ) ;
#3409 = FACE_OUTER_BOUND ( 'NONE', #4793, .T. ) ;
#3410 = CARTESIAN_POINT ( 'NONE',  ( 4.000000000000006217, 0.5000000000000000000, -0.5399999999999581801 ) ) ;
#3411 = CARTESIAN_POINT ( 'NONE',  ( 4.879255340376072780, -6.613633252161579414E-15, 3.572500000000051301 ) ) ;
#3412 = UNCERTAINTY_MEASURE_WITH_UNIT (LENGTH_MEASURE( 1.000000000000000082E-05 ), #650, 'distance_accuracy_value', 'NONE');
#3413 = EDGE_LOOP ( 'NONE', ( #447, #669, #2205, #1469 ) ) ;
#3414 = EDGE_LOOP ( 'NONE', ( #1916, #601, #856, #1103 ) ) ;
#3415 = CARTESIAN_POINT ( 'NONE',  ( -4.000000000000006217, 0.5000000000000000000, 0.5399999999999581801 ) ) ;
#3416 = DIRECTION ( 'NONE',  ( 1.000000000000000000, 0.000000000000000000, 9.732322464124606472E-15 ) ) ;
#3417 = FACE_OUTER_BOUND ( 'NONE', #4033, .T. ) ;
#3418 = CARTESIAN_POINT ( 'NONE',  ( 4.522306814035877309, 0.5228044079883460427, 4.047500000000047393 ) ) ;
#3419 = EDGE_CURVE ( 'NONE', #4968, #4637, #2498, .T. ) ;
#3420 = ORIENTED_EDGE ( 'NONE', *, *, #1929, .T. ) ;
#3421 = EDGE_CURVE ( 'NONE', #3091, #4925, #2929, .T. ) ;
#3422 = DIRECTION ( 'NONE',  ( -1.000000000000000000, 0.000000000000000000, -1.078386335459176158E-14 ) ) ;
#3423 = CARTESIAN_POINT ( 'NONE',  ( 5.149999999999963052, -4.662069341687669855E-15, 3.572500000000053966 ) ) ;
#3424 = ORIENTED_EDGE ( 'NONE', *, *, #4420, .T. ) ;
#3425 = CARTESIAN_POINT ( 'NONE',  ( -3.679305260539817546, 2.959999999999999964, -4.047500000000037623 ) ) ;
#3426 = ORIENTED_EDGE ( 'NONE', *, *, #4524, .F. ) ;
#3427 = CARTESIAN_POINT ( 'NONE',  ( 3.282752125361884321, 2.959999999999999964, 0.5400000000000343414 ) ) ;
#3428 = APPLICATION_PROTOCOL_DEFINITION ( 'draft international standard', 'automotive_design', 1998, #3015 ) ;
#3429 = EDGE_CURVE ( 'NONE', #1185, #4818, #4706, .T. ) ;
#3430 = CARTESIAN_POINT ( 'NONE',  ( -4.522306814035962574, 0.2999999999999959366, 4.047499999999952358 ) ) ;
#3432 = VECTOR ( 'NONE', #396, 1000.000000000000000 ) ;
#3431 = CARTESIAN_POINT ( 'NONE',  ( 3.282752125361884321, 3.259999999999999787, 0.5400000000000343414 ) ) ;
#3433 = DIRECTION ( 'NONE',  ( 8.673617379884041783E-15, -1.000000000000000000, 9.085131966639181307E-29 ) ) ;
#3434 = LINE ( 'NONE', #1089, #4908 ) ;
#3435 = VECTOR ( 'NONE', #2524, 1000.000000000000000 ) ;
#3436 = AXIS2_PLACEMENT_3D ( 'NONE', #3034, #3872, #3416 ) ;
#3437 = VERTEX_POINT ( 'NONE', #3356 ) ;
#3438 = ORIENTED_EDGE ( 'NONE', *, *, #2613, .F. ) ;
#3439 = FACE_OUTER_BOUND ( 'NONE', #3290, .T. ) ;
#3440 = CARTESIAN_POINT ( 'NONE',  ( -4.522306814035950140, -4.662069341687669855E-15, 1.999999999999952704 ) ) ;
#3441 = CARTESIAN_POINT ( 'NONE',  ( -3.679305260539839306, 3.259999999999999787, -2.000000000000038636 ) ) ;
#3442 = VECTOR ( 'NONE', #2749, 1000.000000000000000 ) ;
#3443 = LINE ( 'NONE', #1512, #318 ) ;
#3444 = AXIS2_PLACEMENT_3D ( 'NONE', #4184, #2, #3050 ) ;
#3445 = DIRECTION ( 'NONE',  ( -1.047444401652940007E-14, 0.000000000000000000, 1.000000000000000000 ) ) ;
#3446 = VERTEX_POINT ( 'NONE', #613 ) ;
#3447 = ORIENTED_EDGE ( 'NONE', *, *, #3251, .T. ) ;
#3448 = AXIS2_PLACEMENT_3D ( 'NONE', #4529, #2596, #1789 ) ;
#3449 = DIRECTION ( 'NONE',  ( -1.047444401652940007E-14, 0.000000000000000000, 1.000000000000000000 ) ) ;
#3450 = PLANE ( 'NONE',  #2789 ) ;
#3451 = FILL_AREA_STYLE ('',( #423 ) ) ;
#3452 = EDGE_CURVE ( 'NONE', #2865, #1389, #2166, .T. ) ;
#3453 = CLOSED_SHELL ( 'NONE', ( #3390, #4312, #2881, #4440, #311, #2133, #4314, #3111, #4035, #752, #3985, #2639, #547, #1812, #3226, #4428, #1894 ) ) ;
#3454 = ORIENTED_EDGE ( 'NONE', *, *, #4837, .F. ) ;
#3455 = DIRECTION ( 'NONE',  ( -1.047444401652940007E-14, 0.000000000000000000, 1.000000000000000000 ) ) ;
#3456 = ORIENTED_EDGE ( 'NONE', *, *, #3312, .F. ) ;
#3457 = CARTESIAN_POINT ( 'NONE',  ( 4.201612074575822753, 2.759999999999999787, -4.539999999999955627 ) ) ;
#3458 = EDGE_CURVE ( 'NONE', #4828, #139, #1809, .T. ) ;
#3459 = EDGE_CURVE ( 'NONE', #2956, #4495, #787, .T. ) ;
#3460 = CARTESIAN_POINT ( 'NONE',  ( 5.148448800933098646, 0.2999999999999999889, -1.772102954345081027 ) ) ;
#3461 = PLANE ( 'NONE',  #1609 ) ;
#3462 = DIRECTION ( 'NONE',  ( 1.047444401652940007E-14, 0.000000000000000000, -1.000000000000000000 ) ) ;
#3463 = ORIENTED_EDGE ( 'NONE', *, *, #4207, .F. ) ;
#3464 = ORIENTED_EDGE ( 'NONE', *, *, #4875, .F. ) ;
#3465 = ORIENTED_EDGE ( 'NONE', *, *, #3142, .F. ) ;
#3466 = PLANE ( 'NONE',  #554 ) ;
#3467 = DIRECTION ( 'NONE',  ( 1.000000000000000000, 0.000000000000000000, 1.167878695694950599E-14 ) ) ;
#3468 = DIRECTION ( 'NONE',  ( -0.1305261922200629809, -0.9914448613738088278, -1.536469084060603987E-15 ) ) ;
#3469 = PLANE ( 'NONE',  #3850 ) ;
#3470 = EDGE_LOOP ( 'NONE', ( #4638, #2651, #1871, #3976 ) ) ;
#3471 = EDGE_CURVE ( 'NONE', #2574, #393, #4185, .T. ) ;
#3472 = ORIENTED_EDGE ( 'NONE', *, *, #1633, .T. ) ;
#3473 = EDGE_CURVE ( 'NONE', #3446, #1289, #3566, .T. ) ;
#3474 = CARTESIAN_POINT ( 'NONE',  ( -3.679305260539892153, 2.959999999999999964, 3.079999999999961435 ) ) ;
#3475 = CARTESIAN_POINT ( 'NONE',  ( -4.201612074575781008, 2.759999999999999787, 0.5399999999999559597 ) ) ;
#3476 = DIRECTION ( 'NONE',  ( -1.047444401652940007E-14, 0.000000000000000000, 1.000000000000000000 ) ) ;
#3477 = VECTOR ( 'NONE', #225, 1000.000000000000000 ) ;
#3478 = DIRECTION ( 'NONE',  ( -8.673617379884041783E-15, -1.000000000000000000, -9.085131966639181307E-29 ) ) ;
#3479 = EDGE_CURVE ( 'NONE', #4358, #196, #319, .T. ) ;
#3480 = ORIENTED_EDGE ( 'NONE', *, *, #838, .T. ) ;
#3481 = FACE_OUTER_BOUND ( 'NONE', #4645, .T. ) ;
#3482 = EDGE_LOOP ( 'NONE', ( #4877, #2924, #3335, #2910 ) ) ;
#3483 = DIRECTION ( 'NONE',  ( 1.000000000000000000, 0.000000000000000000, 1.078386335459178682E-14 ) ) ;
#3484 = VECTOR ( 'NONE', #3468, 1000.000000000000114 ) ;
#3485 = CIRCLE ( 'NONE', #4452, 0.2228044079883510498 ) ;
#3486 = ADVANCED_FACE ( 'NONE', ( #357 ), #3461, .F. ) ;
#3487 = PLANE ( 'NONE',  #3444 ) ;
#3488 = MECHANICAL_DESIGN_GEOMETRIC_PRESENTATION_REPRESENTATION (  '', ( #2193 ), #1378 ) ;
#3489 = LINE ( 'NONE', #1911, #4460 ) ;
#3490 = CARTESIAN_POINT ( 'NONE',  ( 5.150000000000020783, 0.2999999999999999889, -1.999999999999946265 ) ) ;
#3491 = VECTOR ( 'NONE', #2659, 1000.000000000000000 ) ;
#3492 = LINE ( 'NONE', #359, #2556 ) ;
#3493 = ORIENTED_EDGE ( 'NONE', *, *, #4633, .F. ) ;
#3494 = ORIENTED_EDGE ( 'NONE', *, *, #4632, .F. ) ;
#3495 = PLANE ( 'NONE',  #2883 ) ;
#3496 = LINE ( 'NONE', #1561, #4201 ) ;
#3497 = CARTESIAN_POINT ( 'NONE',  ( -4.522306814035962574, 0.5228044079883460427, 4.047499999999952358 ) ) ;
#3498 = DIRECTION ( 'NONE',  ( 0.3420201433256622181, 0.000000000000000000, 0.9396926207859107594 ) ) ;
#3499 = CARTESIAN_POINT ( 'NONE',  ( 4.699999999999968203, -7.968885967768460745E-15, 3.080000000000049365 ) ) ;
#3500 = ORIENTED_EDGE ( 'NONE', *, *, #3264, .T. ) ;
#3501 = ORIENTED_EDGE ( 'NONE', *, *, #4568, .T. ) ;
#3502 = LINE ( 'NONE', #1206, #1704 ) ;
#3503 = CARTESIAN_POINT ( 'NONE',  ( 0.000000000000000000, 5.080000000000000071, 0.000000000000000000 ) ) ;
#3504 = DIRECTION ( 'NONE',  ( -1.047444401652940007E-14, 0.000000000000000000, 1.000000000000000000 ) ) ;
#3505 = DIRECTION ( 'NONE',  ( 0.000000000000000000, -1.000000000000000000, -0.000000000000000000 ) ) ;
#3506 = ORIENTED_EDGE ( 'NONE', *, *, #1180, .T. ) ;
#3507 = PLANE ( 'NONE',  #1166 ) ;
#3508 = ORIENTED_EDGE ( 'NONE', *, *, #4784, .T. ) ;
#3509 = DIRECTION ( 'NONE',  ( -7.340941938036420458E-15, 1.000000000000000000, -7.689228535855532732E-29 ) ) ;
#3510 = DIRECTION ( 'NONE',  ( -1.000000000000000000, 0.000000000000000000, -1.078386335459177105E-14 ) ) ;
#3511 = DIRECTION ( 'NONE',  ( 0.04361938736533049754, 0.9990482215818580203, 4.568888309934641380E-16 ) ) ;
#3512 = LINE ( 'NONE', #2751, #1451 ) ;
#3513 = CARTESIAN_POINT ( 'NONE',  ( -4.522306814035925271, 0.2999999999999954925, 0.5399999999999526290 ) ) ;
#3514 = EDGE_CURVE ( 'NONE', #3869, #1389, #3489, .T. ) ;
#3515 = UNCERTAINTY_MEASURE_WITH_UNIT (LENGTH_MEASURE( 1.000000000000000082E-05 ), #4277, 'distance_accuracy_value', 'NONE');
#3516 = AXIS2_PLACEMENT_3D ( 'NONE', #4308, #371, #5001 ) ;
#3517 = PLANE ( 'NONE',  #849 ) ;
#3518 = CARTESIAN_POINT ( 'NONE',  ( -4.879255340376110972, 0.2999999999999999889, 1.032499999999998863 ) ) ;
#3519 = PLANE ( 'NONE',  #2220 ) ;
#3520 = DIRECTION ( 'NONE',  ( -1.047444401652940007E-14, 0.000000000000000000, 1.000000000000000000 ) ) ;
#3521 = DIRECTION ( 'NONE',  ( 1.047444401652940007E-14, 0.000000000000000000, -1.000000000000000000 ) ) ;
#3522 = ORIENTED_EDGE ( 'NONE', *, *, #3294, .F. ) ;
#3523 = ORIENTED_EDGE ( 'NONE', *, *, #3208, .T. ) ;
#3524 = VECTOR ( 'NONE', #332, 1000.000000000000000 ) ;
#3525 = FACE_OUTER_BOUND ( 'NONE', #2820, .T. ) ;
#3526 = CARTESIAN_POINT ( 'NONE',  ( -4.201612074575754363, 2.759999999999999787, -2.000000000000043965 ) ) ;
#3527 = VECTOR ( 'NONE', #755, 1000.000000000000227 ) ;
#3528 = EDGE_CURVE ( 'NONE', #23, #2209, #1880, .T. ) ;
#3529 = AXIS2_PLACEMENT_3D ( 'NONE', #4497, #1346, #321 ) ;
#3530 = AXIS2_PLACEMENT_3D ( 'NONE', #4342, #584, #885 ) ;
#3531 = ORIENTED_EDGE ( 'NONE', *, *, #4183, .F. ) ;
#3532 = VERTEX_POINT ( 'NONE', #1934 ) ;
#3533 = VERTEX_POINT ( 'NONE', #3410 ) ;
#3534 = LINE ( 'NONE', #2723, #1612 ) ;
#3535 = EDGE_CURVE ( 'NONE', #2059, #2975, #4957, .T. ) ;
#3536 = LINE ( 'NONE', #2822, #3930 ) ;
#3537 = CARTESIAN_POINT ( 'NONE',  ( -3.282752125361915407, 2.959999999999999964, 1.999999999999965805 ) ) ;
#3538 = PLANE ( 'NONE',  #959 ) ;
#3539 = EDGE_CURVE ( 'NONE', #4482, #1319, #5010, .T. ) ;
#3540 = PLANE ( 'NONE',  #4673 ) ;
#3541 = EDGE_CURVE ( 'NONE', #4637, #3096, #4235, .T. ) ;
#3542 = ORIENTED_EDGE ( 'NONE', *, *, #1080, .F. ) ;
#3543 = EDGE_CURVE ( 'NONE', #1093, #4358, #4554, .T. ) ;
#3544 = DIRECTION ( 'NONE',  ( 1.000000000000000000, 0.000000000000000000, 1.078386335459178682E-14 ) ) ;
#3545 = DIRECTION ( 'NONE',  ( 0.9396926207859075397, 6.898228968790649672E-15, 0.3420201433256713774 ) ) ;
#3546 = LINE ( 'NONE', #4785, #3325 ) ;
#3547 = PLANE ( 'NONE',  #4669 ) ;
#3548 = ORIENTED_EDGE ( 'NONE', *, *, #3756, .T. ) ;
#3549 = EDGE_CURVE ( 'NONE', #747, #3869, #3, .T. ) ;
#3550 = EDGE_LOOP ( 'NONE', ( #1921, #1702, #4687, #4387 ) ) ;
#3551 = CARTESIAN_POINT ( 'NONE',  ( -4.699999999999993960, -7.692414413784648911E-14, -0.5400000000000022560 ) ) ;
#3552 = DIRECTION ( 'NONE',  ( 0.000000000000000000, 1.000000000000000000, 0.000000000000000000 ) ) ;
#3553 = EDGE_CURVE ( 'NONE', #293, #576, #736, .T. ) ;
#3554 = CARTESIAN_POINT ( 'NONE',  ( -3.302500000000032188, 3.109999999999999876, 3.079999999999964988 ) ) ;
#3555 = EDGE_CURVE ( 'NONE', #1081, #4080, #3051, .T. ) ;
#3556 = ORIENTED_EDGE ( 'NONE', *, *, #295, .F. ) ;
#3557 = AXIS2_PLACEMENT_3D ( 'NONE', #1222, #3562, #2777 ) ;
#3558 = VERTEX_POINT ( 'NONE', #688 ) ;
#3559 = DIRECTION ( 'NONE',  ( 0.1305261922200462166, -0.9914448613738111593, 1.367189293099629508E-15 ) ) ;
#3560 = VECTOR ( 'NONE', #2796, 1000.000000000000000 ) ;
#3561 = CARTESIAN_POINT ( 'NONE',  ( -3.679305260539839306, 2.737195592011649747, -2.000000000000038636 ) ) ;
#3562 = DIRECTION ( 'NONE',  ( -1.047444401652940007E-14, 0.000000000000000000, 1.000000000000000000 ) ) ;
#3563 = AXIS2_PLACEMENT_3D ( 'NONE', #1800, #3272, #3707 ) ;
#3564 = CIRCLE ( 'NONE', #1204, 0.2228044079883510498 ) ;
#3565 = VECTOR ( 'NONE', #1200, 1000.000000000000000 ) ;
#3566 = CIRCLE ( 'NONE', #75, 0.5228044079883501505 ) ;
#3567 = CARTESIAN_POINT ( 'NONE',  ( -4.522306814035971456, 0.000000000000000000, 4.047499999999952358 ) ) ;
#3568 = LINE ( 'NONE', #4782, #152 ) ;
#3569 = DIRECTION ( 'NONE',  ( -1.000000000000000000, 0.000000000000000000, -1.078386335459177105E-14 ) ) ;
#3570 = DIRECTION ( 'NONE',  ( -1.000000000000000000, 0.000000000000000000, -1.078386335459177736E-14 ) ) ;
#3571 = CARTESIAN_POINT ( 'NONE',  ( 4.522306814035877309, 0.2999999999999949929, 4.047500000000047393 ) ) ;
#3572 = ORIENTED_EDGE ( 'NONE', *, *, #155, .F. ) ;
#3573 = AXIS2_PLACEMENT_3D ( 'NONE', #3064, #5023, #2768 ) ;
#3574 = ORIENTED_EDGE ( 'NONE', *, *, #3677, .F. ) ;
#3575 = FACE_OUTER_BOUND ( 'NONE', #1461, .T. ) ;
#3576 = DIRECTION ( 'NONE',  ( -1.000000000000000000, 0.000000000000000000, -1.021180609435274484E-14 ) ) ;
#3577 = PLANE ( 'NONE',  #559 ) ;
#3578 = ADVANCED_FACE ( 'NONE', ( #3079 ), #4606, .F. ) ;
#3579 = ADVANCED_FACE ( 'NONE', ( #3789 ), #4265, .F. ) ;
#3580 = ORIENTED_EDGE ( 'NONE', *, *, #4596, .T. ) ;
#3581 = ORIENTED_EDGE ( 'NONE', *, *, #3704, .F. ) ;
#3582 = ORIENTED_EDGE ( 'NONE', *, *, #4596, .F. ) ;
#3583 = CARTESIAN_POINT ( 'NONE',  ( -3.999999999999952482, 0.5000000000000000000, -4.540000000000041780 ) ) ;
#3584 = ORIENTED_EDGE ( 'NONE', *, *, #121, .T. ) ;
#3585 = ORIENTED_EDGE ( 'NONE', *, *, #2642, .T. ) ;
#3586 = PLANE ( 'NONE',  #111 ) ;
#3587 = CARTESIAN_POINT ( 'NONE',  ( 4.679213845861904808, 0.2999999999999964917, 0.4828905108683300140 ) ) ;
#3588 = CARTESIAN_POINT ( 'NONE',  ( 4.522306814035882638, 0.2999999999999949929, 3.572500000000047304 ) ) ;
#3589 = DIRECTION ( 'NONE',  ( 1.000000000000000000, 0.000000000000000000, 1.078386335459176158E-14 ) ) ;
#3590 = CARTESIAN_POINT ( 'NONE',  ( -4.700000000000020606, -7.692414413784648911E-14, 1.999999999999995781 ) ) ;
#3591 = PLANE ( 'NONE',  #3769 ) ;
#3592 = DIRECTION ( 'NONE',  ( 1.000000000000000000, 0.000000000000000000, 1.047444401652940007E-14 ) ) ;
#3593 = PLANE ( 'NONE',  #4906 ) ;
#3594 = ORIENTED_EDGE ( 'NONE', *, *, #4066, .T. ) ;
#3595 = EDGE_LOOP ( 'NONE', ( #541, #4564, #2640, #4348 ) ) ;
#3596 = CARTESIAN_POINT ( 'NONE',  ( 3.282752125361910966, 3.259999999999999787, -1.999999999999965805 ) ) ;
#3597 = CIRCLE ( 'NONE', #993, 0.2228044079883506334 ) ;
#3598 = DIRECTION ( 'NONE',  ( -1.047444401652940007E-14, 0.000000000000000000, 1.000000000000000000 ) ) ;
#3599 = VECTOR ( 'NONE', #3765, 1000.000000000000000 ) ;
#3600 = EDGE_LOOP ( 'NONE', ( #4516, #1594, #2414, #2632 ) ) ;
#3601 = VECTOR ( 'NONE', #4666, 1000.000000000000000 ) ;
#3602 = EDGE_CURVE ( 'NONE', #5022, #1866, #3307, .T. ) ;
#3603 = ORIENTED_EDGE ( 'NONE', *, *, #4939, .F. ) ;
#3604 = ADVANCED_FACE ( 'NONE', ( #4214 ), #2292, .F. ) ;
#3605 = ORIENTED_EDGE ( 'NONE', *, *, #1952, .T. ) ;
#3606 = LINE ( 'NONE', #503, #1196 ) ;
#3607 = VECTOR ( 'NONE', #125, 1000.000000000000227 ) ;
#3608 = VECTOR ( 'NONE', #774, 1000.000000000000000 ) ;
#3609 = ORIENTED_EDGE ( 'NONE', *, *, #3076, .F. ) ;
#3610 = EDGE_LOOP ( 'NONE', ( #4842, #1779, #2786, #2771 ) ) ;
#3611 = VECTOR ( 'NONE', #1659, 1000.000000000000000 ) ;
#3612 = DIRECTION ( 'NONE',  ( -1.047444401652940007E-14, 0.000000000000000000, 1.000000000000000000 ) ) ;
#3613 = CARTESIAN_POINT ( 'NONE',  ( 4.522306814035903955, 0.2999999999999949929, 1.507500000000047136 ) ) ;
#3614 = ADVANCED_FACE ( 'NONE', ( #810 ), #3538, .F. ) ;
#3615 = CARTESIAN_POINT ( 'NONE',  ( -4.201612074575806766, 2.759999999999999787, 3.079999999999956106 ) ) ;
#3616 = EDGE_CURVE ( 'NONE', #3533, #2743, #884, .T. ) ;
#3617 = CARTESIAN_POINT ( 'NONE',  ( 4.201612074575795219, 2.759999999999999787, -1.999999999999956257 ) ) ;
#3618 = DIRECTION ( 'NONE',  ( -1.000000000000000000, -7.208134458441160196E-15, 7.382095854901601972E-16 ) ) ;
#3619 = CARTESIAN_POINT ( 'NONE',  ( -3.679305260539854405, 3.259999999999999787, -0.5400000000000384492 ) ) ;
#3620 = DIRECTION ( 'NONE',  ( -7.340941938036420458E-15, 1.000000000000000000, -7.689228535855532732E-29 ) ) ;
#3621 = DIRECTION ( 'NONE',  ( 1.000000000000000000, 0.000000000000000000, 1.047444401652940007E-14 ) ) ;
#3622 = EDGE_LOOP ( 'NONE', ( #705, #1830, #1146, #2247 ) ) ;
#3623 = ORIENTED_EDGE ( 'NONE', *, *, #3076, .T. ) ;
#3624 = VECTOR ( 'NONE', #2024, 1000.000000000000000 ) ;
#3625 = DIRECTION ( 'NONE',  ( -7.340941938036410991E-15, 1.000000000000000000, -7.689228535855522643E-29 ) ) ;
#3626 = FACE_OUTER_BOUND ( 'NONE', #2916, .T. ) ;
#3627 = DIRECTION ( 'NONE',  ( -1.047444401652940007E-14, 0.000000000000000000, 1.000000000000000000 ) ) ;
#3628 = EDGE_CURVE ( 'NONE', #4482, #4327, #3512, .T. ) ;
#3629 = ORIENTED_EDGE ( 'NONE', *, *, #3251, .F. ) ;
#3630 = ORIENTED_EDGE ( 'NONE', *, *, #563, .F. ) ;
#3631 = ORIENTED_EDGE ( 'NONE', *, *, #3419, .F. ) ;
#3632 = CARTESIAN_POINT ( 'NONE',  ( 3.043144579752881107, 1.139999999999999902, -4.827499999999967706 ) ) ;
#3633 = ORIENTED_EDGE ( 'NONE', *, *, #3806, .F. ) ;
#3634 = ORIENTED_EDGE ( 'NONE', *, *, #1730, .T. ) ;
#3635 = CARTESIAN_POINT ( 'NONE',  ( -4.522306814035951916, 0.2999999999999954925, 3.079999999999952554 ) ) ;
#3636 = CARTESIAN_POINT ( 'NONE',  ( -3.679305260539892153, 3.259999999999999787, 3.079999999999961435 ) ) ;
#3637 = LINE ( 'NONE', #3257, #4895 ) ;
#3638 = VECTOR ( 'NONE', #2055, 1000.000000000000000 ) ;
#3639 = EDGE_CURVE ( 'NONE', #470, #282, #4020, .T. ) ;
#3640 = ADVANCED_FACE ( 'NONE', ( #4727 ), #2849, .T. ) ;
#3641 = DIRECTION ( 'NONE',  ( -1.047444401652940007E-14, 0.000000000000000000, 1.000000000000000000 ) ) ;
#3642 = AXIS2_PLACEMENT_3D ( 'NONE', #4229, #3808, #1184 ) ;
#3643 = VECTOR ( 'NONE', #4712, 1000.000000000000000 ) ;
#3644 = LINE ( 'NONE', #861, #952 ) ;
#3645 = CARTESIAN_POINT ( 'NONE',  ( -4.299714466474528152, 0.5130858162095990327, -3.080000000000044924 ) ) ;
#3646 = CARTESIAN_POINT ( 'NONE',  ( 5.150000000000037659, 0.2999999999999999889, -3.572499999999946496 ) ) ;
#3647 = CARTESIAN_POINT ( 'NONE',  ( -3.282752125361847018, 2.959999999999999964, -4.540000000000034674 ) ) ;
#3648 = ORIENTED_EDGE ( 'NONE', *, *, #246, .F. ) ;
#3649 = AXIS2_PLACEMENT_3D ( 'NONE', #4589, #4223, #3498 ) ;
#3650 = VECTOR ( 'NONE', #4630, 1000.000000000000114 ) ;
#3651 = VERTEX_POINT ( 'NONE', #3133 ) ;
#3652 = LINE ( 'NONE', #1310, #2432 ) ;
#3653 = CARTESIAN_POINT ( 'NONE',  ( -3.679305260539854405, 2.737195592011649747, -0.5400000000000384492 ) ) ;
#3654 = CARTESIAN_POINT ( 'NONE',  ( -4.522306814035887967, 0.5228044079883460427, -3.080000000000047145 ) ) ;
#3655 = EDGE_LOOP ( 'NONE', ( #3785, #3204, #4152, #1796 ) ) ;
#3656 = VECTOR ( 'NONE', #2075, 1000.000000000000000 ) ;
#3657 = ORIENTED_EDGE ( 'NONE', *, *, #468, .F. ) ;
#3658 = EDGE_LOOP ( 'NONE', ( #2609, #4140, #4276, #4426 ) ) ;
#3659 = DIRECTION ( 'NONE',  ( -1.000000000000000000, 0.000000000000000000, -9.732322464124606472E-15 ) ) ;
#3660 = ORIENTED_EDGE ( 'NONE', *, *, #4969, .F. ) ;
#3661 = ORIENTED_EDGE ( 'NONE', *, *, #1675, .F. ) ;
#3662 = CARTESIAN_POINT ( 'NONE',  ( -4.522306814035940370, 0.5228044079883460427, 1.999999999999952704 ) ) ;
#3663 = DIRECTION ( 'NONE',  ( 1.000000000000000000, 0.000000000000000000, 9.732322464124606472E-15 ) ) ;
#3664 = CARTESIAN_POINT ( 'NONE',  ( 3.302499999999949143, 3.109999999999999876, 4.827500000000035207 ) ) ;
#3665 = FACE_OUTER_BOUND ( 'NONE', #1915, .T. ) ;
#3666 = DIRECTION ( 'NONE',  ( -1.047444401652940007E-14, 0.000000000000000000, 1.000000000000000000 ) ) ;
#3667 = CARTESIAN_POINT ( 'NONE',  ( -4.201612074575781008, 2.759999999999999787, 0.5399999999999559597 ) ) ;
#3668 = ADVANCED_FACE ( 'NONE', ( #3209 ), #4756, .T. ) ;
#3669 = SURFACE_STYLE_USAGE ( .BOTH. , #4955 ) ;
#3670 = DIRECTION ( 'NONE',  ( -1.000000000000000000, -1.093626126041270058E-15, -1.047444401652940007E-14 ) ) ;
#3671 = ORIENTED_EDGE ( 'NONE', *, *, #825, .F. ) ;
#3672 = ORIENTED_EDGE ( 'NONE', *, *, #4465, .F. ) ;
#3673 = CARTESIAN_POINT ( 'NONE',  ( -5.149999999999984368, 0.2999999999999999889, -1.507499999999998952 ) ) ;
#3674 = CARTESIAN_POINT ( 'NONE',  ( -4.201612074575817424, 2.759999999999999787, 4.047499999999955911 ) ) ;
#3675 = PLANE ( 'NONE',  #801 ) ;
#3676 = EDGE_LOOP ( 'NONE', ( #3239, #2417, #4609, #2795 ) ) ;
#3677 = EDGE_CURVE ( 'NONE', #4769, #3684, #4204, .T. ) ;
#3678 = ORIENTED_EDGE ( 'NONE', *, *, #2480, .T. ) ;
#3679 = AXIS2_PLACEMENT_3D ( 'NONE', #4514, #4967, #1023 ) ;
#3680 = ORIENTED_EDGE ( 'NONE', *, *, #3937, .T. ) ;
#3681 = DIRECTION ( 'NONE',  ( 1.000000000000000000, 7.208134458441179128E-15, 1.047444401652940007E-14 ) ) ;
#3682 = CIRCLE ( 'NONE', #3842, 0.2228044079883510498 ) ;
#3683 = EDGE_LOOP ( 'NONE', ( #2583, #4701, #3605, #4434, #3660, #4644 ) ) ;
#3684 = VERTEX_POINT ( 'NONE', #1300 ) ;
#3685 = LINE ( 'NONE', #2925, #4825 ) ;
#3687 = AXIS2_PLACEMENT_3D ( 'NONE', #4138, #3285, #280 ) ;
#3686 = CARTESIAN_POINT ( 'NONE',  ( 3.302500000000032188, 3.109999999999999876, -3.079999999999964988 ) ) ;
#3688 = AXIS2_PLACEMENT_3D ( 'NONE', #3851, #4735, #2736 ) ;
#3689 = CYLINDRICAL_SURFACE ( 'NONE', #3107, 0.5000000000000000000 ) ;
#3690 = ADVANCED_FACE ( 'NONE', ( #4294 ), #52, .F. ) ;
#3691 = COLOUR_RGB ( '',0.7921568627450980005, 0.8196078431372548767, 0.9333333333333333481 ) ;
#3692 = FACE_OUTER_BOUND ( 'NONE', #3414, .T. ) ;
#3693 = EDGE_CURVE ( 'NONE', #2296, #661, #4038, .T. ) ;
#3694 = PLANE ( 'NONE',  #2513 ) ;
#3695 = CARTESIAN_POINT ( 'NONE',  ( 5.149999999999984368, -4.662069341687669855E-15, 1.507500000000054019 ) ) ;
#3696 = AXIS2_PLACEMENT_3D ( 'NONE', #1325, #3185, #3970 ) ;
#3697 = LINE ( 'NONE', #1764, #1740 ) ;
#3698 = VERTEX_POINT ( 'NONE', #2468 ) ;
#3699 = EDGE_CURVE ( 'NONE', #1118, #2510, #1961, .T. ) ;
#3700 = ORIENTED_EDGE ( 'NONE', *, *, #3693, .T. ) ;
#3701 = CARTESIAN_POINT ( 'NONE',  ( 3.302499999999967795, 3.109999999999999876, 3.080000000000034710 ) ) ;
#3702 = CARTESIAN_POINT ( 'NONE',  ( -4.522306814035925271, 0.5228044079883460427, 0.5399999999999526290 ) ) ;
#3703 = LINE ( 'NONE', #241, #2351 ) ;
#3704 = EDGE_CURVE ( 'NONE', #971, #247, #2803, .T. ) ;
#3705 = ORIENTED_EDGE ( 'NONE', *, *, #4515, .F. ) ;
#3706 = ORIENTED_EDGE ( 'NONE', *, *, #5008, .T. ) ;
#3707 = DIRECTION ( 'NONE',  ( 0.000000000000000000, 1.000000000000000000, 0.000000000000000000 ) ) ;
#3708 = FILL_AREA_STYLE ('',( #1826 ) ) ;
#3709 = ORIENTED_EDGE ( 'NONE', *, *, #3458, .F. ) ;
#3710 = VERTEX_POINT ( 'NONE', #1271 ) ;
#3711 = CARTESIAN_POINT ( 'NONE',  ( 4.699999999999993960, 0.2999999999999999889, 0.5400000000000492184 ) ) ;
#3712 = DIRECTION ( 'NONE',  ( -1.047444401652940007E-14, 0.000000000000000000, 1.000000000000000000 ) ) ;
#3713 = DIRECTION ( 'NONE',  ( -1.047444401652940007E-14, 0.000000000000000000, 1.000000000000000000 ) ) ;
#3714 = DIRECTION ( 'NONE',  ( 0.000000000000000000, -1.000000000000000000, 0.000000000000000000 ) ) ;
#3715 = CARTESIAN_POINT ( 'NONE',  ( -3.679305260539902367, 3.259999999999999787, 4.047499999999962128 ) ) ;
#3716 = CARTESIAN_POINT ( 'NONE',  ( 4.522306814035976785, -4.662069341687669855E-15, -4.539999999999952074 ) ) ;
#3717 = CIRCLE ( 'NONE', #300, 0.5000000000000000000 ) ;
#3718 = CARTESIAN_POINT ( 'NONE',  ( -3.302499999999978897, 3.109999999999999876, -2.000000000000034639 ) ) ;
#3719 = ORIENTED_EDGE ( 'NONE', *, *, #3905, .F. ) ;
#3720 = VECTOR ( 'NONE', #3048, 1000.000000000000000 ) ;
#3721 = ORIENTED_EDGE ( 'NONE', *, *, #4364, .F. ) ;
#3722 = CARTESIAN_POINT ( 'NONE',  ( -4.879255340376110972, -7.827939685345339489E-14, 1.032499999999998863 ) ) ;
#3723 = CARTESIAN_POINT ( 'NONE',  ( 3.302500000000050839, 3.109999999999999876, -4.827499999999965929 ) ) ;
#3724 = LINE ( 'NONE', #1747, #634 ) ;
#3725 = DIRECTION ( 'NONE',  ( -1.047444401652940007E-14, 0.000000000000000000, 1.000000000000000000 ) ) ;
#3726 = PRESENTATION_LAYER_ASSIGNMENT (  '', '', ( #875 ) ) ;
#3727 = ORIENTED_EDGE ( 'NONE', *, *, #3885, .F. ) ;
#3728 = AXIS2_PLACEMENT_3D ( 'NONE', #3921, #440, #3544 ) ;
#3729 = ORIENTED_EDGE ( 'NONE', *, *, #2344, .T. ) ;
#3730 = CIRCLE ( 'NONE', #151, 0.2228044079883510498 ) ;
#3731 = ORIENTED_EDGE ( 'NONE', *, *, #4659, .F. ) ;
#3732 = DIRECTION ( 'NONE',  ( -7.340941938036420458E-15, 1.000000000000000000, -7.689228535855532732E-29 ) ) ;
#3733 = EDGE_CURVE ( 'NONE', #4441, #4268, #4051, .T. ) ;
#3734 = EDGE_CURVE ( 'NONE', #4829, #3262, #4709, .T. ) ;
#3735 =( LENGTH_UNIT ( ) NAMED_UNIT ( * ) SI_UNIT ( .MILLI., .METRE. ) );
#3736 = COLOUR_RGB ( '',0.7921568627450980005, 0.8196078431372548767, 0.9333333333333333481 ) ;
#3737 = ORIENTED_EDGE ( 'NONE', *, *, #545, .F. ) ;
#3738 = ORIENTED_EDGE ( 'NONE', *, *, #4698, .F. ) ;
#3739 = LINE ( 'NONE', #1708, #2905 ) ;
#3740 = LINE ( 'NONE', #1855, #3349 ) ;
#3741 = CARTESIAN_POINT ( 'NONE',  ( 3.282752125361858120, 3.259999999999999787, 3.080000000000034266 ) ) ;
#3742 = CARTESIAN_POINT ( 'NONE',  ( -3.302499999999978897, 3.109999999999999876, -2.000000000000034639 ) ) ;
#3743 = LINE ( 'NONE', #2119, #4905 ) ;
#3744 = CYLINDRICAL_SURFACE ( 'NONE', #3130, 0.2228044079883510498 ) ;
#3745 = ORIENTED_EDGE ( 'NONE', *, *, #3081, .F. ) ;
#3746 = ORIENTED_EDGE ( 'NONE', *, *, #2411, .T. ) ;
#3747 = LINE ( 'NONE', #1408, #1701 ) ;
#3748 = DIRECTION ( 'NONE',  ( -1.047444401652940007E-14, 0.000000000000000000, 1.000000000000000000 ) ) ;
#3749 = CARTESIAN_POINT ( 'NONE',  ( 4.201612074575781008, 2.759999999999999787, -0.5399999999999559597 ) ) ;
#3750 = DIRECTION ( 'NONE',  ( -1.047444401652940007E-14, 0.000000000000000000, 1.000000000000000000 ) ) ;
#3751 = ORIENTED_EDGE ( 'NONE', *, *, #4970, .T. ) ;
#3752 = EDGE_CURVE ( 'NONE', #2939, #1093, #2010, .T. ) ;
#3753 = ORIENTED_EDGE ( 'NONE', *, *, #1462, .F. ) ;
#3754 = SURFACE_STYLE_USAGE ( .BOTH. , #2967 ) ;
#3755 = VECTOR ( 'NONE', #3445, 1000.000000000000000 ) ;
#3756 = EDGE_CURVE ( 'NONE', #4627, #341, #858, .T. ) ;
#3757 = ORIENTED_EDGE ( 'NONE', *, *, #2458, .F. ) ;
#3758 = ORIENTED_EDGE ( 'NONE', *, *, #4099, .T. ) ;
#3759 = CARTESIAN_POINT ( 'NONE',  ( -4.000000000000031974, 0.5000000000000000000, 3.079999999999957883 ) ) ;
#3760 = AXIS2_PLACEMENT_3D ( 'NONE', #2577, #188, #1817 ) ;
#3761 = LINE ( 'NONE', #779, #830 ) ;
#3762 = AXIS2_PLACEMENT_3D ( 'NONE', #3024, #3462, #4555 ) ;
#3763 = VECTOR ( 'NONE', #4691, 1000.000000000000000 ) ;
#3764 = ADVANCED_FACE ( 'NONE', ( #3965 ), #484, .F. ) ;
#3765 = DIRECTION ( 'NONE',  ( 1.000000000000000000, 7.208134458441179128E-15, 1.047444401652940007E-14 ) ) ;
#3766 = DIRECTION ( 'NONE',  ( -1.000000000000000000, -7.208134458441160196E-15, -1.047444401652940007E-14 ) ) ;
#3767 = CARTESIAN_POINT ( 'NONE',  ( 3.282752125361910966, 2.959999999999999964, -1.999999999999965805 ) ) ;
#3768 =( LENGTH_UNIT ( ) NAMED_UNIT ( * ) SI_UNIT ( .MILLI., .METRE. ) );
#3769 = AXIS2_PLACEMENT_3D ( 'NONE', #537, #4805, #1637 ) ;
#3770 = MECHANICAL_DESIGN_GEOMETRIC_PRESENTATION_REPRESENTATION (  '', ( #444 ), #2071 ) ;
#3771 = ORIENTED_EDGE ( 'NONE', *, *, #3791, .T. ) ;
#3772 = ORIENTED_EDGE ( 'NONE', *, *, #2702, .F. ) ;
#3773 = PLANE ( 'NONE',  #1535 ) ;
#3774 = CARTESIAN_POINT ( 'NONE',  ( 4.201612074575742817, 2.759999999999999787, 3.080000000000043592 ) ) ;
#3775 = CARTESIAN_POINT ( 'NONE',  ( -4.879255340376107419, -7.827939685345339489E-14, 3.572499999999998899 ) ) ;
#3776 = DIRECTION ( 'NONE',  ( -1.047444401652940007E-14, 0.000000000000000000, 1.000000000000000000 ) ) ;
#3777 = VERTEX_POINT ( 'NONE', #2493 ) ;
#3778 = ORIENTED_EDGE ( 'NONE', *, *, #2699, .T. ) ;
#3779 = ORIENTED_EDGE ( 'NONE', *, *, #929, .T. ) ;
#3780 = CARTESIAN_POINT ( 'NONE',  ( 5.149999999999994138, 0.2999999999999999889, 0.5400000000000539924 ) ) ;
#3781 = EDGE_CURVE ( 'NONE', #1063, #55, #2873, .T. ) ;
#3782 = EDGE_CURVE ( 'NONE', #2657, #1118, #3739, .T. ) ;
#3783 = ORIENTED_EDGE ( 'NONE', *, *, #886, .F. ) ;
#3784 = DIRECTION ( 'NONE',  ( -0.9914448613738103822, -0.1305261922200520452, -9.850432035812977008E-15 ) ) ;
#3785 = ORIENTED_EDGE ( 'NONE', *, *, #3351, .F. ) ;
#3786 = LINE ( 'NONE', #3020, #873 ) ;
#3787 = LINE ( 'NONE', #3376, #509 ) ;
#3788 = PLANE ( 'NONE',  #3926 ) ;
#3789 = FACE_OUTER_BOUND ( 'NONE', #2280, .T. ) ;
#3790 = LINE ( 'NONE', #3411, #4328 ) ;
#3791 = EDGE_CURVE ( 'NONE', #1405, #805, #707, .T. ) ;
#3792 = DIRECTION ( 'NONE',  ( -1.047444401652940007E-14, 0.000000000000000000, 1.000000000000000000 ) ) ;
#3793 = EDGE_CURVE ( 'NONE', #4027, #1041, #2189, .T. ) ;
#3794 = ORIENTED_EDGE ( 'NONE', *, *, #3535, .F. ) ;
#3795 = ORIENTED_EDGE ( 'NONE', *, *, #2508, .F. ) ;
#3796 = VECTOR ( 'NONE', #3332, 1000.000000000000000 ) ;
#3797 = LINE ( 'NONE', #34, #1035 ) ;
#3798 = DIRECTION ( 'NONE',  ( -0.9396926207859036539, -6.898228968790620484E-15, -0.3420201433256819246 ) ) ;
#3799 = DIRECTION ( 'NONE',  ( -1.047444401652940007E-14, 0.000000000000000000, 1.000000000000000000 ) ) ;
#3800 = CARTESIAN_POINT ( 'NONE',  ( -1.902499999999963887, 5.029999999999999361, -3.427500000000019753 ) ) ;
#3801 = ORIENTED_EDGE ( 'NONE', *, *, #4068, .T. ) ;
#3802 = VECTOR ( 'NONE', #1650, 1000.000000000000000 ) ;
#3803 = ORIENTED_EDGE ( 'NONE', *, *, #38, .F. ) ;
#3804 = LINE ( 'NONE', #3635, #804 ) ;
#3805 = PRESENTATION_LAYER_ASSIGNMENT (  '', '', ( #4935 ) ) ;
#3806 = EDGE_CURVE ( 'NONE', #3869, #971, #3348, .T. ) ;
#3807 = VECTOR ( 'NONE', #2151, 1000.000000000000000 ) ;
#3808 = DIRECTION ( 'NONE',  ( 1.047444401652940007E-14, 0.000000000000000000, -1.000000000000000000 ) ) ;
#3809 = VECTOR ( 'NONE', #2196, 1000.000000000000000 ) ;
#3810 = ORIENTED_EDGE ( 'NONE', *, *, #4970, .F. ) ;
#3811 = CARTESIAN_POINT ( 'NONE',  ( -3.901897608101214221, 2.746914183790395203, -0.5400000000000408917 ) ) ;
#3812 = EDGE_LOOP ( 'NONE', ( #4230, #3222, #4149, #2817 ) ) ;
#3813 = FACE_OUTER_BOUND ( 'NONE', #3658, .T. ) ;
#3814 = PRODUCT_DEFINITION_FORMATION_WITH_SPECIFIED_SOURCE ( 'ANY', '', #1909, .NOT_KNOWN. ) ;
#3815 = DIRECTION ( 'NONE',  ( 0.3420201433256818691, 2.510750013792655505E-15, -0.9396926207859036539 ) ) ;
#3816 = DIRECTION ( 'NONE',  ( -0.9990482215818580203, -0.04361938736532974814, -1.046447466677242862E-14 ) ) ;
#3817 = CARTESIAN_POINT ( 'NONE',  ( 3.282752125361932727, 3.259999999999999787, -4.047499999999964793 ) ) ;
#3818 = EDGE_LOOP ( 'NONE', ( #4337, #1640, #2368, #4593, #3990, #98, #3494, #258 ) ) ;
#3819 = ORIENTED_EDGE ( 'NONE', *, *, #4296, .T. ) ;
#3820 = EDGE_CURVE ( 'NONE', #3002, #4951, #4419, .T. ) ;
#3821 = EDGE_LOOP ( 'NONE', ( #168, #882, #1056, #2561 ) ) ;
#3822 = DIRECTION ( 'NONE',  ( 1.000000000000000000, 0.000000000000000000, 9.732322464124606472E-15 ) ) ;
#3823 = CARTESIAN_POINT ( 'NONE',  ( -4.879255340376110084, -7.827939685345339489E-14, -1.032500000000003304 ) ) ;
#3824 = DIRECTION ( 'NONE',  ( -1.047444401652940007E-14, 0.000000000000000000, 1.000000000000000000 ) ) ;
#3825 = DIRECTION ( 'NONE',  ( 7.340941938036410991E-15, 1.000000000000000000, 7.689228535855522643E-29 ) ) ;
#3826 = ORIENTED_EDGE ( 'NONE', *, *, #4012, .F. ) ;
#3827 = LINE ( 'NONE', #1898, #2765 ) ;
#3828 = DIRECTION ( 'NONE',  ( 0.1305261922200546265, 0.9914448613738100491, 1.367189293099717466E-15 ) ) ;
#3829 = SURFACE_SIDE_STYLE ('',( #1133 ) ) ;
#3830 = ADVANCED_FACE ( 'NONE', ( #4474 ), #4904, .F. ) ;
#3831 = ORIENTED_EDGE ( 'NONE', *, *, #912, .F. ) ;
#3832 = CARTESIAN_POINT ( 'NONE',  ( 3.679305260539880607, 2.959999999999999964, -1.999999999999961364 ) ) ;
#3833 = ORIENTED_EDGE ( 'NONE', *, *, #3840, .F. ) ;
#3834 = LINE ( 'NONE', #2693, #228 ) ;
#3835 = CARTESIAN_POINT ( 'NONE',  ( 3.302500000000042402, 3.109999999999999876, -4.047499999999964793 ) ) ;
#3837 = CIRCLE ( 'NONE', #4730, 0.5228044079883509276 ) ;
#3836 = CARTESIAN_POINT ( 'NONE',  ( 4.299714466474608088, 0.5130858162095990327, -4.539999999999954738 ) ) ;
#3838 = CARTESIAN_POINT ( 'NONE',  ( -3.901897608101214221, 2.746914183790395203, -0.5400000000000408917 ) ) ;
#3839 = EDGE_CURVE ( 'NONE', #1652, #4627, #2969, .T. ) ;
#3840 = EDGE_CURVE ( 'NONE', #470, #3336, #2520, .T. ) ;
#3841 = CIRCLE ( 'NONE', #1655, 0.5228044079883501505 ) ;
#3842 = AXIS2_PLACEMENT_3D ( 'NONE', #1712, #4320, #158 ) ;
#3843 = EDGE_LOOP ( 'NONE', ( #4378, #703, #2222, #3737, #4003, #4703, #3727, #4792, #3347, #4570, #1846, #1232, #4410 ) ) ;
#3844 = EDGE_LOOP ( 'NONE', ( #3223, #1895, #4242, #2170, #4998, #1042, #1722, #3319, #4748, #4097, #4390, #439, #197 ) ) ;
#3845 = ORIENTED_EDGE ( 'NONE', *, *, #1980, .F. ) ;
#3846 = CARTESIAN_POINT ( 'NONE',  ( -5.150000000000032330, -5.421010862427519705E-17, 3.079999999999945892 ) ) ;
#3847 = LINE ( 'NONE', #5017, #191 ) ;
#3848 = VECTOR ( 'NONE', #4, 1000.000000000000114 ) ;
#3849 = PLANE ( 'NONE',  #3649 ) ;
#3850 = AXIS2_PLACEMENT_3D ( 'NONE', #1540, #1152, #819 ) ;
#3851 = CARTESIAN_POINT ( 'NONE',  ( 3.679305260539854405, 2.737195592011649747, 0.5400000000000384492 ) ) ;
#3852 = VERTEX_POINT ( 'NONE', #2590 ) ;
#3853 = EDGE_CURVE ( 'NONE', #915, #2093, #1321, .T. ) ;
#3854 = ORIENTED_EDGE ( 'NONE', *, *, #4289, .F. ) ;
#3855 = VECTOR ( 'NONE', #4447, 1000.000000000000114 ) ;
#3856 = CARTESIAN_POINT ( 'NONE',  ( 3.999999999999994227, 0.5000000000000000000, 0.5400000000000418909 ) ) ;
#3857 = CARTESIAN_POINT ( 'NONE',  ( 3.302500000000020641, 3.109999999999999876, -1.999999999999965361 ) ) ;
#3858 = EDGE_CURVE ( 'NONE', #2079, #3368, #2541, .T. ) ;
#3859 = ORIENTED_EDGE ( 'NONE', *, *, #2307, .F. ) ;
#3860 = LINE ( 'NONE', #2608, #1903 ) ;
#3861 = ORIENTED_EDGE ( 'NONE', *, *, #4817, .T. ) ;
#3862 = LINE ( 'NONE', #3374, #2345 ) ;
#3863 = DIRECTION ( 'NONE',  ( 1.000000000000000000, 0.000000000000000000, 1.047444401652940007E-14 ) ) ;
#3864 = CARTESIAN_POINT ( 'NONE',  ( 3.679305260539854405, 2.737195592011649747, 0.5400000000000384492 ) ) ;
#3865 = FACE_OUTER_BOUND ( 'NONE', #2440, .T. ) ;
#3866 = UNCERTAINTY_MEASURE_WITH_UNIT (LENGTH_MEASURE( 1.000000000000000082E-05 ), #3735, 'distance_accuracy_value', 'NONE');
#3867 = CARTESIAN_POINT ( 'NONE',  ( 3.679305260539892153, 3.259999999999999787, -3.079999999999961435 ) ) ;
#3868 = EDGE_LOOP ( 'NONE', ( #1559, #1318, #592, #3925 ) ) ;
#3869 = VERTEX_POINT ( 'NONE', #150 ) ;
#3870 = CYLINDRICAL_SURFACE ( 'NONE', #3026, 0.5228044079883509276 ) ;
#3871 = CARTESIAN_POINT ( 'NONE',  ( 5.149999999999963052, -4.662069341687669855E-15, 3.572500000000053966 ) ) ;
#3872 = DIRECTION ( 'NONE',  ( -1.047444401652940007E-14, 0.000000000000000000, 1.000000000000000000 ) ) ;
#3873 = CARTESIAN_POINT ( 'NONE',  ( -5.150000000000037659, -8.023096076392729025E-14, 3.572500000000001563 ) ) ;
#3874 = DIRECTION ( 'NONE',  ( -7.340941938036420458E-15, 1.000000000000000000, -7.689228535855532732E-29 ) ) ;
#3875 = ORIENTED_EDGE ( 'NONE', *, *, #4127, .F. ) ;
#3876 = EDGE_LOOP ( 'NONE', ( #2628, #2146, #1875, #1629 ) ) ;
#3877 = CARTESIAN_POINT ( 'NONE',  ( 4.879255340376072780, -6.613633252161579414E-15, 3.572500000000051301 ) ) ;
#3878 = FACE_OUTER_BOUND ( 'NONE', #2439, .T. ) ;
#3879 = DIRECTION ( 'NONE',  ( -1.000000000000000000, -1.093626126041270058E-15, -1.047444401652940007E-14 ) ) ;
#3880 = AXIS2_PLACEMENT_3D ( 'NONE', #624, #2515, #2107 ) ;
#3881 = FACE_OUTER_BOUND ( 'NONE', #4355, .T. ) ;
#3882 = EDGE_LOOP ( 'NONE', ( #1938, #1724, #1098, #4810 ) ) ;
#3883 = MECHANICAL_DESIGN_GEOMETRIC_PRESENTATION_REPRESENTATION (  '', ( #875 ), #2185 ) ;
#3884 = CARTESIAN_POINT ( 'NONE',  ( -3.302500000000050839, 3.109999999999999876, 4.827499999999965929 ) ) ;
#3885 = EDGE_CURVE ( 'NONE', #3954, #518, #3329, .T. ) ;
#3886 = ORIENTED_EDGE ( 'NONE', *, *, #83, .F. ) ;
#3887 = DIRECTION ( 'NONE',  ( -1.000000000000000000, 0.000000000000000000, -1.057648136700346767E-14 ) ) ;
#3888 = AXIS2_PLACEMENT_3D ( 'NONE', #2412, #2815, #3934 ) ;
#3889 = VECTOR ( 'NONE', #4076, 1000.000000000000000 ) ;
#3890 = CARTESIAN_POINT ( 'NONE',  ( 3.679305260539839306, 2.737195592011649747, 2.000000000000038636 ) ) ;
#3891 = CARTESIAN_POINT ( 'NONE',  ( 5.149999999999984368, 0.2999999999999999889, 1.507500000000054019 ) ) ;
#3892 = VECTOR ( 'NONE', #4321, 1000.000000000000114 ) ;
#3893 = CARTESIAN_POINT ( 'NONE',  ( -3.679305260539839306, 2.737195592011649747, -2.000000000000038636 ) ) ;
#3894 = CARTESIAN_POINT ( 'NONE',  ( -1.902499999999963887, 5.080000000000000071, -3.427500000000019753 ) ) ;
#3895 = ORIENTED_EDGE ( 'NONE', *, *, #766, .T. ) ;
#3896 = CARTESIAN_POINT ( 'NONE',  ( -4.522306814035898626, 0.2999999999999954925, -2.000000000000047518 ) ) ;
#3897 = DIRECTION ( 'NONE',  ( -1.047444401652940007E-14, 0.000000000000000000, 1.000000000000000000 ) ) ;
#3898 = DIRECTION ( 'NONE',  ( -1.047444401652940007E-14, 0.000000000000000000, 1.000000000000000000 ) ) ;
#3899 = DIRECTION ( 'NONE',  ( 1.000000000000000000, 0.000000000000000000, 9.732322464124606472E-15 ) ) ;
#3900 = CARTESIAN_POINT ( 'NONE',  ( 4.522306814035925271, 0.2999999999999954925, -0.5399999999999526290 ) ) ;
#3901 = ORIENTED_EDGE ( 'NONE', *, *, #4212, .T. ) ;
#3902 = ORIENTED_EDGE ( 'NONE', *, *, #4280, .T. ) ;
#3903 = DIRECTION ( 'NONE',  ( -1.047444401652940007E-14, 0.000000000000000000, 1.000000000000000000 ) ) ;
#3904 = CARTESIAN_POINT ( 'NONE',  ( 4.879255340376072780, 0.2999999999999999889, 3.572500000000051301 ) ) ;
#3905 = EDGE_CURVE ( 'NONE', #2867, #4852, #2899, .T. ) ;
#3906 = EDGE_CURVE ( 'NONE', #2934, #2892, #558, .T. ) ;
#3907 = ORIENTED_EDGE ( 'NONE', *, *, #3791, .F. ) ;
#3908 = EDGE_LOOP ( 'NONE', ( #530, #2000, #4399, #2102 ) ) ;
#3909 = ORIENTED_EDGE ( 'NONE', *, *, #456, .F. ) ;
#3910 = LINE ( 'NONE', #2369, #3638 ) ;
#3911 = EDGE_CURVE ( 'NONE', #1772, #1438, #2113, .T. ) ;
#3912 = ADVANCED_FACE ( 'NONE', ( #4065 ), #1759, .F. ) ;
#3913 = CARTESIAN_POINT ( 'NONE',  ( -3.282752125361900308, 2.959999999999999964, 0.5399999999999656186 ) ) ;
#3914 = LINE ( 'NONE', #1605, #1410 ) ;
#3915 = CARTESIAN_POINT ( 'NONE',  ( 3.901897608101225767, 2.746914183790395203, -0.5399999999999591793 ) ) ;
#3916 = ADVANCED_FACE ( 'NONE', ( #4855 ), #4089, .F. ) ;
#3917 = FACE_OUTER_BOUND ( 'NONE', #4241, .T. ) ;
#3918 = EDGE_CURVE ( 'NONE', #203, #1886, #1397, .T. ) ;
#3919 = CIRCLE ( 'NONE', #2464, 0.2228044079883510498 ) ;
#3920 = DIRECTION ( 'NONE',  ( 8.673617379884041783E-15, -1.000000000000000000, 9.085131966639181307E-29 ) ) ;
#3921 = CARTESIAN_POINT ( 'NONE',  ( -3.679305260539880607, 2.737195592011649747, 1.999999999999961364 ) ) ;
#3922 = DIRECTION ( 'NONE',  ( 1.047444401652940007E-14, 0.000000000000000000, -1.000000000000000000 ) ) ;
#3923 = LINE ( 'NONE', #3188, #401 ) ;
#3924 = CARTESIAN_POINT ( 'NONE',  ( -4.699999999999993960, -7.692414413784648911E-14, -0.5400000000000022560 ) ) ;
#3925 = ORIENTED_EDGE ( 'NONE', *, *, #1048, .F. ) ;
#3926 = AXIS2_PLACEMENT_3D ( 'NONE', #3741, #278, #4909 ) ;
#3927 = VECTOR ( 'NONE', #895, 1000.000000000000000 ) ;
#3928 = EDGE_CURVE ( 'NONE', #1394, #2564, #2212, .T. ) ;
#3929 = EDGE_LOOP ( 'NONE', ( #1071, #424, #2078, #571, #3082, #3369 ) ) ;
#3930 = VECTOR ( 'NONE', #1220, 1000.000000000000000 ) ;
#3931 = CARTESIAN_POINT ( 'NONE',  ( 4.879255340376094097, -6.613633252161579414E-15, 1.507500000000051132 ) ) ;
#3932 = LINE ( 'NONE', #346, #1322 ) ;
#3933 = VECTOR ( 'NONE', #1970, 1000.000000000000000 ) ;
#3934 = DIRECTION ( 'NONE',  ( 0.000000000000000000, -1.000000000000000000, 0.000000000000000000 ) ) ;
#3935 = COLOUR_RGB ( '',0.7921568627450980005, 0.8196078431372548767, 0.9333333333333333481 ) ;
#3936 = VERTEX_POINT ( 'NONE', #4653 ) ;
#3937 = EDGE_CURVE ( 'NONE', #4541, #3227, #3862, .T. ) ;
#3938 = ORIENTED_EDGE ( 'NONE', *, *, #2305, .F. ) ;
#3939 = EDGE_CURVE ( 'NONE', #2181, #361, #2014, .T. ) ;
#3940 = DIRECTION ( 'NONE',  ( -1.047444401652940007E-14, 0.000000000000000000, 1.000000000000000000 ) ) ;
#3941 = AXIS2_PLACEMENT_3D ( 'NONE', #2952, #1013, #254 ) ;
#3942 = CARTESIAN_POINT ( 'NONE',  ( 3.679305260539880607, 2.737195592011649747, -1.999999999999961364 ) ) ;
#3943 = DIRECTION ( 'NONE',  ( -1.047444401652940007E-14, 0.000000000000000000, 1.000000000000000000 ) ) ;
#3944 = DIRECTION ( 'NONE',  ( 1.047444401652940007E-14, 0.000000000000000000, -1.000000000000000000 ) ) ;
#3945 = CARTESIAN_POINT ( 'NONE',  ( -4.299714466474592101, 0.5130858162095990327, 3.079999999999954774 ) ) ;
#3946 = LINE ( 'NONE', #3136, #1896 ) ;
#3947 = CARTESIAN_POINT ( 'NONE',  ( 5.149999999999957723, 0.2999999999999999889, 4.047500000000053610 ) ) ;
#3948 = CARTESIAN_POINT ( 'NONE',  ( -4.700000000000032152, -7.692414413784648911E-14, 3.079999999999995630 ) ) ;
#3949 = EDGE_CURVE ( 'NONE', #2453, #992, #655, .T. ) ;
#3950 = DIRECTION ( 'NONE',  ( -1.047444401652940007E-14, 0.000000000000000000, 1.000000000000000000 ) ) ;
#3951 = EDGE_CURVE ( 'NONE', #4951, #1756, #1552, .T. ) ;
#3952 = LINE ( 'NONE', #2784, #4743 ) ;
#3953 = EDGE_LOOP ( 'NONE', ( #2534, #2391, #590, #3859 ) ) ;
#3954 = VERTEX_POINT ( 'NONE', #271 ) ;
#3955 =( NAMED_UNIT ( * ) PLANE_ANGLE_UNIT ( ) SI_UNIT ( $, .RADIAN. ) );
#3956 = CARTESIAN_POINT ( 'NONE',  ( 3.302499999999952252, 1.139999999999999902, 4.568144579752864587 ) ) ;
#3957 = DIRECTION ( 'NONE',  ( -1.000000000000000000, 0.000000000000000000, -1.070555471053704677E-14 ) ) ;
#3958 = ORIENTED_EDGE ( 'NONE', *, *, #1124, .F. ) ;
#3959 = EDGE_CURVE ( 'NONE', #2302, #2093, #3834, .T. ) ;
#3960 = EDGE_LOOP ( 'NONE', ( #3603, #2575, #1572, #1799 ) ) ;
#3961 = LINE ( 'NONE', #4724, #2178 ) ;
#3962 = CIRCLE ( 'NONE', #3069, 0.5228044079883501505 ) ;
#3963 = ORIENTED_EDGE ( 'NONE', *, *, #2864, .T. ) ;
#3964 = CARTESIAN_POINT ( 'NONE',  ( -3.302499999999957581, 3.109999999999999876, -4.047500000000034959 ) ) ;
#3965 = FACE_OUTER_BOUND ( 'NONE', #2188, .T. ) ;
#3966 = VECTOR ( 'NONE', #1005, 1000.000000000000000 ) ;
#3967 = VECTOR ( 'NONE', #4889, 1000.000000000000000 ) ;
#3968 = CARTESIAN_POINT ( 'NONE',  ( 4.879255340376099426, 0.2999999999999999889, 1.032500000000051266 ) ) ;
#3969 = VECTOR ( 'NONE', #3627, 1000.000000000000000 ) ;
#3970 = DIRECTION ( 'NONE',  ( 1.000000000000000000, 0.000000000000000000, 1.078386335459178682E-14 ) ) ;
#3971 = CARTESIAN_POINT ( 'NONE',  ( 4.201612074575795219, 2.759999999999999787, -1.999999999999956257 ) ) ;
#3972 = DIRECTION ( 'NONE',  ( 1.047444401652940007E-14, 0.000000000000000000, -1.000000000000000000 ) ) ;
#3973 = CARTESIAN_POINT ( 'NONE',  ( -1.402499999999964109, 5.029999999999999361, -3.427500000000014868 ) ) ;
#3974 = LINE ( 'NONE', #2045, #4820 ) ;
#3975 = AXIS2_PLACEMENT_3D ( 'NONE', #1471, #2591, #182 ) ;
#3976 = ORIENTED_EDGE ( 'NONE', *, *, #3555, .T. ) ;
#3977 = EDGE_CURVE ( 'NONE', #283, #4416, #2289, .T. ) ;
#3978 = COLOUR_RGB ( '',0.7921568627450980005, 0.8196078431372548767, 0.9333333333333333481 ) ;
#3979 = ADVANCED_FACE ( 'NONE', ( #378 ), #4134, .F. ) ;
#3980 = ORIENTED_EDGE ( 'NONE', *, *, #3010, .T. ) ;
#3981 = PLANE ( 'NONE',  #2842 ) ;
#3982 = CARTESIAN_POINT ( 'NONE',  ( -3.679305260539854405, 2.737195592011649747, -0.5400000000000384492 ) ) ;
#3983 = CARTESIAN_POINT ( 'NONE',  ( 4.522306814035896849, -4.662069341687669855E-15, 3.080000000000047145 ) ) ;
#3984 = ORIENTED_EDGE ( 'NONE', *, *, #3372, .F. ) ;
#3985 = ADVANCED_FACE ( 'NONE', ( #1163 ), #1057, .F. ) ;
#3986 = VERTEX_POINT ( 'NONE', #3427 ) ;
#3987 = ORIENTED_EDGE ( 'NONE', *, *, #1982, .T. ) ;
#3988 = CARTESIAN_POINT ( 'NONE',  ( -4.299714466474566343, 0.5130858162095990327, 0.5399999999999549605 ) ) ;
#3989 = ADVANCED_FACE ( 'NONE', ( #3813 ), #5007, .F. ) ;
#3990 = ORIENTED_EDGE ( 'NONE', *, *, #4859, .T. ) ;
#3991 = EDGE_LOOP ( 'NONE', ( #2169, #1025, #4205, #1770 ) ) ;
#3992 = CARTESIAN_POINT ( 'NONE',  ( -4.522306814035896849, -4.662069341687669855E-15, -3.080000000000047145 ) ) ;
#3993 = CARTESIAN_POINT ( 'NONE',  ( -4.522306814035940370, 0.2999999999999954925, 1.999999999999952704 ) ) ;
#3994 = DIRECTION ( 'NONE',  ( -7.340941938036420458E-15, 1.000000000000000000, -7.689228535855532732E-29 ) ) ;
#3995 = DIRECTION ( 'NONE',  ( -8.673617379884041783E-15, -1.000000000000000000, -9.085131966639181307E-29 ) ) ;
#3996 = FACE_OUTER_BOUND ( 'NONE', #2722, .T. ) ;
#3997 = FACE_OUTER_BOUND ( 'NONE', #2443, .T. ) ;
#3998 = ADVANCED_FACE ( 'NONE', ( #1831 ), #4233, .F. ) ;
#3999 = EDGE_CURVE ( 'NONE', #1073, #2079, #3962, .T. ) ;
#4000 = DIRECTION ( 'NONE',  ( -1.000000000000000000, 0.000000000000000000, -1.021180609435274484E-14 ) ) ;
#4001 = FACE_OUTER_BOUND ( 'NONE', #4672, .T. ) ;
#4002 = ORIENTED_EDGE ( 'NONE', *, *, #3274, .F. ) ;
#4003 = ORIENTED_EDGE ( 'NONE', *, *, #4676, .F. ) ;
#4004 = DIRECTION ( 'NONE',  ( -1.047444401652940007E-14, 0.000000000000000000, 1.000000000000000000 ) ) ;
#4005 = CARTESIAN_POINT ( 'NONE',  ( -4.522306814035925271, 0.2999999999999954925, 1.507499999999997842 ) ) ;
#4006 = DIRECTION ( 'NONE',  ( -1.000000000000000000, -7.340941938036410991E-15, -1.047444401652940007E-14 ) ) ;
#4007 = ORIENTED_EDGE ( 'NONE', *, *, #1080, .T. ) ;
#4008 = VECTOR ( 'NONE', #4766, 1000.000000000000000 ) ;
#4009 = ORIENTED_EDGE ( 'NONE', *, *, #3164, .F. ) ;
#4010 = ORIENTED_EDGE ( 'NONE', *, *, #4914, .T. ) ;
#4011 = CARTESIAN_POINT ( 'NONE',  ( -4.699999999999979750, 0.2999999999999964917, -2.000000000000049294 ) ) ;
#4012 = EDGE_CURVE ( 'NONE', #2124, #4662, #681, .T. ) ;
#4013 = VECTOR ( 'NONE', #2499, 1000.000000000000000 ) ;
#4014 = VECTOR ( 'NONE', #3455, 1000.000000000000000 ) ;
#4015 = EDGE_CURVE ( 'NONE', #124, #4886, #3786, .T. ) ;
#4016 = ORIENTED_EDGE ( 'NONE', *, *, #2794, .T. ) ;
#4017 = EDGE_LOOP ( 'NONE', ( #2383, #1268, #86, #4625 ) ) ;
#4018 = VECTOR ( 'NONE', #1991, 1000.000000000000000 ) ;
#4019 = CARTESIAN_POINT ( 'NONE',  ( 3.679305260539907696, 2.737195592011649747, -4.539999999999961844 ) ) ;
#4020 = LINE ( 'NONE', #3156, #1109 ) ;
#4021 = PLANE ( 'NONE',  #767 ) ;
#4022 = CARTESIAN_POINT ( 'NONE',  ( 3.901897608101240866, 2.746914183790395203, -1.999999999999959366 ) ) ;
#4023 = CARTESIAN_POINT ( 'NONE',  ( 3.282752125361910966, 3.259999999999999787, -1.999999999999965805 ) ) ;
#4024 = DIRECTION ( 'NONE',  ( -0.04361938736532974814, -0.9990482215818580203, -4.568888309934562493E-16 ) ) ;
#4025 = LINE ( 'NONE', #2091, #1294 ) ;
#4026 = DIRECTION ( 'NONE',  ( -8.673617379884041783E-15, -1.000000000000000000, -9.085131966639181307E-29 ) ) ;
#4027 = VERTEX_POINT ( 'NONE', #1853 ) ;
#4028 = ORIENTED_EDGE ( 'NONE', *, *, #2034, .T. ) ;
#4029 = CARTESIAN_POINT ( 'NONE',  ( 4.522306814035896849, -4.662069341687669855E-15, 3.080000000000047145 ) ) ;
#4030 = DIRECTION ( 'NONE',  ( 1.000000000000000000, -7.254577915235990126E-15, -7.382095854901601972E-16 ) ) ;
#4031 = ORIENTED_EDGE ( 'NONE', *, *, #2029, .F. ) ;
#4032 = EDGE_LOOP ( 'NONE', ( #525, #731, #3721, #2710, #1676, #4243, #1560, #119, #3810, #4992, #4468, #1742, #2663 ) ) ;
#4033 = EDGE_LOOP ( 'NONE', ( #2281, #3178 ) ) ;
#4034 = SURFACE_STYLE_USAGE ( .BOTH. , #1703 ) ;
#4035 = ADVANCED_FACE ( 'NONE', ( #4954 ), #757, .F. ) ;
#4036 = EDGE_LOOP ( 'NONE', ( #3150, #2487, #1054, #4037 ) ) ;
#4037 = ORIENTED_EDGE ( 'NONE', *, *, #4466, .F. ) ;
#4038 = CIRCLE ( 'NONE', #1209, 0.2228044079883506334 ) ;
#4039 = DIRECTION ( 'NONE',  ( -1.047444401652940007E-14, 0.000000000000000000, 1.000000000000000000 ) ) ;
#4040 = DIRECTION ( 'NONE',  ( 1.000000000000000000, 0.000000000000000000, 1.047444401652940007E-14 ) ) ;
#4041 = CARTESIAN_POINT ( 'NONE',  ( -3.282752125361900308, 2.959999999999999964, 0.5399999999999656186 ) ) ;
#4042 = AXIS2_PLACEMENT_3D ( 'NONE', #5033, #351, #1907 ) ;
#4043 = DIRECTION ( 'NONE',  ( 1.047444401652940007E-14, 0.000000000000000000, -1.000000000000000000 ) ) ;
#4044 = AXIS2_PLACEMENT_3D ( 'NONE', #3386, #4462, #4941 ) ;
#4045 = CARTESIAN_POINT ( 'NONE',  ( -5.150000000000015454, -8.023096076392729025E-14, 1.507499999999996065 ) ) ;
#4046 = CARTESIAN_POINT ( 'NONE',  ( 3.302499999999949143, 3.109999999999999876, 4.827500000000035207 ) ) ;
#4047 = DIRECTION ( 'NONE',  ( -1.000000000000000000, 1.093626126041279919E-15, -1.047444401652940007E-14 ) ) ;
#4048 = ORIENTED_EDGE ( 'NONE', *, *, #766, .F. ) ;
#4049 = EDGE_CURVE ( 'NONE', #3262, #577, #4360, .T. ) ;
#4050 = VECTOR ( 'NONE', #4614, 1000.000000000000000 ) ;
#4051 = CIRCLE ( 'NONE', #4443, 0.5228044079883505946 ) ;
#4052 = ORIENTED_EDGE ( 'NONE', *, *, #4540, .T. ) ;
#4053 = DIRECTION ( 'NONE',  ( -1.047444401652940007E-14, 0.000000000000000000, 1.000000000000000000 ) ) ;
#4054 = CARTESIAN_POINT ( 'NONE',  ( -4.879255340376110084, -7.827939685345339489E-14, -1.032500000000003304 ) ) ;
#4055 = CARTESIAN_POINT ( 'NONE',  ( 4.522306814035962574, 0.2999999999999954925, -4.047499999999952358 ) ) ;
#4056 = VERTEX_POINT ( 'NONE', #706 ) ;
#4057 = VERTEX_POINT ( 'NONE', #2261 ) ;
#4058 = VERTEX_POINT ( 'NONE', #427 ) ;
#4059 = LINE ( 'NONE', #1723, #2748 ) ;
#4060 = EDGE_CURVE ( 'NONE', #954, #169, #3910, .T. ) ;
#4061 = EDGE_CURVE ( 'NONE', #518, #4057, #1526, .T. ) ;
#4062 = ORIENTED_EDGE ( 'NONE', *, *, #2108, .T. ) ;
#4063 = ORIENTED_EDGE ( 'NONE', *, *, #3959, .T. ) ;
#4064 = LINE ( 'NONE', #4798, #1295 ) ;
#4065 = FACE_OUTER_BOUND ( 'NONE', #3908, .T. ) ;
#4066 = EDGE_CURVE ( 'NONE', #211, #4148, #3606, .T. ) ;
#4067 = DIRECTION ( 'NONE',  ( -1.047444401652940007E-14, 0.000000000000000000, 1.000000000000000000 ) ) ;
#4068 = EDGE_CURVE ( 'NONE', #196, #1185, #1983, .T. ) ;
#4069 = CYLINDRICAL_SURFACE ( 'NONE', #758, 0.2228044079883506334 ) ;
#4070 = DIRECTION ( 'NONE',  ( 1.000000000000000000, 0.000000000000000000, 9.732322464124589117E-15 ) ) ;
#4071 = CARTESIAN_POINT ( 'NONE',  ( 3.679305260539839306, 2.737195592011649747, 2.000000000000038636 ) ) ;
#4072 = EDGE_CURVE ( 'NONE', #3227, #597, #1188, .T. ) ;
#4073 = DIRECTION ( 'NONE',  ( 1.000000000000000000, 0.000000000000000000, 1.047444401652940007E-14 ) ) ;
#4074 = ORIENTED_EDGE ( 'NONE', *, *, #3100, .T. ) ;
#4075 = ORIENTED_EDGE ( 'NONE', *, *, #3939, .T. ) ;
#4076 = DIRECTION ( 'NONE',  ( -1.000000000000000000, 7.254577915235990126E-15, -8.635980719411701686E-16 ) ) ;
#4077 = DIRECTION ( 'NONE',  ( 0.1294283079955654003, 0.9831056027603600755, -0.1294283079955626525 ) ) ;
#4078 = DIRECTION ( 'NONE',  ( -1.000000000000000000, 7.340941938036410991E-15, -1.047444401652940007E-14 ) ) ;
#4079 = ADVANCED_FACE ( 'NONE', ( #120 ), #1679, .F. ) ;
#4080 = VERTEX_POINT ( 'NONE', #72 ) ;
#4081 = AXIS2_PLACEMENT_3D ( 'NONE', #2716, #4475, #610 ) ;
#4082 = ORIENTED_EDGE ( 'NONE', *, *, #2633, .F. ) ;
#4083 = DIRECTION ( 'NONE',  ( -1.047444401652940007E-14, 0.000000000000000000, 1.000000000000000000 ) ) ;
#4084 = CLOSED_SHELL ( 'NONE', ( #701, #2420, #588, #2114, #1370, #3640, #2799, #24, #3916, #3764, #3169, #1, #738, #287, #2902, #61, #928 ) ) ;
#4085 = AXIS2_PLACEMENT_3D ( 'NONE', #3702, #2623, #214 ) ;
#4086 = ORIENTED_EDGE ( 'NONE', *, *, #4466, .T. ) ;
#4087 = VERTEX_POINT ( 'NONE', #3179 ) ;
#4088 = CARTESIAN_POINT ( 'NONE',  ( 4.299714466474602759, 0.5130858162095990327, -4.047499999999955023 ) ) ;
#4090 = AXIS2_PLACEMENT_3D ( 'NONE', #2427, #3972, #4713 ) ;
#4089 = PLANE ( 'NONE',  #1441 ) ;
#4091 = AXIS2_PLACEMENT_3D ( 'NONE', #324, #4952, #1927 ) ;
#4092 = DIRECTION ( 'NONE',  ( 0.000000000000000000, 1.000000000000000000, 0.000000000000000000 ) ) ;
#4093 = VECTOR ( 'NONE', #3670, 1000.000000000000000 ) ;
#4094 = LINE ( 'NONE', #4136, #2711 ) ;
#4095 = DIRECTION ( 'NONE',  ( 0.04361938736532974814, -0.9990482215818580203, 4.568888309934562493E-16 ) ) ;
#4096 = DIRECTION ( 'NONE',  ( 1.047444401652940007E-14, 0.000000000000000000, -1.000000000000000000 ) ) ;
#4097 = ORIENTED_EDGE ( 'NONE', *, *, #2022, .T. ) ;
#4098 = VERTEX_POINT ( 'NONE', #1630 ) ;
#4099 = EDGE_CURVE ( 'NONE', #3986, #2939, #3961, .T. ) ;
#4100 = DIRECTION ( 'NONE',  ( -1.047444401652940007E-14, 0.000000000000000000, 1.000000000000000000 ) ) ;
#4101 = CARTESIAN_POINT ( 'NONE',  ( 3.901897608101199122, 2.746914183790395203, 2.000000000000040856 ) ) ;
#4102 = EDGE_CURVE ( 'NONE', #1296, #4261, #1239, .T. ) ;
#4103 = DIRECTION ( 'NONE',  ( 0.1294283079955654003, -0.9831056027603600755, -0.1294283079955626525 ) ) ;
#4104 = VERTEX_POINT ( 'NONE', #4359 ) ;
#4105 = ORIENTED_EDGE ( 'NONE', *, *, #3098, .F. ) ;
#4106 = FACE_OUTER_BOUND ( 'NONE', #312, .T. ) ;
#4107 = ORIENTED_EDGE ( 'NONE', *, *, #1218, .T. ) ;
#4108 = ORIENTED_EDGE ( 'NONE', *, *, #4361, .T. ) ;
#4109 = DIRECTION ( 'NONE',  ( -1.000000000000000000, 0.000000000000000000, -1.047444401652940007E-14 ) ) ;
#4110 = CARTESIAN_POINT ( 'NONE',  ( -5.150000000000042988, 5.080000000000000071, 4.047499999999946141 ) ) ;
#4111 = CARTESIAN_POINT ( 'NONE',  ( 3.043144579752877998, 1.139999999999999902, -4.568144579752797085 ) ) ;
#4112 = CARTESIAN_POINT ( 'NONE',  ( 4.522306814035940370, 0.5228044079883460427, -1.999999999999952704 ) ) ;
#4113 = CARTESIAN_POINT ( 'NONE',  ( 4.700000000000032152, -7.968885967768460745E-15, -3.079999999999950333 ) ) ;
#4114 = PLANE ( 'NONE',  #2471 ) ;
#4115 = AXIS2_PLACEMENT_3D ( 'NONE', #983, #1782, #4832 ) ;
#4116 = CARTESIAN_POINT ( 'NONE',  ( 3.679305260539827760, 2.737195592011649747, 3.080000000000038263 ) ) ;
#4117 = ORIENTED_EDGE ( 'NONE', *, *, #4251, .F. ) ;
#4118 = EDGE_CURVE ( 'NONE', #2603, #518, #2008, .T. ) ;
#4119 = COLOUR_RGB ( '',0.7921568627450980005, 0.8196078431372548767, 0.9333333333333333481 ) ;
#4120 = VERTEX_POINT ( 'NONE', #2441 ) ;
#4121 = CARTESIAN_POINT ( 'NONE',  ( 3.282752125361922069, 3.259999999999999787, -3.079999999999965432 ) ) ;
#4122 = DIRECTION ( 'NONE',  ( -1.047444401652940007E-14, 0.000000000000000000, 1.000000000000000000 ) ) ;
#4123 = DIRECTION ( 'NONE',  ( -1.000000000000000000, 7.340941938036410991E-15, -1.047444401652940007E-14 ) ) ;
#4124 = CARTESIAN_POINT ( 'NONE',  ( -3.679305260539902367, 2.959999999999999964, 4.047499999999962128 ) ) ;
#4125 = VECTOR ( 'NONE', #3824, 1000.000000000000000 ) ;
#4126 = VECTOR ( 'NONE', #1357, 1000.000000000000000 ) ;
#4127 = EDGE_CURVE ( 'NONE', #2256, #2785, #1267, .T. ) ;
#4128 = ORIENTED_EDGE ( 'NONE', *, *, #1298, .T. ) ;
#4129 = ORIENTED_EDGE ( 'NONE', *, *, #3479, .F. ) ;
#4130 = LINE ( 'NONE', #1439, #1777 ) ;
#4131 = EDGE_CURVE ( 'NONE', #677, #577, #96, .T. ) ;
#4132 = VERTEX_POINT ( 'NONE', #4751 ) ;
#4133 = ORIENTED_EDGE ( 'NONE', *, *, #299, .T. ) ;
#4134 = CYLINDRICAL_SURFACE ( 'NONE', #4042, 0.5000000000000000000 ) ;
#4135 = LINE ( 'NONE', #2543, #1159 ) ;
#4136 = CARTESIAN_POINT ( 'NONE',  ( -3.679305260539892153, 2.959999999999999964, 3.079999999999961435 ) ) ;
#4137 = CARTESIAN_POINT ( 'NONE',  ( -4.522306814035913725, 0.2999999999999954925, -0.5400000000000473310 ) ) ;
#4138 = CARTESIAN_POINT ( 'NONE',  ( 3.679305260539880607, 2.737195592011649747, -1.999999999999961364 ) ) ;
#4139 = DIRECTION ( 'NONE',  ( -0.1305261922200629809, -0.9914448613738088278, -1.367189293099805227E-15 ) ) ;
#4140 = ORIENTED_EDGE ( 'NONE', *, *, #1929, .F. ) ;
#4141 = ORIENTED_EDGE ( 'NONE', *, *, #1900, .T. ) ;
#4142 = ADVANCED_FACE ( 'NONE', ( #807 ), #3129, .F. ) ;
#4143 = FACE_OUTER_BOUND ( 'NONE', #2367, .T. ) ;
#4144 = PLANE ( 'NONE',  #998 ) ;
#4145 = CARTESIAN_POINT ( 'NONE',  ( -3.302499999999978897, 3.109999999999999876, -2.000000000000034639 ) ) ;
#4146 = DIRECTION ( 'NONE',  ( 1.047444401652940007E-14, 0.000000000000000000, -1.000000000000000000 ) ) ;
#4147 = ORIENTED_EDGE ( 'NONE', *, *, #122, .T. ) ;
#4148 = VERTEX_POINT ( 'NONE', #49 ) ;
#4149 = ORIENTED_EDGE ( 'NONE', *, *, #1521, .F. ) ;
#4150 = DIRECTION ( 'NONE',  ( -0.9990482215818580203, -0.04361938736532974814, -1.046447466677242862E-14 ) ) ;
#4151 = VECTOR ( 'NONE', #2688, 1000.000000000000000 ) ;
#4152 = ORIENTED_EDGE ( 'NONE', *, *, #2370, .T. ) ;
#4153 = CARTESIAN_POINT ( 'NONE',  ( -4.522306814035871980, 0.2999999999999954925, -4.540000000000047109 ) ) ;
#4154 = EDGE_CURVE ( 'NONE', #3311, #2732, #3534, .T. ) ;
#4155 = ORIENTED_EDGE ( 'NONE', *, *, #1996, .T. ) ;
#4156 = DIRECTION ( 'NONE',  ( 1.000000000000000000, 0.000000000000000000, 1.070555471053704677E-14 ) ) ;
#4157 = EDGE_CURVE ( 'NONE', #2302, #1340, #5015, .T. ) ;
#4158 = DIRECTION ( 'NONE',  ( 1.000000000000000000, 0.000000000000000000, 1.047444401652940007E-14 ) ) ;
#4159 = AXIS2_PLACEMENT_3D ( 'NONE', #4994, #3798, #1511 ) ;
#4160 = DIRECTION ( 'NONE',  ( -1.047444401652940007E-14, 0.000000000000000000, 1.000000000000000000 ) ) ;
#4161 = VECTOR ( 'NONE', #4454, 1000.000000000000000 ) ;
#4162 = CIRCLE ( 'NONE', #1985, 0.2228044079883506334 ) ;
#4163 = LINE ( 'NONE', #2571, #190 ) ;
#4164 = DIRECTION ( 'NONE',  ( -1.047444401652940007E-14, 0.000000000000000000, 1.000000000000000000 ) ) ;
#4165 = CARTESIAN_POINT ( 'NONE',  ( -3.282752125361884321, 3.259999999999999787, -0.5400000000000343414 ) ) ;
#4166 = UNCERTAINTY_MEASURE_WITH_UNIT (LENGTH_MEASURE( 1.000000000000000082E-05 ), #1157, 'distance_accuracy_value', 'NONE');
#4167 = VECTOR ( 'NONE', #4418, 1000.000000000000000 ) ;
#4168 = VECTOR ( 'NONE', #3994, 1000.000000000000000 ) ;
#4169 = ORIENTED_EDGE ( 'NONE', *, *, #4289, .T. ) ;
#4170 = ORIENTED_EDGE ( 'NONE', *, *, #276, .F. ) ;
#4171 = DIRECTION ( 'NONE',  ( -1.000000000000000000, 0.000000000000000000, -9.732322464124589117E-15 ) ) ;
#4172 = LINE ( 'NONE', #1387, #2951 ) ;
#4173 = CLOSED_SHELL ( 'NONE', ( #4752, #780, #1957, #2051, #2190, #1733, #1662, #2523, #2494, #4352, #3579, #5029, #3486, #611, #354, #970, #1998, #4142, #379 ) ) ;
#4174 = CARTESIAN_POINT ( 'NONE',  ( -4.522306814035961686, -4.662069341687669855E-15, 3.079999999999952554 ) ) ;
#4175 = LINE ( 'NONE', #1097, #3755 ) ;
#4176 = ORIENTED_EDGE ( 'NONE', *, *, #2372, .F. ) ;
#4177 = ORIENTED_EDGE ( 'NONE', *, *, #702, .T. ) ;
#4178 = ORIENTED_EDGE ( 'NONE', *, *, #3793, .T. ) ;
#4179 = PLANE ( 'NONE',  #438 ) ;
#4180 = ORIENTED_EDGE ( 'NONE', *, *, #2372, .T. ) ;
#4181 = DIRECTION ( 'NONE',  ( -1.000000000000000000, 0.000000000000000000, -9.732322464124606472E-15 ) ) ;
#4182 = PRODUCT_DEFINITION ( 'UNKNOWN', '', #3814, #2647 ) ;
#4183 = EDGE_CURVE ( 'NONE', #2679, #107, #405, .T. ) ;
#4184 = CARTESIAN_POINT ( 'NONE',  ( -5.149999999999979039, 0.2999999999999999889, -2.000000000000053735 ) ) ;
#4185 = LINE ( 'NONE', #3836, #946 ) ;
#4186 = DIRECTION ( 'NONE',  ( -1.000000000000000000, -8.673617379884041783E-15, -1.047444401652940007E-14 ) ) ;
#4187 = SURFACE_SIDE_STYLE ('',( #1883 ) ) ;
#4188 = EDGE_LOOP ( 'NONE', ( #3039, #4190, #4031, #2325, #3391, #2413, #1824, #377, #4305, #2637, #2908, #8, #4538 ) ) ;
#4189 = EDGE_LOOP ( 'NONE', ( #4599, #4548, #2254, #4787 ) ) ;
#4190 = ORIENTED_EDGE ( 'NONE', *, *, #2304, .F. ) ;
#4191 = VECTOR ( 'NONE', #1805, 1000.000000000000000 ) ;
#4192 = CARTESIAN_POINT ( 'NONE',  ( -3.679305260539812217, 2.959999999999999964, -4.540000000000038227 ) ) ;
#4193 = DIRECTION ( 'NONE',  ( -1.047444401652940007E-14, 0.000000000000000000, 1.000000000000000000 ) ) ;
#4194 = LINE ( 'NONE', #2278, #4125 ) ;
#4195 = EDGE_CURVE ( 'NONE', #414, #1073, #25, .T. ) ;
#4196 = CARTESIAN_POINT ( 'NONE',  ( -4.201612074575795219, 2.759999999999999787, 1.999999999999956257 ) ) ;
#4197 = VECTOR ( 'NONE', #1347, 1000.000000000000000 ) ;
#4198 = ORIENTED_EDGE ( 'NONE', *, *, #1231, .T. ) ;
#4199 = PLANE ( 'NONE',  #964 ) ;
#4200 = CARTESIAN_POINT ( 'NONE',  ( 4.522306814035896849, -4.662069341687669855E-15, 3.080000000000047145 ) ) ;
#4201 = VECTOR ( 'NONE', #3109, 1000.000000000000000 ) ;
#4202 = FACE_OUTER_BOUND ( 'NONE', #4717, .T. ) ;
#4203 = VECTOR ( 'NONE', #3598, 1000.000000000000000 ) ;
#4204 = CIRCLE ( 'NONE', #4611, 0.2228044079883510498 ) ;
#4205 = ORIENTED_EDGE ( 'NONE', *, *, #4183, .T. ) ;
#4206 = DIRECTION ( 'NONE',  ( -1.788411804456530882E-30, 1.000000000000000000, 1.707404996040165005E-16 ) ) ;
#4207 = EDGE_CURVE ( 'NONE', #3446, #3532, #1217, .T. ) ;
#4208 = ORIENTED_EDGE ( 'NONE', *, *, #3734, .T. ) ;
#4209 = DIRECTION ( 'NONE',  ( 1.047444401652940007E-14, 0.000000000000000000, -1.000000000000000000 ) ) ;
#4210 = SHAPE_DEFINITION_REPRESENTATION ( #1500, #171 ) ;
#4211 = VECTOR ( 'NONE', #43, 1000.000000000000000 ) ;
#4212 = EDGE_CURVE ( 'NONE', #2650, #3002, #628, .T. ) ;
#4213 = CARTESIAN_POINT ( 'NONE',  ( -3.302500000000050839, 3.109999999999999876, 4.827499999999965929 ) ) ;
#4214 = FACE_OUTER_BOUND ( 'NONE', #649, .T. ) ;
#4215 = CARTESIAN_POINT ( 'NONE',  ( -3.282752125361847462, 3.259999999999999787, -4.047500000000034959 ) ) ;
#4216 = ADVANCED_FACE ( 'NONE', ( #2893 ), #901, .F. ) ;
#4217 = PRESENTATION_STYLE_ASSIGNMENT (( #460 ) ) ;
#4218 = VERTEX_POINT ( 'NONE', #951 ) ;
#4219 = ORIENTED_EDGE ( 'NONE', *, *, #2741, .F. ) ;
#4220 = FACE_OUTER_BOUND ( 'NONE', #3083, .T. ) ;
#4221 = LINE ( 'NONE', #1888, #4368 ) ;
#4222 = CARTESIAN_POINT ( 'NONE',  ( 3.901897608101262627, 2.746914183790395203, -4.047499999999959464 ) ) ;
#4223 = DIRECTION ( 'NONE',  ( -0.9396926207859107594, -6.898228968790631528E-15, 0.3420201433256622181 ) ) ;
#4224 = DIRECTION ( 'NONE',  ( 1.000000000000000000, 0.000000000000000000, 1.078386335459177105E-14 ) ) ;
#4225 = ORIENTED_EDGE ( 'NONE', *, *, #2496, .T. ) ;
#4226 = ORIENTED_EDGE ( 'NONE', *, *, #4504, .T. ) ;
#4227 = DIRECTION ( 'NONE',  ( 0.1305261922200546265, 0.9914448613738100491, 1.367189293099717466E-15 ) ) ;
#4228 = CARTESIAN_POINT ( 'NONE',  ( 4.201612074575817424, 2.759999999999999787, -4.047499999999955911 ) ) ;
#4229 = CARTESIAN_POINT ( 'NONE',  ( 3.679305260539892153, 2.737195592011649747, -3.079999999999961435 ) ) ;
#4230 = ORIENTED_EDGE ( 'NONE', *, *, #2942, .T. ) ;
#4231 = PLANE ( 'NONE',  #3122 ) ;
#4232 = ORIENTED_EDGE ( 'NONE', *, *, #2858, .F. ) ;
#4233 = PLANE ( 'NONE',  #1364 ) ;
#4234 = DIRECTION ( 'NONE',  ( -1.047444401652940007E-14, 0.000000000000000000, 1.000000000000000000 ) ) ;
#4236 = VECTOR ( 'NONE', #3038, 1000.000000000000000 ) ;
#4235 = LINE ( 'NONE', #2998, #724 ) ;
#4237 = CARTESIAN_POINT ( 'NONE',  ( -3.282752125361926954, 2.959999999999999964, 3.079999999999965432 ) ) ;
#4238 = SURFACE_STYLE_FILL_AREA ( #789 ) ;
#4239 = VECTOR ( 'NONE', #1527, 1000.000000000000114 ) ;
#4240 = CIRCLE ( 'NONE', #4738, 0.5228044079883509276 ) ;
#4241 = EDGE_LOOP ( 'NONE', ( #5030, #2773, #1230, #2376, #3984, #4678, #641, #4285, #3631, #622, #3794, #3705, #931 ) ) ;
#4242 = ORIENTED_EDGE ( 'NONE', *, *, #3733, .T. ) ;
#4243 = ORIENTED_EDGE ( 'NONE', *, *, #2153, .F. ) ;
#4244 = LINE ( 'NONE', #1967, #1857 ) ;
#4245 = LINE ( 'NONE', #4613, #1324 ) ;
#4246 = AXIS2_PLACEMENT_3D ( 'NONE', #4755, #1682, #4654 ) ;
#4247 = DIRECTION ( 'NONE',  ( -1.000000000000000000, 1.093626126041279919E-15, -1.047444401652940007E-14 ) ) ;
#4248 = VECTOR ( 'NONE', #3140, 1000.000000000000000 ) ;
#4249 = LINE ( 'NONE', #2331, #3608 ) ;
#4250 = ORIENTED_EDGE ( 'NONE', *, *, #4875, .T. ) ;
#4251 = EDGE_CURVE ( 'NONE', #1001, #4521, #3233, .T. ) ;
#4252 = EDGE_CURVE ( 'NONE', #107, #4871, #4059, .T. ) ;
#4253 = VERTEX_POINT ( 'NONE', #198 ) ;
#4254 = VECTOR ( 'NONE', #4421, 1000.000000000000000 ) ;
#4255 = LINE ( 'NONE', #4972, #1040 ) ;
#4256 = DIRECTION ( 'NONE',  ( 0.04361938736533049754, 0.9990482215818580203, 4.568888309934641380E-16 ) ) ;
#4257 = FACE_OUTER_BOUND ( 'NONE', #1877, .T. ) ;
#4258 = DIRECTION ( 'NONE',  ( -1.047444401652940007E-14, 0.000000000000000000, 1.000000000000000000 ) ) ;
#4259 = ORIENTED_EDGE ( 'NONE', *, *, #1584, .T. ) ;
#4260 = DIRECTION ( 'NONE',  ( -1.047444401652940007E-14, 0.000000000000000000, 1.000000000000000000 ) ) ;
#4261 = VERTEX_POINT ( 'NONE', #4872 ) ;
#4262 = DIRECTION ( 'NONE',  ( 0.1305261922200546265, 0.9914448613738100491, 1.367189293099717466E-15 ) ) ;
#4263 = DIRECTION ( 'NONE',  ( 0.000000000000000000, 1.000000000000000000, 0.000000000000000000 ) ) ;
#4264 = LINE ( 'NONE', #3460, #4900 ) ;
#4265 = PLANE ( 'NONE',  #802 ) ;
#4266 = LINE ( 'NONE', #4237, #919 ) ;
#4267 = SURFACE_SIDE_STYLE ('',( #2294 ) ) ;
#4268 = VERTEX_POINT ( 'NONE', #1317 ) ;
#4269 = DIRECTION ( 'NONE',  ( -7.340941938036420458E-15, 1.000000000000000000, -7.689228535855532732E-29 ) ) ;
#4270 = CARTESIAN_POINT ( 'NONE',  ( 3.679305260539839306, 2.737195592011649747, 2.000000000000038636 ) ) ;
#4271 = PLANE ( 'NONE',  #837 ) ;
#4272 = CARTESIAN_POINT ( 'NONE',  ( -3.679305260539839306, 2.959999999999999964, -2.000000000000038636 ) ) ;
#4273 = LINE ( 'NONE', #367, #355 ) ;
#4274 = ORIENTED_EDGE ( 'NONE', *, *, #3602, .F. ) ;
#4275 = EDGE_CURVE ( 'NONE', #2657, #2001, #2463, .T. ) ;
#4276 = ORIENTED_EDGE ( 'NONE', *, *, #2548, .F. ) ;
#4277 =( LENGTH_UNIT ( ) NAMED_UNIT ( * ) SI_UNIT ( .MILLI., .METRE. ) );
#4278 = DIRECTION ( 'NONE',  ( 0.9396926207859073177, 6.898228968790640206E-15, 0.3420201433256717660 ) ) ;
#4279 = LINE ( 'NONE', #4974, #4284 ) ;
#4280 = EDGE_CURVE ( 'NONE', #2080, #414, #1692, .T. ) ;
#4281 = AXIS2_PLACEMENT_3D ( 'NONE', #1753, #2562, #3659 ) ;
#4282 = EDGE_CURVE ( 'NONE', #1691, #605, #4933, .T. ) ;
#4283 = VERTEX_POINT ( 'NONE', #552 ) ;
#4284 = VECTOR ( 'NONE', #1873, 1000.000000000000000 ) ;
#4285 = ORIENTED_EDGE ( 'NONE', *, *, #3541, .F. ) ;
#4286 = VECTOR ( 'NONE', #2953, 1000.000000000000000 ) ;
#4287 = ORIENTED_EDGE ( 'NONE', *, *, #4099, .F. ) ;
#4288 = DIRECTION ( 'NONE',  ( -1.047444401652940007E-14, 0.000000000000000000, 1.000000000000000000 ) ) ;
#4289 = EDGE_CURVE ( 'NONE', #1790, #2080, #2845, .T. ) ;
#4290 = VECTOR ( 'NONE', #4247, 1000.000000000000000 ) ;
#4291 = AXIS2_PLACEMENT_3D ( 'NONE', #4580, #1087, #2673 ) ;
#4292 = DIRECTION ( 'NONE',  ( -0.04361938736532974814, -0.9990482215818580203, -4.568888309934562493E-16 ) ) ;
#4293 = CARTESIAN_POINT ( 'NONE',  ( -4.700000000000006395, -7.692414413784648911E-14, 0.5399999999999977041 ) ) ;
#4294 = FACE_OUTER_BOUND ( 'NONE', #369, .T. ) ;
#4295 = DIRECTION ( 'NONE',  ( -1.000000000000000000, 1.994933077530910030E-15, -1.047444401652940007E-14 ) ) ;
#4296 = EDGE_CURVE ( 'NONE', #4541, #2966, #4848, .T. ) ;
#4297 = CARTESIAN_POINT ( 'NONE',  ( -3.679305260539839306, 2.737195592011649747, -2.000000000000038636 ) ) ;
#4298 = ORIENTED_EDGE ( 'NONE', *, *, #1066, .T. ) ;
#4299 = DIRECTION ( 'NONE',  ( 0.9914448613738101601, -0.1305261922200546543, 1.038483369593572679E-14 ) ) ;
#4300 = PLANE ( 'NONE',  #4159 ) ;
#4301 = LINE ( 'NONE', #4714, #4543 ) ;
#4302 = CARTESIAN_POINT ( 'NONE',  ( 3.679305260539827760, 2.959999999999999964, 3.080000000000038263 ) ) ;
#4303 = VERTEX_POINT ( 'NONE', #3344 ) ;
#4304 = ADVANCED_FACE ( 'NONE', ( #1366 ), #2536, .T. ) ;
#4305 = ORIENTED_EDGE ( 'NONE', *, *, #2184, .F. ) ;
#4306 = EDGE_CURVE ( 'NONE', #1514, #341, #4388, .T. ) ;
#4307 = LINE ( 'NONE', #3120, #4211 ) ;
#4308 = CARTESIAN_POINT ( 'NONE',  ( -3.679305260539880607, 2.737195592011649747, 1.999999999999961364 ) ) ;
#4309 = ORIENTED_EDGE ( 'NONE', *, *, #4361, .F. ) ;
#4310 = ORIENTED_EDGE ( 'NONE', *, *, #2400, .T. ) ;
#4311 = CARTESIAN_POINT ( 'NONE',  ( -4.879255340376114525, -7.827939685345339489E-14, -1.507500000000000950 ) ) ;
#4312 = ADVANCED_FACE ( 'NONE', ( #4106 ), #2157, .F. ) ;
#4313 = CARTESIAN_POINT ( 'NONE',  ( 3.901897608101240866, 2.746914183790395203, -1.999999999999959366 ) ) ;
#4314 = ADVANCED_FACE ( 'NONE', ( #3323 ), #219, .F. ) ;
#4315 = LINE ( 'NONE', #2776, #268 ) ;
#4316 = DIRECTION ( 'NONE',  ( -1.000000000000000000, -7.340941938036410991E-15, -1.047444401652940007E-14 ) ) ;
#4317 = SURFACE_STYLE_USAGE ( .BOTH. , #4267 ) ;
#4318 = DIRECTION ( 'NONE',  ( -1.000000000000000000, -1.093626126041270058E-15, -1.047444401652940007E-14 ) ) ;
#4319 = DIRECTION ( 'NONE',  ( 0.04361938736532974814, -0.9990482215818580203, 4.568888309934562493E-16 ) ) ;
#4320 = DIRECTION ( 'NONE',  ( -1.047444401652940007E-14, 0.000000000000000000, 1.000000000000000000 ) ) ;
#4321 = DIRECTION ( 'NONE',  ( -0.1305261922200462166, 0.9914448613738110483, -1.536469084060428860E-15 ) ) ;
#4322 = CARTESIAN_POINT ( 'NONE',  ( -4.299714466474553909, 0.5130858162095990327, -0.5400000000000449996 ) ) ;
#4323 = ORIENTED_EDGE ( 'NONE', *, *, #3013, .T. ) ;
#4324 = VECTOR ( 'NONE', #3355, 1000.000000000000000 ) ;
#4325 = VECTOR ( 'NONE', #2404, 1000.000000000000000 ) ;
#4326 = EDGE_CURVE ( 'NONE', #1237, #4847, #4491, .T. ) ;
#4327 = VERTEX_POINT ( 'NONE', #248 ) ;
#4328 = VECTOR ( 'NONE', #3104, 1000.000000000000000 ) ;
#4329 = CARTESIAN_POINT ( 'NONE',  ( 3.679305260539817546, 2.959999999999999964, 4.047500000000037623 ) ) ;
#4330 = DIRECTION ( 'NONE',  ( 0.9914448613738103822, 0.1305261922200520452, 1.038483369593572836E-14 ) ) ;
#4331 = VECTOR ( 'NONE', #1191, 1000.000000000000000 ) ;
#4332 = DIRECTION ( 'NONE',  ( -0.1294283079955626525, -0.9831056027603600755, -0.1294283079955654003 ) ) ;
#4333 = VECTOR ( 'NONE', #4806, 1000.000000000000000 ) ;
#4334 = VERTEX_POINT ( 'NONE', #4011 ) ;
#4335 = VERTEX_POINT ( 'NONE', #4439 ) ;
#4336 = CARTESIAN_POINT ( 'NONE',  ( 3.679305260539865507, 2.737195592011649747, -0.5399999999999615108 ) ) ;
#4337 = ORIENTED_EDGE ( 'NONE', *, *, #898, .T. ) ;
#4338 = DIRECTION ( 'NONE',  ( -1.047444401652940007E-14, 0.000000000000000000, 1.000000000000000000 ) ) ;
#4339 = MANIFOLD_SOLID_BREP ( 'NONE', #1992 ) ;
#4340 = DIRECTION ( 'NONE',  ( -1.047444401652940007E-14, 0.000000000000000000, 1.000000000000000000 ) ) ;
#4341 = EDGE_CURVE ( 'NONE', #867, #2535, #4130, .T. ) ;
#4342 = CARTESIAN_POINT ( 'NONE',  ( -4.522306814035898626, 0.5228044079883460427, -2.000000000000047518 ) ) ;
#4343 = CARTESIAN_POINT ( 'NONE',  ( -5.150000000000037659, 0.2999999999999999889, 3.572500000000001563 ) ) ;
#4344 = CARTESIAN_POINT ( 'NONE',  ( 3.679305260539902367, 3.259999999999999787, -4.047499999999962128 ) ) ;
#4345 = CARTESIAN_POINT ( 'NONE',  ( -3.282752125361862561, 2.959999999999999964, -3.080000000000034266 ) ) ;
#4346 = DIRECTION ( 'NONE',  ( 1.047444401652940007E-14, 0.000000000000000000, -1.000000000000000000 ) ) ;
#4347 = PLANE ( 'NONE',  #1331 ) ;
#4348 = ORIENTED_EDGE ( 'NONE', *, *, #4296, .F. ) ;
#4349 = EDGE_CURVE ( 'NONE', #3040, #2892, #652, .T. ) ;
#4350 = ORIENTED_EDGE ( 'NONE', *, *, #1502, .F. ) ;
#4351 = LINE ( 'NONE', #3220, #4008 ) ;
#4352 = ADVANCED_FACE ( 'NONE', ( #1419 ), #3398, .F. ) ;
#4353 = CARTESIAN_POINT ( 'NONE',  ( -3.140762462878160743, 4.338518562774875242, -4.665762462878243255 ) ) ;
#4354 = MANIFOLD_SOLID_BREP ( 'NONE', #1501 ) ;
#4355 = EDGE_LOOP ( 'NONE', ( #3745, #4888, #2944, #1752 ) ) ;
#4356 = ORIENTED_EDGE ( 'NONE', *, *, #2177, .F. ) ;
#4357 = AXIS2_PLACEMENT_3D ( 'NONE', #583, #205, #3301 ) ;
#4358 = VERTEX_POINT ( 'NONE', #2988 ) ;
#4359 = CARTESIAN_POINT ( 'NONE',  ( 3.679305260539839306, 3.259999999999999787, 2.000000000000038636 ) ) ;
#4360 = CIRCLE ( 'NONE', #949, 0.2228044079883506334 ) ;
#4361 = EDGE_CURVE ( 'NONE', #2149, #2237, #3345, .T. ) ;
#4362 = ORIENTED_EDGE ( 'NONE', *, *, #3352, .T. ) ;
#4363 = ORIENTED_EDGE ( 'NONE', *, *, #3317, .T. ) ;
#4364 = EDGE_CURVE ( 'NONE', #1296, #4056, #199, .T. ) ;
#4365 = LINE ( 'NONE', #4313, #1249 ) ;
#4366 = DIRECTION ( 'NONE',  ( -1.000000000000000000, 0.000000000000000000, -9.732322464124589117E-15 ) ) ;
#4367 = VECTOR ( 'NONE', #4083, 1000.000000000000000 ) ;
#4368 = VECTOR ( 'NONE', #4688, 1000.000000000000000 ) ;
#4369 = LINE ( 'NONE', #2446, #4168 ) ;
#4370 = VECTOR ( 'NONE', #4332, 1000.000000000000114 ) ;
#4371 = ADVANCED_FACE ( 'NONE', ( #1027 ), #4546, .F. ) ;
#4372 = LINE ( 'NONE', #3617, #3435 ) ;
#4373 = DIRECTION ( 'NONE',  ( -0.9396926207859107594, -6.898228968790631528E-15, 0.3420201433256622181 ) ) ;
#4374 = LINE ( 'NONE', #4345, #4325 ) ;
#4375 = CARTESIAN_POINT ( 'NONE',  ( -3.282752125361910966, 3.259999999999999787, 1.999999999999965805 ) ) ;
#4376 = LINE ( 'NONE', #2121, #2626 ) ;
#4377 = VECTOR ( 'NONE', #4158, 1000.000000000000000 ) ;
#4378 = ORIENTED_EDGE ( 'NONE', *, *, #3639, .F. ) ;
#4379 = VECTOR ( 'NONE', #942, 1000.000000000000000 ) ;
#4380 = ORIENTED_EDGE ( 'NONE', *, *, #1399, .T. ) ;
#4381 = ADVANCED_FACE ( 'NONE', ( #1847 ), #2183, .F. ) ;
#4382 = DIRECTION ( 'NONE',  ( -1.047444401652940007E-14, 1.707404996040165005E-16, 1.000000000000000000 ) ) ;
#4383 = DIRECTION ( 'NONE',  ( 1.047444401652940007E-14, 0.000000000000000000, -1.000000000000000000 ) ) ;
#4384 = PLANE ( 'NONE',  #3241 ) ;
#4385 = ORIENTED_EDGE ( 'NONE', *, *, #2570, .T. ) ;
#4386 = ORIENTED_EDGE ( 'NONE', *, *, #4049, .T. ) ;
#4387 = ORIENTED_EDGE ( 'NONE', *, *, #451, .T. ) ;
#4388 = LINE ( 'NONE', #170, #4367 ) ;
#4389 = ORIENTED_EDGE ( 'NONE', *, *, #1885, .F. ) ;
#4390 = ORIENTED_EDGE ( 'NONE', *, *, #153, .T. ) ;
#4391 = DIRECTION ( 'NONE',  ( 7.389999089083924097E-43, 1.000000000000000000, -7.055266205463500381E-29 ) ) ;
#4392 = DIRECTION ( 'NONE',  ( -1.047444401652940007E-14, 0.000000000000000000, 1.000000000000000000 ) ) ;
#4393 = PLANE ( 'NONE',  #1006 ) ;
#4394 = LINE ( 'NONE', #179, #1085 ) ;
#4395 = LINE ( 'NONE', #3590, #716 ) ;
#4396 = FACE_OUTER_BOUND ( 'NONE', #2135, .T. ) ;
#4397 = LINE ( 'NONE', #818, #2026 ) ;
#4398 = DIRECTION ( 'NONE',  ( -1.047444401652940007E-14, 0.000000000000000000, 1.000000000000000000 ) ) ;
#4399 = ORIENTED_EDGE ( 'NONE', *, *, #216, .T. ) ;
#4400 = MANIFOLD_SOLID_BREP ( 'NONE', #2234 ) ;
#4401 = VECTOR ( 'NONE', #3145, 1000.000000000000000 ) ;
#4402 = ORIENTED_EDGE ( 'NONE', *, *, #832, .T. ) ;
#4403 = CARTESIAN_POINT ( 'NONE',  ( 3.302500000000032188, 3.109999999999999876, -3.079999999999964988 ) ) ;
#4404 = FACE_OUTER_BOUND ( 'NONE', #4721, .T. ) ;
#4405 = CIRCLE ( 'NONE', #2712, 0.5000000000000000000 ) ;
#4406 = EDGE_CURVE ( 'NONE', #2818, #1128, #4873, .T. ) ;
#4407 = ORIENTED_EDGE ( 'NONE', *, *, #4449, .F. ) ;
#4408 = VECTOR ( 'NONE', #1959, 1000.000000000000000 ) ;
#4409 = AXIS2_PLACEMENT_3D ( 'NONE', #2907, #106, #589 ) ;
#4410 = ORIENTED_EDGE ( 'NONE', *, *, #4578, .F. ) ;
#4411 = ORIENTED_EDGE ( 'NONE', *, *, #1150, .F. ) ;
#4412 = DIRECTION ( 'NONE',  ( 1.000000000000000000, 0.000000000000000000, 1.078386335459176158E-14 ) ) ;
#4413 = AXIS2_PLACEMENT_3D ( 'NONE', #3890, #407, #3510 ) ;
#4414 = VECTOR ( 'NONE', #3053, 1000.000000000000000 ) ;
#4415 = ORIENTED_EDGE ( 'NONE', *, *, #1807, .T. ) ;
#4416 = VERTEX_POINT ( 'NONE', #5002 ) ;
#4417 = AXIS2_PLACEMENT_3D ( 'NONE', #2013, #4043, #3589 ) ;
#4418 = DIRECTION ( 'NONE',  ( -1.788411804456530882E-30, 1.000000000000000000, 1.707404996040165005E-16 ) ) ;
#4419 = LINE ( 'NONE', #1727, #3477 ) ;
#4420 = EDGE_CURVE ( 'NONE', #139, #1041, #19, .T. ) ;
#4421 = DIRECTION ( 'NONE',  ( -1.000000000000000000, -7.340941938036420458E-15, -1.047444401652940007E-14 ) ) ;
#4422 = CARTESIAN_POINT ( 'NONE',  ( 3.282752125361932727, 3.259999999999999787, -4.047499999999964793 ) ) ;
#4423 = CARTESIAN_POINT ( 'NONE',  ( 4.679213845861931453, 0.2999999999999964917, -2.057109489131671243 ) ) ;
#4424 = CARTESIAN_POINT ( 'NONE',  ( -3.282752125361932727, 3.259999999999999787, 4.047499999999964793 ) ) ;
#4425 = PLANE ( 'NONE',  #1746 ) ;
#4426 = ORIENTED_EDGE ( 'NONE', *, *, #4154, .T. ) ;
#4427 = ORIENTED_EDGE ( 'NONE', *, *, #814, .T. ) ;
#4428 = ADVANCED_FACE ( 'NONE', ( #4202 ), #3146, .F. ) ;
#4429 = FACE_OUTER_BOUND ( 'NONE', #4739, .T. ) ;
#4430 = LINE ( 'NONE', #4054, #670 ) ;
#4431 = CARTESIAN_POINT ( 'NONE',  ( 3.679305260539854405, 2.959999999999999964, 0.5400000000000384492 ) ) ;
#4432 = ADVANCED_FACE ( 'NONE', ( #4257 ), #4648, .F. ) ;
#4433 = MANIFOLD_SOLID_BREP ( 'NONE', #4173 ) ;
#4434 = ORIENTED_EDGE ( 'NONE', *, *, #4809, .T. ) ;
#4435 = ORIENTED_EDGE ( 'NONE', *, *, #3471, .T. ) ;
#4436 = EDGE_CURVE ( 'NONE', #4148, #2650, #1925, .T. ) ;
#4437 = ORIENTED_EDGE ( 'NONE', *, *, #2790, .T. ) ;
#4438 = EDGE_CURVE ( 'NONE', #3115, #419, #824, .T. ) ;
#4439 = CARTESIAN_POINT ( 'NONE',  ( 3.679305260539854405, 2.959999999999999964, 0.5400000000000384492 ) ) ;
#4440 = ADVANCED_FACE ( 'NONE', ( #2740 ), #3094, .F. ) ;
#4441 = VERTEX_POINT ( 'NONE', #45 ) ;
#4442 = ORIENTED_EDGE ( 'NONE', *, *, #1138, .T. ) ;
#4443 = AXIS2_PLACEMENT_3D ( 'NONE', #1989, #3944, #1606 ) ;
#4444 = CARTESIAN_POINT ( 'NONE',  ( 3.901897608101177362, 2.746914183790395203, 4.047500000000040288 ) ) ;
#4445 = CARTESIAN_POINT ( 'NONE',  ( 5.150000000000042988, 5.080000000000000071, -4.047499999999946141 ) ) ;
#4446 = EDGE_CURVE ( 'NONE', #2253, #1296, #2337, .T. ) ;
#4447 = DIRECTION ( 'NONE',  ( 0.1305261922200462166, -0.9914448613738110483, 1.367189293099629508E-15 ) ) ;
#4448 = AXIS2_PLACEMENT_3D ( 'NONE', #4680, #3225, #3559 ) ;
#4449 = EDGE_CURVE ( 'NONE', #196, #4098, #4279, .T. ) ;
#4450 = LINE ( 'NONE', #2088, #3287 ) ;
#4451 = PRESENTATION_LAYER_ASSIGNMENT (  '', '', ( #4621 ) ) ;
#4452 = AXIS2_PLACEMENT_3D ( 'NONE', #4270, #2622, #4171 ) ;
#4453 = DIRECTION ( 'NONE',  ( -7.340941938036420458E-15, 1.000000000000000000, -7.689228535855532732E-29 ) ) ;
#4454 = DIRECTION ( 'NONE',  ( -7.340941938036420458E-15, 1.000000000000000000, -7.689228535855532732E-29 ) ) ;
#4455 =( LENGTH_UNIT ( ) NAMED_UNIT ( * ) SI_UNIT ( .MILLI., .METRE. ) );
#4456 = LINE ( 'NONE', #4786, #4985 ) ;
#4457 = ORIENTED_EDGE ( 'NONE', *, *, #3949, .T. ) ;
#4458 = MANIFOLD_SOLID_BREP ( 'NONE', #1339 ) ;
#4459 = VECTOR ( 'NONE', #4123, 1000.000000000000000 ) ;
#4460 = VECTOR ( 'NONE', #331, 1000.000000000000000 ) ;
#4461 = ORIENTED_EDGE ( 'NONE', *, *, #2922, .T. ) ;
#4462 = DIRECTION ( 'NONE',  ( -0.9914448613738103822, 0.1305261922200520452, -9.850432035812977008E-15 ) ) ;
#4463 = DIRECTION ( 'NONE',  ( -7.340941938036420458E-15, 1.000000000000000000, -7.689228535855532732E-29 ) ) ;
#4464 = CARTESIAN_POINT ( 'NONE',  ( 4.879255340376094097, 0.2999999999999999889, 1.507500000000051132 ) ) ;
#4465 = EDGE_CURVE ( 'NONE', #2110, #1479, #1490, .T. ) ;
#4466 = EDGE_CURVE ( 'NONE', #3044, #236, #3195, .T. ) ;
#4467 = EDGE_LOOP ( 'NONE', ( #930, #88, #3343, #4350 ) ) ;
#4468 = ORIENTED_EDGE ( 'NONE', *, *, #686, .F. ) ;
#4469 = DIRECTION ( 'NONE',  ( -1.047444401652940007E-14, 0.000000000000000000, 1.000000000000000000 ) ) ;
#4470 = FILL_AREA_STYLE ('',( #292 ) ) ;
#4471 = ORIENTED_EDGE ( 'NONE', *, *, #2333, .F. ) ;
#4472 = ORIENTED_EDGE ( 'NONE', *, *, #4449, .T. ) ;
#4473 = DIRECTION ( 'NONE',  ( -1.047444401652940007E-14, 0.000000000000000000, 1.000000000000000000 ) ) ;
#4474 = FACE_OUTER_BOUND ( 'NONE', #2982, .T. ) ;
#4475 = DIRECTION ( 'NONE',  ( 1.047444401652940007E-14, 0.000000000000000000, -1.000000000000000000 ) ) ;
#4476 = EDGE_CURVE ( 'NONE', #211, #867, #138, .T. ) ;
#4477 = ADVANCED_FACE ( 'NONE', ( #4767 ), #3577, .F. ) ;
#4478 = DIRECTION ( 'NONE',  ( 1.047444401652940007E-14, 0.000000000000000000, -1.000000000000000000 ) ) ;
#4479 = DIRECTION ( 'NONE',  ( 1.000000000000000000, 0.000000000000000000, 1.040834085586084257E-14 ) ) ;
#4480 = CARTESIAN_POINT ( 'NONE',  ( -3.282752125361922069, 3.259999999999999787, 3.079999999999965432 ) ) ;
#4481 = ORIENTED_EDGE ( 'NONE', *, *, #2241, .T. ) ;
#4482 = VERTEX_POINT ( 'NONE', #66 ) ;
#4483 = CARTESIAN_POINT ( 'NONE',  ( 3.282752125361922069, 2.959999999999999964, -3.079999999999965432 ) ) ;
#4484 = CARTESIAN_POINT ( 'NONE',  ( 5.150000000000015454, -4.662069341687669855E-15, -1.507499999999945883 ) ) ;
#4485 = DIRECTION ( 'NONE',  ( 0.1305261922200546265, 0.9914448613738100491, 1.536469084060516423E-15 ) ) ;
#4486 = EDGE_LOOP ( 'NONE', ( #3623, #672, #244, #3396 ) ) ;
#4487 = EDGE_CURVE ( 'NONE', #2785, #1670, #3078, .T. ) ;
#4488 = ORIENTED_EDGE ( 'NONE', *, *, #825, .T. ) ;
#4489 = VECTOR ( 'NONE', #1974, 1000.000000000000114 ) ;
#4490 = ORIENTED_EDGE ( 'NONE', *, *, #1401, .F. ) ;
#4491 = LINE ( 'NONE', #3632, #3966 ) ;
#4492 = CARTESIAN_POINT ( 'NONE',  ( -5.149999999999957723, 5.080000000000000071, -4.047500000000053610 ) ) ;
#4493 = VECTOR ( 'NONE', #1195, 1000.000000000000000 ) ;
#4494 = VECTOR ( 'NONE', #3748, 1000.000000000000000 ) ;
#4495 = VERTEX_POINT ( 'NONE', #1313 ) ;
#4496 = ORIENTED_EDGE ( 'NONE', *, *, #1980, .T. ) ;
#4497 = CARTESIAN_POINT ( 'NONE',  ( 4.522306814035913725, 0.5228044079883460427, 0.5400000000000473310 ) ) ;
#4499 = AXIS2_PLACEMENT_3D ( 'NONE', #3490, #4186, #3433 ) ;
#4498 = DIRECTION ( 'NONE',  ( -0.1305261922200520452, 0.9914448613738103822, -1.367189293099690448E-15 ) ) ;
#4500 = AXIS2_PLACEMENT_3D ( 'NONE', #3070, #5031, #3045 ) ;
#4501 = CARTESIAN_POINT ( 'NONE',  ( -3.043144579752872669, 5.080000000000000071, 4.568144579752797085 ) ) ;
#4502 = VECTOR ( 'NONE', #4067, 1000.000000000000000 ) ;
#4503 = PLANE ( 'NONE',  #3941 ) ;
#4504 = EDGE_CURVE ( 'NONE', #4583, #4335, #3730, .T. ) ;
#4505 = DIRECTION ( 'NONE',  ( 7.340941938036420458E-15, -1.000000000000000000, 7.689228535855532732E-29 ) ) ;
#4506 = FACE_OUTER_BOUND ( 'NONE', #2517, .T. ) ;
#4507 = EDGE_CURVE ( 'NONE', #878, #1691, #1696, .T. ) ;
#4508 =( NAMED_UNIT ( * ) SI_UNIT ( $, .STERADIAN. ) SOLID_ANGLE_UNIT ( ) );
#4509 = EDGE_LOOP ( 'NONE', ( #4650, #97 ) ) ;
#4510 = VERTEX_POINT ( 'NONE', #2862 ) ;
#4511 = PLANE ( 'NONE',  #4044 ) ;
#4512 = FACE_OUTER_BOUND ( 'NONE', #4652, .T. ) ;
#4513 = DIRECTION ( 'NONE',  ( 1.093626126041279919E-15, 1.000000000000000000, 1.145512563223331166E-29 ) ) ;
#4514 = CARTESIAN_POINT ( 'NONE',  ( 3.901897608101188020, 2.746914183790395203, 3.080000000000040483 ) ) ;
#4515 = EDGE_CURVE ( 'NONE', #2836, #2059, #397, .T. ) ;
#4516 = ORIENTED_EDGE ( 'NONE', *, *, #3528, .T. ) ;
#4517 = VERTEX_POINT ( 'NONE', #4816 ) ;
#4518 = EDGE_CURVE ( 'NONE', #4335, #23, #166, .T. ) ;
#4519 = ORIENTED_EDGE ( 'NONE', *, *, #2922, .F. ) ;
#4520 = PRESENTATION_STYLE_ASSIGNMENT (( #3754 ) ) ;
#4521 = VERTEX_POINT ( 'NONE', #1718 ) ;
#4522 = CARTESIAN_POINT ( 'NONE',  ( 5.148448800933072000, 0.2999999999999999889, 0.7678970456549207846 ) ) ;
#4523 = CARTESIAN_POINT ( 'NONE',  ( -4.522306814035898626, 0.5228044079883460427, -2.000000000000047518 ) ) ;
#4524 = EDGE_CURVE ( 'NONE', #250, #1757, #91, .T. ) ;
#4525 = CARTESIAN_POINT ( 'NONE',  ( -4.522306814035925271, 0.5228044079883460427, 0.5399999999999526290 ) ) ;
#4526 = LINE ( 'NONE', #1381, #4286 ) ;
#4527 = DIRECTION ( 'NONE',  ( 1.047444401652940007E-14, 0.000000000000000000, -1.000000000000000000 ) ) ;
#4528 = VECTOR ( 'NONE', #1030, 1000.000000000000000 ) ;
#4529 = CARTESIAN_POINT ( 'NONE',  ( 3.282752125361884321, 3.259999999999999787, 0.5400000000000343414 ) ) ;
#4530 =( GEOMETRIC_REPRESENTATION_CONTEXT ( 3 ) GLOBAL_UNCERTAINTY_ASSIGNED_CONTEXT ( ( #4166 ) ) GLOBAL_UNIT_ASSIGNED_CONTEXT ( ( #1157, #3123, #2689 ) ) REPRESENTATION_CONTEXT ( 'NONE', 'WORKASPACE' ) );
#4531 = ORIENTED_EDGE ( 'NONE', *, *, #3429, .T. ) ;
#4532 = ORIENTED_EDGE ( 'NONE', *, *, #1958, .F. ) ;
#4533 = CARTESIAN_POINT ( 'NONE',  ( -4.201612074575817424, 2.759999999999999787, 4.047499999999955911 ) ) ;
#4534 = DIRECTION ( 'NONE',  ( 1.000000000000000000, 0.000000000000000000, 9.954335404238573301E-15 ) ) ;
#4535 = DIRECTION ( 'NONE',  ( 0.04361938736532974814, -0.9990482215818580203, 4.568888309934562493E-16 ) ) ;
#4536 = DIRECTION ( 'NONE',  ( 1.047444401652940007E-14, 0.000000000000000000, -1.000000000000000000 ) ) ;
#4537 = AXIS2_PLACEMENT_3D ( 'NONE', #2050, #852, #872 ) ;
#4538 = ORIENTED_EDGE ( 'NONE', *, *, #3793, .F. ) ;
#4539 = CIRCLE ( 'NONE', #2835, 0.2228044079883505224 ) ;
#4540 = EDGE_CURVE ( 'NONE', #3710, #482, #722, .T. ) ;
#4541 = VERTEX_POINT ( 'NONE', #1337 ) ;
#4542 = EDGE_CURVE ( 'NONE', #1479, #2867, #2889, .T. ) ;
#4543 = VECTOR ( 'NONE', #3620, 1000.000000000000000 ) ;
#4544 = STYLED_ITEM ( 'NONE', ( #2282 ), #2767 ) ;
#4545 = ORIENTED_EDGE ( 'NONE', *, *, #4282, .F. ) ;
#4546 = PLANE ( 'NONE',  #308 ) ;
#4547 = ORIENTED_EDGE ( 'NONE', *, *, #497, .F. ) ;
#4548 = ORIENTED_EDGE ( 'NONE', *, *, #3949, .F. ) ;
#4549 = DIRECTION ( 'NONE',  ( -0.9990482215818580203, -0.04361938736532974814, -1.046447466677242862E-14 ) ) ;
#4550 = AXIS2_PLACEMENT_3D ( 'NONE', #4029, #3625, #494 ) ;
#4551 = CARTESIAN_POINT ( 'NONE',  ( -5.149999999999963052, -8.023096076392729025E-14, -3.572500000000004228 ) ) ;
#4552 = DIRECTION ( 'NONE',  ( 8.621665603931250886E-43, 1.000000000000000000, -8.231143906374089570E-29 ) ) ;
#4553 = CARTESIAN_POINT ( 'NONE',  ( -3.302500000000005542, 3.109999999999999876, 0.5399999999999653966 ) ) ;
#4554 = LINE ( 'NONE', #3431, #4853 ) ;
#4555 = DIRECTION ( 'NONE',  ( 0.000000000000000000, 1.000000000000000000, 0.000000000000000000 ) ) ;
#4556 = PRESENTATION_STYLE_ASSIGNMENT (( #307 ) ) ;
#4557 = ORIENTED_EDGE ( 'NONE', *, *, #456, .T. ) ;
#4558 = ORIENTED_EDGE ( 'NONE', *, *, #144, .T. ) ;
#4559 = DIRECTION ( 'NONE',  ( -1.047444401652940007E-14, 0.000000000000000000, 1.000000000000000000 ) ) ;
#4560 = CYLINDRICAL_SURFACE ( 'NONE', #1247, 0.5000000000000000000 ) ;
#4561 = CARTESIAN_POINT ( 'NONE',  ( 3.043144579752782519, 1.139999999999999902, 4.568144579752861922 ) ) ;
#4562 = CARTESIAN_POINT ( 'NONE',  ( -4.522306814035877309, 0.5228044079883460427, -4.047500000000047393 ) ) ;
#4563 = ORIENTED_EDGE ( 'NONE', *, *, #2719, .T. ) ;
#4564 = ORIENTED_EDGE ( 'NONE', *, *, #3174, .T. ) ;
#4565 = ORIENTED_EDGE ( 'NONE', *, *, #1597, .T. ) ;
#4566 = ADVANCED_FACE ( 'NONE', ( #2004 ), #4384, .F. ) ;
#4567 = SURFACE_STYLE_USAGE ( .BOTH. , #1754 ) ;
#4568 = EDGE_CURVE ( 'NONE', #1524, #1344, #1236, .T. ) ;
#4569 = AXIS2_PLACEMENT_3D ( 'NONE', #20, #3505, #400 ) ;
#4570 = ORIENTED_EDGE ( 'NONE', *, *, #893, .F. ) ;
#4571 = PLANE ( 'NONE',  #3360 ) ;
#4572 = ORIENTED_EDGE ( 'NONE', *, *, #1241, .T. ) ;
#4573 = DIRECTION ( 'NONE',  ( 7.340941938036420458E-15, -1.000000000000000000, 7.689228535855532732E-29 ) ) ;
#4574 = VECTOR ( 'NONE', #2593, 1000.000000000000000 ) ;
#4575 = AXIS2_PLACEMENT_3D ( 'NONE', #3338, #4942, #4868 ) ;
#4576 = AXIS2_PLACEMENT_3D ( 'NONE', #3942, #506, #1987 ) ;
#4577 = VECTOR ( 'NONE', #3511, 1000.000000000000000 ) ;
#4578 = EDGE_CURVE ( 'NONE', #282, #3533, #235, .T. ) ;
#4579 = LINE ( 'NONE', #1086, #4981 ) ;
#4580 = CARTESIAN_POINT ( 'NONE',  ( 3.679305260539902367, 2.737195592011649747, -4.047499999999962128 ) ) ;
#4581 = PLANE ( 'NONE',  #2624 ) ;
#4582 = MECHANICAL_DESIGN_GEOMETRIC_PRESENTATION_REPRESENTATION (  '', ( #604 ), #2232 ) ;
#4583 = VERTEX_POINT ( 'NONE', #115 ) ;
#4584 = VERTEX_POINT ( 'NONE', #4055 ) ;
#4585 = VERTEX_POINT ( 'NONE', #1022 ) ;
#4586 = LINE ( 'NONE', #4192, #310 ) ;
#4587 = DIRECTION ( 'NONE',  ( 0.000000000000000000, 1.000000000000000000, 0.000000000000000000 ) ) ;
#4588 = CLOSED_SHELL ( 'NONE', ( #3604, #237, #2338, #1039, #4216, #4381, #1827, #1286, #1435, #498, #162, #4722, #4746, #4887, #2697, #863, #4079 ) ) ;
#4589 = CARTESIAN_POINT ( 'NONE',  ( 4.699999999999993960, -7.968885967768460745E-15, 0.5400000000000492184 ) ) ;
#4590 = CARTESIAN_POINT ( 'NONE',  ( 3.043144579752782519, 5.080000000000000071, 4.568144579752861922 ) ) ;
#4591 = ORIENTED_EDGE ( 'NONE', *, *, #329, .T. ) ;
#4592 = EDGE_CURVE ( 'NONE', #247, #915, #3724, .T. ) ;
#4593 = ORIENTED_EDGE ( 'NONE', *, *, #2730, .T. ) ;
#4594 = LINE ( 'NONE', #2002, #4379 ) ;
#4595 = DIRECTION ( 'NONE',  ( 2.112598177528965843E-28, 1.000000000000000000, -2.016907221228295298E-14 ) ) ;
#4596 = EDGE_CURVE ( 'NONE', #250, #1467, #1412, .T. ) ;
#4597 = SURFACE_STYLE_USAGE ( .BOTH. , #3829 ) ;
#4598 = EDGE_CURVE ( 'NONE', #2007, #2237, #2203, .T. ) ;
#4599 = ORIENTED_EDGE ( 'NONE', *, *, #2274, .T. ) ;
#4600 = DIRECTION ( 'NONE',  ( 1.000000000000000000, 7.340941938036420458E-15, 1.047444401652940007E-14 ) ) ;
#4601 = EDGE_LOOP ( 'NONE', ( #3341, #3028, #715, #174 ) ) ;
#4602 = DIRECTION ( 'NONE',  ( 1.000000000000000000, 0.000000000000000000, 1.057648136700348344E-14 ) ) ;
#4603 =( NAMED_UNIT ( * ) SI_UNIT ( $, .STERADIAN. ) SOLID_ANGLE_UNIT ( ) );
#4604 = ADVANCED_FACE ( 'NONE', ( #2962 ), #1045, .F. ) ;
#4605 = LINE ( 'NONE', #4708, #1003 ) ;
#4606 = PLANE ( 'NONE',  #1848 ) ;
#4607 = PLANE ( 'NONE',  #1984 ) ;
#4608 = VERTEX_POINT ( 'NONE', #2532 ) ;
#4609 = ORIENTED_EDGE ( 'NONE', *, *, #153, .F. ) ;
#4610 = ORIENTED_EDGE ( 'NONE', *, *, #4102, .F. ) ;
#4611 = AXIS2_PLACEMENT_3D ( 'NONE', #1192, #1632, #4366 ) ;
#4612 = DIRECTION ( 'NONE',  ( 0.000000000000000000, -1.000000000000000000, 0.000000000000000000 ) ) ;
#4613 = CARTESIAN_POINT ( 'NONE',  ( -4.522306814035908396, -4.662069341687669855E-15, -2.000000000000047518 ) ) ;
#4614 = DIRECTION ( 'NONE',  ( -1.047444401652940007E-14, 0.000000000000000000, 1.000000000000000000 ) ) ;
#4615 = CARTESIAN_POINT ( 'NONE',  ( 3.999999999999957367, 0.5000000000000000000, 4.047500000000041176 ) ) ;
#4616 = ORIENTED_EDGE ( 'NONE', *, *, #1138, .F. ) ;
#4617 = VECTOR ( 'NONE', #4040, 1000.000000000000000 ) ;
#4618 = VERTEX_POINT ( 'NONE', #3339 ) ;
#4619 = LINE ( 'NONE', #2310, #1946 ) ;
#4620 = CARTESIAN_POINT ( 'NONE',  ( -3.043144579752782519, 5.080000000000000071, -4.568144579752861922 ) ) ;
#4621 = STYLED_ITEM ( 'NONE', ( #4520 ), #4354 ) ;
#4622 = VECTOR ( 'NONE', #1994, 1000.000000000000000 ) ;
#4623 = CARTESIAN_POINT ( 'NONE',  ( 3.282752125361937612, 2.959999999999999964, -4.539999999999965397 ) ) ;
#4624 = CIRCLE ( 'NONE', #958, 0.5000000000000000000 ) ;
#4625 = ORIENTED_EDGE ( 'NONE', *, *, #526, .F. ) ;
#4626 = FACE_OUTER_BOUND ( 'NONE', #975, .T. ) ;
#4627 = VERTEX_POINT ( 'NONE', #4464 ) ;
#4628 = DIRECTION ( 'NONE',  ( -1.047444401652940007E-14, 0.000000000000000000, 1.000000000000000000 ) ) ;
#4629 = CARTESIAN_POINT ( 'NONE',  ( -3.679305260539865507, 3.259999999999999787, 0.5399999999999615108 ) ) ;
#4630 = DIRECTION ( 'NONE',  ( -0.1305261922200629809, -0.9914448613738088278, -1.367189293099805227E-15 ) ) ;
#4631 = LINE ( 'NONE', #1555, #3124 ) ;
#4632 = EDGE_CURVE ( 'NONE', #754, #1691, #3703, .T. ) ;
#4633 = EDGE_CURVE ( 'NONE', #5014, #1438, #1769, .T. ) ;
#4634 = UNCERTAINTY_MEASURE_WITH_UNIT (LENGTH_MEASURE( 1.000000000000000082E-05 ), #839, 'distance_accuracy_value', 'NONE');
#4635 =( NAMED_UNIT ( * ) SI_UNIT ( $, .STERADIAN. ) SOLID_ANGLE_UNIT ( ) );
#4636 = EDGE_CURVE ( 'NONE', #1147, #1467, #574, .T. ) ;
#4637 = VERTEX_POINT ( 'NONE', #286 ) ;
#4638 = ORIENTED_EDGE ( 'NONE', *, *, #394, .T. ) ;
#4639 = CARTESIAN_POINT ( 'NONE',  ( 5.149999999999968381, 0.2999999999999999889, 3.080000000000053806 ) ) ;
#4640 = DIRECTION ( 'NONE',  ( -1.047444401652940007E-14, 0.000000000000000000, 1.000000000000000000 ) ) ;
#4641 = CARTESIAN_POINT ( 'NONE',  ( 3.679305260539907696, 2.737195592011649747, -4.539999999999961844 ) ) ;
#4642 = CARTESIAN_POINT ( 'NONE',  ( -4.522306814035871980, 0.5228044079883460427, -4.540000000000047109 ) ) ;
#4643 = DIRECTION ( 'NONE',  ( -0.9396926207859107594, -6.898228968790631528E-15, 0.3420201433256622181 ) ) ;
#4644 = ORIENTED_EDGE ( 'NONE', *, *, #4446, .T. ) ;
#4645 = EDGE_LOOP ( 'NONE', ( #3706, #2896, #2408, #947 ) ) ;
#4646 = CARTESIAN_POINT ( 'NONE',  ( -1.902499999999963887, 5.029999999999999361, -3.427500000000019753 ) ) ;
#4647 = CARTESIAN_POINT ( 'NONE',  ( 5.148448800933135949, 0.2999999999999999889, -4.312102954345081507 ) ) ;
#4648 = CYLINDRICAL_SURFACE ( 'NONE', #5021, 0.2228044079883510498 ) ;
#4649 = DIRECTION ( 'NONE',  ( 1.000000000000000000, -7.254577915235990126E-15, 1.047444401652940007E-14 ) ) ;
#4650 = ORIENTED_EDGE ( 'NONE', *, *, #1597, .F. ) ;
#4651 = FACE_OUTER_BOUND ( 'NONE', #3683, .T. ) ;
#4652 = EDGE_LOOP ( 'NONE', ( #2058, #4062, #1456, #193 ) ) ;
#4653 = CARTESIAN_POINT ( 'NONE',  ( -4.699999999999993960, -3.357633980740624590E-15, -0.5400000000000492184 ) ) ;
#4654 = DIRECTION ( 'NONE',  ( -1.000000000000000000, -7.340941938036410991E-15, -1.047444401652940007E-14 ) ) ;
#4655 = CARTESIAN_POINT ( 'NONE',  ( 3.302499999999994440, 3.109999999999999876, 0.5400000000000345635 ) ) ;
#4657 = VECTOR ( 'NONE', #2087, 1000.000000000000000 ) ;
#4656 = DIRECTION ( 'NONE',  ( 1.047444401652940007E-14, 0.000000000000000000, -1.000000000000000000 ) ) ;
#4658 = CARTESIAN_POINT ( 'NONE',  ( 3.302500000000050839, 3.109999999999999876, -4.827499999999965929 ) ) ;
#4659 = EDGE_CURVE ( 'NONE', #969, #343, #4869, .T. ) ;
#4660 = FILL_AREA_STYLE ('',( #813 ) ) ;
#4661 = VECTOR ( 'NONE', #4030, 1000.000000000000000 ) ;
#4662 = VERTEX_POINT ( 'NONE', #1388 ) ;
#4663 = EDGE_CURVE ( 'NONE', #124, #4441, #3366, .T. ) ;
#4664 = ORIENTED_EDGE ( 'NONE', *, *, #2882, .T. ) ;
#4665 = DIRECTION ( 'NONE',  ( -1.047444401652940007E-14, 0.000000000000000000, 1.000000000000000000 ) ) ;
#4666 = DIRECTION ( 'NONE',  ( 1.000000000000000000, -7.254577915235990126E-15, -7.382095854901601972E-16 ) ) ;
#4667 = AXIS2_PLACEMENT_3D ( 'NONE', #4071, #4096, #2930 ) ;
#4668 = DIRECTION ( 'NONE',  ( -1.000000000000000000, 7.340941938036410991E-15, -1.047444401652940007E-14 ) ) ;
#4669 = AXIS2_PLACEMENT_3D ( 'NONE', #1592, #2707, #3189 ) ;
#4670 = PLANE ( 'NONE',  #2066 ) ;
#4671 = ORIENTED_EDGE ( 'NONE', *, *, #226, .T. ) ;
#4672 = EDGE_LOOP ( 'NONE', ( #266, #2362, #4490, #2923 ) ) ;
#4673 = AXIS2_PLACEMENT_3D ( 'NONE', #1301, #4780, #907 ) ;
#4674 = CARTESIAN_POINT ( 'NONE',  ( 4.879255340376094097, -6.613633252161579414E-15, 1.507500000000051132 ) ) ;
#4675 = CARTESIAN_POINT ( 'NONE',  ( 5.149999999999989697, 0.2999999999999999889, 1.032500000000053930 ) ) ;
#4676 = EDGE_CURVE ( 'NONE', #4057, #4922, #974, .T. ) ;
#4677 = ORIENTED_EDGE ( 'NONE', *, *, #3010, .F. ) ;
#4678 = ORIENTED_EDGE ( 'NONE', *, *, #2034, .F. ) ;
#4679 = ORIENTED_EDGE ( 'NONE', *, *, #1019, .F. ) ;
#4680 = CARTESIAN_POINT ( 'NONE',  ( -3.302499999999952252, 3.109999999999999876, -4.540000000000034674 ) ) ;
#4681 = DIRECTION ( 'NONE',  ( -1.000000000000000000, 7.340941938036410991E-15, -1.047444401652940007E-14 ) ) ;
#4682 = CARTESIAN_POINT ( 'NONE',  ( -4.299714466474592101, 0.5130858162095990327, 3.079999999999954774 ) ) ;
#4683 = DIRECTION ( 'NONE',  ( 1.000000000000000000, 0.000000000000000000, 1.078386335459178682E-14 ) ) ;
#4684 = DIRECTION ( 'NONE',  ( -1.047444401652940007E-14, 0.000000000000000000, 1.000000000000000000 ) ) ;
#4685 = EDGE_CURVE ( 'NONE', #4828, #954, #1843, .T. ) ;
#4686 = EDGE_CURVE ( 'NONE', #2187, #2652, #4624, .T. ) ;
#4687 = ORIENTED_EDGE ( 'NONE', *, *, #3752, .F. ) ;
#4688 = DIRECTION ( 'NONE',  ( 1.000000000000000000, 7.340941938036420458E-15, 1.047444401652940007E-14 ) ) ;
#4689 = CARTESIAN_POINT ( 'NONE',  ( 4.522306814035961686, -4.662069341687669855E-15, -3.079999999999952554 ) ) ;
#4690 = CARTESIAN_POINT ( 'NONE',  ( -3.302499999999949143, 3.109999999999999876, -4.827500000000035207 ) ) ;
#4691 = DIRECTION ( 'NONE',  ( -7.340941938036420458E-15, 1.000000000000000000, -7.689228535855532732E-29 ) ) ;
#4692 = ORIENTED_EDGE ( 'NONE', *, *, #328, .T. ) ;
#4693 = VECTOR ( 'NONE', #2645, 1000.000000000000227 ) ;
#4694 = ORIENTED_EDGE ( 'NONE', *, *, #3381, .F. ) ;
#4695 = CARTESIAN_POINT ( 'NONE',  ( -4.201612074575806766, 2.759999999999999787, 3.079999999999956106 ) ) ;
#4696 = FACE_BOUND ( 'NONE', #4509, .T. ) ;
#4697 = CARTESIAN_POINT ( 'NONE',  ( 3.679305260539880607, 2.737195592011649747, -1.999999999999961364 ) ) ;
#4698 = EDGE_CURVE ( 'NONE', #902, #3936, #2937, .T. ) ;
#4699 = EDGE_CURVE ( 'NONE', #1389, #247, #2913, .T. ) ;
#4700 = VECTOR ( 'NONE', #2182, 1000.000000000000000 ) ;
#4701 = ORIENTED_EDGE ( 'NONE', *, *, #3312, .T. ) ;
#4702 = VECTOR ( 'NONE', #388, 1000.000000000000000 ) ;
#4703 = ORIENTED_EDGE ( 'NONE', *, *, #4061, .F. ) ;
#4704 = DIRECTION ( 'NONE',  ( 0.04361938736533049754, 0.9990482215818580203, 4.568888309934641380E-16 ) ) ;
#4705 = AXIS2_PLACEMENT_3D ( 'NONE', #2706, #2330, #3899 ) ;
#4706 = CIRCLE ( 'NONE', #2918, 0.2228044079883506334 ) ;
#4707 = DIRECTION ( 'NONE',  ( 0.1305261922200462166, -0.9914448613738110483, 1.367189293099629508E-15 ) ) ;
#4708 = CARTESIAN_POINT ( 'NONE',  ( -4.879255340376112748, -7.827939685345339489E-14, -3.572500000000006004 ) ) ;
#4709 = LINE ( 'NONE', #3993, #3067 ) ;
#4710 = ADVANCED_FACE ( 'NONE', ( #4919 ), #3006, .F. ) ;
#4711 = PLANE ( 'NONE',  #4830 ) ;
#4712 = DIRECTION ( 'NONE',  ( -1.047444401652940007E-14, 0.000000000000000000, 1.000000000000000000 ) ) ;
#4713 = DIRECTION ( 'NONE',  ( 0.000000000000000000, 1.000000000000000000, 0.000000000000000000 ) ) ;
#4714 = CARTESIAN_POINT ( 'NONE',  ( 4.699999999999968203, -7.968885967768460745E-15, 3.080000000000049365 ) ) ;
#4715 = CARTESIAN_POINT ( 'NONE',  ( 3.282752125361922069, 3.259999999999999787, -3.079999999999965432 ) ) ;
#4716 = ORIENTED_EDGE ( 'NONE', *, *, #575, .T. ) ;
#4717 = EDGE_LOOP ( 'NONE', ( #4677, #1574, #2816, #492 ) ) ;
#4718 = CARTESIAN_POINT ( 'NONE',  ( 3.302499999999949143, 3.109999999999999876, 4.827500000000035207 ) ) ;
#4719 = CARTESIAN_POINT ( 'NONE',  ( -3.043144579752875778, 5.080000000000000071, 4.827499999999967706 ) ) ;
#4720 = DIRECTION ( 'NONE',  ( -7.254577915235990126E-15, -1.000000000000000000, -7.598767023668995035E-29 ) ) ;
#4721 = EDGE_LOOP ( 'NONE', ( #2580, #3454, #3753, #2919 ) ) ;
#4722 = ADVANCED_FACE ( 'NONE', ( #2127 ), #3675, .F. ) ;
#4723 = ORIENTED_EDGE ( 'NONE', *, *, #929, .F. ) ;
#4724 = CARTESIAN_POINT ( 'NONE',  ( 3.302499999999994440, 3.109999999999999876, 0.5400000000000345635 ) ) ;
#4725 = ORIENTED_EDGE ( 'NONE', *, *, #83, .T. ) ;
#4726 = LINE ( 'NONE', #483, #3607 ) ;
#4727 = FACE_OUTER_BOUND ( 'NONE', #940, .T. ) ;
#4728 = CARTESIAN_POINT ( 'NONE',  ( -4.201612074575781008, 2.759999999999999787, 0.5399999999999559597 ) ) ;
#4729 = EDGE_CURVE ( 'NONE', #754, #2738, #3399, .T. ) ;
#4730 = AXIS2_PLACEMENT_3D ( 'NONE', #3418, #4536, #1070 ) ;
#4731 = DIRECTION ( 'NONE',  ( -1.000000000000000000, 0.000000000000000000, -1.057648136700345978E-14 ) ) ;
#4732 = CARTESIAN_POINT ( 'NONE',  ( 3.302500000000047731, 3.109999999999999876, -4.539999999999965397 ) ) ;
#4733 = DIRECTION ( 'NONE',  ( 1.000000000000000000, 0.000000000000000000, 9.732322464124606472E-15 ) ) ;
#4734 = DIRECTION ( 'NONE',  ( -1.047444401652940007E-14, 0.000000000000000000, 1.000000000000000000 ) ) ;
#4735 = DIRECTION ( 'NONE',  ( -1.047444401652940007E-14, 0.000000000000000000, 1.000000000000000000 ) ) ;
#4736 = ORIENTED_EDGE ( 'NONE', *, *, #4685, .T. ) ;
#4737 = CIRCLE ( 'NONE', #4417, 0.5228044079883513717 ) ;
#4738 = AXIS2_PLACEMENT_3D ( 'NONE', #3187, #3922, #3569 ) ;
#4739 = EDGE_LOOP ( 'NONE', ( #2686, #1700, #1024, #1653 ) ) ;
#4740 = AXIS2_PLACEMENT_3D ( 'NONE', #1382, #4527, #4911 ) ;
#4741 = CARTESIAN_POINT ( 'NONE',  ( 4.201612074575822753, 2.759999999999999787, -4.539999999999955627 ) ) ;
#4742 = LINE ( 'NONE', #1622, #2542 ) ;
#4743 = VECTOR ( 'NONE', #2018, 1000.000000000000000 ) ;
#4744 = CARTESIAN_POINT ( 'NONE',  ( 4.700000000000006395, -7.968885967768460745E-15, -0.5399999999999507416 ) ) ;
#4745 = EDGE_CURVE ( 'NONE', #2297, #1414, #2683, .T. ) ;
#4746 = ADVANCED_FACE ( 'NONE', ( #3036 ), #1563, .T. ) ;
#4747 = STYLED_ITEM ( 'NONE', ( #436 ), #1012 ) ;
#4748 = ORIENTED_EDGE ( 'NONE', *, *, #1360, .T. ) ;
#4749 = ORIENTED_EDGE ( 'NONE', *, *, #3381, .T. ) ;
#4750 = ORIENTED_EDGE ( 'NONE', *, *, #1515, .F. ) ;
#4751 = CARTESIAN_POINT ( 'NONE',  ( 3.901897608101199122, 2.746914183790395203, 2.000000000000040856 ) ) ;
#4752 = ADVANCED_FACE ( 'NONE', ( #795 ), #3849, .F. ) ;
#4753 = EDGE_LOOP ( 'NONE', ( #3047, #290, #3895, #806 ) ) ;
#4754 = VERTEX_POINT ( 'NONE', #366 ) ;
#4755 = CARTESIAN_POINT ( 'NONE',  ( 4.522306814035923495, -4.662069341687669855E-15, 0.5400000000000473310 ) ) ;
#4756 = CYLINDRICAL_SURFACE ( 'NONE', #2105, 0.5228044079883501505 ) ;
#4757 = DIRECTION ( 'NONE',  ( -1.047444401652940007E-14, 0.000000000000000000, 1.000000000000000000 ) ) ;
#4758 = PLANE ( 'NONE',  #4814 ) ;
#4759 = DIRECTION ( 'NONE',  ( -7.340941938036420458E-15, 1.000000000000000000, -7.689228535855532732E-29 ) ) ;
#4760 = CARTESIAN_POINT ( 'NONE',  ( 4.699999999999968203, -3.357633980740659695E-15, 3.080000000000049365 ) ) ;
#4761 = CARTESIAN_POINT ( 'NONE',  ( -3.282752125361847462, 3.259999999999999787, -4.047500000000034959 ) ) ;
#4762 = DIRECTION ( 'NONE',  ( 1.000000000000000000, 7.340941938036420458E-15, 1.047444401652940007E-14 ) ) ;
#4763 = ORIENTED_EDGE ( 'NONE', *, *, #3951, .F. ) ;
#4764 = EDGE_LOOP ( 'NONE', ( #4563, #3003, #4287, #1725 ) ) ;
#4765 = CARTESIAN_POINT ( 'NONE',  ( 4.700000000000020606, 0.2999999999999999889, -1.999999999999950706 ) ) ;
#4766 = DIRECTION ( 'NONE',  ( -1.047444401652940007E-14, 0.000000000000000000, 1.000000000000000000 ) ) ;
#4767 = FACE_OUTER_BOUND ( 'NONE', #2317, .T. ) ;
#4768 = EDGE_LOOP ( 'NONE', ( #4750, #1719, #2813, #1649 ) ) ;
#4769 = VERTEX_POINT ( 'NONE', #1591 ) ;
#4770 = VECTOR ( 'NONE', #4704, 1000.000000000000000 ) ;
#4771 = ORIENTED_EDGE ( 'NONE', *, *, #3394, .T. ) ;
#4772 = DIRECTION ( 'NONE',  ( -1.000000000000000000, -1.093626126041270058E-15, -1.047444401652940007E-14 ) ) ;
#4773 = VECTOR ( 'NONE', #3476, 1000.000000000000000 ) ;
#4774 = ORIENTED_EDGE ( 'NONE', *, *, #3317, .F. ) ;
#4775 = VERTEX_POINT ( 'NONE', #2625 ) ;
#4776 = PLANE ( 'NONE',  #729 ) ;
#4777 = DIRECTION ( 'NONE',  ( -0.9990482215818580203, 0.04361938736532974814, -1.046447466677243020E-14 ) ) ;
#4778 = VECTOR ( 'NONE', #4103, 1000.000000000000114 ) ;
#4779 = AXIS2_PLACEMENT_3D ( 'NONE', #2828, #4373, #1226 ) ;
#4780 = DIRECTION ( 'NONE',  ( -1.047444401652940007E-14, 0.000000000000000000, 1.000000000000000000 ) ) ;
#4781 = DIRECTION ( 'NONE',  ( 0.1305261922200462166, -0.9914448613738111593, 1.367189293099629508E-15 ) ) ;
#4782 = CARTESIAN_POINT ( 'NONE',  ( -4.700000000000032152, -7.692414413784648911E-14, 3.079999999999995630 ) ) ;
#4783 = LINE ( 'NONE', #1304, #1902 ) ;
#4784 = EDGE_CURVE ( 'NONE', #2605, #867, #417, .T. ) ;
#4785 = CARTESIAN_POINT ( 'NONE',  ( -4.522306814035871980, 0.2999999999999954925, -4.540000000000047109 ) ) ;
#4786 = CARTESIAN_POINT ( 'NONE',  ( 4.879255340376125183, -6.613633252161579414E-15, -1.507499999999948770 ) ) ;
#4787 = ORIENTED_EDGE ( 'NONE', *, *, #3009, .T. ) ;
#4788 = ORIENTED_EDGE ( 'NONE', *, *, #2677, .T. ) ;
#4789 = CARTESIAN_POINT ( 'NONE',  ( 4.299714466474580554, 0.5130858162095990327, -1.999999999999954925 ) ) ;
#4790 = LINE ( 'NONE', #137, #1571 ) ;
#4791 = CARTESIAN_POINT ( 'NONE',  ( -4.522306814035929712, 0.2999999999999954925, 1.032499999999998641 ) ) ;
#4792 = ORIENTED_EDGE ( 'NONE', *, *, #2804, .F. ) ;
#4793 = EDGE_LOOP ( 'NONE', ( #3056, #3326, #1647, #3648 ) ) ;
#4794 = VERTEX_POINT ( 'NONE', #1919 ) ;
#4795 = DIRECTION ( 'NONE',  ( -0.9914448613738089389, 0.1305261922200632030, -1.038483369593571416E-14 ) ) ;
#4796 = ORIENTED_EDGE ( 'NONE', *, *, #1776, .F. ) ;
#4797 = VERTEX_POINT ( 'NONE', #4174 ) ;
#4798 = CARTESIAN_POINT ( 'NONE',  ( 3.043144579752779411, 5.080000000000000071, 4.827500000000032543 ) ) ;
#4799 = DIRECTION ( 'NONE',  ( -1.000000000000000000, 1.093626126041279919E-15, -1.047444401652940007E-14 ) ) ;
#4800 = DIRECTION ( 'NONE',  ( -1.047444401652940007E-14, 0.000000000000000000, 1.000000000000000000 ) ) ;
#4801 = EDGE_CURVE ( 'NONE', #2535, #1372, #745, .T. ) ;
#4802 = ADVANCED_FACE ( 'NONE', ( #3112 ), #1539, .T. ) ;
#4803 = CARTESIAN_POINT ( 'NONE',  ( 4.879255340376147387, 0.2999999999999999889, -3.572499999999949161 ) ) ;
#4804 = LINE ( 'NONE', #965, #2101 ) ;
#4805 = DIRECTION ( 'NONE',  ( 1.093626126041279919E-15, 1.000000000000000000, 1.145512563223331166E-29 ) ) ;
#4806 = DIRECTION ( 'NONE',  ( -1.000000000000000000, 0.000000000000000000, -1.047444401652940007E-14 ) ) ;
#4807 = ORIENTED_EDGE ( 'NONE', *, *, #3073, .F. ) ;
#4808 = AXIS2_PLACEMENT_3D ( 'NONE', #4562, #2279, #1460 ) ;
#4809 = EDGE_CURVE ( 'NONE', #4794, #2836, #3087, .T. ) ;
#4810 = ORIENTED_EDGE ( 'NONE', *, *, #2851, .T. ) ;
#4811 = ADVANCED_FACE ( 'NONE', ( #2300 ), #2735, .F. ) ;
#4812 = CARTESIAN_POINT ( 'NONE',  ( -4.201612074575768574, 2.759999999999999787, -0.5400000000000440004 ) ) ;
#4813 = DIRECTION ( 'NONE',  ( -0.3420201433256717660, 2.481211778336194548E-15, 0.9396926207859073177 ) ) ;
#4814 = AXIS2_PLACEMENT_3D ( 'NONE', #1275, #3234, #4781 ) ;
#4815 = VECTOR ( 'NONE', #2202, 1000.000000000000000 ) ;
#4816 = CARTESIAN_POINT ( 'NONE',  ( -4.522306814035935041, -4.662069341687669855E-15, 0.5399999999999526290 ) ) ;
#4817 = EDGE_CURVE ( 'NONE', #55, #4303, #695, .T. ) ;
#4818 = VERTEX_POINT ( 'NONE', #2357 ) ;
#4819 = CIRCLE ( 'NONE', #3687, 0.2228044079883510498 ) ;
#4820 = VECTOR ( 'NONE', #1306, 1000.000000000000000 ) ;
#4821 = EDGE_CURVE ( 'NONE', #1438, #4253, #4194, .T. ) ;
#4822 = VERTEX_POINT ( 'NONE', #339 ) ;
#4823 = ORIENTED_EDGE ( 'NONE', *, *, #3459, .T. ) ;
#4824 = CARTESIAN_POINT ( 'NONE',  ( 4.522306814035976785, -4.662069341687669855E-15, -4.539999999999952074 ) ) ;
#4825 = VECTOR ( 'NONE', #3229, 1000.000000000000000 ) ;
#4826 = VECTOR ( 'NONE', #4913, 1000.000000000000114 ) ;
#4827 = EDGE_CURVE ( 'NONE', #2834, #4754, #1859, .T. ) ;
#4828 = VERTEX_POINT ( 'NONE', #3873 ) ;
#4829 = VERTEX_POINT ( 'NONE', #1890 ) ;
#4830 = AXIS2_PLACEMENT_3D ( 'NONE', #386, #1225, #4318 ) ;
#4831 = CYLINDRICAL_SURFACE ( 'NONE', #3529, 0.5228044079883513717 ) ;
#4832 = DIRECTION ( 'NONE',  ( -1.047444401652940007E-14, 0.000000000000000000, 1.000000000000000000 ) ) ;
#4833 = LINE ( 'NONE', #508, #4502 ) ;
#4834 = DIRECTION ( 'NONE',  ( 0.000000000000000000, 1.000000000000000000, 0.000000000000000000 ) ) ;
#4835 = DIRECTION ( 'NONE',  ( 1.000000000000000000, -7.254577915235990126E-15, 1.047444401652940007E-14 ) ) ;
#4836 = CARTESIAN_POINT ( 'NONE',  ( -4.299714466474517494, 0.5130858162095990327, -4.047500000000044729 ) ) ;
#4837 = EDGE_CURVE ( 'NONE', #4583, #4132, #3443, .T. ) ;
#4838 = ADVANCED_FACE ( 'NONE', ( #315 ), #390, .F. ) ;
#4839 = PRODUCT_CONTEXT ( 'NONE', #3015, 'mechanical' ) ;
#4840 = PLANE ( 'NONE',  #1667 ) ;
#4841 = ORIENTED_EDGE ( 'NONE', *, *, #4465, .T. ) ;
#4842 = ORIENTED_EDGE ( 'NONE', *, *, #4950, .F. ) ;
#4843 = DIRECTION ( 'NONE',  ( -1.000000000000000000, -1.093626126041270058E-15, -1.047444401652940007E-14 ) ) ;
#4844 = LINE ( 'NONE', #2912, #1411 ) ;
#4845 = DIRECTION ( 'NONE',  ( 1.000000000000000000, 0.000000000000000000, 1.040834085586084257E-14 ) ) ;
#4846 = ORIENTED_EDGE ( 'NONE', *, *, #408, .F. ) ;
#4847 = VERTEX_POINT ( 'NONE', #4561 ) ;
#4848 = LINE ( 'NONE', #2868, #3395 ) ;
#4849 = EDGE_CURVE ( 'NONE', #733, #2187, #4966, .T. ) ;
#4850 = ADVANCED_FACE ( 'NONE', ( #3417 ), #1482, .T. ) ;
#4851 = ORIENTED_EDGE ( 'NONE', *, *, #2184, .T. ) ;
#4852 = VERTEX_POINT ( 'NONE', #2810 ) ;
#4853 = VECTOR ( 'NONE', #763, 1000.000000000000000 ) ;
#4854 = LINE ( 'NONE', #2137, #1986 ) ;
#4855 = FACE_OUTER_BOUND ( 'NONE', #1972, .T. ) ;
#4856 = FACE_OUTER_BOUND ( 'NONE', #1602, .T. ) ;
#4857 = AXIS2_PLACEMENT_3D ( 'NONE', #3457, #4549, #2667 ) ;
#4858 = FACE_OUTER_BOUND ( 'NONE', #16, .T. ) ;
#4859 = EDGE_CURVE ( 'NONE', #2731, #878, #513, .T. ) ;
#4860 = VECTOR ( 'NONE', #1687, 1000.000000000000000 ) ;
#4861 = LINE ( 'NONE', #1734, #3318 ) ;
#4862 = CARTESIAN_POINT ( 'NONE',  ( -4.201612074575732159, 2.759999999999999787, -4.047500000000043840 ) ) ;
#4863 = FACE_OUTER_BOUND ( 'NONE', #697, .T. ) ;
#4864 = ORIENTED_EDGE ( 'NONE', *, *, #4686, .T. ) ;
#4865 = AXIS2_PLACEMENT_3D ( 'NONE', #4642, #1123, #4996 ) ;
#4866 = ORIENTED_EDGE ( 'NONE', *, *, #1874, .F. ) ;
#4867 = LINE ( 'NONE', #239, #3967 ) ;
#4868 = DIRECTION ( 'NONE',  ( 1.047444401652940007E-14, 0.000000000000000000, -1.000000000000000000 ) ) ;
#4869 = LINE ( 'NONE', #4145, #2989 ) ;
#4870 = ORIENTED_EDGE ( 'NONE', *, *, #2480, .F. ) ;
#4871 = VERTEX_POINT ( 'NONE', #3646 ) ;
#4872 = CARTESIAN_POINT ( 'NONE',  ( -5.149999999999963052, 0.2999999999999999889, -3.572500000000004228 ) ) ;
#4873 = LINE ( 'NONE', #1102, #476 ) ;
#4874 = EDGE_CURVE ( 'NONE', #4818, #2510, #465, .T. ) ;
#4875 = EDGE_CURVE ( 'NONE', #3054, #4080, #4397, .T. ) ;
#4876 = ORIENTED_EDGE ( 'NONE', *, *, #4306, .F. ) ;
#4877 = ORIENTED_EDGE ( 'NONE', *, *, #1189, .T. ) ;
#4878 = LINE ( 'NONE', #1726, #485 ) ;
#4879 = DIRECTION ( 'NONE',  ( 0.1305261922200546265, 0.9914448613738100491, 1.367189293099717466E-15 ) ) ;
#4880 = CARTESIAN_POINT ( 'NONE',  ( -1.902499999999963887, 5.029999999999999361, -3.427500000000019753 ) ) ;
#4881 = EDGE_CURVE ( 'NONE', #2453, #2297, #2672, .T. ) ;
#4882 = DIRECTION ( 'NONE',  ( -1.047444401652940007E-14, 0.000000000000000000, 1.000000000000000000 ) ) ;
#4883 = CARTESIAN_POINT ( 'NONE',  ( -3.282752125361858120, 3.259999999999999787, -3.080000000000034266 ) ) ;
#4884 = CARTESIAN_POINT ( 'NONE',  ( -5.150000000000042988, 5.080000000000000071, 4.047499999999946141 ) ) ;
#4885 =( LENGTH_UNIT ( ) NAMED_UNIT ( * ) SI_UNIT ( .MILLI., .METRE. ) );
#4886 = VERTEX_POINT ( 'NONE', #3139 ) ;
#4887 = ADVANCED_FACE ( 'NONE', ( #1638 ), #1666, .F. ) ;
#4888 = ORIENTED_EDGE ( 'NONE', *, *, #2153, .T. ) ;
#4889 = DIRECTION ( 'NONE',  ( -1.047444401652940007E-14, 0.000000000000000000, 1.000000000000000000 ) ) ;
#4890 = LINE ( 'NONE', #694, #4494 ) ;
#4891 = DIRECTION ( 'NONE',  ( -1.047444401652940007E-14, 0.000000000000000000, 1.000000000000000000 ) ) ;
#4892 = PLANE ( 'NONE',  #2386 ) ;
#4893 = ORIENTED_EDGE ( 'NONE', *, *, #3473, .T. ) ;
#4894 = ORIENTED_EDGE ( 'NONE', *, *, #713, .F. ) ;
#4895 = VECTOR ( 'NONE', #4092, 1000.000000000000000 ) ;
#4896 = ORIENTED_EDGE ( 'NONE', *, *, #3820, .T. ) ;
#4897 = PRESENTATION_STYLE_ASSIGNMENT (( #4034 ) ) ;
#4898 = EDGE_CURVE ( 'NONE', #361, #4482, #4025, .T. ) ;
#4899 = EDGE_CURVE ( 'NONE', #2237, #1344, #913, .T. ) ;
#4900 = VECTOR ( 'NONE', #3815, 1000.000000000000000 ) ;
#4901 = AXIS2_PLACEMENT_3D ( 'NONE', #3086, #794, #1198 ) ;
#4902 = ORIENTED_EDGE ( 'NONE', *, *, #3375, .F. ) ;
#4903 = ORIENTED_EDGE ( 'NONE', *, *, #3231, .F. ) ;
#4905 = VECTOR ( 'NONE', #637, 1000.000000000000000 ) ;
#4904 = PLANE ( 'NONE',  #4115 ) ;
#4906 = AXIS2_PLACEMENT_3D ( 'NONE', #210, #968, #3621 ) ;
#4907 = DIRECTION ( 'NONE',  ( 1.000000000000000000, 7.340941938036420458E-15, 1.047444401652940007E-14 ) ) ;
#4908 = VECTOR ( 'NONE', #2219, 1000.000000000000000 ) ;
#4909 = DIRECTION ( 'NONE',  ( 1.047444401652940007E-14, 0.000000000000000000, -1.000000000000000000 ) ) ;
#4910 = LINE ( 'NONE', #2118, #868 ) ;
#4911 = DIRECTION ( 'NONE',  ( 0.000000000000000000, 1.000000000000000000, 0.000000000000000000 ) ) ;
#4912 = EDGE_CURVE ( 'NONE', #4618, #2652, #2476, .T. ) ;
#4913 = DIRECTION ( 'NONE',  ( 0.3420201433256621626, 2.585829393209835348E-15, 0.9396926207859106484 ) ) ;
#4914 = EDGE_CURVE ( 'NONE', #4818, #2211, #3923, .T. ) ;
#4915 = EDGE_LOOP ( 'NONE', ( #2407, #4389, #1391, #1849 ) ) ;
#4916 = ORIENTED_EDGE ( 'NONE', *, *, #1588, .F. ) ;
#4917 = CARTESIAN_POINT ( 'NONE',  ( -3.901897608101199122, 2.746914183790395203, -2.000000000000040856 ) ) ;
#4918 = DIRECTION ( 'NONE',  ( -1.047444401652940007E-14, 0.000000000000000000, 1.000000000000000000 ) ) ;
#4919 = FACE_OUTER_BOUND ( 'NONE', #325, .T. ) ;
#4920 = LINE ( 'NONE', #2228, #1813 ) ;
#4921 = ORIENTED_EDGE ( 'NONE', *, *, #2370, .F. ) ;
#4922 = VERTEX_POINT ( 'NONE', #2070 ) ;
#4923 = EDGE_LOOP ( 'NONE', ( #2744, #1090, #4936, #948 ) ) ;
#4924 = DIRECTION ( 'NONE',  ( -1.047444401652940007E-14, 0.000000000000000000, 1.000000000000000000 ) ) ;
#4925 = VERTEX_POINT ( 'NONE', #1615 ) ;
#4926 = ORIENTED_EDGE ( 'NONE', *, *, #1462, .T. ) ;
#4927 = CARTESIAN_POINT ( 'NONE',  ( -3.999999999999979128, 0.5000000000000000000, -2.000000000000042188 ) ) ;
#4928 = DIRECTION ( 'NONE',  ( -1.047444401652940007E-14, 0.000000000000000000, 1.000000000000000000 ) ) ;
#4929 = VECTOR ( 'NONE', #28, 1000.000000000000114 ) ;
#4930 = CYLINDRICAL_SURFACE ( 'NONE', #352, 0.5228044079883505946 ) ;
#4931 = CARTESIAN_POINT ( 'NONE',  ( 3.282752125361869222, 2.959999999999999964, 2.000000000000034195 ) ) ;
#4932 = DIRECTION ( 'NONE',  ( 0.1305261922200462166, -0.9914448613738111593, 1.367189293099629508E-15 ) ) ;
#4933 = CIRCLE ( 'NONE', #2431, 0.5228044079883505946 ) ;
#4934 = DIRECTION ( 'NONE',  ( -1.047444401652940007E-14, 0.000000000000000000, 1.000000000000000000 ) ) ;
#4935 = STYLED_ITEM ( 'NONE', ( #2285 ), #4458 ) ;
#4936 = ORIENTED_EDGE ( 'NONE', *, *, #2136, .T. ) ;
#4937 = VECTOR ( 'NONE', #2554, 1000.000000000000000 ) ;
#4938 = PRODUCT_RELATED_PRODUCT_CATEGORY ( 'part', '', ( #1909 ) ) ;
#4939 = EDGE_CURVE ( 'NONE', #3115, #4852, #2762, .T. ) ;
#4940 = ORIENTED_EDGE ( 'NONE', *, *, #1802, .T. ) ;
#4941 = DIRECTION ( 'NONE',  ( -9.935431025547481714E-15, 0.000000000000000000, 1.000000000000000000 ) ) ;
#4942 = DIRECTION ( 'NONE',  ( 0.000000000000000000, 1.000000000000000000, 0.000000000000000000 ) ) ;
#4943 = CARTESIAN_POINT ( 'NONE',  ( -3.302500000000050839, 3.109999999999999876, 4.827499999999965929 ) ) ;
#4944 = DIRECTION ( 'NONE',  ( -1.047444401652940007E-14, 0.000000000000000000, 1.000000000000000000 ) ) ;
#4945 = EDGE_LOOP ( 'NONE', ( #4063, #1617, #3275, #1791 ) ) ;
#4946 = VECTOR ( 'NONE', #507, 1000.000000000000000 ) ;
#4947 = ORIENTED_EDGE ( 'NONE', *, *, #1952, .F. ) ;
#4948 =( GEOMETRIC_REPRESENTATION_CONTEXT ( 3 ) GLOBAL_UNCERTAINTY_ASSIGNED_CONTEXT ( ( #1990 ) ) GLOBAL_UNIT_ASSIGNED_CONTEXT ( ( #4455, #1058, #4603 ) ) REPRESENTATION_CONTEXT ( 'NONE', 'WORKASPACE' ) );
#4949 = ORIENTED_EDGE ( 'NONE', *, *, #4592, .F. ) ;
#4950 = EDGE_CURVE ( 'NONE', #2155, #2059, #3165, .T. ) ;
#4951 = VERTEX_POINT ( 'NONE', #1689 ) ;
#4952 = DIRECTION ( 'NONE',  ( -1.047444401652940007E-14, 0.000000000000000000, 1.000000000000000000 ) ) ;
#4953 = ORIENTED_EDGE ( 'NONE', *, *, #4959, .F. ) ;
#4954 = FACE_OUTER_BOUND ( 'NONE', #3299, .T. ) ;
#4955 = SURFACE_SIDE_STYLE ('',( #1107 ) ) ;
#4956 = DIRECTION ( 'NONE',  ( 8.635980719412001453E-16, -7.055266205463480202E-29, -1.000000000000000000 ) ) ;
#4957 = LINE ( 'NONE', #1141, #469 ) ;
#4958 = DIRECTION ( 'NONE',  ( 1.047444401652940007E-14, 0.000000000000000000, -1.000000000000000000 ) ) ;
#4959 = EDGE_CURVE ( 'NONE', #2110, #2964, #4301, .T. ) ;
#4960 =( NAMED_UNIT ( * ) PLANE_ANGLE_UNIT ( ) SI_UNIT ( $, .RADIAN. ) );
#4961 = EDGE_CURVE ( 'NONE', #3143, #3091, #2379, .T. ) ;
#4962 = ORIENTED_EDGE ( 'NONE', *, *, #4659, .T. ) ;
#4963 = ORIENTED_EDGE ( 'NONE', *, *, #4729, .F. ) ;
#4964 = CARTESIAN_POINT ( 'NONE',  ( 4.522306814035940370, 0.2999999999999954925, -1.999999999999952704 ) ) ;
#4965 = DIRECTION ( 'NONE',  ( -0.9914448613738111593, -0.1305261922200462166, -1.038483369593573625E-14 ) ) ;
#4966 = LINE ( 'NONE', #1069, #2266 ) ;
#4967 = DIRECTION ( 'NONE',  ( 0.9990482215818580203, 0.04361938736532974814, 1.046447466677243020E-14 ) ) ;
#4968 = VERTEX_POINT ( 'NONE', #443 ) ;
#4969 = EDGE_CURVE ( 'NONE', #2253, #2836, #3546, .T. ) ;
#4970 = EDGE_CURVE ( 'NONE', #2381, #2260, #58, .T. ) ;
#4971 = ORIENTED_EDGE ( 'NONE', *, *, #1298, .F. ) ;
#4972 = CARTESIAN_POINT ( 'NONE',  ( -4.699999999999993960, -7.692414413784648911E-14, -0.5400000000000022560 ) ) ;
#4973 = EDGE_CURVE ( 'NONE', #3651, #2381, #1254, .T. ) ;
#4974 = CARTESIAN_POINT ( 'NONE',  ( 4.201612074575768574, 2.759999999999999787, 0.5400000000000440004 ) ) ;
#4975 = AXIS2_PLACEMENT_3D ( 'NONE', #2204, #3750, #4224 ) ;
#4976 = EDGE_LOOP ( 'NONE', ( #2940, #3090, #3581, #3633 ) ) ;
#4977 = LINE ( 'NONE', #2316, #2875 ) ;
#4978 = ORIENTED_EDGE ( 'NONE', *, *, #4060, .T. ) ;
#4979 = CARTESIAN_POINT ( 'NONE',  ( 4.000000000000047962, 0.5000000000000000000, -4.539999999999958291 ) ) ;
#4980 = APPLICATION_PROTOCOL_DEFINITION ( 'draft international standard', 'automotive_design', 1998, #3118 ) ;
#4981 = VECTOR ( 'NONE', #987, 1000.000000000000000 ) ;
#4982 = VECTOR ( 'NONE', #3576, 1000.000000000000000 ) ;
#4983 = EDGE_CURVE ( 'NONE', #4327, #3054, #84, .T. ) ;
#4984 = VECTOR ( 'NONE', #457, 1000.000000000000000 ) ;
#4985 = VECTOR ( 'NONE', #2429, 1000.000000000000000 ) ;
#4986 = CARTESIAN_POINT ( 'NONE',  ( -3.302499999999949143, 3.109999999999999876, -4.827500000000035207 ) ) ;
#4987 = DIRECTION ( 'NONE',  ( -7.340941938036420458E-15, 1.000000000000000000, -7.689228535855532732E-29 ) ) ;
#4988 = FACE_OUTER_BOUND ( 'NONE', #1549, .T. ) ;
#4989 = FILL_AREA_STYLE_COLOUR ( '', #200 ) ;
#4990 = EDGE_LOOP ( 'NONE', ( #3383, #4488, #3106, #1214 ) ) ;
#4991 = ORIENTED_EDGE ( 'NONE', *, *, #372, .F. ) ;
#4992 = ORIENTED_EDGE ( 'NONE', *, *, #4973, .F. ) ;
#4993 = CARTESIAN_POINT ( 'NONE',  ( -3.302500000000020641, 3.109999999999999876, 1.999999999999965361 ) ) ;
#4994 = CARTESIAN_POINT ( 'NONE',  ( 4.699999999999979750, -7.968885967768460745E-15, 2.000000000000049294 ) ) ;
#4995 = CIRCLE ( 'NONE', #685, 0.5000000000000000000 ) ;
#4996 = DIRECTION ( 'NONE',  ( 1.000000000000000000, 0.000000000000000000, 9.954335404238549635E-15 ) ) ;
#4997 = DIRECTION ( 'NONE',  ( 1.000000000000000000, 0.000000000000000000, 1.047444401652940007E-14 ) ) ;
#4998 = ORIENTED_EDGE ( 'NONE', *, *, #2128, .T. ) ;
#4999 = VERTEX_POINT ( 'NONE', #2450 ) ;
#5000 = CARTESIAN_POINT ( 'NONE',  ( -4.522306814035951916, 0.5228044079883460427, 3.079999999999952554 ) ) ;
#5001 = DIRECTION ( 'NONE',  ( 1.000000000000000000, 0.000000000000000000, 1.047444401652940007E-14 ) ) ;
#5002 = CARTESIAN_POINT ( 'NONE',  ( 4.000000000000031974, 0.5000000000000000000, -3.079999999999957883 ) ) ;
#5003 = EDGE_LOOP ( 'NONE', ( #5020, #527, #234, #2031 ) ) ;
#5004 = LINE ( 'NONE', #1851, #3527 ) ;
#5005 = EDGE_CURVE ( 'NONE', #3002, #1430, #2611, .T. ) ;
#5006 = ORIENTED_EDGE ( 'NONE', *, *, #1401, .T. ) ;
#5007 = CYLINDRICAL_SURFACE ( 'NONE', #474, 0.2228044079883510498 ) ;
#5008 = EDGE_CURVE ( 'NONE', #2053, #869, #2290, .T. ) ;
#5009 = DIRECTION ( 'NONE',  ( -1.000000000000000000, 0.000000000000000000, -1.047444401652940007E-14 ) ) ;
#5010 = LINE ( 'NONE', #709, #3650 ) ;
#5011 = LINE ( 'NONE', #2269, #2147 ) ;
#5012 = ORIENTED_EDGE ( 'NONE', *, *, #4127, .T. ) ;
#5013 = EDGE_LOOP ( 'NONE', ( #265, #4105, #2512, #3420 ) ) ;
#5014 = VERTEX_POINT ( 'NONE', #2906 ) ;
#5015 = CIRCLE ( 'NONE', #2095, 0.5228044079883509276 ) ;
#5016 = LINE ( 'NONE', #3033, #635 ) ;
#5017 = CARTESIAN_POINT ( 'NONE',  ( -5.148448800933095093, 0.2999999999999999889, -4.312102954345158778 ) ) ;
#5018 = CARTESIAN_POINT ( 'NONE',  ( -3.282752125361937168, 2.959999999999999964, 4.047499999999964793 ) ) ;
#5019 = LINE ( 'NONE', #59, #2552 ) ;
#5020 = ORIENTED_EDGE ( 'NONE', *, *, #2416, .F. ) ;
#5021 = AXIS2_PLACEMENT_3D ( 'NONE', #4697, #3066, #373 ) ;
#5022 = VERTEX_POINT ( 'NONE', #683 ) ;
#5023 = DIRECTION ( 'NONE',  ( -1.047444401652940007E-14, 0.000000000000000000, 1.000000000000000000 ) ) ;
#5024 = CARTESIAN_POINT ( 'NONE',  ( 3.302499999999949143, 3.109999999999999876, 4.827500000000035207 ) ) ;
#5025 = AXIS2_PLACEMENT_3D ( 'NONE', #586, #2572, #1426 ) ;
#5026 = CARTESIAN_POINT ( 'NONE',  ( -5.150000000000032330, 0.2999999999999999889, 3.079999999999945892 ) ) ;
#5027 = DIRECTION ( 'NONE',  ( -1.000000000000000000, 0.000000000000000000, -9.732322464124589117E-15 ) ) ;
#5028 = VECTOR ( 'NONE', #2578, 1000.000000000000114 ) ;
#5029 = ADVANCED_FACE ( 'NONE', ( #274 ), #2239, .F. ) ;
#5030 = ORIENTED_EDGE ( 'NONE', *, *, #87, .F. ) ;
#5031 = DIRECTION ( 'NONE',  ( -1.047444401652940007E-14, 0.000000000000000000, 1.000000000000000000 ) ) ;
#5032 = VERTEX_POINT ( 'NONE', #4551 ) ;
#5033 = CARTESIAN_POINT ( 'NONE',  ( -1.902499999999963887, 5.029999999999999361, -3.427500000000019753 ) ) ;
ENDSEC;
END-ISO-10303-21;
